[2026-05-09T04:36:28.050+0000] {processor.py:161} INFO - Started process (PID=69) to work on /home/airflow/.local/lib/python3.12/site-packages/airflow/example_dags/example_bash_decorator.py
[2026-05-09T04:36:28.051+0000] {processor.py:830} INFO - Processing file /home/airflow/.local/lib/python3.12/site-packages/airflow/example_dags/example_bash_decorator.py for tasks to queue
[2026-05-09T04:36:28.053+0000] {logging_mixin.py:188} INFO - [2026-05-09T04:36:28.053+0000] {dagbag.py:545} INFO - Filling up the DagBag from /home/airflow/.local/lib/python3.12/site-packages/airflow/example_dags/example_bash_decorator.py
[2026-05-09T04:36:28.065+0000] {processor.py:840} INFO - DAG(s) 'example_bash_decorator' retrieved from /home/airflow/.local/lib/python3.12/site-packages/airflow/example_dags/example_bash_decorator.py
[2026-05-09T04:36:28.139+0000] {logging_mixin.py:188} INFO - [2026-05-09T04:36:28.139+0000] {dag.py:3096} INFO - Sync 1 DAGs
[2026-05-09T04:36:28.147+0000] {logging_mixin.py:188} INFO - [2026-05-09T04:36:28.147+0000] {dag.py:3954} INFO - Setting next_dagrun for example_bash_decorator to None, run_after=None
[2026-05-09T04:36:28.166+0000] {processor.py:183} INFO - Processing /home/airflow/.local/lib/python3.12/site-packages/airflow/example_dags/example_bash_decorator.py took 0.120 seconds
[2026-05-09T04:36:58.772+0000] {processor.py:161} INFO - Started process (PID=129) to work on /home/airflow/.local/lib/python3.12/site-packages/airflow/example_dags/example_bash_decorator.py
[2026-05-09T04:36:58.773+0000] {processor.py:830} INFO - Processing file /home/airflow/.local/lib/python3.12/site-packages/airflow/example_dags/example_bash_decorator.py for tasks to queue
[2026-05-09T04:36:58.775+0000] {logging_mixin.py:188} INFO - [2026-05-09T04:36:58.775+0000] {dagbag.py:545} INFO - Filling up the DagBag from /home/airflow/.local/lib/python3.12/site-packages/airflow/example_dags/example_bash_decorator.py
[2026-05-09T04:36:58.787+0000] {processor.py:840} INFO - DAG(s) 'example_bash_decorator' retrieved from /home/airflow/.local/lib/python3.12/site-packages/airflow/example_dags/example_bash_decorator.py
[2026-05-09T04:36:58.812+0000] {logging_mixin.py:188} INFO - [2026-05-09T04:36:58.811+0000] {dag.py:3096} INFO - Sync 1 DAGs
[2026-05-09T04:36:58.824+0000] {logging_mixin.py:188} INFO - [2026-05-09T04:36:58.824+0000] {dag.py:3954} INFO - Setting next_dagrun for example_bash_decorator to None, run_after=None
[2026-05-09T04:36:58.844+0000] {processor.py:183} INFO - Processing /home/airflow/.local/lib/python3.12/site-packages/airflow/example_dags/example_bash_decorator.py took 0.079 seconds
[2026-05-09T04:37:29.199+0000] {processor.py:161} INFO - Started process (PID=189) to work on /home/airflow/.local/lib/python3.12/site-packages/airflow/example_dags/example_bash_decorator.py
[2026-05-09T04:37:29.200+0000] {processor.py:830} INFO - Processing file /home/airflow/.local/lib/python3.12/site-packages/airflow/example_dags/example_bash_decorator.py for tasks to queue
[2026-05-09T04:37:29.202+0000] {logging_mixin.py:188} INFO - [2026-05-09T04:37:29.202+0000] {dagbag.py:545} INFO - Filling up the DagBag from /home/airflow/.local/lib/python3.12/site-packages/airflow/example_dags/example_bash_decorator.py
[2026-05-09T04:37:29.211+0000] {processor.py:840} INFO - DAG(s) 'example_bash_decorator' retrieved from /home/airflow/.local/lib/python3.12/site-packages/airflow/example_dags/example_bash_decorator.py
[2026-05-09T04:37:29.231+0000] {logging_mixin.py:188} INFO - [2026-05-09T04:37:29.231+0000] {dag.py:3096} INFO - Sync 1 DAGs
[2026-05-09T04:37:29.240+0000] {logging_mixin.py:188} INFO - [2026-05-09T04:37:29.240+0000] {dag.py:3954} INFO - Setting next_dagrun for example_bash_decorator to None, run_after=None
[2026-05-09T04:37:29.258+0000] {processor.py:183} INFO - Processing /home/airflow/.local/lib/python3.12/site-packages/airflow/example_dags/example_bash_decorator.py took 0.063 seconds
[2026-05-09T04:38:00.492+0000] {processor.py:161} INFO - Started process (PID=255) to work on /home/airflow/.local/lib/python3.12/site-packages/airflow/example_dags/example_bash_decorator.py
[2026-05-09T04:38:00.493+0000] {processor.py:830} INFO - Processing file /home/airflow/.local/lib/python3.12/site-packages/airflow/example_dags/example_bash_decorator.py for tasks to queue
[2026-05-09T04:38:00.495+0000] {logging_mixin.py:188} INFO - [2026-05-09T04:38:00.494+0000] {dagbag.py:545} INFO - Filling up the DagBag from /home/airflow/.local/lib/python3.12/site-packages/airflow/example_dags/example_bash_decorator.py
[2026-05-09T04:38:00.504+0000] {processor.py:840} INFO - DAG(s) 'example_bash_decorator' retrieved from /home/airflow/.local/lib/python3.12/site-packages/airflow/example_dags/example_bash_decorator.py
[2026-05-09T04:38:00.521+0000] {logging_mixin.py:188} INFO - [2026-05-09T04:38:00.521+0000] {dag.py:3096} INFO - Sync 1 DAGs
[2026-05-09T04:38:00.530+0000] {logging_mixin.py:188} INFO - [2026-05-09T04:38:00.530+0000] {dag.py:3954} INFO - Setting next_dagrun for example_bash_decorator to None, run_after=None
[2026-05-09T04:38:00.546+0000] {processor.py:183} INFO - Processing /home/airflow/.local/lib/python3.12/site-packages/airflow/example_dags/example_bash_decorator.py took 0.059 seconds
[2026-05-09T04:38:30.895+0000] {processor.py:161} INFO - Started process (PID=315) to work on /home/airflow/.local/lib/python3.12/site-packages/airflow/example_dags/example_bash_decorator.py
[2026-05-09T04:38:30.896+0000] {processor.py:830} INFO - Processing file /home/airflow/.local/lib/python3.12/site-packages/airflow/example_dags/example_bash_decorator.py for tasks to queue
[2026-05-09T04:38:30.898+0000] {logging_mixin.py:188} INFO - [2026-05-09T04:38:30.898+0000] {dagbag.py:545} INFO - Filling up the DagBag from /home/airflow/.local/lib/python3.12/site-packages/airflow/example_dags/example_bash_decorator.py
[2026-05-09T04:38:30.908+0000] {processor.py:840} INFO - DAG(s) 'example_bash_decorator' retrieved from /home/airflow/.local/lib/python3.12/site-packages/airflow/example_dags/example_bash_decorator.py
[2026-05-09T04:38:30.931+0000] {logging_mixin.py:188} INFO - [2026-05-09T04:38:30.930+0000] {dag.py:3096} INFO - Sync 1 DAGs
[2026-05-09T04:38:30.942+0000] {logging_mixin.py:188} INFO - [2026-05-09T04:38:30.942+0000] {dag.py:3954} INFO - Setting next_dagrun for example_bash_decorator to None, run_after=None
[2026-05-09T04:38:30.960+0000] {processor.py:183} INFO - Processing /home/airflow/.local/lib/python3.12/site-packages/airflow/example_dags/example_bash_decorator.py took 0.068 seconds
[2026-05-09T04:39:01.408+0000] {processor.py:161} INFO - Started process (PID=375) to work on /home/airflow/.local/lib/python3.12/site-packages/airflow/example_dags/example_bash_decorator.py
[2026-05-09T04:39:01.409+0000] {processor.py:830} INFO - Processing file /home/airflow/.local/lib/python3.12/site-packages/airflow/example_dags/example_bash_decorator.py for tasks to queue
[2026-05-09T04:39:01.411+0000] {logging_mixin.py:188} INFO - [2026-05-09T04:39:01.411+0000] {dagbag.py:545} INFO - Filling up the DagBag from /home/airflow/.local/lib/python3.12/site-packages/airflow/example_dags/example_bash_decorator.py
[2026-05-09T04:39:01.424+0000] {processor.py:840} INFO - DAG(s) 'example_bash_decorator' retrieved from /home/airflow/.local/lib/python3.12/site-packages/airflow/example_dags/example_bash_decorator.py
[2026-05-09T04:39:01.452+0000] {logging_mixin.py:188} INFO - [2026-05-09T04:39:01.452+0000] {dag.py:3096} INFO - Sync 1 DAGs
[2026-05-09T04:39:01.464+0000] {logging_mixin.py:188} INFO - [2026-05-09T04:39:01.463+0000] {dag.py:3954} INFO - Setting next_dagrun for example_bash_decorator to None, run_after=None
[2026-05-09T04:39:01.481+0000] {processor.py:183} INFO - Processing /home/airflow/.local/lib/python3.12/site-packages/airflow/example_dags/example_bash_decorator.py took 0.078 seconds
[2026-05-09T04:39:31.714+0000] {processor.py:161} INFO - Started process (PID=435) to work on /home/airflow/.local/lib/python3.12/site-packages/airflow/example_dags/example_bash_decorator.py
[2026-05-09T04:39:31.715+0000] {processor.py:830} INFO - Processing file /home/airflow/.local/lib/python3.12/site-packages/airflow/example_dags/example_bash_decorator.py for tasks to queue
[2026-05-09T04:39:31.717+0000] {logging_mixin.py:188} INFO - [2026-05-09T04:39:31.717+0000] {dagbag.py:545} INFO - Filling up the DagBag from /home/airflow/.local/lib/python3.12/site-packages/airflow/example_dags/example_bash_decorator.py
[2026-05-09T04:39:31.727+0000] {processor.py:840} INFO - DAG(s) 'example_bash_decorator' retrieved from /home/airflow/.local/lib/python3.12/site-packages/airflow/example_dags/example_bash_decorator.py
[2026-05-09T04:39:31.749+0000] {logging_mixin.py:188} INFO - [2026-05-09T04:39:31.749+0000] {dag.py:3096} INFO - Sync 1 DAGs
[2026-05-09T04:39:31.759+0000] {logging_mixin.py:188} INFO - [2026-05-09T04:39:31.758+0000] {dag.py:3954} INFO - Setting next_dagrun for example_bash_decorator to None, run_after=None
[2026-05-09T04:39:31.776+0000] {processor.py:183} INFO - Processing /home/airflow/.local/lib/python3.12/site-packages/airflow/example_dags/example_bash_decorator.py took 0.066 seconds
[2026-05-09T04:40:02.193+0000] {processor.py:161} INFO - Started process (PID=495) to work on /home/airflow/.local/lib/python3.12/site-packages/airflow/example_dags/example_bash_decorator.py
[2026-05-09T04:40:02.194+0000] {processor.py:830} INFO - Processing file /home/airflow/.local/lib/python3.12/site-packages/airflow/example_dags/example_bash_decorator.py for tasks to queue
[2026-05-09T04:40:02.196+0000] {logging_mixin.py:188} INFO - [2026-05-09T04:40:02.196+0000] {dagbag.py:545} INFO - Filling up the DagBag from /home/airflow/.local/lib/python3.12/site-packages/airflow/example_dags/example_bash_decorator.py
[2026-05-09T04:40:02.209+0000] {processor.py:840} INFO - DAG(s) 'example_bash_decorator' retrieved from /home/airflow/.local/lib/python3.12/site-packages/airflow/example_dags/example_bash_decorator.py
[2026-05-09T04:40:02.232+0000] {logging_mixin.py:188} INFO - [2026-05-09T04:40:02.232+0000] {dag.py:3096} INFO - Sync 1 DAGs
[2026-05-09T04:40:02.242+0000] {logging_mixin.py:188} INFO - [2026-05-09T04:40:02.242+0000] {dag.py:3954} INFO - Setting next_dagrun for example_bash_decorator to None, run_after=None
[2026-05-09T04:40:02.260+0000] {processor.py:183} INFO - Processing /home/airflow/.local/lib/python3.12/site-packages/airflow/example_dags/example_bash_decorator.py took 0.072 seconds
[2026-05-09T04:40:33.366+0000] {processor.py:161} INFO - Started process (PID=555) to work on /home/airflow/.local/lib/python3.12/site-packages/airflow/example_dags/example_bash_decorator.py
[2026-05-09T04:40:33.367+0000] {processor.py:830} INFO - Processing file /home/airflow/.local/lib/python3.12/site-packages/airflow/example_dags/example_bash_decorator.py for tasks to queue
[2026-05-09T04:40:33.369+0000] {logging_mixin.py:188} INFO - [2026-05-09T04:40:33.369+0000] {dagbag.py:545} INFO - Filling up the DagBag from /home/airflow/.local/lib/python3.12/site-packages/airflow/example_dags/example_bash_decorator.py
[2026-05-09T04:40:33.388+0000] {processor.py:840} INFO - DAG(s) 'example_bash_decorator' retrieved from /home/airflow/.local/lib/python3.12/site-packages/airflow/example_dags/example_bash_decorator.py
[2026-05-09T04:40:33.413+0000] {logging_mixin.py:188} INFO - [2026-05-09T04:40:33.413+0000] {dag.py:3096} INFO - Sync 1 DAGs
[2026-05-09T04:40:33.430+0000] {logging_mixin.py:188} INFO - [2026-05-09T04:40:33.430+0000] {dag.py:3954} INFO - Setting next_dagrun for example_bash_decorator to None, run_after=None
[2026-05-09T04:40:33.448+0000] {processor.py:183} INFO - Processing /home/airflow/.local/lib/python3.12/site-packages/airflow/example_dags/example_bash_decorator.py took 0.088 seconds
[2026-05-09T04:41:03.538+0000] {processor.py:161} INFO - Started process (PID=613) to work on /home/airflow/.local/lib/python3.12/site-packages/airflow/example_dags/example_bash_decorator.py
[2026-05-09T04:41:03.539+0000] {processor.py:830} INFO - Processing file /home/airflow/.local/lib/python3.12/site-packages/airflow/example_dags/example_bash_decorator.py for tasks to queue
[2026-05-09T04:41:03.541+0000] {logging_mixin.py:188} INFO - [2026-05-09T04:41:03.541+0000] {dagbag.py:545} INFO - Filling up the DagBag from /home/airflow/.local/lib/python3.12/site-packages/airflow/example_dags/example_bash_decorator.py
[2026-05-09T04:41:03.552+0000] {processor.py:840} INFO - DAG(s) 'example_bash_decorator' retrieved from /home/airflow/.local/lib/python3.12/site-packages/airflow/example_dags/example_bash_decorator.py
[2026-05-09T04:41:03.570+0000] {logging_mixin.py:188} INFO - [2026-05-09T04:41:03.569+0000] {dag.py:3096} INFO - Sync 1 DAGs
[2026-05-09T04:41:03.579+0000] {logging_mixin.py:188} INFO - [2026-05-09T04:41:03.579+0000] {dag.py:3954} INFO - Setting next_dagrun for example_bash_decorator to None, run_after=None
[2026-05-09T04:41:03.594+0000] {processor.py:183} INFO - Processing /home/airflow/.local/lib/python3.12/site-packages/airflow/example_dags/example_bash_decorator.py took 0.061 seconds
[2026-05-09T04:41:33.801+0000] {processor.py:161} INFO - Started process (PID=673) to work on /home/airflow/.local/lib/python3.12/site-packages/airflow/example_dags/example_bash_decorator.py
[2026-05-09T04:41:33.802+0000] {processor.py:830} INFO - Processing file /home/airflow/.local/lib/python3.12/site-packages/airflow/example_dags/example_bash_decorator.py for tasks to queue
[2026-05-09T04:41:33.804+0000] {logging_mixin.py:188} INFO - [2026-05-09T04:41:33.803+0000] {dagbag.py:545} INFO - Filling up the DagBag from /home/airflow/.local/lib/python3.12/site-packages/airflow/example_dags/example_bash_decorator.py
[2026-05-09T04:41:33.814+0000] {processor.py:840} INFO - DAG(s) 'example_bash_decorator' retrieved from /home/airflow/.local/lib/python3.12/site-packages/airflow/example_dags/example_bash_decorator.py
[2026-05-09T04:41:33.834+0000] {logging_mixin.py:188} INFO - [2026-05-09T04:41:33.834+0000] {dag.py:3096} INFO - Sync 1 DAGs
[2026-05-09T04:41:33.845+0000] {logging_mixin.py:188} INFO - [2026-05-09T04:41:33.844+0000] {dag.py:3954} INFO - Setting next_dagrun for example_bash_decorator to None, run_after=None
[2026-05-09T04:41:33.859+0000] {processor.py:183} INFO - Processing /home/airflow/.local/lib/python3.12/site-packages/airflow/example_dags/example_bash_decorator.py took 0.064 seconds
[2026-05-09T04:42:04.347+0000] {processor.py:161} INFO - Started process (PID=733) to work on /home/airflow/.local/lib/python3.12/site-packages/airflow/example_dags/example_bash_decorator.py
[2026-05-09T04:42:04.348+0000] {processor.py:830} INFO - Processing file /home/airflow/.local/lib/python3.12/site-packages/airflow/example_dags/example_bash_decorator.py for tasks to queue
[2026-05-09T04:42:04.350+0000] {logging_mixin.py:188} INFO - [2026-05-09T04:42:04.350+0000] {dagbag.py:545} INFO - Filling up the DagBag from /home/airflow/.local/lib/python3.12/site-packages/airflow/example_dags/example_bash_decorator.py
[2026-05-09T04:42:04.360+0000] {processor.py:840} INFO - DAG(s) 'example_bash_decorator' retrieved from /home/airflow/.local/lib/python3.12/site-packages/airflow/example_dags/example_bash_decorator.py
[2026-05-09T04:42:04.380+0000] {logging_mixin.py:188} INFO - [2026-05-09T04:42:04.380+0000] {dag.py:3096} INFO - Sync 1 DAGs
[2026-05-09T04:42:04.391+0000] {logging_mixin.py:188} INFO - [2026-05-09T04:42:04.391+0000] {dag.py:3954} INFO - Setting next_dagrun for example_bash_decorator to None, run_after=None
[2026-05-09T04:42:04.408+0000] {processor.py:183} INFO - Processing /home/airflow/.local/lib/python3.12/site-packages/airflow/example_dags/example_bash_decorator.py took 0.066 seconds
[2026-05-09T04:42:34.757+0000] {processor.py:161} INFO - Started process (PID=793) to work on /home/airflow/.local/lib/python3.12/site-packages/airflow/example_dags/example_bash_decorator.py
[2026-05-09T04:42:34.758+0000] {processor.py:830} INFO - Processing file /home/airflow/.local/lib/python3.12/site-packages/airflow/example_dags/example_bash_decorator.py for tasks to queue
[2026-05-09T04:42:34.760+0000] {logging_mixin.py:188} INFO - [2026-05-09T04:42:34.759+0000] {dagbag.py:545} INFO - Filling up the DagBag from /home/airflow/.local/lib/python3.12/site-packages/airflow/example_dags/example_bash_decorator.py
[2026-05-09T04:42:34.770+0000] {processor.py:840} INFO - DAG(s) 'example_bash_decorator' retrieved from /home/airflow/.local/lib/python3.12/site-packages/airflow/example_dags/example_bash_decorator.py
[2026-05-09T04:42:34.790+0000] {logging_mixin.py:188} INFO - [2026-05-09T04:42:34.789+0000] {dag.py:3096} INFO - Sync 1 DAGs
[2026-05-09T04:42:34.802+0000] {logging_mixin.py:188} INFO - [2026-05-09T04:42:34.802+0000] {dag.py:3954} INFO - Setting next_dagrun for example_bash_decorator to None, run_after=None
[2026-05-09T04:42:34.819+0000] {processor.py:183} INFO - Processing /home/airflow/.local/lib/python3.12/site-packages/airflow/example_dags/example_bash_decorator.py took 0.067 seconds
[2026-05-09T04:43:04.990+0000] {processor.py:161} INFO - Started process (PID=853) to work on /home/airflow/.local/lib/python3.12/site-packages/airflow/example_dags/example_bash_decorator.py
[2026-05-09T04:43:04.991+0000] {processor.py:830} INFO - Processing file /home/airflow/.local/lib/python3.12/site-packages/airflow/example_dags/example_bash_decorator.py for tasks to queue
[2026-05-09T04:43:04.993+0000] {logging_mixin.py:188} INFO - [2026-05-09T04:43:04.993+0000] {dagbag.py:545} INFO - Filling up the DagBag from /home/airflow/.local/lib/python3.12/site-packages/airflow/example_dags/example_bash_decorator.py
[2026-05-09T04:43:05.004+0000] {processor.py:840} INFO - DAG(s) 'example_bash_decorator' retrieved from /home/airflow/.local/lib/python3.12/site-packages/airflow/example_dags/example_bash_decorator.py
[2026-05-09T04:43:05.025+0000] {logging_mixin.py:188} INFO - [2026-05-09T04:43:05.025+0000] {dag.py:3096} INFO - Sync 1 DAGs
[2026-05-09T04:43:05.036+0000] {logging_mixin.py:188} INFO - [2026-05-09T04:43:05.036+0000] {dag.py:3954} INFO - Setting next_dagrun for example_bash_decorator to None, run_after=None
[2026-05-09T04:43:05.051+0000] {processor.py:183} INFO - Processing /home/airflow/.local/lib/python3.12/site-packages/airflow/example_dags/example_bash_decorator.py took 0.066 seconds
[2026-05-09T04:43:35.498+0000] {processor.py:161} INFO - Started process (PID=913) to work on /home/airflow/.local/lib/python3.12/site-packages/airflow/example_dags/example_bash_decorator.py
[2026-05-09T04:43:35.499+0000] {processor.py:830} INFO - Processing file /home/airflow/.local/lib/python3.12/site-packages/airflow/example_dags/example_bash_decorator.py for tasks to queue
[2026-05-09T04:43:35.501+0000] {logging_mixin.py:188} INFO - [2026-05-09T04:43:35.501+0000] {dagbag.py:545} INFO - Filling up the DagBag from /home/airflow/.local/lib/python3.12/site-packages/airflow/example_dags/example_bash_decorator.py
[2026-05-09T04:43:35.515+0000] {processor.py:840} INFO - DAG(s) 'example_bash_decorator' retrieved from /home/airflow/.local/lib/python3.12/site-packages/airflow/example_dags/example_bash_decorator.py
[2026-05-09T04:43:35.535+0000] {logging_mixin.py:188} INFO - [2026-05-09T04:43:35.535+0000] {dag.py:3096} INFO - Sync 1 DAGs
[2026-05-09T04:43:35.546+0000] {logging_mixin.py:188} INFO - [2026-05-09T04:43:35.545+0000] {dag.py:3954} INFO - Setting next_dagrun for example_bash_decorator to None, run_after=None
[2026-05-09T04:43:35.562+0000] {processor.py:183} INFO - Processing /home/airflow/.local/lib/python3.12/site-packages/airflow/example_dags/example_bash_decorator.py took 0.069 seconds
[2026-05-09T04:44:05.848+0000] {processor.py:161} INFO - Started process (PID=973) to work on /home/airflow/.local/lib/python3.12/site-packages/airflow/example_dags/example_bash_decorator.py
[2026-05-09T04:44:05.849+0000] {processor.py:830} INFO - Processing file /home/airflow/.local/lib/python3.12/site-packages/airflow/example_dags/example_bash_decorator.py for tasks to queue
[2026-05-09T04:44:05.851+0000] {logging_mixin.py:188} INFO - [2026-05-09T04:44:05.850+0000] {dagbag.py:545} INFO - Filling up the DagBag from /home/airflow/.local/lib/python3.12/site-packages/airflow/example_dags/example_bash_decorator.py
[2026-05-09T04:44:05.862+0000] {processor.py:840} INFO - DAG(s) 'example_bash_decorator' retrieved from /home/airflow/.local/lib/python3.12/site-packages/airflow/example_dags/example_bash_decorator.py
[2026-05-09T04:44:05.886+0000] {logging_mixin.py:188} INFO - [2026-05-09T04:44:05.885+0000] {dag.py:3096} INFO - Sync 1 DAGs
[2026-05-09T04:44:05.901+0000] {logging_mixin.py:188} INFO - [2026-05-09T04:44:05.901+0000] {dag.py:3954} INFO - Setting next_dagrun for example_bash_decorator to None, run_after=None
[2026-05-09T04:44:05.921+0000] {processor.py:183} INFO - Processing /home/airflow/.local/lib/python3.12/site-packages/airflow/example_dags/example_bash_decorator.py took 0.080 seconds
[2026-05-09T04:44:36.112+0000] {processor.py:161} INFO - Started process (PID=1033) to work on /home/airflow/.local/lib/python3.12/site-packages/airflow/example_dags/example_bash_decorator.py
[2026-05-09T04:44:36.113+0000] {processor.py:830} INFO - Processing file /home/airflow/.local/lib/python3.12/site-packages/airflow/example_dags/example_bash_decorator.py for tasks to queue
[2026-05-09T04:44:36.114+0000] {logging_mixin.py:188} INFO - [2026-05-09T04:44:36.114+0000] {dagbag.py:545} INFO - Filling up the DagBag from /home/airflow/.local/lib/python3.12/site-packages/airflow/example_dags/example_bash_decorator.py
[2026-05-09T04:44:36.126+0000] {processor.py:840} INFO - DAG(s) 'example_bash_decorator' retrieved from /home/airflow/.local/lib/python3.12/site-packages/airflow/example_dags/example_bash_decorator.py
[2026-05-09T04:44:36.146+0000] {logging_mixin.py:188} INFO - [2026-05-09T04:44:36.146+0000] {dag.py:3096} INFO - Sync 1 DAGs
[2026-05-09T04:44:36.156+0000] {logging_mixin.py:188} INFO - [2026-05-09T04:44:36.156+0000] {dag.py:3954} INFO - Setting next_dagrun for example_bash_decorator to None, run_after=None
[2026-05-09T04:44:36.177+0000] {processor.py:183} INFO - Processing /home/airflow/.local/lib/python3.12/site-packages/airflow/example_dags/example_bash_decorator.py took 0.070 seconds
[2026-05-09T04:45:06.815+0000] {processor.py:161} INFO - Started process (PID=1093) to work on /home/airflow/.local/lib/python3.12/site-packages/airflow/example_dags/example_bash_decorator.py
[2026-05-09T04:45:06.818+0000] {processor.py:830} INFO - Processing file /home/airflow/.local/lib/python3.12/site-packages/airflow/example_dags/example_bash_decorator.py for tasks to queue
[2026-05-09T04:45:06.823+0000] {logging_mixin.py:188} INFO - [2026-05-09T04:45:06.823+0000] {dagbag.py:545} INFO - Filling up the DagBag from /home/airflow/.local/lib/python3.12/site-packages/airflow/example_dags/example_bash_decorator.py
[2026-05-09T04:45:06.849+0000] {processor.py:840} INFO - DAG(s) 'example_bash_decorator' retrieved from /home/airflow/.local/lib/python3.12/site-packages/airflow/example_dags/example_bash_decorator.py
[2026-05-09T04:45:06.897+0000] {logging_mixin.py:188} INFO - [2026-05-09T04:45:06.897+0000] {dag.py:3096} INFO - Sync 1 DAGs
[2026-05-09T04:45:06.919+0000] {logging_mixin.py:188} INFO - [2026-05-09T04:45:06.919+0000] {dag.py:3954} INFO - Setting next_dagrun for example_bash_decorator to None, run_after=None
[2026-05-09T04:45:06.949+0000] {processor.py:183} INFO - Processing /home/airflow/.local/lib/python3.12/site-packages/airflow/example_dags/example_bash_decorator.py took 0.150 seconds
[2026-05-09T04:45:37.044+0000] {processor.py:161} INFO - Started process (PID=1153) to work on /home/airflow/.local/lib/python3.12/site-packages/airflow/example_dags/example_bash_decorator.py
[2026-05-09T04:45:37.045+0000] {processor.py:830} INFO - Processing file /home/airflow/.local/lib/python3.12/site-packages/airflow/example_dags/example_bash_decorator.py for tasks to queue
[2026-05-09T04:45:37.047+0000] {logging_mixin.py:188} INFO - [2026-05-09T04:45:37.047+0000] {dagbag.py:545} INFO - Filling up the DagBag from /home/airflow/.local/lib/python3.12/site-packages/airflow/example_dags/example_bash_decorator.py
[2026-05-09T04:45:37.058+0000] {processor.py:840} INFO - DAG(s) 'example_bash_decorator' retrieved from /home/airflow/.local/lib/python3.12/site-packages/airflow/example_dags/example_bash_decorator.py
[2026-05-09T04:45:37.076+0000] {logging_mixin.py:188} INFO - [2026-05-09T04:45:37.076+0000] {dag.py:3096} INFO - Sync 1 DAGs
[2026-05-09T04:45:37.086+0000] {logging_mixin.py:188} INFO - [2026-05-09T04:45:37.085+0000] {dag.py:3954} INFO - Setting next_dagrun for example_bash_decorator to None, run_after=None
[2026-05-09T04:45:37.253+0000] {processor.py:183} INFO - Processing /home/airflow/.local/lib/python3.12/site-packages/airflow/example_dags/example_bash_decorator.py took 0.214 seconds
[2026-05-09T04:46:07.887+0000] {processor.py:161} INFO - Started process (PID=1213) to work on /home/airflow/.local/lib/python3.12/site-packages/airflow/example_dags/example_bash_decorator.py
[2026-05-09T04:46:07.888+0000] {processor.py:830} INFO - Processing file /home/airflow/.local/lib/python3.12/site-packages/airflow/example_dags/example_bash_decorator.py for tasks to queue
[2026-05-09T04:46:07.890+0000] {logging_mixin.py:188} INFO - [2026-05-09T04:46:07.889+0000] {dagbag.py:545} INFO - Filling up the DagBag from /home/airflow/.local/lib/python3.12/site-packages/airflow/example_dags/example_bash_decorator.py
[2026-05-09T04:46:07.899+0000] {processor.py:840} INFO - DAG(s) 'example_bash_decorator' retrieved from /home/airflow/.local/lib/python3.12/site-packages/airflow/example_dags/example_bash_decorator.py
[2026-05-09T04:46:07.918+0000] {logging_mixin.py:188} INFO - [2026-05-09T04:46:07.918+0000] {dag.py:3096} INFO - Sync 1 DAGs
[2026-05-09T04:46:07.928+0000] {logging_mixin.py:188} INFO - [2026-05-09T04:46:07.928+0000] {dag.py:3954} INFO - Setting next_dagrun for example_bash_decorator to None, run_after=None
[2026-05-09T04:46:07.946+0000] {processor.py:183} INFO - Processing /home/airflow/.local/lib/python3.12/site-packages/airflow/example_dags/example_bash_decorator.py took 0.063 seconds
[2026-05-09T04:46:38.653+0000] {processor.py:161} INFO - Started process (PID=1273) to work on /home/airflow/.local/lib/python3.12/site-packages/airflow/example_dags/example_bash_decorator.py
[2026-05-09T04:46:38.654+0000] {processor.py:830} INFO - Processing file /home/airflow/.local/lib/python3.12/site-packages/airflow/example_dags/example_bash_decorator.py for tasks to queue
[2026-05-09T04:46:38.658+0000] {logging_mixin.py:188} INFO - [2026-05-09T04:46:38.657+0000] {dagbag.py:545} INFO - Filling up the DagBag from /home/airflow/.local/lib/python3.12/site-packages/airflow/example_dags/example_bash_decorator.py
[2026-05-09T04:46:38.672+0000] {processor.py:840} INFO - DAG(s) 'example_bash_decorator' retrieved from /home/airflow/.local/lib/python3.12/site-packages/airflow/example_dags/example_bash_decorator.py
[2026-05-09T04:46:38.696+0000] {logging_mixin.py:188} INFO - [2026-05-09T04:46:38.696+0000] {dag.py:3096} INFO - Sync 1 DAGs
[2026-05-09T04:46:38.708+0000] {logging_mixin.py:188} INFO - [2026-05-09T04:46:38.708+0000] {dag.py:3954} INFO - Setting next_dagrun for example_bash_decorator to None, run_after=None
[2026-05-09T04:46:38.729+0000] {processor.py:183} INFO - Processing /home/airflow/.local/lib/python3.12/site-packages/airflow/example_dags/example_bash_decorator.py took 0.081 seconds
[2026-05-09T04:47:09.254+0000] {processor.py:161} INFO - Started process (PID=1333) to work on /home/airflow/.local/lib/python3.12/site-packages/airflow/example_dags/example_bash_decorator.py
[2026-05-09T04:47:09.255+0000] {processor.py:830} INFO - Processing file /home/airflow/.local/lib/python3.12/site-packages/airflow/example_dags/example_bash_decorator.py for tasks to queue
[2026-05-09T04:47:09.257+0000] {logging_mixin.py:188} INFO - [2026-05-09T04:47:09.257+0000] {dagbag.py:545} INFO - Filling up the DagBag from /home/airflow/.local/lib/python3.12/site-packages/airflow/example_dags/example_bash_decorator.py
[2026-05-09T04:47:09.268+0000] {processor.py:840} INFO - DAG(s) 'example_bash_decorator' retrieved from /home/airflow/.local/lib/python3.12/site-packages/airflow/example_dags/example_bash_decorator.py
[2026-05-09T04:47:09.287+0000] {logging_mixin.py:188} INFO - [2026-05-09T04:47:09.287+0000] {dag.py:3096} INFO - Sync 1 DAGs
[2026-05-09T04:47:09.297+0000] {logging_mixin.py:188} INFO - [2026-05-09T04:47:09.297+0000] {dag.py:3954} INFO - Setting next_dagrun for example_bash_decorator to None, run_after=None
[2026-05-09T04:47:09.312+0000] {processor.py:183} INFO - Processing /home/airflow/.local/lib/python3.12/site-packages/airflow/example_dags/example_bash_decorator.py took 0.063 seconds
[2026-05-09T04:47:39.898+0000] {processor.py:161} INFO - Started process (PID=1393) to work on /home/airflow/.local/lib/python3.12/site-packages/airflow/example_dags/example_bash_decorator.py
[2026-05-09T04:47:39.900+0000] {processor.py:830} INFO - Processing file /home/airflow/.local/lib/python3.12/site-packages/airflow/example_dags/example_bash_decorator.py for tasks to queue
[2026-05-09T04:47:39.902+0000] {logging_mixin.py:188} INFO - [2026-05-09T04:47:39.902+0000] {dagbag.py:545} INFO - Filling up the DagBag from /home/airflow/.local/lib/python3.12/site-packages/airflow/example_dags/example_bash_decorator.py
[2026-05-09T04:47:39.914+0000] {processor.py:840} INFO - DAG(s) 'example_bash_decorator' retrieved from /home/airflow/.local/lib/python3.12/site-packages/airflow/example_dags/example_bash_decorator.py
[2026-05-09T04:47:39.934+0000] {logging_mixin.py:188} INFO - [2026-05-09T04:47:39.934+0000] {dag.py:3096} INFO - Sync 1 DAGs
[2026-05-09T04:47:39.943+0000] {logging_mixin.py:188} INFO - [2026-05-09T04:47:39.943+0000] {dag.py:3954} INFO - Setting next_dagrun for example_bash_decorator to None, run_after=None
[2026-05-09T04:47:39.958+0000] {processor.py:183} INFO - Processing /home/airflow/.local/lib/python3.12/site-packages/airflow/example_dags/example_bash_decorator.py took 0.064 seconds
[2026-05-09T04:48:10.257+0000] {processor.py:161} INFO - Started process (PID=1453) to work on /home/airflow/.local/lib/python3.12/site-packages/airflow/example_dags/example_bash_decorator.py
[2026-05-09T04:48:10.259+0000] {processor.py:830} INFO - Processing file /home/airflow/.local/lib/python3.12/site-packages/airflow/example_dags/example_bash_decorator.py for tasks to queue
[2026-05-09T04:48:10.260+0000] {logging_mixin.py:188} INFO - [2026-05-09T04:48:10.260+0000] {dagbag.py:545} INFO - Filling up the DagBag from /home/airflow/.local/lib/python3.12/site-packages/airflow/example_dags/example_bash_decorator.py
[2026-05-09T04:48:10.272+0000] {processor.py:840} INFO - DAG(s) 'example_bash_decorator' retrieved from /home/airflow/.local/lib/python3.12/site-packages/airflow/example_dags/example_bash_decorator.py
[2026-05-09T04:48:10.290+0000] {logging_mixin.py:188} INFO - [2026-05-09T04:48:10.290+0000] {dag.py:3096} INFO - Sync 1 DAGs
[2026-05-09T04:48:10.300+0000] {logging_mixin.py:188} INFO - [2026-05-09T04:48:10.300+0000] {dag.py:3954} INFO - Setting next_dagrun for example_bash_decorator to None, run_after=None
[2026-05-09T04:48:10.318+0000] {processor.py:183} INFO - Processing /home/airflow/.local/lib/python3.12/site-packages/airflow/example_dags/example_bash_decorator.py took 0.065 seconds
[2026-05-09T04:48:40.976+0000] {processor.py:161} INFO - Started process (PID=1513) to work on /home/airflow/.local/lib/python3.12/site-packages/airflow/example_dags/example_bash_decorator.py
[2026-05-09T04:48:40.977+0000] {processor.py:830} INFO - Processing file /home/airflow/.local/lib/python3.12/site-packages/airflow/example_dags/example_bash_decorator.py for tasks to queue
[2026-05-09T04:48:40.979+0000] {logging_mixin.py:188} INFO - [2026-05-09T04:48:40.979+0000] {dagbag.py:545} INFO - Filling up the DagBag from /home/airflow/.local/lib/python3.12/site-packages/airflow/example_dags/example_bash_decorator.py
[2026-05-09T04:48:40.991+0000] {processor.py:840} INFO - DAG(s) 'example_bash_decorator' retrieved from /home/airflow/.local/lib/python3.12/site-packages/airflow/example_dags/example_bash_decorator.py
[2026-05-09T04:48:41.010+0000] {logging_mixin.py:188} INFO - [2026-05-09T04:48:41.010+0000] {dag.py:3096} INFO - Sync 1 DAGs
[2026-05-09T04:48:41.025+0000] {logging_mixin.py:188} INFO - [2026-05-09T04:48:41.024+0000] {dag.py:3954} INFO - Setting next_dagrun for example_bash_decorator to None, run_after=None
[2026-05-09T04:48:41.042+0000] {processor.py:183} INFO - Processing /home/airflow/.local/lib/python3.12/site-packages/airflow/example_dags/example_bash_decorator.py took 0.072 seconds
[2026-05-09T04:49:11.229+0000] {processor.py:161} INFO - Started process (PID=1573) to work on /home/airflow/.local/lib/python3.12/site-packages/airflow/example_dags/example_bash_decorator.py
[2026-05-09T04:49:11.231+0000] {processor.py:830} INFO - Processing file /home/airflow/.local/lib/python3.12/site-packages/airflow/example_dags/example_bash_decorator.py for tasks to queue
[2026-05-09T04:49:11.233+0000] {logging_mixin.py:188} INFO - [2026-05-09T04:49:11.232+0000] {dagbag.py:545} INFO - Filling up the DagBag from /home/airflow/.local/lib/python3.12/site-packages/airflow/example_dags/example_bash_decorator.py
[2026-05-09T04:49:11.243+0000] {processor.py:840} INFO - DAG(s) 'example_bash_decorator' retrieved from /home/airflow/.local/lib/python3.12/site-packages/airflow/example_dags/example_bash_decorator.py
[2026-05-09T04:49:11.261+0000] {logging_mixin.py:188} INFO - [2026-05-09T04:49:11.261+0000] {dag.py:3096} INFO - Sync 1 DAGs
[2026-05-09T04:49:11.270+0000] {logging_mixin.py:188} INFO - [2026-05-09T04:49:11.270+0000] {dag.py:3954} INFO - Setting next_dagrun for example_bash_decorator to None, run_after=None
[2026-05-09T04:49:11.283+0000] {processor.py:183} INFO - Processing /home/airflow/.local/lib/python3.12/site-packages/airflow/example_dags/example_bash_decorator.py took 0.060 seconds
[2026-05-09T04:49:41.476+0000] {processor.py:161} INFO - Started process (PID=1633) to work on /home/airflow/.local/lib/python3.12/site-packages/airflow/example_dags/example_bash_decorator.py
[2026-05-09T04:49:41.477+0000] {processor.py:830} INFO - Processing file /home/airflow/.local/lib/python3.12/site-packages/airflow/example_dags/example_bash_decorator.py for tasks to queue
[2026-05-09T04:49:41.479+0000] {logging_mixin.py:188} INFO - [2026-05-09T04:49:41.479+0000] {dagbag.py:545} INFO - Filling up the DagBag from /home/airflow/.local/lib/python3.12/site-packages/airflow/example_dags/example_bash_decorator.py
[2026-05-09T04:49:41.490+0000] {processor.py:840} INFO - DAG(s) 'example_bash_decorator' retrieved from /home/airflow/.local/lib/python3.12/site-packages/airflow/example_dags/example_bash_decorator.py
[2026-05-09T04:49:41.511+0000] {logging_mixin.py:188} INFO - [2026-05-09T04:49:41.511+0000] {dag.py:3096} INFO - Sync 1 DAGs
[2026-05-09T04:49:41.522+0000] {logging_mixin.py:188} INFO - [2026-05-09T04:49:41.522+0000] {dag.py:3954} INFO - Setting next_dagrun for example_bash_decorator to None, run_after=None
[2026-05-09T04:49:41.538+0000] {processor.py:183} INFO - Processing /home/airflow/.local/lib/python3.12/site-packages/airflow/example_dags/example_bash_decorator.py took 0.066 seconds
[2026-05-09T04:50:12.796+0000] {processor.py:161} INFO - Started process (PID=1693) to work on /home/airflow/.local/lib/python3.12/site-packages/airflow/example_dags/example_bash_decorator.py
[2026-05-09T04:50:12.797+0000] {processor.py:830} INFO - Processing file /home/airflow/.local/lib/python3.12/site-packages/airflow/example_dags/example_bash_decorator.py for tasks to queue
[2026-05-09T04:50:12.800+0000] {logging_mixin.py:188} INFO - [2026-05-09T04:50:12.800+0000] {dagbag.py:545} INFO - Filling up the DagBag from /home/airflow/.local/lib/python3.12/site-packages/airflow/example_dags/example_bash_decorator.py
[2026-05-09T04:50:12.810+0000] {processor.py:840} INFO - DAG(s) 'example_bash_decorator' retrieved from /home/airflow/.local/lib/python3.12/site-packages/airflow/example_dags/example_bash_decorator.py
[2026-05-09T04:50:12.831+0000] {logging_mixin.py:188} INFO - [2026-05-09T04:50:12.831+0000] {dag.py:3096} INFO - Sync 1 DAGs
[2026-05-09T04:50:12.841+0000] {logging_mixin.py:188} INFO - [2026-05-09T04:50:12.841+0000] {dag.py:3954} INFO - Setting next_dagrun for example_bash_decorator to None, run_after=None
[2026-05-09T04:50:12.857+0000] {processor.py:183} INFO - Processing /home/airflow/.local/lib/python3.12/site-packages/airflow/example_dags/example_bash_decorator.py took 0.066 seconds
[2026-05-09T04:50:43.508+0000] {processor.py:161} INFO - Started process (PID=1753) to work on /home/airflow/.local/lib/python3.12/site-packages/airflow/example_dags/example_bash_decorator.py
[2026-05-09T04:50:43.509+0000] {processor.py:830} INFO - Processing file /home/airflow/.local/lib/python3.12/site-packages/airflow/example_dags/example_bash_decorator.py for tasks to queue
[2026-05-09T04:50:43.511+0000] {logging_mixin.py:188} INFO - [2026-05-09T04:50:43.511+0000] {dagbag.py:545} INFO - Filling up the DagBag from /home/airflow/.local/lib/python3.12/site-packages/airflow/example_dags/example_bash_decorator.py
[2026-05-09T04:50:43.523+0000] {processor.py:840} INFO - DAG(s) 'example_bash_decorator' retrieved from /home/airflow/.local/lib/python3.12/site-packages/airflow/example_dags/example_bash_decorator.py
[2026-05-09T04:50:43.541+0000] {logging_mixin.py:188} INFO - [2026-05-09T04:50:43.541+0000] {dag.py:3096} INFO - Sync 1 DAGs
[2026-05-09T04:50:43.551+0000] {logging_mixin.py:188} INFO - [2026-05-09T04:50:43.551+0000] {dag.py:3954} INFO - Setting next_dagrun for example_bash_decorator to None, run_after=None
[2026-05-09T04:50:43.683+0000] {processor.py:183} INFO - Processing /home/airflow/.local/lib/python3.12/site-packages/airflow/example_dags/example_bash_decorator.py took 0.180 seconds
[2026-05-09T04:51:14.359+0000] {processor.py:161} INFO - Started process (PID=1813) to work on /home/airflow/.local/lib/python3.12/site-packages/airflow/example_dags/example_bash_decorator.py
[2026-05-09T04:51:14.360+0000] {processor.py:830} INFO - Processing file /home/airflow/.local/lib/python3.12/site-packages/airflow/example_dags/example_bash_decorator.py for tasks to queue
[2026-05-09T04:51:14.362+0000] {logging_mixin.py:188} INFO - [2026-05-09T04:51:14.361+0000] {dagbag.py:545} INFO - Filling up the DagBag from /home/airflow/.local/lib/python3.12/site-packages/airflow/example_dags/example_bash_decorator.py
[2026-05-09T04:51:14.372+0000] {processor.py:840} INFO - DAG(s) 'example_bash_decorator' retrieved from /home/airflow/.local/lib/python3.12/site-packages/airflow/example_dags/example_bash_decorator.py
[2026-05-09T04:51:14.393+0000] {logging_mixin.py:188} INFO - [2026-05-09T04:51:14.393+0000] {dag.py:3096} INFO - Sync 1 DAGs
[2026-05-09T04:51:14.405+0000] {logging_mixin.py:188} INFO - [2026-05-09T04:51:14.405+0000] {dag.py:3954} INFO - Setting next_dagrun for example_bash_decorator to None, run_after=None
[2026-05-09T04:51:14.421+0000] {processor.py:183} INFO - Processing /home/airflow/.local/lib/python3.12/site-packages/airflow/example_dags/example_bash_decorator.py took 0.067 seconds
[2026-05-09T04:51:45.009+0000] {processor.py:161} INFO - Started process (PID=1873) to work on /home/airflow/.local/lib/python3.12/site-packages/airflow/example_dags/example_bash_decorator.py
[2026-05-09T04:51:45.010+0000] {processor.py:830} INFO - Processing file /home/airflow/.local/lib/python3.12/site-packages/airflow/example_dags/example_bash_decorator.py for tasks to queue
[2026-05-09T04:51:45.012+0000] {logging_mixin.py:188} INFO - [2026-05-09T04:51:45.012+0000] {dagbag.py:545} INFO - Filling up the DagBag from /home/airflow/.local/lib/python3.12/site-packages/airflow/example_dags/example_bash_decorator.py
[2026-05-09T04:51:45.026+0000] {processor.py:840} INFO - DAG(s) 'example_bash_decorator' retrieved from /home/airflow/.local/lib/python3.12/site-packages/airflow/example_dags/example_bash_decorator.py
[2026-05-09T04:51:45.051+0000] {logging_mixin.py:188} INFO - [2026-05-09T04:51:45.051+0000] {dag.py:3096} INFO - Sync 1 DAGs
[2026-05-09T04:51:45.064+0000] {logging_mixin.py:188} INFO - [2026-05-09T04:51:45.063+0000] {dag.py:3954} INFO - Setting next_dagrun for example_bash_decorator to None, run_after=None
[2026-05-09T04:51:45.084+0000] {processor.py:183} INFO - Processing /home/airflow/.local/lib/python3.12/site-packages/airflow/example_dags/example_bash_decorator.py took 0.080 seconds
[2026-05-09T04:52:16.025+0000] {processor.py:161} INFO - Started process (PID=1933) to work on /home/airflow/.local/lib/python3.12/site-packages/airflow/example_dags/example_bash_decorator.py
[2026-05-09T04:52:16.026+0000] {processor.py:830} INFO - Processing file /home/airflow/.local/lib/python3.12/site-packages/airflow/example_dags/example_bash_decorator.py for tasks to queue
[2026-05-09T04:52:16.028+0000] {logging_mixin.py:188} INFO - [2026-05-09T04:52:16.028+0000] {dagbag.py:545} INFO - Filling up the DagBag from /home/airflow/.local/lib/python3.12/site-packages/airflow/example_dags/example_bash_decorator.py
[2026-05-09T04:52:16.040+0000] {processor.py:840} INFO - DAG(s) 'example_bash_decorator' retrieved from /home/airflow/.local/lib/python3.12/site-packages/airflow/example_dags/example_bash_decorator.py
[2026-05-09T04:52:16.059+0000] {logging_mixin.py:188} INFO - [2026-05-09T04:52:16.059+0000] {dag.py:3096} INFO - Sync 1 DAGs
[2026-05-09T04:52:16.069+0000] {logging_mixin.py:188} INFO - [2026-05-09T04:52:16.069+0000] {dag.py:3954} INFO - Setting next_dagrun for example_bash_decorator to None, run_after=None
[2026-05-09T04:52:16.090+0000] {processor.py:183} INFO - Processing /home/airflow/.local/lib/python3.12/site-packages/airflow/example_dags/example_bash_decorator.py took 0.071 seconds
[2026-05-09T04:52:46.810+0000] {processor.py:161} INFO - Started process (PID=1993) to work on /home/airflow/.local/lib/python3.12/site-packages/airflow/example_dags/example_bash_decorator.py
[2026-05-09T04:52:46.812+0000] {processor.py:830} INFO - Processing file /home/airflow/.local/lib/python3.12/site-packages/airflow/example_dags/example_bash_decorator.py for tasks to queue
[2026-05-09T04:52:46.813+0000] {logging_mixin.py:188} INFO - [2026-05-09T04:52:46.813+0000] {dagbag.py:545} INFO - Filling up the DagBag from /home/airflow/.local/lib/python3.12/site-packages/airflow/example_dags/example_bash_decorator.py
[2026-05-09T04:52:46.824+0000] {processor.py:840} INFO - DAG(s) 'example_bash_decorator' retrieved from /home/airflow/.local/lib/python3.12/site-packages/airflow/example_dags/example_bash_decorator.py
[2026-05-09T04:52:46.848+0000] {logging_mixin.py:188} INFO - [2026-05-09T04:52:46.848+0000] {dag.py:3096} INFO - Sync 1 DAGs
[2026-05-09T04:52:46.861+0000] {logging_mixin.py:188} INFO - [2026-05-09T04:52:46.860+0000] {dag.py:3954} INFO - Setting next_dagrun for example_bash_decorator to None, run_after=None
[2026-05-09T04:52:46.878+0000] {processor.py:183} INFO - Processing /home/airflow/.local/lib/python3.12/site-packages/airflow/example_dags/example_bash_decorator.py took 0.072 seconds
[2026-05-09T04:53:17.621+0000] {processor.py:161} INFO - Started process (PID=2053) to work on /home/airflow/.local/lib/python3.12/site-packages/airflow/example_dags/example_bash_decorator.py
[2026-05-09T04:53:17.622+0000] {processor.py:830} INFO - Processing file /home/airflow/.local/lib/python3.12/site-packages/airflow/example_dags/example_bash_decorator.py for tasks to queue
[2026-05-09T04:53:17.624+0000] {logging_mixin.py:188} INFO - [2026-05-09T04:53:17.624+0000] {dagbag.py:545} INFO - Filling up the DagBag from /home/airflow/.local/lib/python3.12/site-packages/airflow/example_dags/example_bash_decorator.py
[2026-05-09T04:53:17.636+0000] {processor.py:840} INFO - DAG(s) 'example_bash_decorator' retrieved from /home/airflow/.local/lib/python3.12/site-packages/airflow/example_dags/example_bash_decorator.py
[2026-05-09T04:53:17.655+0000] {logging_mixin.py:188} INFO - [2026-05-09T04:53:17.654+0000] {dag.py:3096} INFO - Sync 1 DAGs
[2026-05-09T04:53:17.664+0000] {logging_mixin.py:188} INFO - [2026-05-09T04:53:17.664+0000] {dag.py:3954} INFO - Setting next_dagrun for example_bash_decorator to None, run_after=None
[2026-05-09T04:53:17.679+0000] {processor.py:183} INFO - Processing /home/airflow/.local/lib/python3.12/site-packages/airflow/example_dags/example_bash_decorator.py took 0.063 seconds
[2026-05-09T04:53:47.868+0000] {processor.py:161} INFO - Started process (PID=2113) to work on /home/airflow/.local/lib/python3.12/site-packages/airflow/example_dags/example_bash_decorator.py
[2026-05-09T04:53:47.870+0000] {processor.py:830} INFO - Processing file /home/airflow/.local/lib/python3.12/site-packages/airflow/example_dags/example_bash_decorator.py for tasks to queue
[2026-05-09T04:53:47.872+0000] {logging_mixin.py:188} INFO - [2026-05-09T04:53:47.871+0000] {dagbag.py:545} INFO - Filling up the DagBag from /home/airflow/.local/lib/python3.12/site-packages/airflow/example_dags/example_bash_decorator.py
[2026-05-09T04:53:47.881+0000] {processor.py:840} INFO - DAG(s) 'example_bash_decorator' retrieved from /home/airflow/.local/lib/python3.12/site-packages/airflow/example_dags/example_bash_decorator.py
[2026-05-09T04:53:47.901+0000] {logging_mixin.py:188} INFO - [2026-05-09T04:53:47.900+0000] {dag.py:3096} INFO - Sync 1 DAGs
[2026-05-09T04:53:47.909+0000] {logging_mixin.py:188} INFO - [2026-05-09T04:53:47.909+0000] {dag.py:3954} INFO - Setting next_dagrun for example_bash_decorator to None, run_after=None
[2026-05-09T04:53:47.926+0000] {processor.py:183} INFO - Processing /home/airflow/.local/lib/python3.12/site-packages/airflow/example_dags/example_bash_decorator.py took 0.061 seconds
[2026-05-09T04:54:18.144+0000] {processor.py:161} INFO - Started process (PID=2172) to work on /home/airflow/.local/lib/python3.12/site-packages/airflow/example_dags/example_bash_decorator.py
[2026-05-09T04:54:18.145+0000] {processor.py:830} INFO - Processing file /home/airflow/.local/lib/python3.12/site-packages/airflow/example_dags/example_bash_decorator.py for tasks to queue
[2026-05-09T04:54:18.147+0000] {logging_mixin.py:188} INFO - [2026-05-09T04:54:18.147+0000] {dagbag.py:545} INFO - Filling up the DagBag from /home/airflow/.local/lib/python3.12/site-packages/airflow/example_dags/example_bash_decorator.py
[2026-05-09T04:54:18.157+0000] {processor.py:840} INFO - DAG(s) 'example_bash_decorator' retrieved from /home/airflow/.local/lib/python3.12/site-packages/airflow/example_dags/example_bash_decorator.py
[2026-05-09T04:54:18.176+0000] {logging_mixin.py:188} INFO - [2026-05-09T04:54:18.176+0000] {dag.py:3096} INFO - Sync 1 DAGs
[2026-05-09T04:54:18.188+0000] {logging_mixin.py:188} INFO - [2026-05-09T04:54:18.188+0000] {dag.py:3954} INFO - Setting next_dagrun for example_bash_decorator to None, run_after=None
[2026-05-09T04:54:18.206+0000] {processor.py:183} INFO - Processing /home/airflow/.local/lib/python3.12/site-packages/airflow/example_dags/example_bash_decorator.py took 0.066 seconds
[2026-05-09T04:54:48.332+0000] {processor.py:161} INFO - Started process (PID=2232) to work on /home/airflow/.local/lib/python3.12/site-packages/airflow/example_dags/example_bash_decorator.py
[2026-05-09T04:54:48.334+0000] {processor.py:830} INFO - Processing file /home/airflow/.local/lib/python3.12/site-packages/airflow/example_dags/example_bash_decorator.py for tasks to queue
[2026-05-09T04:54:48.336+0000] {logging_mixin.py:188} INFO - [2026-05-09T04:54:48.336+0000] {dagbag.py:545} INFO - Filling up the DagBag from /home/airflow/.local/lib/python3.12/site-packages/airflow/example_dags/example_bash_decorator.py
[2026-05-09T04:54:48.346+0000] {processor.py:840} INFO - DAG(s) 'example_bash_decorator' retrieved from /home/airflow/.local/lib/python3.12/site-packages/airflow/example_dags/example_bash_decorator.py
[2026-05-09T04:54:48.364+0000] {logging_mixin.py:188} INFO - [2026-05-09T04:54:48.363+0000] {dag.py:3096} INFO - Sync 1 DAGs
[2026-05-09T04:54:48.373+0000] {logging_mixin.py:188} INFO - [2026-05-09T04:54:48.372+0000] {dag.py:3954} INFO - Setting next_dagrun for example_bash_decorator to None, run_after=None
[2026-05-09T04:54:48.390+0000] {processor.py:183} INFO - Processing /home/airflow/.local/lib/python3.12/site-packages/airflow/example_dags/example_bash_decorator.py took 0.062 seconds
[2026-05-09T04:55:18.626+0000] {processor.py:161} INFO - Started process (PID=2292) to work on /home/airflow/.local/lib/python3.12/site-packages/airflow/example_dags/example_bash_decorator.py
[2026-05-09T04:55:18.628+0000] {processor.py:830} INFO - Processing file /home/airflow/.local/lib/python3.12/site-packages/airflow/example_dags/example_bash_decorator.py for tasks to queue
[2026-05-09T04:55:18.630+0000] {logging_mixin.py:188} INFO - [2026-05-09T04:55:18.629+0000] {dagbag.py:545} INFO - Filling up the DagBag from /home/airflow/.local/lib/python3.12/site-packages/airflow/example_dags/example_bash_decorator.py
[2026-05-09T04:55:18.639+0000] {processor.py:840} INFO - DAG(s) 'example_bash_decorator' retrieved from /home/airflow/.local/lib/python3.12/site-packages/airflow/example_dags/example_bash_decorator.py
[2026-05-09T04:55:18.658+0000] {logging_mixin.py:188} INFO - [2026-05-09T04:55:18.657+0000] {dag.py:3096} INFO - Sync 1 DAGs
[2026-05-09T04:55:18.666+0000] {logging_mixin.py:188} INFO - [2026-05-09T04:55:18.666+0000] {dag.py:3954} INFO - Setting next_dagrun for example_bash_decorator to None, run_after=None
[2026-05-09T04:55:18.683+0000] {processor.py:183} INFO - Processing /home/airflow/.local/lib/python3.12/site-packages/airflow/example_dags/example_bash_decorator.py took 0.061 seconds
[2026-05-09T04:55:48.880+0000] {processor.py:161} INFO - Started process (PID=2352) to work on /home/airflow/.local/lib/python3.12/site-packages/airflow/example_dags/example_bash_decorator.py
[2026-05-09T04:55:48.882+0000] {processor.py:830} INFO - Processing file /home/airflow/.local/lib/python3.12/site-packages/airflow/example_dags/example_bash_decorator.py for tasks to queue
[2026-05-09T04:55:48.885+0000] {logging_mixin.py:188} INFO - [2026-05-09T04:55:48.885+0000] {dagbag.py:545} INFO - Filling up the DagBag from /home/airflow/.local/lib/python3.12/site-packages/airflow/example_dags/example_bash_decorator.py
[2026-05-09T04:55:48.895+0000] {processor.py:840} INFO - DAG(s) 'example_bash_decorator' retrieved from /home/airflow/.local/lib/python3.12/site-packages/airflow/example_dags/example_bash_decorator.py
[2026-05-09T04:55:48.914+0000] {logging_mixin.py:188} INFO - [2026-05-09T04:55:48.914+0000] {dag.py:3096} INFO - Sync 1 DAGs
[2026-05-09T04:55:48.927+0000] {logging_mixin.py:188} INFO - [2026-05-09T04:55:48.927+0000] {dag.py:3954} INFO - Setting next_dagrun for example_bash_decorator to None, run_after=None
[2026-05-09T04:55:48.947+0000] {processor.py:183} INFO - Processing /home/airflow/.local/lib/python3.12/site-packages/airflow/example_dags/example_bash_decorator.py took 0.071 seconds
[2026-05-09T04:56:19.129+0000] {processor.py:161} INFO - Started process (PID=2412) to work on /home/airflow/.local/lib/python3.12/site-packages/airflow/example_dags/example_bash_decorator.py
[2026-05-09T04:56:19.130+0000] {processor.py:830} INFO - Processing file /home/airflow/.local/lib/python3.12/site-packages/airflow/example_dags/example_bash_decorator.py for tasks to queue
[2026-05-09T04:56:19.132+0000] {logging_mixin.py:188} INFO - [2026-05-09T04:56:19.132+0000] {dagbag.py:545} INFO - Filling up the DagBag from /home/airflow/.local/lib/python3.12/site-packages/airflow/example_dags/example_bash_decorator.py
[2026-05-09T04:56:19.143+0000] {processor.py:840} INFO - DAG(s) 'example_bash_decorator' retrieved from /home/airflow/.local/lib/python3.12/site-packages/airflow/example_dags/example_bash_decorator.py
[2026-05-09T04:56:19.161+0000] {logging_mixin.py:188} INFO - [2026-05-09T04:56:19.161+0000] {dag.py:3096} INFO - Sync 1 DAGs
[2026-05-09T04:56:19.171+0000] {logging_mixin.py:188} INFO - [2026-05-09T04:56:19.170+0000] {dag.py:3954} INFO - Setting next_dagrun for example_bash_decorator to None, run_after=None
[2026-05-09T04:56:19.186+0000] {processor.py:183} INFO - Processing /home/airflow/.local/lib/python3.12/site-packages/airflow/example_dags/example_bash_decorator.py took 0.062 seconds
[2026-05-09T04:57:01.459+0000] {processor.py:161} INFO - Started process (PID=70) to work on /home/airflow/.local/lib/python3.12/site-packages/airflow/example_dags/example_bash_decorator.py
[2026-05-09T04:57:01.461+0000] {processor.py:830} INFO - Processing file /home/airflow/.local/lib/python3.12/site-packages/airflow/example_dags/example_bash_decorator.py for tasks to queue
[2026-05-09T04:57:01.463+0000] {logging_mixin.py:188} INFO - [2026-05-09T04:57:01.463+0000] {dagbag.py:545} INFO - Filling up the DagBag from /home/airflow/.local/lib/python3.12/site-packages/airflow/example_dags/example_bash_decorator.py
[2026-05-09T04:57:01.478+0000] {processor.py:840} INFO - DAG(s) 'example_bash_decorator' retrieved from /home/airflow/.local/lib/python3.12/site-packages/airflow/example_dags/example_bash_decorator.py
[2026-05-09T04:57:01.571+0000] {logging_mixin.py:188} INFO - [2026-05-09T04:57:01.570+0000] {dag.py:3096} INFO - Sync 1 DAGs
[2026-05-09T04:57:01.579+0000] {logging_mixin.py:188} INFO - [2026-05-09T04:57:01.579+0000] {dag.py:3954} INFO - Setting next_dagrun for example_bash_decorator to None, run_after=None
[2026-05-09T04:57:01.597+0000] {processor.py:183} INFO - Processing /home/airflow/.local/lib/python3.12/site-packages/airflow/example_dags/example_bash_decorator.py took 0.144 seconds
[2026-05-09T04:57:43.261+0000] {processor.py:161} INFO - Started process (PID=70) to work on /home/airflow/.local/lib/python3.12/site-packages/airflow/example_dags/example_bash_decorator.py
[2026-05-09T04:57:43.262+0000] {processor.py:830} INFO - Processing file /home/airflow/.local/lib/python3.12/site-packages/airflow/example_dags/example_bash_decorator.py for tasks to queue
[2026-05-09T04:57:43.265+0000] {logging_mixin.py:188} INFO - [2026-05-09T04:57:43.264+0000] {dagbag.py:545} INFO - Filling up the DagBag from /home/airflow/.local/lib/python3.12/site-packages/airflow/example_dags/example_bash_decorator.py
[2026-05-09T04:57:43.280+0000] {processor.py:840} INFO - DAG(s) 'example_bash_decorator' retrieved from /home/airflow/.local/lib/python3.12/site-packages/airflow/example_dags/example_bash_decorator.py
[2026-05-09T04:57:43.360+0000] {logging_mixin.py:188} INFO - [2026-05-09T04:57:43.360+0000] {dag.py:3096} INFO - Sync 1 DAGs
[2026-05-09T04:57:43.371+0000] {logging_mixin.py:188} INFO - [2026-05-09T04:57:43.371+0000] {dag.py:3954} INFO - Setting next_dagrun for example_bash_decorator to None, run_after=None
[2026-05-09T04:57:43.388+0000] {processor.py:183} INFO - Processing /home/airflow/.local/lib/python3.12/site-packages/airflow/example_dags/example_bash_decorator.py took 0.132 seconds
[2026-05-09T04:58:14.619+0000] {processor.py:161} INFO - Started process (PID=130) to work on /home/airflow/.local/lib/python3.12/site-packages/airflow/example_dags/example_bash_decorator.py
[2026-05-09T04:58:14.620+0000] {processor.py:830} INFO - Processing file /home/airflow/.local/lib/python3.12/site-packages/airflow/example_dags/example_bash_decorator.py for tasks to queue
[2026-05-09T04:58:14.623+0000] {logging_mixin.py:188} INFO - [2026-05-09T04:58:14.622+0000] {dagbag.py:545} INFO - Filling up the DagBag from /home/airflow/.local/lib/python3.12/site-packages/airflow/example_dags/example_bash_decorator.py
[2026-05-09T04:58:14.640+0000] {processor.py:840} INFO - DAG(s) 'example_bash_decorator' retrieved from /home/airflow/.local/lib/python3.12/site-packages/airflow/example_dags/example_bash_decorator.py
[2026-05-09T04:58:14.667+0000] {logging_mixin.py:188} INFO - [2026-05-09T04:58:14.666+0000] {dag.py:3096} INFO - Sync 1 DAGs
[2026-05-09T04:58:14.680+0000] {logging_mixin.py:188} INFO - [2026-05-09T04:58:14.680+0000] {dag.py:3954} INFO - Setting next_dagrun for example_bash_decorator to None, run_after=None
[2026-05-09T04:58:14.702+0000] {processor.py:183} INFO - Processing /home/airflow/.local/lib/python3.12/site-packages/airflow/example_dags/example_bash_decorator.py took 0.088 seconds
[2026-05-09T04:58:45.027+0000] {processor.py:161} INFO - Started process (PID=190) to work on /home/airflow/.local/lib/python3.12/site-packages/airflow/example_dags/example_bash_decorator.py
[2026-05-09T04:58:45.028+0000] {processor.py:830} INFO - Processing file /home/airflow/.local/lib/python3.12/site-packages/airflow/example_dags/example_bash_decorator.py for tasks to queue
[2026-05-09T04:58:45.030+0000] {logging_mixin.py:188} INFO - [2026-05-09T04:58:45.030+0000] {dagbag.py:545} INFO - Filling up the DagBag from /home/airflow/.local/lib/python3.12/site-packages/airflow/example_dags/example_bash_decorator.py
[2026-05-09T04:58:45.041+0000] {processor.py:840} INFO - DAG(s) 'example_bash_decorator' retrieved from /home/airflow/.local/lib/python3.12/site-packages/airflow/example_dags/example_bash_decorator.py
[2026-05-09T04:58:45.059+0000] {logging_mixin.py:188} INFO - [2026-05-09T04:58:45.059+0000] {dag.py:3096} INFO - Sync 1 DAGs
[2026-05-09T04:58:45.071+0000] {logging_mixin.py:188} INFO - [2026-05-09T04:58:45.071+0000] {dag.py:3954} INFO - Setting next_dagrun for example_bash_decorator to None, run_after=None
[2026-05-09T04:58:45.086+0000] {processor.py:183} INFO - Processing /home/airflow/.local/lib/python3.12/site-packages/airflow/example_dags/example_bash_decorator.py took 0.063 seconds
[2026-05-09T04:59:15.573+0000] {processor.py:161} INFO - Started process (PID=256) to work on /home/airflow/.local/lib/python3.12/site-packages/airflow/example_dags/example_bash_decorator.py
[2026-05-09T04:59:15.574+0000] {processor.py:830} INFO - Processing file /home/airflow/.local/lib/python3.12/site-packages/airflow/example_dags/example_bash_decorator.py for tasks to queue
[2026-05-09T04:59:15.577+0000] {logging_mixin.py:188} INFO - [2026-05-09T04:59:15.576+0000] {dagbag.py:545} INFO - Filling up the DagBag from /home/airflow/.local/lib/python3.12/site-packages/airflow/example_dags/example_bash_decorator.py
[2026-05-09T04:59:15.592+0000] {processor.py:840} INFO - DAG(s) 'example_bash_decorator' retrieved from /home/airflow/.local/lib/python3.12/site-packages/airflow/example_dags/example_bash_decorator.py
[2026-05-09T04:59:15.620+0000] {logging_mixin.py:188} INFO - [2026-05-09T04:59:15.619+0000] {dag.py:3096} INFO - Sync 1 DAGs
[2026-05-09T04:59:15.637+0000] {logging_mixin.py:188} INFO - [2026-05-09T04:59:15.637+0000] {dag.py:3954} INFO - Setting next_dagrun for example_bash_decorator to None, run_after=None
[2026-05-09T04:59:15.665+0000] {processor.py:183} INFO - Processing /home/airflow/.local/lib/python3.12/site-packages/airflow/example_dags/example_bash_decorator.py took 0.098 seconds
[2026-05-09T04:59:46.546+0000] {processor.py:161} INFO - Started process (PID=316) to work on /home/airflow/.local/lib/python3.12/site-packages/airflow/example_dags/example_bash_decorator.py
[2026-05-09T04:59:46.547+0000] {processor.py:830} INFO - Processing file /home/airflow/.local/lib/python3.12/site-packages/airflow/example_dags/example_bash_decorator.py for tasks to queue
[2026-05-09T04:59:46.551+0000] {logging_mixin.py:188} INFO - [2026-05-09T04:59:46.550+0000] {dagbag.py:545} INFO - Filling up the DagBag from /home/airflow/.local/lib/python3.12/site-packages/airflow/example_dags/example_bash_decorator.py
[2026-05-09T04:59:46.569+0000] {processor.py:840} INFO - DAG(s) 'example_bash_decorator' retrieved from /home/airflow/.local/lib/python3.12/site-packages/airflow/example_dags/example_bash_decorator.py
[2026-05-09T04:59:46.599+0000] {logging_mixin.py:188} INFO - [2026-05-09T04:59:46.599+0000] {dag.py:3096} INFO - Sync 1 DAGs
[2026-05-09T04:59:46.616+0000] {logging_mixin.py:188} INFO - [2026-05-09T04:59:46.615+0000] {dag.py:3954} INFO - Setting next_dagrun for example_bash_decorator to None, run_after=None
[2026-05-09T04:59:46.645+0000] {processor.py:183} INFO - Processing /home/airflow/.local/lib/python3.12/site-packages/airflow/example_dags/example_bash_decorator.py took 0.106 seconds
[2026-05-09T05:00:17.170+0000] {processor.py:161} INFO - Started process (PID=376) to work on /home/airflow/.local/lib/python3.12/site-packages/airflow/example_dags/example_bash_decorator.py
[2026-05-09T05:00:17.172+0000] {processor.py:830} INFO - Processing file /home/airflow/.local/lib/python3.12/site-packages/airflow/example_dags/example_bash_decorator.py for tasks to queue
[2026-05-09T05:00:17.173+0000] {logging_mixin.py:188} INFO - [2026-05-09T05:00:17.173+0000] {dagbag.py:545} INFO - Filling up the DagBag from /home/airflow/.local/lib/python3.12/site-packages/airflow/example_dags/example_bash_decorator.py
[2026-05-09T05:00:17.185+0000] {processor.py:840} INFO - DAG(s) 'example_bash_decorator' retrieved from /home/airflow/.local/lib/python3.12/site-packages/airflow/example_dags/example_bash_decorator.py
[2026-05-09T05:00:17.202+0000] {logging_mixin.py:188} INFO - [2026-05-09T05:00:17.201+0000] {dag.py:3096} INFO - Sync 1 DAGs
[2026-05-09T05:00:17.211+0000] {logging_mixin.py:188} INFO - [2026-05-09T05:00:17.211+0000] {dag.py:3954} INFO - Setting next_dagrun for example_bash_decorator to None, run_after=None
[2026-05-09T05:00:17.226+0000] {processor.py:183} INFO - Processing /home/airflow/.local/lib/python3.12/site-packages/airflow/example_dags/example_bash_decorator.py took 0.060 seconds
[2026-05-09T05:00:47.807+0000] {processor.py:161} INFO - Started process (PID=436) to work on /home/airflow/.local/lib/python3.12/site-packages/airflow/example_dags/example_bash_decorator.py
[2026-05-09T05:00:47.808+0000] {processor.py:830} INFO - Processing file /home/airflow/.local/lib/python3.12/site-packages/airflow/example_dags/example_bash_decorator.py for tasks to queue
[2026-05-09T05:00:47.810+0000] {logging_mixin.py:188} INFO - [2026-05-09T05:00:47.809+0000] {dagbag.py:545} INFO - Filling up the DagBag from /home/airflow/.local/lib/python3.12/site-packages/airflow/example_dags/example_bash_decorator.py
[2026-05-09T05:00:47.821+0000] {processor.py:840} INFO - DAG(s) 'example_bash_decorator' retrieved from /home/airflow/.local/lib/python3.12/site-packages/airflow/example_dags/example_bash_decorator.py
[2026-05-09T05:00:47.843+0000] {logging_mixin.py:188} INFO - [2026-05-09T05:00:47.843+0000] {dag.py:3096} INFO - Sync 1 DAGs
[2026-05-09T05:00:47.854+0000] {logging_mixin.py:188} INFO - [2026-05-09T05:00:47.854+0000] {dag.py:3954} INFO - Setting next_dagrun for example_bash_decorator to None, run_after=None
[2026-05-09T05:00:47.873+0000] {processor.py:183} INFO - Processing /home/airflow/.local/lib/python3.12/site-packages/airflow/example_dags/example_bash_decorator.py took 0.072 seconds
[2026-05-09T05:01:18.849+0000] {processor.py:161} INFO - Started process (PID=496) to work on /home/airflow/.local/lib/python3.12/site-packages/airflow/example_dags/example_bash_decorator.py
[2026-05-09T05:01:18.850+0000] {processor.py:830} INFO - Processing file /home/airflow/.local/lib/python3.12/site-packages/airflow/example_dags/example_bash_decorator.py for tasks to queue
[2026-05-09T05:01:18.852+0000] {logging_mixin.py:188} INFO - [2026-05-09T05:01:18.852+0000] {dagbag.py:545} INFO - Filling up the DagBag from /home/airflow/.local/lib/python3.12/site-packages/airflow/example_dags/example_bash_decorator.py
[2026-05-09T05:01:18.862+0000] {processor.py:840} INFO - DAG(s) 'example_bash_decorator' retrieved from /home/airflow/.local/lib/python3.12/site-packages/airflow/example_dags/example_bash_decorator.py
[2026-05-09T05:01:18.880+0000] {logging_mixin.py:188} INFO - [2026-05-09T05:01:18.880+0000] {dag.py:3096} INFO - Sync 1 DAGs
[2026-05-09T05:01:18.892+0000] {logging_mixin.py:188} INFO - [2026-05-09T05:01:18.891+0000] {dag.py:3954} INFO - Setting next_dagrun for example_bash_decorator to None, run_after=None
[2026-05-09T05:01:18.907+0000] {processor.py:183} INFO - Processing /home/airflow/.local/lib/python3.12/site-packages/airflow/example_dags/example_bash_decorator.py took 0.063 seconds
[2026-05-09T05:01:48.993+0000] {processor.py:161} INFO - Started process (PID=554) to work on /home/airflow/.local/lib/python3.12/site-packages/airflow/example_dags/example_bash_decorator.py
[2026-05-09T05:01:48.994+0000] {processor.py:830} INFO - Processing file /home/airflow/.local/lib/python3.12/site-packages/airflow/example_dags/example_bash_decorator.py for tasks to queue
[2026-05-09T05:01:48.996+0000] {logging_mixin.py:188} INFO - [2026-05-09T05:01:48.995+0000] {dagbag.py:545} INFO - Filling up the DagBag from /home/airflow/.local/lib/python3.12/site-packages/airflow/example_dags/example_bash_decorator.py
[2026-05-09T05:01:49.006+0000] {processor.py:840} INFO - DAG(s) 'example_bash_decorator' retrieved from /home/airflow/.local/lib/python3.12/site-packages/airflow/example_dags/example_bash_decorator.py
[2026-05-09T05:01:49.024+0000] {logging_mixin.py:188} INFO - [2026-05-09T05:01:49.024+0000] {dag.py:3096} INFO - Sync 1 DAGs
[2026-05-09T05:01:49.034+0000] {logging_mixin.py:188} INFO - [2026-05-09T05:01:49.034+0000] {dag.py:3954} INFO - Setting next_dagrun for example_bash_decorator to None, run_after=None
[2026-05-09T05:01:49.052+0000] {processor.py:183} INFO - Processing /home/airflow/.local/lib/python3.12/site-packages/airflow/example_dags/example_bash_decorator.py took 0.064 seconds
[2026-05-09T05:02:19.540+0000] {processor.py:161} INFO - Started process (PID=614) to work on /home/airflow/.local/lib/python3.12/site-packages/airflow/example_dags/example_bash_decorator.py
[2026-05-09T05:02:19.541+0000] {processor.py:830} INFO - Processing file /home/airflow/.local/lib/python3.12/site-packages/airflow/example_dags/example_bash_decorator.py for tasks to queue
[2026-05-09T05:02:19.543+0000] {logging_mixin.py:188} INFO - [2026-05-09T05:02:19.543+0000] {dagbag.py:545} INFO - Filling up the DagBag from /home/airflow/.local/lib/python3.12/site-packages/airflow/example_dags/example_bash_decorator.py
[2026-05-09T05:02:19.555+0000] {processor.py:840} INFO - DAG(s) 'example_bash_decorator' retrieved from /home/airflow/.local/lib/python3.12/site-packages/airflow/example_dags/example_bash_decorator.py
[2026-05-09T05:02:19.576+0000] {logging_mixin.py:188} INFO - [2026-05-09T05:02:19.576+0000] {dag.py:3096} INFO - Sync 1 DAGs
[2026-05-09T05:02:19.587+0000] {logging_mixin.py:188} INFO - [2026-05-09T05:02:19.587+0000] {dag.py:3954} INFO - Setting next_dagrun for example_bash_decorator to None, run_after=None
[2026-05-09T05:02:19.606+0000] {processor.py:183} INFO - Processing /home/airflow/.local/lib/python3.12/site-packages/airflow/example_dags/example_bash_decorator.py took 0.072 seconds
[2026-05-09T05:02:50.049+0000] {processor.py:161} INFO - Started process (PID=674) to work on /home/airflow/.local/lib/python3.12/site-packages/airflow/example_dags/example_bash_decorator.py
[2026-05-09T05:02:50.050+0000] {processor.py:830} INFO - Processing file /home/airflow/.local/lib/python3.12/site-packages/airflow/example_dags/example_bash_decorator.py for tasks to queue
[2026-05-09T05:02:50.052+0000] {logging_mixin.py:188} INFO - [2026-05-09T05:02:50.052+0000] {dagbag.py:545} INFO - Filling up the DagBag from /home/airflow/.local/lib/python3.12/site-packages/airflow/example_dags/example_bash_decorator.py
[2026-05-09T05:02:50.062+0000] {processor.py:840} INFO - DAG(s) 'example_bash_decorator' retrieved from /home/airflow/.local/lib/python3.12/site-packages/airflow/example_dags/example_bash_decorator.py
[2026-05-09T05:02:50.080+0000] {logging_mixin.py:188} INFO - [2026-05-09T05:02:50.079+0000] {dag.py:3096} INFO - Sync 1 DAGs
[2026-05-09T05:02:50.089+0000] {logging_mixin.py:188} INFO - [2026-05-09T05:02:50.088+0000] {dag.py:3954} INFO - Setting next_dagrun for example_bash_decorator to None, run_after=None
[2026-05-09T05:02:50.104+0000] {processor.py:183} INFO - Processing /home/airflow/.local/lib/python3.12/site-packages/airflow/example_dags/example_bash_decorator.py took 0.059 seconds
[2026-05-09T05:03:20.543+0000] {processor.py:161} INFO - Started process (PID=734) to work on /home/airflow/.local/lib/python3.12/site-packages/airflow/example_dags/example_bash_decorator.py
[2026-05-09T05:03:20.545+0000] {processor.py:830} INFO - Processing file /home/airflow/.local/lib/python3.12/site-packages/airflow/example_dags/example_bash_decorator.py for tasks to queue
[2026-05-09T05:03:20.548+0000] {logging_mixin.py:188} INFO - [2026-05-09T05:03:20.548+0000] {dagbag.py:545} INFO - Filling up the DagBag from /home/airflow/.local/lib/python3.12/site-packages/airflow/example_dags/example_bash_decorator.py
[2026-05-09T05:03:20.569+0000] {processor.py:840} INFO - DAG(s) 'example_bash_decorator' retrieved from /home/airflow/.local/lib/python3.12/site-packages/airflow/example_dags/example_bash_decorator.py
[2026-05-09T05:03:20.603+0000] {logging_mixin.py:188} INFO - [2026-05-09T05:03:20.603+0000] {dag.py:3096} INFO - Sync 1 DAGs
[2026-05-09T05:03:20.621+0000] {logging_mixin.py:188} INFO - [2026-05-09T05:03:20.620+0000] {dag.py:3954} INFO - Setting next_dagrun for example_bash_decorator to None, run_after=None
[2026-05-09T05:03:20.652+0000] {processor.py:183} INFO - Processing /home/airflow/.local/lib/python3.12/site-packages/airflow/example_dags/example_bash_decorator.py took 0.120 seconds
[2026-05-09T05:03:54.321+0000] {processor.py:161} INFO - Started process (PID=796) to work on /home/airflow/.local/lib/python3.12/site-packages/airflow/example_dags/example_bash_decorator.py
[2026-05-09T05:03:54.324+0000] {processor.py:830} INFO - Processing file /home/airflow/.local/lib/python3.12/site-packages/airflow/example_dags/example_bash_decorator.py for tasks to queue
[2026-05-09T05:03:54.327+0000] {logging_mixin.py:188} INFO - [2026-05-09T05:03:54.326+0000] {dagbag.py:545} INFO - Filling up the DagBag from /home/airflow/.local/lib/python3.12/site-packages/airflow/example_dags/example_bash_decorator.py
[2026-05-09T05:03:54.347+0000] {processor.py:840} INFO - DAG(s) 'example_bash_decorator' retrieved from /home/airflow/.local/lib/python3.12/site-packages/airflow/example_dags/example_bash_decorator.py
[2026-05-09T05:03:54.383+0000] {logging_mixin.py:188} INFO - [2026-05-09T05:03:54.383+0000] {dag.py:3096} INFO - Sync 1 DAGs
[2026-05-09T05:03:54.405+0000] {logging_mixin.py:188} INFO - [2026-05-09T05:03:54.405+0000] {dag.py:3954} INFO - Setting next_dagrun for example_bash_decorator to None, run_after=None
[2026-05-09T05:03:54.451+0000] {processor.py:183} INFO - Processing /home/airflow/.local/lib/python3.12/site-packages/airflow/example_dags/example_bash_decorator.py took 0.137 seconds
[2026-05-09T05:04:24.588+0000] {processor.py:161} INFO - Started process (PID=856) to work on /home/airflow/.local/lib/python3.12/site-packages/airflow/example_dags/example_bash_decorator.py
[2026-05-09T05:04:24.589+0000] {processor.py:830} INFO - Processing file /home/airflow/.local/lib/python3.12/site-packages/airflow/example_dags/example_bash_decorator.py for tasks to queue
[2026-05-09T05:04:24.591+0000] {logging_mixin.py:188} INFO - [2026-05-09T05:04:24.591+0000] {dagbag.py:545} INFO - Filling up the DagBag from /home/airflow/.local/lib/python3.12/site-packages/airflow/example_dags/example_bash_decorator.py
[2026-05-09T05:04:24.606+0000] {processor.py:840} INFO - DAG(s) 'example_bash_decorator' retrieved from /home/airflow/.local/lib/python3.12/site-packages/airflow/example_dags/example_bash_decorator.py
[2026-05-09T05:04:24.628+0000] {logging_mixin.py:188} INFO - [2026-05-09T05:04:24.628+0000] {dag.py:3096} INFO - Sync 1 DAGs
[2026-05-09T05:04:24.639+0000] {logging_mixin.py:188} INFO - [2026-05-09T05:04:24.639+0000] {dag.py:3954} INFO - Setting next_dagrun for example_bash_decorator to None, run_after=None
[2026-05-09T05:04:24.657+0000] {processor.py:183} INFO - Processing /home/airflow/.local/lib/python3.12/site-packages/airflow/example_dags/example_bash_decorator.py took 0.074 seconds
[2026-05-09T05:04:54.810+0000] {processor.py:161} INFO - Started process (PID=916) to work on /home/airflow/.local/lib/python3.12/site-packages/airflow/example_dags/example_bash_decorator.py
[2026-05-09T05:04:54.811+0000] {processor.py:830} INFO - Processing file /home/airflow/.local/lib/python3.12/site-packages/airflow/example_dags/example_bash_decorator.py for tasks to queue
[2026-05-09T05:04:54.813+0000] {logging_mixin.py:188} INFO - [2026-05-09T05:04:54.813+0000] {dagbag.py:545} INFO - Filling up the DagBag from /home/airflow/.local/lib/python3.12/site-packages/airflow/example_dags/example_bash_decorator.py
[2026-05-09T05:04:54.823+0000] {processor.py:840} INFO - DAG(s) 'example_bash_decorator' retrieved from /home/airflow/.local/lib/python3.12/site-packages/airflow/example_dags/example_bash_decorator.py
[2026-05-09T05:04:54.842+0000] {logging_mixin.py:188} INFO - [2026-05-09T05:04:54.842+0000] {dag.py:3096} INFO - Sync 1 DAGs
[2026-05-09T05:04:54.852+0000] {logging_mixin.py:188} INFO - [2026-05-09T05:04:54.852+0000] {dag.py:3954} INFO - Setting next_dagrun for example_bash_decorator to None, run_after=None
[2026-05-09T05:04:54.868+0000] {processor.py:183} INFO - Processing /home/airflow/.local/lib/python3.12/site-packages/airflow/example_dags/example_bash_decorator.py took 0.063 seconds
[2026-05-09T05:05:25.077+0000] {processor.py:161} INFO - Started process (PID=976) to work on /home/airflow/.local/lib/python3.12/site-packages/airflow/example_dags/example_bash_decorator.py
[2026-05-09T05:05:25.079+0000] {processor.py:830} INFO - Processing file /home/airflow/.local/lib/python3.12/site-packages/airflow/example_dags/example_bash_decorator.py for tasks to queue
[2026-05-09T05:05:25.082+0000] {logging_mixin.py:188} INFO - [2026-05-09T05:05:25.081+0000] {dagbag.py:545} INFO - Filling up the DagBag from /home/airflow/.local/lib/python3.12/site-packages/airflow/example_dags/example_bash_decorator.py
[2026-05-09T05:05:25.096+0000] {processor.py:840} INFO - DAG(s) 'example_bash_decorator' retrieved from /home/airflow/.local/lib/python3.12/site-packages/airflow/example_dags/example_bash_decorator.py
[2026-05-09T05:05:25.124+0000] {logging_mixin.py:188} INFO - [2026-05-09T05:05:25.124+0000] {dag.py:3096} INFO - Sync 1 DAGs
[2026-05-09T05:05:25.137+0000] {logging_mixin.py:188} INFO - [2026-05-09T05:05:25.136+0000] {dag.py:3954} INFO - Setting next_dagrun for example_bash_decorator to None, run_after=None
[2026-05-09T05:05:25.160+0000] {processor.py:183} INFO - Processing /home/airflow/.local/lib/python3.12/site-packages/airflow/example_dags/example_bash_decorator.py took 0.090 seconds
[2026-05-09T05:05:55.327+0000] {processor.py:161} INFO - Started process (PID=1036) to work on /home/airflow/.local/lib/python3.12/site-packages/airflow/example_dags/example_bash_decorator.py
[2026-05-09T05:05:55.329+0000] {processor.py:830} INFO - Processing file /home/airflow/.local/lib/python3.12/site-packages/airflow/example_dags/example_bash_decorator.py for tasks to queue
[2026-05-09T05:05:55.331+0000] {logging_mixin.py:188} INFO - [2026-05-09T05:05:55.330+0000] {dagbag.py:545} INFO - Filling up the DagBag from /home/airflow/.local/lib/python3.12/site-packages/airflow/example_dags/example_bash_decorator.py
[2026-05-09T05:05:55.341+0000] {processor.py:840} INFO - DAG(s) 'example_bash_decorator' retrieved from /home/airflow/.local/lib/python3.12/site-packages/airflow/example_dags/example_bash_decorator.py
[2026-05-09T05:05:55.359+0000] {logging_mixin.py:188} INFO - [2026-05-09T05:05:55.359+0000] {dag.py:3096} INFO - Sync 1 DAGs
[2026-05-09T05:05:55.370+0000] {logging_mixin.py:188} INFO - [2026-05-09T05:05:55.369+0000] {dag.py:3954} INFO - Setting next_dagrun for example_bash_decorator to None, run_after=None
[2026-05-09T05:05:55.387+0000] {processor.py:183} INFO - Processing /home/airflow/.local/lib/python3.12/site-packages/airflow/example_dags/example_bash_decorator.py took 0.064 seconds
[2026-05-09T05:06:26.141+0000] {processor.py:161} INFO - Started process (PID=1096) to work on /home/airflow/.local/lib/python3.12/site-packages/airflow/example_dags/example_bash_decorator.py
[2026-05-09T05:06:26.143+0000] {processor.py:830} INFO - Processing file /home/airflow/.local/lib/python3.12/site-packages/airflow/example_dags/example_bash_decorator.py for tasks to queue
[2026-05-09T05:06:26.145+0000] {logging_mixin.py:188} INFO - [2026-05-09T05:06:26.144+0000] {dagbag.py:545} INFO - Filling up the DagBag from /home/airflow/.local/lib/python3.12/site-packages/airflow/example_dags/example_bash_decorator.py
[2026-05-09T05:06:26.160+0000] {processor.py:840} INFO - DAG(s) 'example_bash_decorator' retrieved from /home/airflow/.local/lib/python3.12/site-packages/airflow/example_dags/example_bash_decorator.py
[2026-05-09T05:06:26.194+0000] {logging_mixin.py:188} INFO - [2026-05-09T05:06:26.194+0000] {dag.py:3096} INFO - Sync 1 DAGs
[2026-05-09T05:06:26.210+0000] {logging_mixin.py:188} INFO - [2026-05-09T05:06:26.210+0000] {dag.py:3954} INFO - Setting next_dagrun for example_bash_decorator to None, run_after=None
[2026-05-09T05:06:26.236+0000] {processor.py:183} INFO - Processing /home/airflow/.local/lib/python3.12/site-packages/airflow/example_dags/example_bash_decorator.py took 0.102 seconds
[2026-05-09T05:06:56.692+0000] {processor.py:161} INFO - Started process (PID=1156) to work on /home/airflow/.local/lib/python3.12/site-packages/airflow/example_dags/example_bash_decorator.py
[2026-05-09T05:06:56.693+0000] {processor.py:830} INFO - Processing file /home/airflow/.local/lib/python3.12/site-packages/airflow/example_dags/example_bash_decorator.py for tasks to queue
[2026-05-09T05:06:56.696+0000] {logging_mixin.py:188} INFO - [2026-05-09T05:06:56.696+0000] {dagbag.py:545} INFO - Filling up the DagBag from /home/airflow/.local/lib/python3.12/site-packages/airflow/example_dags/example_bash_decorator.py
[2026-05-09T05:06:56.711+0000] {processor.py:840} INFO - DAG(s) 'example_bash_decorator' retrieved from /home/airflow/.local/lib/python3.12/site-packages/airflow/example_dags/example_bash_decorator.py
[2026-05-09T05:06:56.736+0000] {logging_mixin.py:188} INFO - [2026-05-09T05:06:56.736+0000] {dag.py:3096} INFO - Sync 1 DAGs
[2026-05-09T05:06:56.746+0000] {logging_mixin.py:188} INFO - [2026-05-09T05:06:56.746+0000] {dag.py:3954} INFO - Setting next_dagrun for example_bash_decorator to None, run_after=None
[2026-05-09T05:06:56.763+0000] {processor.py:183} INFO - Processing /home/airflow/.local/lib/python3.12/site-packages/airflow/example_dags/example_bash_decorator.py took 0.079 seconds
[2026-05-09T05:07:27.723+0000] {processor.py:161} INFO - Started process (PID=1215) to work on /home/airflow/.local/lib/python3.12/site-packages/airflow/example_dags/example_bash_decorator.py
[2026-05-09T05:07:27.724+0000] {processor.py:830} INFO - Processing file /home/airflow/.local/lib/python3.12/site-packages/airflow/example_dags/example_bash_decorator.py for tasks to queue
[2026-05-09T05:07:27.726+0000] {logging_mixin.py:188} INFO - [2026-05-09T05:07:27.726+0000] {dagbag.py:545} INFO - Filling up the DagBag from /home/airflow/.local/lib/python3.12/site-packages/airflow/example_dags/example_bash_decorator.py
[2026-05-09T05:07:27.738+0000] {processor.py:840} INFO - DAG(s) 'example_bash_decorator' retrieved from /home/airflow/.local/lib/python3.12/site-packages/airflow/example_dags/example_bash_decorator.py
[2026-05-09T05:07:27.758+0000] {logging_mixin.py:188} INFO - [2026-05-09T05:07:27.758+0000] {dag.py:3096} INFO - Sync 1 DAGs
[2026-05-09T05:07:27.772+0000] {logging_mixin.py:188} INFO - [2026-05-09T05:07:27.771+0000] {dag.py:3954} INFO - Setting next_dagrun for example_bash_decorator to None, run_after=None
[2026-05-09T05:07:27.791+0000] {processor.py:183} INFO - Processing /home/airflow/.local/lib/python3.12/site-packages/airflow/example_dags/example_bash_decorator.py took 0.073 seconds
[2026-05-09T05:07:58.321+0000] {processor.py:161} INFO - Started process (PID=1275) to work on /home/airflow/.local/lib/python3.12/site-packages/airflow/example_dags/example_bash_decorator.py
[2026-05-09T05:07:58.322+0000] {processor.py:830} INFO - Processing file /home/airflow/.local/lib/python3.12/site-packages/airflow/example_dags/example_bash_decorator.py for tasks to queue
[2026-05-09T05:07:58.324+0000] {logging_mixin.py:188} INFO - [2026-05-09T05:07:58.323+0000] {dagbag.py:545} INFO - Filling up the DagBag from /home/airflow/.local/lib/python3.12/site-packages/airflow/example_dags/example_bash_decorator.py
[2026-05-09T05:07:58.333+0000] {processor.py:840} INFO - DAG(s) 'example_bash_decorator' retrieved from /home/airflow/.local/lib/python3.12/site-packages/airflow/example_dags/example_bash_decorator.py
[2026-05-09T05:07:58.350+0000] {logging_mixin.py:188} INFO - [2026-05-09T05:07:58.349+0000] {dag.py:3096} INFO - Sync 1 DAGs
[2026-05-09T05:07:58.360+0000] {logging_mixin.py:188} INFO - [2026-05-09T05:07:58.360+0000] {dag.py:3954} INFO - Setting next_dagrun for example_bash_decorator to None, run_after=None
[2026-05-09T05:07:58.378+0000] {processor.py:183} INFO - Processing /home/airflow/.local/lib/python3.12/site-packages/airflow/example_dags/example_bash_decorator.py took 0.061 seconds
[2026-05-09T05:08:28.585+0000] {processor.py:161} INFO - Started process (PID=1334) to work on /home/airflow/.local/lib/python3.12/site-packages/airflow/example_dags/example_bash_decorator.py
[2026-05-09T05:08:28.586+0000] {processor.py:830} INFO - Processing file /home/airflow/.local/lib/python3.12/site-packages/airflow/example_dags/example_bash_decorator.py for tasks to queue
[2026-05-09T05:08:28.588+0000] {logging_mixin.py:188} INFO - [2026-05-09T05:08:28.587+0000] {dagbag.py:545} INFO - Filling up the DagBag from /home/airflow/.local/lib/python3.12/site-packages/airflow/example_dags/example_bash_decorator.py
[2026-05-09T05:08:28.599+0000] {processor.py:840} INFO - DAG(s) 'example_bash_decorator' retrieved from /home/airflow/.local/lib/python3.12/site-packages/airflow/example_dags/example_bash_decorator.py
[2026-05-09T05:08:28.618+0000] {logging_mixin.py:188} INFO - [2026-05-09T05:08:28.618+0000] {dag.py:3096} INFO - Sync 1 DAGs
[2026-05-09T05:08:28.627+0000] {logging_mixin.py:188} INFO - [2026-05-09T05:08:28.627+0000] {dag.py:3954} INFO - Setting next_dagrun for example_bash_decorator to None, run_after=None
[2026-05-09T05:08:28.643+0000] {processor.py:183} INFO - Processing /home/airflow/.local/lib/python3.12/site-packages/airflow/example_dags/example_bash_decorator.py took 0.063 seconds
[2026-05-09T05:08:59.017+0000] {processor.py:161} INFO - Started process (PID=1394) to work on /home/airflow/.local/lib/python3.12/site-packages/airflow/example_dags/example_bash_decorator.py
[2026-05-09T05:08:59.019+0000] {processor.py:830} INFO - Processing file /home/airflow/.local/lib/python3.12/site-packages/airflow/example_dags/example_bash_decorator.py for tasks to queue
[2026-05-09T05:08:59.021+0000] {logging_mixin.py:188} INFO - [2026-05-09T05:08:59.021+0000] {dagbag.py:545} INFO - Filling up the DagBag from /home/airflow/.local/lib/python3.12/site-packages/airflow/example_dags/example_bash_decorator.py
[2026-05-09T05:08:59.034+0000] {processor.py:840} INFO - DAG(s) 'example_bash_decorator' retrieved from /home/airflow/.local/lib/python3.12/site-packages/airflow/example_dags/example_bash_decorator.py
[2026-05-09T05:08:59.060+0000] {logging_mixin.py:188} INFO - [2026-05-09T05:08:59.060+0000] {dag.py:3096} INFO - Sync 1 DAGs
[2026-05-09T05:08:59.071+0000] {logging_mixin.py:188} INFO - [2026-05-09T05:08:59.071+0000] {dag.py:3954} INFO - Setting next_dagrun for example_bash_decorator to None, run_after=None
[2026-05-09T05:08:59.089+0000] {processor.py:183} INFO - Processing /home/airflow/.local/lib/python3.12/site-packages/airflow/example_dags/example_bash_decorator.py took 0.077 seconds
[2026-05-09T05:09:29.694+0000] {processor.py:161} INFO - Started process (PID=1454) to work on /home/airflow/.local/lib/python3.12/site-packages/airflow/example_dags/example_bash_decorator.py
[2026-05-09T05:09:29.695+0000] {processor.py:830} INFO - Processing file /home/airflow/.local/lib/python3.12/site-packages/airflow/example_dags/example_bash_decorator.py for tasks to queue
[2026-05-09T05:09:29.697+0000] {logging_mixin.py:188} INFO - [2026-05-09T05:09:29.697+0000] {dagbag.py:545} INFO - Filling up the DagBag from /home/airflow/.local/lib/python3.12/site-packages/airflow/example_dags/example_bash_decorator.py
[2026-05-09T05:09:29.712+0000] {processor.py:840} INFO - DAG(s) 'example_bash_decorator' retrieved from /home/airflow/.local/lib/python3.12/site-packages/airflow/example_dags/example_bash_decorator.py
[2026-05-09T05:09:29.728+0000] {logging_mixin.py:188} INFO - [2026-05-09T05:09:29.728+0000] {dag.py:3096} INFO - Sync 1 DAGs
[2026-05-09T05:09:29.738+0000] {logging_mixin.py:188} INFO - [2026-05-09T05:09:29.738+0000] {dag.py:3954} INFO - Setting next_dagrun for example_bash_decorator to None, run_after=None
[2026-05-09T05:09:29.758+0000] {processor.py:183} INFO - Processing /home/airflow/.local/lib/python3.12/site-packages/airflow/example_dags/example_bash_decorator.py took 0.068 seconds
[2026-05-09T05:10:00.452+0000] {processor.py:161} INFO - Started process (PID=1514) to work on /home/airflow/.local/lib/python3.12/site-packages/airflow/example_dags/example_bash_decorator.py
[2026-05-09T05:10:00.453+0000] {processor.py:830} INFO - Processing file /home/airflow/.local/lib/python3.12/site-packages/airflow/example_dags/example_bash_decorator.py for tasks to queue
[2026-05-09T05:10:00.455+0000] {logging_mixin.py:188} INFO - [2026-05-09T05:10:00.455+0000] {dagbag.py:545} INFO - Filling up the DagBag from /home/airflow/.local/lib/python3.12/site-packages/airflow/example_dags/example_bash_decorator.py
[2026-05-09T05:10:00.469+0000] {processor.py:840} INFO - DAG(s) 'example_bash_decorator' retrieved from /home/airflow/.local/lib/python3.12/site-packages/airflow/example_dags/example_bash_decorator.py
[2026-05-09T05:10:00.495+0000] {logging_mixin.py:188} INFO - [2026-05-09T05:10:00.495+0000] {dag.py:3096} INFO - Sync 1 DAGs
[2026-05-09T05:10:00.514+0000] {logging_mixin.py:188} INFO - [2026-05-09T05:10:00.514+0000] {dag.py:3954} INFO - Setting next_dagrun for example_bash_decorator to None, run_after=None
[2026-05-09T05:10:00.544+0000] {processor.py:183} INFO - Processing /home/airflow/.local/lib/python3.12/site-packages/airflow/example_dags/example_bash_decorator.py took 0.097 seconds
[2026-05-09T05:10:30.964+0000] {processor.py:161} INFO - Started process (PID=1574) to work on /home/airflow/.local/lib/python3.12/site-packages/airflow/example_dags/example_bash_decorator.py
[2026-05-09T05:10:30.966+0000] {processor.py:830} INFO - Processing file /home/airflow/.local/lib/python3.12/site-packages/airflow/example_dags/example_bash_decorator.py for tasks to queue
[2026-05-09T05:10:30.967+0000] {logging_mixin.py:188} INFO - [2026-05-09T05:10:30.967+0000] {dagbag.py:545} INFO - Filling up the DagBag from /home/airflow/.local/lib/python3.12/site-packages/airflow/example_dags/example_bash_decorator.py
[2026-05-09T05:10:30.977+0000] {processor.py:840} INFO - DAG(s) 'example_bash_decorator' retrieved from /home/airflow/.local/lib/python3.12/site-packages/airflow/example_dags/example_bash_decorator.py
[2026-05-09T05:10:30.992+0000] {logging_mixin.py:188} INFO - [2026-05-09T05:10:30.992+0000] {dag.py:3096} INFO - Sync 1 DAGs
[2026-05-09T05:10:31.001+0000] {logging_mixin.py:188} INFO - [2026-05-09T05:10:31.001+0000] {dag.py:3954} INFO - Setting next_dagrun for example_bash_decorator to None, run_after=None
[2026-05-09T05:10:31.017+0000] {processor.py:183} INFO - Processing /home/airflow/.local/lib/python3.12/site-packages/airflow/example_dags/example_bash_decorator.py took 0.056 seconds
[2026-05-09T05:11:01.527+0000] {processor.py:161} INFO - Started process (PID=1634) to work on /home/airflow/.local/lib/python3.12/site-packages/airflow/example_dags/example_bash_decorator.py
[2026-05-09T05:11:01.529+0000] {processor.py:830} INFO - Processing file /home/airflow/.local/lib/python3.12/site-packages/airflow/example_dags/example_bash_decorator.py for tasks to queue
[2026-05-09T05:11:01.530+0000] {logging_mixin.py:188} INFO - [2026-05-09T05:11:01.530+0000] {dagbag.py:545} INFO - Filling up the DagBag from /home/airflow/.local/lib/python3.12/site-packages/airflow/example_dags/example_bash_decorator.py
[2026-05-09T05:11:01.542+0000] {processor.py:840} INFO - DAG(s) 'example_bash_decorator' retrieved from /home/airflow/.local/lib/python3.12/site-packages/airflow/example_dags/example_bash_decorator.py
[2026-05-09T05:11:01.708+0000] {logging_mixin.py:188} INFO - [2026-05-09T05:11:01.707+0000] {dag.py:3096} INFO - Sync 1 DAGs
[2026-05-09T05:11:01.717+0000] {logging_mixin.py:188} INFO - [2026-05-09T05:11:01.716+0000] {dag.py:3954} INFO - Setting next_dagrun for example_bash_decorator to None, run_after=None
[2026-05-09T05:11:01.733+0000] {processor.py:183} INFO - Processing /home/airflow/.local/lib/python3.12/site-packages/airflow/example_dags/example_bash_decorator.py took 0.211 seconds
[2026-05-09T05:11:32.235+0000] {processor.py:161} INFO - Started process (PID=1694) to work on /home/airflow/.local/lib/python3.12/site-packages/airflow/example_dags/example_bash_decorator.py
[2026-05-09T05:11:32.236+0000] {processor.py:830} INFO - Processing file /home/airflow/.local/lib/python3.12/site-packages/airflow/example_dags/example_bash_decorator.py for tasks to queue
[2026-05-09T05:11:32.238+0000] {logging_mixin.py:188} INFO - [2026-05-09T05:11:32.238+0000] {dagbag.py:545} INFO - Filling up the DagBag from /home/airflow/.local/lib/python3.12/site-packages/airflow/example_dags/example_bash_decorator.py
[2026-05-09T05:11:32.254+0000] {processor.py:840} INFO - DAG(s) 'example_bash_decorator' retrieved from /home/airflow/.local/lib/python3.12/site-packages/airflow/example_dags/example_bash_decorator.py
[2026-05-09T05:11:32.274+0000] {logging_mixin.py:188} INFO - [2026-05-09T05:11:32.274+0000] {dag.py:3096} INFO - Sync 1 DAGs
[2026-05-09T05:11:32.445+0000] {logging_mixin.py:188} INFO - [2026-05-09T05:11:32.445+0000] {dag.py:3954} INFO - Setting next_dagrun for example_bash_decorator to None, run_after=None
[2026-05-09T05:11:32.466+0000] {processor.py:183} INFO - Processing /home/airflow/.local/lib/python3.12/site-packages/airflow/example_dags/example_bash_decorator.py took 0.237 seconds
[2026-05-09T05:12:02.530+0000] {processor.py:161} INFO - Started process (PID=1754) to work on /home/airflow/.local/lib/python3.12/site-packages/airflow/example_dags/example_bash_decorator.py
[2026-05-09T05:12:02.531+0000] {processor.py:830} INFO - Processing file /home/airflow/.local/lib/python3.12/site-packages/airflow/example_dags/example_bash_decorator.py for tasks to queue
[2026-05-09T05:12:02.533+0000] {logging_mixin.py:188} INFO - [2026-05-09T05:12:02.532+0000] {dagbag.py:545} INFO - Filling up the DagBag from /home/airflow/.local/lib/python3.12/site-packages/airflow/example_dags/example_bash_decorator.py
[2026-05-09T05:12:02.545+0000] {processor.py:840} INFO - DAG(s) 'example_bash_decorator' retrieved from /home/airflow/.local/lib/python3.12/site-packages/airflow/example_dags/example_bash_decorator.py
[2026-05-09T05:12:02.567+0000] {logging_mixin.py:188} INFO - [2026-05-09T05:12:02.567+0000] {dag.py:3096} INFO - Sync 1 DAGs
[2026-05-09T05:12:02.580+0000] {logging_mixin.py:188} INFO - [2026-05-09T05:12:02.579+0000] {dag.py:3954} INFO - Setting next_dagrun for example_bash_decorator to None, run_after=None
[2026-05-09T05:12:02.608+0000] {processor.py:183} INFO - Processing /home/airflow/.local/lib/python3.12/site-packages/airflow/example_dags/example_bash_decorator.py took 0.083 seconds
[2026-05-09T05:12:32.753+0000] {processor.py:161} INFO - Started process (PID=1814) to work on /home/airflow/.local/lib/python3.12/site-packages/airflow/example_dags/example_bash_decorator.py
[2026-05-09T05:12:32.755+0000] {processor.py:830} INFO - Processing file /home/airflow/.local/lib/python3.12/site-packages/airflow/example_dags/example_bash_decorator.py for tasks to queue
[2026-05-09T05:12:32.757+0000] {logging_mixin.py:188} INFO - [2026-05-09T05:12:32.757+0000] {dagbag.py:545} INFO - Filling up the DagBag from /home/airflow/.local/lib/python3.12/site-packages/airflow/example_dags/example_bash_decorator.py
[2026-05-09T05:12:32.772+0000] {processor.py:840} INFO - DAG(s) 'example_bash_decorator' retrieved from /home/airflow/.local/lib/python3.12/site-packages/airflow/example_dags/example_bash_decorator.py
[2026-05-09T05:12:32.802+0000] {logging_mixin.py:188} INFO - [2026-05-09T05:12:32.801+0000] {dag.py:3096} INFO - Sync 1 DAGs
[2026-05-09T05:12:32.813+0000] {logging_mixin.py:188} INFO - [2026-05-09T05:12:32.813+0000] {dag.py:3954} INFO - Setting next_dagrun for example_bash_decorator to None, run_after=None
[2026-05-09T05:12:32.829+0000] {processor.py:183} INFO - Processing /home/airflow/.local/lib/python3.12/site-packages/airflow/example_dags/example_bash_decorator.py took 0.083 seconds
[2026-05-09T05:13:03.315+0000] {processor.py:161} INFO - Started process (PID=1874) to work on /home/airflow/.local/lib/python3.12/site-packages/airflow/example_dags/example_bash_decorator.py
[2026-05-09T05:13:03.316+0000] {processor.py:830} INFO - Processing file /home/airflow/.local/lib/python3.12/site-packages/airflow/example_dags/example_bash_decorator.py for tasks to queue
[2026-05-09T05:13:03.318+0000] {logging_mixin.py:188} INFO - [2026-05-09T05:13:03.318+0000] {dagbag.py:545} INFO - Filling up the DagBag from /home/airflow/.local/lib/python3.12/site-packages/airflow/example_dags/example_bash_decorator.py
[2026-05-09T05:13:03.329+0000] {processor.py:840} INFO - DAG(s) 'example_bash_decorator' retrieved from /home/airflow/.local/lib/python3.12/site-packages/airflow/example_dags/example_bash_decorator.py
[2026-05-09T05:13:03.347+0000] {logging_mixin.py:188} INFO - [2026-05-09T05:13:03.347+0000] {dag.py:3096} INFO - Sync 1 DAGs
[2026-05-09T05:13:03.356+0000] {logging_mixin.py:188} INFO - [2026-05-09T05:13:03.356+0000] {dag.py:3954} INFO - Setting next_dagrun for example_bash_decorator to None, run_after=None
[2026-05-09T05:13:03.377+0000] {processor.py:183} INFO - Processing /home/airflow/.local/lib/python3.12/site-packages/airflow/example_dags/example_bash_decorator.py took 0.067 seconds
[2026-05-09T05:13:33.523+0000] {processor.py:161} INFO - Started process (PID=1934) to work on /home/airflow/.local/lib/python3.12/site-packages/airflow/example_dags/example_bash_decorator.py
[2026-05-09T05:13:33.524+0000] {processor.py:830} INFO - Processing file /home/airflow/.local/lib/python3.12/site-packages/airflow/example_dags/example_bash_decorator.py for tasks to queue
[2026-05-09T05:13:33.526+0000] {logging_mixin.py:188} INFO - [2026-05-09T05:13:33.526+0000] {dagbag.py:545} INFO - Filling up the DagBag from /home/airflow/.local/lib/python3.12/site-packages/airflow/example_dags/example_bash_decorator.py
[2026-05-09T05:13:33.538+0000] {processor.py:840} INFO - DAG(s) 'example_bash_decorator' retrieved from /home/airflow/.local/lib/python3.12/site-packages/airflow/example_dags/example_bash_decorator.py
[2026-05-09T05:13:33.556+0000] {logging_mixin.py:188} INFO - [2026-05-09T05:13:33.556+0000] {dag.py:3096} INFO - Sync 1 DAGs
[2026-05-09T05:13:33.566+0000] {logging_mixin.py:188} INFO - [2026-05-09T05:13:33.566+0000] {dag.py:3954} INFO - Setting next_dagrun for example_bash_decorator to None, run_after=None
[2026-05-09T05:13:33.579+0000] {processor.py:183} INFO - Processing /home/airflow/.local/lib/python3.12/site-packages/airflow/example_dags/example_bash_decorator.py took 0.062 seconds
[2026-05-09T05:14:04.362+0000] {processor.py:161} INFO - Started process (PID=1994) to work on /home/airflow/.local/lib/python3.12/site-packages/airflow/example_dags/example_bash_decorator.py
[2026-05-09T05:14:04.363+0000] {processor.py:830} INFO - Processing file /home/airflow/.local/lib/python3.12/site-packages/airflow/example_dags/example_bash_decorator.py for tasks to queue
[2026-05-09T05:14:04.365+0000] {logging_mixin.py:188} INFO - [2026-05-09T05:14:04.365+0000] {dagbag.py:545} INFO - Filling up the DagBag from /home/airflow/.local/lib/python3.12/site-packages/airflow/example_dags/example_bash_decorator.py
[2026-05-09T05:14:04.375+0000] {processor.py:840} INFO - DAG(s) 'example_bash_decorator' retrieved from /home/airflow/.local/lib/python3.12/site-packages/airflow/example_dags/example_bash_decorator.py
[2026-05-09T05:14:04.391+0000] {logging_mixin.py:188} INFO - [2026-05-09T05:14:04.391+0000] {dag.py:3096} INFO - Sync 1 DAGs
[2026-05-09T05:14:04.409+0000] {logging_mixin.py:188} INFO - [2026-05-09T05:14:04.409+0000] {dag.py:3954} INFO - Setting next_dagrun for example_bash_decorator to None, run_after=None
[2026-05-09T05:14:04.426+0000] {processor.py:183} INFO - Processing /home/airflow/.local/lib/python3.12/site-packages/airflow/example_dags/example_bash_decorator.py took 0.068 seconds
[2026-05-09T05:14:35.231+0000] {processor.py:161} INFO - Started process (PID=2054) to work on /home/airflow/.local/lib/python3.12/site-packages/airflow/example_dags/example_bash_decorator.py
[2026-05-09T05:14:35.232+0000] {processor.py:830} INFO - Processing file /home/airflow/.local/lib/python3.12/site-packages/airflow/example_dags/example_bash_decorator.py for tasks to queue
[2026-05-09T05:14:35.234+0000] {logging_mixin.py:188} INFO - [2026-05-09T05:14:35.234+0000] {dagbag.py:545} INFO - Filling up the DagBag from /home/airflow/.local/lib/python3.12/site-packages/airflow/example_dags/example_bash_decorator.py
[2026-05-09T05:14:35.245+0000] {processor.py:840} INFO - DAG(s) 'example_bash_decorator' retrieved from /home/airflow/.local/lib/python3.12/site-packages/airflow/example_dags/example_bash_decorator.py
[2026-05-09T05:14:35.264+0000] {logging_mixin.py:188} INFO - [2026-05-09T05:14:35.263+0000] {dag.py:3096} INFO - Sync 1 DAGs
[2026-05-09T05:14:35.274+0000] {logging_mixin.py:188} INFO - [2026-05-09T05:14:35.274+0000] {dag.py:3954} INFO - Setting next_dagrun for example_bash_decorator to None, run_after=None
[2026-05-09T05:14:35.291+0000] {processor.py:183} INFO - Processing /home/airflow/.local/lib/python3.12/site-packages/airflow/example_dags/example_bash_decorator.py took 0.064 seconds
[2026-05-09T05:15:06.070+0000] {processor.py:161} INFO - Started process (PID=2114) to work on /home/airflow/.local/lib/python3.12/site-packages/airflow/example_dags/example_bash_decorator.py
[2026-05-09T05:15:06.071+0000] {processor.py:830} INFO - Processing file /home/airflow/.local/lib/python3.12/site-packages/airflow/example_dags/example_bash_decorator.py for tasks to queue
[2026-05-09T05:15:06.073+0000] {logging_mixin.py:188} INFO - [2026-05-09T05:15:06.073+0000] {dagbag.py:545} INFO - Filling up the DagBag from /home/airflow/.local/lib/python3.12/site-packages/airflow/example_dags/example_bash_decorator.py
[2026-05-09T05:15:06.085+0000] {processor.py:840} INFO - DAG(s) 'example_bash_decorator' retrieved from /home/airflow/.local/lib/python3.12/site-packages/airflow/example_dags/example_bash_decorator.py
[2026-05-09T05:15:06.107+0000] {logging_mixin.py:188} INFO - [2026-05-09T05:15:06.107+0000] {dag.py:3096} INFO - Sync 1 DAGs
[2026-05-09T05:15:06.119+0000] {logging_mixin.py:188} INFO - [2026-05-09T05:15:06.118+0000] {dag.py:3954} INFO - Setting next_dagrun for example_bash_decorator to None, run_after=None
[2026-05-09T05:15:06.137+0000] {processor.py:183} INFO - Processing /home/airflow/.local/lib/python3.12/site-packages/airflow/example_dags/example_bash_decorator.py took 0.071 seconds
[2026-05-09T05:15:36.926+0000] {processor.py:161} INFO - Started process (PID=2174) to work on /home/airflow/.local/lib/python3.12/site-packages/airflow/example_dags/example_bash_decorator.py
[2026-05-09T05:15:36.928+0000] {processor.py:830} INFO - Processing file /home/airflow/.local/lib/python3.12/site-packages/airflow/example_dags/example_bash_decorator.py for tasks to queue
[2026-05-09T05:15:36.930+0000] {logging_mixin.py:188} INFO - [2026-05-09T05:15:36.930+0000] {dagbag.py:545} INFO - Filling up the DagBag from /home/airflow/.local/lib/python3.12/site-packages/airflow/example_dags/example_bash_decorator.py
[2026-05-09T05:15:36.942+0000] {processor.py:840} INFO - DAG(s) 'example_bash_decorator' retrieved from /home/airflow/.local/lib/python3.12/site-packages/airflow/example_dags/example_bash_decorator.py
[2026-05-09T05:15:36.964+0000] {logging_mixin.py:188} INFO - [2026-05-09T05:15:36.963+0000] {dag.py:3096} INFO - Sync 1 DAGs
[2026-05-09T05:15:36.980+0000] {logging_mixin.py:188} INFO - [2026-05-09T05:15:36.979+0000] {dag.py:3954} INFO - Setting next_dagrun for example_bash_decorator to None, run_after=None
[2026-05-09T05:15:37.000+0000] {processor.py:183} INFO - Processing /home/airflow/.local/lib/python3.12/site-packages/airflow/example_dags/example_bash_decorator.py took 0.079 seconds
[2026-05-09T05:16:07.483+0000] {processor.py:161} INFO - Started process (PID=2234) to work on /home/airflow/.local/lib/python3.12/site-packages/airflow/example_dags/example_bash_decorator.py
[2026-05-09T05:16:07.487+0000] {processor.py:830} INFO - Processing file /home/airflow/.local/lib/python3.12/site-packages/airflow/example_dags/example_bash_decorator.py for tasks to queue
[2026-05-09T05:16:07.491+0000] {logging_mixin.py:188} INFO - [2026-05-09T05:16:07.490+0000] {dagbag.py:545} INFO - Filling up the DagBag from /home/airflow/.local/lib/python3.12/site-packages/airflow/example_dags/example_bash_decorator.py
[2026-05-09T05:16:07.501+0000] {processor.py:840} INFO - DAG(s) 'example_bash_decorator' retrieved from /home/airflow/.local/lib/python3.12/site-packages/airflow/example_dags/example_bash_decorator.py
[2026-05-09T05:16:07.521+0000] {logging_mixin.py:188} INFO - [2026-05-09T05:16:07.521+0000] {dag.py:3096} INFO - Sync 1 DAGs
[2026-05-09T05:16:07.530+0000] {logging_mixin.py:188} INFO - [2026-05-09T05:16:07.530+0000] {dag.py:3954} INFO - Setting next_dagrun for example_bash_decorator to None, run_after=None
[2026-05-09T05:16:07.557+0000] {processor.py:183} INFO - Processing /home/airflow/.local/lib/python3.12/site-packages/airflow/example_dags/example_bash_decorator.py took 0.078 seconds
[2026-05-09T05:16:37.906+0000] {processor.py:161} INFO - Started process (PID=2294) to work on /home/airflow/.local/lib/python3.12/site-packages/airflow/example_dags/example_bash_decorator.py
[2026-05-09T05:16:37.907+0000] {processor.py:830} INFO - Processing file /home/airflow/.local/lib/python3.12/site-packages/airflow/example_dags/example_bash_decorator.py for tasks to queue
[2026-05-09T05:16:37.909+0000] {logging_mixin.py:188} INFO - [2026-05-09T05:16:37.909+0000] {dagbag.py:545} INFO - Filling up the DagBag from /home/airflow/.local/lib/python3.12/site-packages/airflow/example_dags/example_bash_decorator.py
[2026-05-09T05:16:37.921+0000] {processor.py:840} INFO - DAG(s) 'example_bash_decorator' retrieved from /home/airflow/.local/lib/python3.12/site-packages/airflow/example_dags/example_bash_decorator.py
[2026-05-09T05:16:37.940+0000] {logging_mixin.py:188} INFO - [2026-05-09T05:16:37.940+0000] {dag.py:3096} INFO - Sync 1 DAGs
[2026-05-09T05:16:37.951+0000] {logging_mixin.py:188} INFO - [2026-05-09T05:16:37.951+0000] {dag.py:3954} INFO - Setting next_dagrun for example_bash_decorator to None, run_after=None
[2026-05-09T05:16:37.967+0000] {processor.py:183} INFO - Processing /home/airflow/.local/lib/python3.12/site-packages/airflow/example_dags/example_bash_decorator.py took 0.065 seconds
[2026-05-09T05:17:08.100+0000] {processor.py:161} INFO - Started process (PID=2354) to work on /home/airflow/.local/lib/python3.12/site-packages/airflow/example_dags/example_bash_decorator.py
[2026-05-09T05:17:08.101+0000] {processor.py:830} INFO - Processing file /home/airflow/.local/lib/python3.12/site-packages/airflow/example_dags/example_bash_decorator.py for tasks to queue
[2026-05-09T05:17:08.103+0000] {logging_mixin.py:188} INFO - [2026-05-09T05:17:08.102+0000] {dagbag.py:545} INFO - Filling up the DagBag from /home/airflow/.local/lib/python3.12/site-packages/airflow/example_dags/example_bash_decorator.py
[2026-05-09T05:17:08.113+0000] {processor.py:840} INFO - DAG(s) 'example_bash_decorator' retrieved from /home/airflow/.local/lib/python3.12/site-packages/airflow/example_dags/example_bash_decorator.py
[2026-05-09T05:17:08.134+0000] {logging_mixin.py:188} INFO - [2026-05-09T05:17:08.133+0000] {dag.py:3096} INFO - Sync 1 DAGs
[2026-05-09T05:17:08.147+0000] {logging_mixin.py:188} INFO - [2026-05-09T05:17:08.147+0000] {dag.py:3954} INFO - Setting next_dagrun for example_bash_decorator to None, run_after=None
[2026-05-09T05:17:08.182+0000] {processor.py:183} INFO - Processing /home/airflow/.local/lib/python3.12/site-packages/airflow/example_dags/example_bash_decorator.py took 0.087 seconds
[2026-05-09T05:17:38.388+0000] {processor.py:161} INFO - Started process (PID=2414) to work on /home/airflow/.local/lib/python3.12/site-packages/airflow/example_dags/example_bash_decorator.py
[2026-05-09T05:17:38.389+0000] {processor.py:830} INFO - Processing file /home/airflow/.local/lib/python3.12/site-packages/airflow/example_dags/example_bash_decorator.py for tasks to queue
[2026-05-09T05:17:38.391+0000] {logging_mixin.py:188} INFO - [2026-05-09T05:17:38.390+0000] {dagbag.py:545} INFO - Filling up the DagBag from /home/airflow/.local/lib/python3.12/site-packages/airflow/example_dags/example_bash_decorator.py
[2026-05-09T05:17:38.401+0000] {processor.py:840} INFO - DAG(s) 'example_bash_decorator' retrieved from /home/airflow/.local/lib/python3.12/site-packages/airflow/example_dags/example_bash_decorator.py
[2026-05-09T05:17:38.421+0000] {logging_mixin.py:188} INFO - [2026-05-09T05:17:38.420+0000] {dag.py:3096} INFO - Sync 1 DAGs
[2026-05-09T05:17:38.435+0000] {logging_mixin.py:188} INFO - [2026-05-09T05:17:38.435+0000] {dag.py:3954} INFO - Setting next_dagrun for example_bash_decorator to None, run_after=None
[2026-05-09T05:17:38.456+0000] {processor.py:183} INFO - Processing /home/airflow/.local/lib/python3.12/site-packages/airflow/example_dags/example_bash_decorator.py took 0.074 seconds
[2026-05-09T05:18:08.859+0000] {processor.py:161} INFO - Started process (PID=2474) to work on /home/airflow/.local/lib/python3.12/site-packages/airflow/example_dags/example_bash_decorator.py
[2026-05-09T05:18:08.860+0000] {processor.py:830} INFO - Processing file /home/airflow/.local/lib/python3.12/site-packages/airflow/example_dags/example_bash_decorator.py for tasks to queue
[2026-05-09T05:18:08.862+0000] {logging_mixin.py:188} INFO - [2026-05-09T05:18:08.862+0000] {dagbag.py:545} INFO - Filling up the DagBag from /home/airflow/.local/lib/python3.12/site-packages/airflow/example_dags/example_bash_decorator.py
[2026-05-09T05:18:08.875+0000] {processor.py:840} INFO - DAG(s) 'example_bash_decorator' retrieved from /home/airflow/.local/lib/python3.12/site-packages/airflow/example_dags/example_bash_decorator.py
[2026-05-09T05:18:08.894+0000] {logging_mixin.py:188} INFO - [2026-05-09T05:18:08.894+0000] {dag.py:3096} INFO - Sync 1 DAGs
[2026-05-09T05:18:08.904+0000] {logging_mixin.py:188} INFO - [2026-05-09T05:18:08.904+0000] {dag.py:3954} INFO - Setting next_dagrun for example_bash_decorator to None, run_after=None
[2026-05-09T05:18:08.921+0000] {processor.py:183} INFO - Processing /home/airflow/.local/lib/python3.12/site-packages/airflow/example_dags/example_bash_decorator.py took 0.066 seconds
[2026-05-09T05:18:39.709+0000] {processor.py:161} INFO - Started process (PID=2534) to work on /home/airflow/.local/lib/python3.12/site-packages/airflow/example_dags/example_bash_decorator.py
[2026-05-09T05:18:39.710+0000] {processor.py:830} INFO - Processing file /home/airflow/.local/lib/python3.12/site-packages/airflow/example_dags/example_bash_decorator.py for tasks to queue
[2026-05-09T05:18:39.712+0000] {logging_mixin.py:188} INFO - [2026-05-09T05:18:39.711+0000] {dagbag.py:545} INFO - Filling up the DagBag from /home/airflow/.local/lib/python3.12/site-packages/airflow/example_dags/example_bash_decorator.py
[2026-05-09T05:18:39.722+0000] {processor.py:840} INFO - DAG(s) 'example_bash_decorator' retrieved from /home/airflow/.local/lib/python3.12/site-packages/airflow/example_dags/example_bash_decorator.py
[2026-05-09T05:18:39.739+0000] {logging_mixin.py:188} INFO - [2026-05-09T05:18:39.739+0000] {dag.py:3096} INFO - Sync 1 DAGs
[2026-05-09T05:18:39.752+0000] {logging_mixin.py:188} INFO - [2026-05-09T05:18:39.752+0000] {dag.py:3954} INFO - Setting next_dagrun for example_bash_decorator to None, run_after=None
[2026-05-09T05:18:39.771+0000] {processor.py:183} INFO - Processing /home/airflow/.local/lib/python3.12/site-packages/airflow/example_dags/example_bash_decorator.py took 0.067 seconds
[2026-05-09T05:19:10.479+0000] {processor.py:161} INFO - Started process (PID=2594) to work on /home/airflow/.local/lib/python3.12/site-packages/airflow/example_dags/example_bash_decorator.py
[2026-05-09T05:19:10.480+0000] {processor.py:830} INFO - Processing file /home/airflow/.local/lib/python3.12/site-packages/airflow/example_dags/example_bash_decorator.py for tasks to queue
[2026-05-09T05:19:10.481+0000] {logging_mixin.py:188} INFO - [2026-05-09T05:19:10.481+0000] {dagbag.py:545} INFO - Filling up the DagBag from /home/airflow/.local/lib/python3.12/site-packages/airflow/example_dags/example_bash_decorator.py
[2026-05-09T05:19:10.492+0000] {processor.py:840} INFO - DAG(s) 'example_bash_decorator' retrieved from /home/airflow/.local/lib/python3.12/site-packages/airflow/example_dags/example_bash_decorator.py
[2026-05-09T05:19:10.510+0000] {logging_mixin.py:188} INFO - [2026-05-09T05:19:10.509+0000] {dag.py:3096} INFO - Sync 1 DAGs
[2026-05-09T05:19:10.519+0000] {logging_mixin.py:188} INFO - [2026-05-09T05:19:10.519+0000] {dag.py:3954} INFO - Setting next_dagrun for example_bash_decorator to None, run_after=None
[2026-05-09T05:19:10.537+0000] {processor.py:183} INFO - Processing /home/airflow/.local/lib/python3.12/site-packages/airflow/example_dags/example_bash_decorator.py took 0.062 seconds
[2026-05-09T05:19:40.760+0000] {processor.py:161} INFO - Started process (PID=2654) to work on /home/airflow/.local/lib/python3.12/site-packages/airflow/example_dags/example_bash_decorator.py
[2026-05-09T05:19:40.761+0000] {processor.py:830} INFO - Processing file /home/airflow/.local/lib/python3.12/site-packages/airflow/example_dags/example_bash_decorator.py for tasks to queue
[2026-05-09T05:19:40.766+0000] {logging_mixin.py:188} INFO - [2026-05-09T05:19:40.766+0000] {dagbag.py:545} INFO - Filling up the DagBag from /home/airflow/.local/lib/python3.12/site-packages/airflow/example_dags/example_bash_decorator.py
[2026-05-09T05:19:40.780+0000] {processor.py:840} INFO - DAG(s) 'example_bash_decorator' retrieved from /home/airflow/.local/lib/python3.12/site-packages/airflow/example_dags/example_bash_decorator.py
[2026-05-09T05:19:40.805+0000] {logging_mixin.py:188} INFO - [2026-05-09T05:19:40.804+0000] {dag.py:3096} INFO - Sync 1 DAGs
[2026-05-09T05:19:40.817+0000] {logging_mixin.py:188} INFO - [2026-05-09T05:19:40.817+0000] {dag.py:3954} INFO - Setting next_dagrun for example_bash_decorator to None, run_after=None
[2026-05-09T05:19:40.838+0000] {processor.py:183} INFO - Processing /home/airflow/.local/lib/python3.12/site-packages/airflow/example_dags/example_bash_decorator.py took 0.084 seconds
[2026-05-09T05:20:10.992+0000] {processor.py:161} INFO - Started process (PID=2714) to work on /home/airflow/.local/lib/python3.12/site-packages/airflow/example_dags/example_bash_decorator.py
[2026-05-09T05:20:10.993+0000] {processor.py:830} INFO - Processing file /home/airflow/.local/lib/python3.12/site-packages/airflow/example_dags/example_bash_decorator.py for tasks to queue
[2026-05-09T05:20:10.995+0000] {logging_mixin.py:188} INFO - [2026-05-09T05:20:10.995+0000] {dagbag.py:545} INFO - Filling up the DagBag from /home/airflow/.local/lib/python3.12/site-packages/airflow/example_dags/example_bash_decorator.py
[2026-05-09T05:20:11.006+0000] {processor.py:840} INFO - DAG(s) 'example_bash_decorator' retrieved from /home/airflow/.local/lib/python3.12/site-packages/airflow/example_dags/example_bash_decorator.py
[2026-05-09T05:20:11.026+0000] {logging_mixin.py:188} INFO - [2026-05-09T05:20:11.025+0000] {dag.py:3096} INFO - Sync 1 DAGs
[2026-05-09T05:20:11.036+0000] {logging_mixin.py:188} INFO - [2026-05-09T05:20:11.035+0000] {dag.py:3954} INFO - Setting next_dagrun for example_bash_decorator to None, run_after=None
[2026-05-09T05:20:11.054+0000] {processor.py:183} INFO - Processing /home/airflow/.local/lib/python3.12/site-packages/airflow/example_dags/example_bash_decorator.py took 0.066 seconds
[2026-05-09T05:20:42.309+0000] {processor.py:161} INFO - Started process (PID=2774) to work on /home/airflow/.local/lib/python3.12/site-packages/airflow/example_dags/example_bash_decorator.py
[2026-05-09T05:20:42.311+0000] {processor.py:830} INFO - Processing file /home/airflow/.local/lib/python3.12/site-packages/airflow/example_dags/example_bash_decorator.py for tasks to queue
[2026-05-09T05:20:42.314+0000] {logging_mixin.py:188} INFO - [2026-05-09T05:20:42.313+0000] {dagbag.py:545} INFO - Filling up the DagBag from /home/airflow/.local/lib/python3.12/site-packages/airflow/example_dags/example_bash_decorator.py
[2026-05-09T05:20:42.333+0000] {processor.py:840} INFO - DAG(s) 'example_bash_decorator' retrieved from /home/airflow/.local/lib/python3.12/site-packages/airflow/example_dags/example_bash_decorator.py
[2026-05-09T05:20:42.367+0000] {logging_mixin.py:188} INFO - [2026-05-09T05:20:42.366+0000] {dag.py:3096} INFO - Sync 1 DAGs
[2026-05-09T05:20:42.383+0000] {logging_mixin.py:188} INFO - [2026-05-09T05:20:42.383+0000] {dag.py:3954} INFO - Setting next_dagrun for example_bash_decorator to None, run_after=None
[2026-05-09T05:20:42.405+0000] {processor.py:183} INFO - Processing /home/airflow/.local/lib/python3.12/site-packages/airflow/example_dags/example_bash_decorator.py took 0.104 seconds
[2026-05-09T05:21:12.796+0000] {processor.py:161} INFO - Started process (PID=2835) to work on /home/airflow/.local/lib/python3.12/site-packages/airflow/example_dags/example_bash_decorator.py
[2026-05-09T05:21:12.798+0000] {processor.py:830} INFO - Processing file /home/airflow/.local/lib/python3.12/site-packages/airflow/example_dags/example_bash_decorator.py for tasks to queue
[2026-05-09T05:21:12.801+0000] {logging_mixin.py:188} INFO - [2026-05-09T05:21:12.801+0000] {dagbag.py:545} INFO - Filling up the DagBag from /home/airflow/.local/lib/python3.12/site-packages/airflow/example_dags/example_bash_decorator.py
[2026-05-09T05:21:12.818+0000] {processor.py:840} INFO - DAG(s) 'example_bash_decorator' retrieved from /home/airflow/.local/lib/python3.12/site-packages/airflow/example_dags/example_bash_decorator.py
[2026-05-09T05:21:12.851+0000] {logging_mixin.py:188} INFO - [2026-05-09T05:21:12.851+0000] {dag.py:3096} INFO - Sync 1 DAGs
[2026-05-09T05:21:12.862+0000] {logging_mixin.py:188} INFO - [2026-05-09T05:21:12.861+0000] {dag.py:3954} INFO - Setting next_dagrun for example_bash_decorator to None, run_after=None
[2026-05-09T05:21:12.883+0000] {processor.py:183} INFO - Processing /home/airflow/.local/lib/python3.12/site-packages/airflow/example_dags/example_bash_decorator.py took 0.094 seconds
[2026-05-09T05:21:43.385+0000] {processor.py:161} INFO - Started process (PID=2895) to work on /home/airflow/.local/lib/python3.12/site-packages/airflow/example_dags/example_bash_decorator.py
[2026-05-09T05:21:43.387+0000] {processor.py:830} INFO - Processing file /home/airflow/.local/lib/python3.12/site-packages/airflow/example_dags/example_bash_decorator.py for tasks to queue
[2026-05-09T05:21:43.389+0000] {logging_mixin.py:188} INFO - [2026-05-09T05:21:43.388+0000] {dagbag.py:545} INFO - Filling up the DagBag from /home/airflow/.local/lib/python3.12/site-packages/airflow/example_dags/example_bash_decorator.py
[2026-05-09T05:21:43.399+0000] {processor.py:840} INFO - DAG(s) 'example_bash_decorator' retrieved from /home/airflow/.local/lib/python3.12/site-packages/airflow/example_dags/example_bash_decorator.py
[2026-05-09T05:21:43.418+0000] {logging_mixin.py:188} INFO - [2026-05-09T05:21:43.417+0000] {dag.py:3096} INFO - Sync 1 DAGs
[2026-05-09T05:21:43.429+0000] {logging_mixin.py:188} INFO - [2026-05-09T05:21:43.429+0000] {dag.py:3954} INFO - Setting next_dagrun for example_bash_decorator to None, run_after=None
[2026-05-09T05:21:43.446+0000] {processor.py:183} INFO - Processing /home/airflow/.local/lib/python3.12/site-packages/airflow/example_dags/example_bash_decorator.py took 0.066 seconds
[2026-05-09T05:22:14.019+0000] {processor.py:161} INFO - Started process (PID=2955) to work on /home/airflow/.local/lib/python3.12/site-packages/airflow/example_dags/example_bash_decorator.py
[2026-05-09T05:22:14.021+0000] {processor.py:830} INFO - Processing file /home/airflow/.local/lib/python3.12/site-packages/airflow/example_dags/example_bash_decorator.py for tasks to queue
[2026-05-09T05:22:14.023+0000] {logging_mixin.py:188} INFO - [2026-05-09T05:22:14.022+0000] {dagbag.py:545} INFO - Filling up the DagBag from /home/airflow/.local/lib/python3.12/site-packages/airflow/example_dags/example_bash_decorator.py
[2026-05-09T05:22:14.033+0000] {processor.py:840} INFO - DAG(s) 'example_bash_decorator' retrieved from /home/airflow/.local/lib/python3.12/site-packages/airflow/example_dags/example_bash_decorator.py
[2026-05-09T05:22:14.049+0000] {logging_mixin.py:188} INFO - [2026-05-09T05:22:14.049+0000] {dag.py:3096} INFO - Sync 1 DAGs
[2026-05-09T05:22:14.059+0000] {logging_mixin.py:188} INFO - [2026-05-09T05:22:14.059+0000] {dag.py:3954} INFO - Setting next_dagrun for example_bash_decorator to None, run_after=None
[2026-05-09T05:22:14.075+0000] {processor.py:183} INFO - Processing /home/airflow/.local/lib/python3.12/site-packages/airflow/example_dags/example_bash_decorator.py took 0.061 seconds
[2026-05-09T05:22:44.337+0000] {processor.py:161} INFO - Started process (PID=3015) to work on /home/airflow/.local/lib/python3.12/site-packages/airflow/example_dags/example_bash_decorator.py
[2026-05-09T05:22:44.340+0000] {processor.py:830} INFO - Processing file /home/airflow/.local/lib/python3.12/site-packages/airflow/example_dags/example_bash_decorator.py for tasks to queue
[2026-05-09T05:22:44.342+0000] {logging_mixin.py:188} INFO - [2026-05-09T05:22:44.342+0000] {dagbag.py:545} INFO - Filling up the DagBag from /home/airflow/.local/lib/python3.12/site-packages/airflow/example_dags/example_bash_decorator.py
[2026-05-09T05:22:44.356+0000] {processor.py:840} INFO - DAG(s) 'example_bash_decorator' retrieved from /home/airflow/.local/lib/python3.12/site-packages/airflow/example_dags/example_bash_decorator.py
[2026-05-09T05:22:44.375+0000] {logging_mixin.py:188} INFO - [2026-05-09T05:22:44.375+0000] {dag.py:3096} INFO - Sync 1 DAGs
[2026-05-09T05:22:44.386+0000] {logging_mixin.py:188} INFO - [2026-05-09T05:22:44.386+0000] {dag.py:3954} INFO - Setting next_dagrun for example_bash_decorator to None, run_after=None
[2026-05-09T05:22:44.405+0000] {processor.py:183} INFO - Processing /home/airflow/.local/lib/python3.12/site-packages/airflow/example_dags/example_bash_decorator.py took 0.073 seconds
[2026-05-09T05:23:15.360+0000] {processor.py:161} INFO - Started process (PID=3075) to work on /home/airflow/.local/lib/python3.12/site-packages/airflow/example_dags/example_bash_decorator.py
[2026-05-09T05:23:15.361+0000] {processor.py:830} INFO - Processing file /home/airflow/.local/lib/python3.12/site-packages/airflow/example_dags/example_bash_decorator.py for tasks to queue
[2026-05-09T05:23:15.363+0000] {logging_mixin.py:188} INFO - [2026-05-09T05:23:15.363+0000] {dagbag.py:545} INFO - Filling up the DagBag from /home/airflow/.local/lib/python3.12/site-packages/airflow/example_dags/example_bash_decorator.py
[2026-05-09T05:23:15.379+0000] {processor.py:840} INFO - DAG(s) 'example_bash_decorator' retrieved from /home/airflow/.local/lib/python3.12/site-packages/airflow/example_dags/example_bash_decorator.py
[2026-05-09T05:23:15.405+0000] {logging_mixin.py:188} INFO - [2026-05-09T05:23:15.404+0000] {dag.py:3096} INFO - Sync 1 DAGs
[2026-05-09T05:23:15.418+0000] {logging_mixin.py:188} INFO - [2026-05-09T05:23:15.418+0000] {dag.py:3954} INFO - Setting next_dagrun for example_bash_decorator to None, run_after=None
[2026-05-09T05:23:15.437+0000] {processor.py:183} INFO - Processing /home/airflow/.local/lib/python3.12/site-packages/airflow/example_dags/example_bash_decorator.py took 0.086 seconds
[2026-05-09T05:23:46.122+0000] {processor.py:161} INFO - Started process (PID=3135) to work on /home/airflow/.local/lib/python3.12/site-packages/airflow/example_dags/example_bash_decorator.py
[2026-05-09T05:23:46.123+0000] {processor.py:830} INFO - Processing file /home/airflow/.local/lib/python3.12/site-packages/airflow/example_dags/example_bash_decorator.py for tasks to queue
[2026-05-09T05:23:46.125+0000] {logging_mixin.py:188} INFO - [2026-05-09T05:23:46.124+0000] {dagbag.py:545} INFO - Filling up the DagBag from /home/airflow/.local/lib/python3.12/site-packages/airflow/example_dags/example_bash_decorator.py
[2026-05-09T05:23:46.137+0000] {processor.py:840} INFO - DAG(s) 'example_bash_decorator' retrieved from /home/airflow/.local/lib/python3.12/site-packages/airflow/example_dags/example_bash_decorator.py
[2026-05-09T05:23:46.156+0000] {logging_mixin.py:188} INFO - [2026-05-09T05:23:46.156+0000] {dag.py:3096} INFO - Sync 1 DAGs
[2026-05-09T05:23:46.168+0000] {logging_mixin.py:188} INFO - [2026-05-09T05:23:46.167+0000] {dag.py:3954} INFO - Setting next_dagrun for example_bash_decorator to None, run_after=None
[2026-05-09T05:23:46.183+0000] {processor.py:183} INFO - Processing /home/airflow/.local/lib/python3.12/site-packages/airflow/example_dags/example_bash_decorator.py took 0.068 seconds
[2026-05-09T05:24:17.053+0000] {processor.py:161} INFO - Started process (PID=3195) to work on /home/airflow/.local/lib/python3.12/site-packages/airflow/example_dags/example_bash_decorator.py
[2026-05-09T05:24:17.055+0000] {processor.py:830} INFO - Processing file /home/airflow/.local/lib/python3.12/site-packages/airflow/example_dags/example_bash_decorator.py for tasks to queue
[2026-05-09T05:24:17.056+0000] {logging_mixin.py:188} INFO - [2026-05-09T05:24:17.056+0000] {dagbag.py:545} INFO - Filling up the DagBag from /home/airflow/.local/lib/python3.12/site-packages/airflow/example_dags/example_bash_decorator.py
[2026-05-09T05:24:17.067+0000] {processor.py:840} INFO - DAG(s) 'example_bash_decorator' retrieved from /home/airflow/.local/lib/python3.12/site-packages/airflow/example_dags/example_bash_decorator.py
[2026-05-09T05:24:17.087+0000] {logging_mixin.py:188} INFO - [2026-05-09T05:24:17.087+0000] {dag.py:3096} INFO - Sync 1 DAGs
[2026-05-09T05:24:17.097+0000] {logging_mixin.py:188} INFO - [2026-05-09T05:24:17.097+0000] {dag.py:3954} INFO - Setting next_dagrun for example_bash_decorator to None, run_after=None
[2026-05-09T05:24:17.113+0000] {processor.py:183} INFO - Processing /home/airflow/.local/lib/python3.12/site-packages/airflow/example_dags/example_bash_decorator.py took 0.064 seconds
[2026-05-09T05:24:47.287+0000] {processor.py:161} INFO - Started process (PID=3255) to work on /home/airflow/.local/lib/python3.12/site-packages/airflow/example_dags/example_bash_decorator.py
[2026-05-09T05:24:47.289+0000] {processor.py:830} INFO - Processing file /home/airflow/.local/lib/python3.12/site-packages/airflow/example_dags/example_bash_decorator.py for tasks to queue
[2026-05-09T05:24:47.291+0000] {logging_mixin.py:188} INFO - [2026-05-09T05:24:47.290+0000] {dagbag.py:545} INFO - Filling up the DagBag from /home/airflow/.local/lib/python3.12/site-packages/airflow/example_dags/example_bash_decorator.py
[2026-05-09T05:24:47.302+0000] {processor.py:840} INFO - DAG(s) 'example_bash_decorator' retrieved from /home/airflow/.local/lib/python3.12/site-packages/airflow/example_dags/example_bash_decorator.py
[2026-05-09T05:24:47.321+0000] {logging_mixin.py:188} INFO - [2026-05-09T05:24:47.321+0000] {dag.py:3096} INFO - Sync 1 DAGs
[2026-05-09T05:24:47.331+0000] {logging_mixin.py:188} INFO - [2026-05-09T05:24:47.331+0000] {dag.py:3954} INFO - Setting next_dagrun for example_bash_decorator to None, run_after=None
[2026-05-09T05:24:47.350+0000] {processor.py:183} INFO - Processing /home/airflow/.local/lib/python3.12/site-packages/airflow/example_dags/example_bash_decorator.py took 0.068 seconds
[2026-05-09T05:25:17.564+0000] {processor.py:161} INFO - Started process (PID=3315) to work on /home/airflow/.local/lib/python3.12/site-packages/airflow/example_dags/example_bash_decorator.py
[2026-05-09T05:25:17.565+0000] {processor.py:830} INFO - Processing file /home/airflow/.local/lib/python3.12/site-packages/airflow/example_dags/example_bash_decorator.py for tasks to queue
[2026-05-09T05:25:17.567+0000] {logging_mixin.py:188} INFO - [2026-05-09T05:25:17.567+0000] {dagbag.py:545} INFO - Filling up the DagBag from /home/airflow/.local/lib/python3.12/site-packages/airflow/example_dags/example_bash_decorator.py
[2026-05-09T05:25:17.577+0000] {processor.py:840} INFO - DAG(s) 'example_bash_decorator' retrieved from /home/airflow/.local/lib/python3.12/site-packages/airflow/example_dags/example_bash_decorator.py
[2026-05-09T05:25:17.597+0000] {logging_mixin.py:188} INFO - [2026-05-09T05:25:17.596+0000] {dag.py:3096} INFO - Sync 1 DAGs
[2026-05-09T05:25:17.608+0000] {logging_mixin.py:188} INFO - [2026-05-09T05:25:17.608+0000] {dag.py:3954} INFO - Setting next_dagrun for example_bash_decorator to None, run_after=None
[2026-05-09T05:25:17.625+0000] {processor.py:183} INFO - Processing /home/airflow/.local/lib/python3.12/site-packages/airflow/example_dags/example_bash_decorator.py took 0.066 seconds
[2026-05-09T05:25:47.964+0000] {processor.py:161} INFO - Started process (PID=3375) to work on /home/airflow/.local/lib/python3.12/site-packages/airflow/example_dags/example_bash_decorator.py
[2026-05-09T05:25:47.966+0000] {processor.py:830} INFO - Processing file /home/airflow/.local/lib/python3.12/site-packages/airflow/example_dags/example_bash_decorator.py for tasks to queue
[2026-05-09T05:25:47.969+0000] {logging_mixin.py:188} INFO - [2026-05-09T05:25:47.968+0000] {dagbag.py:545} INFO - Filling up the DagBag from /home/airflow/.local/lib/python3.12/site-packages/airflow/example_dags/example_bash_decorator.py
[2026-05-09T05:25:47.988+0000] {processor.py:840} INFO - DAG(s) 'example_bash_decorator' retrieved from /home/airflow/.local/lib/python3.12/site-packages/airflow/example_dags/example_bash_decorator.py
[2026-05-09T05:25:48.018+0000] {logging_mixin.py:188} INFO - [2026-05-09T05:25:48.018+0000] {dag.py:3096} INFO - Sync 1 DAGs
[2026-05-09T05:25:48.035+0000] {logging_mixin.py:188} INFO - [2026-05-09T05:25:48.035+0000] {dag.py:3954} INFO - Setting next_dagrun for example_bash_decorator to None, run_after=None
[2026-05-09T05:25:48.061+0000] {processor.py:183} INFO - Processing /home/airflow/.local/lib/python3.12/site-packages/airflow/example_dags/example_bash_decorator.py took 0.106 seconds
[2026-05-09T05:26:18.170+0000] {processor.py:161} INFO - Started process (PID=3435) to work on /home/airflow/.local/lib/python3.12/site-packages/airflow/example_dags/example_bash_decorator.py
[2026-05-09T05:26:18.172+0000] {processor.py:830} INFO - Processing file /home/airflow/.local/lib/python3.12/site-packages/airflow/example_dags/example_bash_decorator.py for tasks to queue
[2026-05-09T05:26:18.174+0000] {logging_mixin.py:188} INFO - [2026-05-09T05:26:18.174+0000] {dagbag.py:545} INFO - Filling up the DagBag from /home/airflow/.local/lib/python3.12/site-packages/airflow/example_dags/example_bash_decorator.py
[2026-05-09T05:26:18.190+0000] {processor.py:840} INFO - DAG(s) 'example_bash_decorator' retrieved from /home/airflow/.local/lib/python3.12/site-packages/airflow/example_dags/example_bash_decorator.py
[2026-05-09T05:26:18.217+0000] {logging_mixin.py:188} INFO - [2026-05-09T05:26:18.216+0000] {dag.py:3096} INFO - Sync 1 DAGs
[2026-05-09T05:26:18.228+0000] {logging_mixin.py:188} INFO - [2026-05-09T05:26:18.228+0000] {dag.py:3954} INFO - Setting next_dagrun for example_bash_decorator to None, run_after=None
[2026-05-09T05:26:18.253+0000] {processor.py:183} INFO - Processing /home/airflow/.local/lib/python3.12/site-packages/airflow/example_dags/example_bash_decorator.py took 0.089 seconds
[2026-05-09T05:26:48.479+0000] {processor.py:161} INFO - Started process (PID=3495) to work on /home/airflow/.local/lib/python3.12/site-packages/airflow/example_dags/example_bash_decorator.py
[2026-05-09T05:26:48.480+0000] {processor.py:830} INFO - Processing file /home/airflow/.local/lib/python3.12/site-packages/airflow/example_dags/example_bash_decorator.py for tasks to queue
[2026-05-09T05:26:48.482+0000] {logging_mixin.py:188} INFO - [2026-05-09T05:26:48.482+0000] {dagbag.py:545} INFO - Filling up the DagBag from /home/airflow/.local/lib/python3.12/site-packages/airflow/example_dags/example_bash_decorator.py
[2026-05-09T05:26:48.493+0000] {processor.py:840} INFO - DAG(s) 'example_bash_decorator' retrieved from /home/airflow/.local/lib/python3.12/site-packages/airflow/example_dags/example_bash_decorator.py
[2026-05-09T05:26:48.512+0000] {logging_mixin.py:188} INFO - [2026-05-09T05:26:48.511+0000] {dag.py:3096} INFO - Sync 1 DAGs
[2026-05-09T05:26:48.521+0000] {logging_mixin.py:188} INFO - [2026-05-09T05:26:48.521+0000] {dag.py:3954} INFO - Setting next_dagrun for example_bash_decorator to None, run_after=None
[2026-05-09T05:26:48.539+0000] {processor.py:183} INFO - Processing /home/airflow/.local/lib/python3.12/site-packages/airflow/example_dags/example_bash_decorator.py took 0.065 seconds
[2026-05-09T05:27:18.858+0000] {processor.py:161} INFO - Started process (PID=3555) to work on /home/airflow/.local/lib/python3.12/site-packages/airflow/example_dags/example_bash_decorator.py
[2026-05-09T05:27:18.859+0000] {processor.py:830} INFO - Processing file /home/airflow/.local/lib/python3.12/site-packages/airflow/example_dags/example_bash_decorator.py for tasks to queue
[2026-05-09T05:27:18.861+0000] {logging_mixin.py:188} INFO - [2026-05-09T05:27:18.861+0000] {dagbag.py:545} INFO - Filling up the DagBag from /home/airflow/.local/lib/python3.12/site-packages/airflow/example_dags/example_bash_decorator.py
[2026-05-09T05:27:18.871+0000] {processor.py:840} INFO - DAG(s) 'example_bash_decorator' retrieved from /home/airflow/.local/lib/python3.12/site-packages/airflow/example_dags/example_bash_decorator.py
[2026-05-09T05:27:18.889+0000] {logging_mixin.py:188} INFO - [2026-05-09T05:27:18.888+0000] {dag.py:3096} INFO - Sync 1 DAGs
[2026-05-09T05:27:18.898+0000] {logging_mixin.py:188} INFO - [2026-05-09T05:27:18.898+0000] {dag.py:3954} INFO - Setting next_dagrun for example_bash_decorator to None, run_after=None
[2026-05-09T05:27:18.912+0000] {processor.py:183} INFO - Processing /home/airflow/.local/lib/python3.12/site-packages/airflow/example_dags/example_bash_decorator.py took 0.059 seconds
[2026-05-09T05:27:49.913+0000] {processor.py:161} INFO - Started process (PID=3621) to work on /home/airflow/.local/lib/python3.12/site-packages/airflow/example_dags/example_bash_decorator.py
[2026-05-09T05:27:49.914+0000] {processor.py:830} INFO - Processing file /home/airflow/.local/lib/python3.12/site-packages/airflow/example_dags/example_bash_decorator.py for tasks to queue
[2026-05-09T05:27:49.916+0000] {logging_mixin.py:188} INFO - [2026-05-09T05:27:49.916+0000] {dagbag.py:545} INFO - Filling up the DagBag from /home/airflow/.local/lib/python3.12/site-packages/airflow/example_dags/example_bash_decorator.py
[2026-05-09T05:27:49.930+0000] {processor.py:840} INFO - DAG(s) 'example_bash_decorator' retrieved from /home/airflow/.local/lib/python3.12/site-packages/airflow/example_dags/example_bash_decorator.py
[2026-05-09T05:27:49.948+0000] {logging_mixin.py:188} INFO - [2026-05-09T05:27:49.947+0000] {dag.py:3096} INFO - Sync 1 DAGs
[2026-05-09T05:27:49.960+0000] {logging_mixin.py:188} INFO - [2026-05-09T05:27:49.960+0000] {dag.py:3954} INFO - Setting next_dagrun for example_bash_decorator to None, run_after=None
[2026-05-09T05:27:49.979+0000] {processor.py:183} INFO - Processing /home/airflow/.local/lib/python3.12/site-packages/airflow/example_dags/example_bash_decorator.py took 0.071 seconds
[2026-05-09T05:28:20.022+0000] {processor.py:161} INFO - Started process (PID=3681) to work on /home/airflow/.local/lib/python3.12/site-packages/airflow/example_dags/example_bash_decorator.py
[2026-05-09T05:28:20.023+0000] {processor.py:830} INFO - Processing file /home/airflow/.local/lib/python3.12/site-packages/airflow/example_dags/example_bash_decorator.py for tasks to queue
[2026-05-09T05:28:20.026+0000] {logging_mixin.py:188} INFO - [2026-05-09T05:28:20.025+0000] {dagbag.py:545} INFO - Filling up the DagBag from /home/airflow/.local/lib/python3.12/site-packages/airflow/example_dags/example_bash_decorator.py
[2026-05-09T05:28:20.040+0000] {processor.py:840} INFO - DAG(s) 'example_bash_decorator' retrieved from /home/airflow/.local/lib/python3.12/site-packages/airflow/example_dags/example_bash_decorator.py
[2026-05-09T05:28:20.063+0000] {logging_mixin.py:188} INFO - [2026-05-09T05:28:20.063+0000] {dag.py:3096} INFO - Sync 1 DAGs
[2026-05-09T05:28:20.078+0000] {logging_mixin.py:188} INFO - [2026-05-09T05:28:20.078+0000] {dag.py:3954} INFO - Setting next_dagrun for example_bash_decorator to None, run_after=None
[2026-05-09T05:28:20.095+0000] {processor.py:183} INFO - Processing /home/airflow/.local/lib/python3.12/site-packages/airflow/example_dags/example_bash_decorator.py took 0.079 seconds
[2026-05-09T05:28:50.360+0000] {processor.py:161} INFO - Started process (PID=3741) to work on /home/airflow/.local/lib/python3.12/site-packages/airflow/example_dags/example_bash_decorator.py
[2026-05-09T05:28:50.362+0000] {processor.py:830} INFO - Processing file /home/airflow/.local/lib/python3.12/site-packages/airflow/example_dags/example_bash_decorator.py for tasks to queue
[2026-05-09T05:28:50.363+0000] {logging_mixin.py:188} INFO - [2026-05-09T05:28:50.363+0000] {dagbag.py:545} INFO - Filling up the DagBag from /home/airflow/.local/lib/python3.12/site-packages/airflow/example_dags/example_bash_decorator.py
[2026-05-09T05:28:50.373+0000] {processor.py:840} INFO - DAG(s) 'example_bash_decorator' retrieved from /home/airflow/.local/lib/python3.12/site-packages/airflow/example_dags/example_bash_decorator.py
[2026-05-09T05:28:50.392+0000] {logging_mixin.py:188} INFO - [2026-05-09T05:28:50.392+0000] {dag.py:3096} INFO - Sync 1 DAGs
[2026-05-09T05:28:50.402+0000] {logging_mixin.py:188} INFO - [2026-05-09T05:28:50.401+0000] {dag.py:3954} INFO - Setting next_dagrun for example_bash_decorator to None, run_after=None
[2026-05-09T05:28:50.416+0000] {processor.py:183} INFO - Processing /home/airflow/.local/lib/python3.12/site-packages/airflow/example_dags/example_bash_decorator.py took 0.060 seconds
[2026-05-09T05:29:20.710+0000] {processor.py:161} INFO - Started process (PID=3801) to work on /home/airflow/.local/lib/python3.12/site-packages/airflow/example_dags/example_bash_decorator.py
[2026-05-09T05:29:20.711+0000] {processor.py:830} INFO - Processing file /home/airflow/.local/lib/python3.12/site-packages/airflow/example_dags/example_bash_decorator.py for tasks to queue
[2026-05-09T05:29:20.713+0000] {logging_mixin.py:188} INFO - [2026-05-09T05:29:20.712+0000] {dagbag.py:545} INFO - Filling up the DagBag from /home/airflow/.local/lib/python3.12/site-packages/airflow/example_dags/example_bash_decorator.py
[2026-05-09T05:29:20.724+0000] {processor.py:840} INFO - DAG(s) 'example_bash_decorator' retrieved from /home/airflow/.local/lib/python3.12/site-packages/airflow/example_dags/example_bash_decorator.py
[2026-05-09T05:29:20.741+0000] {logging_mixin.py:188} INFO - [2026-05-09T05:29:20.741+0000] {dag.py:3096} INFO - Sync 1 DAGs
[2026-05-09T05:29:20.751+0000] {logging_mixin.py:188} INFO - [2026-05-09T05:29:20.750+0000] {dag.py:3954} INFO - Setting next_dagrun for example_bash_decorator to None, run_after=None
[2026-05-09T05:29:20.768+0000] {processor.py:183} INFO - Processing /home/airflow/.local/lib/python3.12/site-packages/airflow/example_dags/example_bash_decorator.py took 0.063 seconds
[2026-05-09T05:29:51.737+0000] {processor.py:161} INFO - Started process (PID=3861) to work on /home/airflow/.local/lib/python3.12/site-packages/airflow/example_dags/example_bash_decorator.py
[2026-05-09T05:29:51.738+0000] {processor.py:830} INFO - Processing file /home/airflow/.local/lib/python3.12/site-packages/airflow/example_dags/example_bash_decorator.py for tasks to queue
[2026-05-09T05:29:51.740+0000] {logging_mixin.py:188} INFO - [2026-05-09T05:29:51.740+0000] {dagbag.py:545} INFO - Filling up the DagBag from /home/airflow/.local/lib/python3.12/site-packages/airflow/example_dags/example_bash_decorator.py
[2026-05-09T05:29:51.753+0000] {processor.py:840} INFO - DAG(s) 'example_bash_decorator' retrieved from /home/airflow/.local/lib/python3.12/site-packages/airflow/example_dags/example_bash_decorator.py
[2026-05-09T05:29:51.775+0000] {logging_mixin.py:188} INFO - [2026-05-09T05:29:51.775+0000] {dag.py:3096} INFO - Sync 1 DAGs
[2026-05-09T05:29:51.788+0000] {logging_mixin.py:188} INFO - [2026-05-09T05:29:51.788+0000] {dag.py:3954} INFO - Setting next_dagrun for example_bash_decorator to None, run_after=None
[2026-05-09T05:29:51.807+0000] {processor.py:183} INFO - Processing /home/airflow/.local/lib/python3.12/site-packages/airflow/example_dags/example_bash_decorator.py took 0.075 seconds
[2026-05-09T05:30:22.043+0000] {processor.py:161} INFO - Started process (PID=3922) to work on /home/airflow/.local/lib/python3.12/site-packages/airflow/example_dags/example_bash_decorator.py
[2026-05-09T05:30:22.044+0000] {processor.py:830} INFO - Processing file /home/airflow/.local/lib/python3.12/site-packages/airflow/example_dags/example_bash_decorator.py for tasks to queue
[2026-05-09T05:30:22.047+0000] {logging_mixin.py:188} INFO - [2026-05-09T05:30:22.047+0000] {dagbag.py:545} INFO - Filling up the DagBag from /home/airflow/.local/lib/python3.12/site-packages/airflow/example_dags/example_bash_decorator.py
[2026-05-09T05:30:22.062+0000] {processor.py:840} INFO - DAG(s) 'example_bash_decorator' retrieved from /home/airflow/.local/lib/python3.12/site-packages/airflow/example_dags/example_bash_decorator.py
[2026-05-09T05:30:22.085+0000] {logging_mixin.py:188} INFO - [2026-05-09T05:30:22.084+0000] {dag.py:3096} INFO - Sync 1 DAGs
[2026-05-09T05:30:22.097+0000] {logging_mixin.py:188} INFO - [2026-05-09T05:30:22.097+0000] {dag.py:3954} INFO - Setting next_dagrun for example_bash_decorator to None, run_after=None
[2026-05-09T05:30:22.112+0000] {processor.py:183} INFO - Processing /home/airflow/.local/lib/python3.12/site-packages/airflow/example_dags/example_bash_decorator.py took 0.077 seconds
[2026-05-09T05:30:52.772+0000] {processor.py:161} INFO - Started process (PID=3982) to work on /home/airflow/.local/lib/python3.12/site-packages/airflow/example_dags/example_bash_decorator.py
[2026-05-09T05:30:52.773+0000] {processor.py:830} INFO - Processing file /home/airflow/.local/lib/python3.12/site-packages/airflow/example_dags/example_bash_decorator.py for tasks to queue
[2026-05-09T05:30:52.776+0000] {logging_mixin.py:188} INFO - [2026-05-09T05:30:52.775+0000] {dagbag.py:545} INFO - Filling up the DagBag from /home/airflow/.local/lib/python3.12/site-packages/airflow/example_dags/example_bash_decorator.py
[2026-05-09T05:30:52.787+0000] {processor.py:840} INFO - DAG(s) 'example_bash_decorator' retrieved from /home/airflow/.local/lib/python3.12/site-packages/airflow/example_dags/example_bash_decorator.py
[2026-05-09T05:30:52.810+0000] {logging_mixin.py:188} INFO - [2026-05-09T05:30:52.810+0000] {dag.py:3096} INFO - Sync 1 DAGs
[2026-05-09T05:30:52.825+0000] {logging_mixin.py:188} INFO - [2026-05-09T05:30:52.825+0000] {dag.py:3954} INFO - Setting next_dagrun for example_bash_decorator to None, run_after=None
[2026-05-09T05:30:52.868+0000] {processor.py:183} INFO - Processing /home/airflow/.local/lib/python3.12/site-packages/airflow/example_dags/example_bash_decorator.py took 0.106 seconds
[2026-05-09T05:31:23.110+0000] {processor.py:161} INFO - Started process (PID=4042) to work on /home/airflow/.local/lib/python3.12/site-packages/airflow/example_dags/example_bash_decorator.py
[2026-05-09T05:31:23.112+0000] {processor.py:830} INFO - Processing file /home/airflow/.local/lib/python3.12/site-packages/airflow/example_dags/example_bash_decorator.py for tasks to queue
[2026-05-09T05:31:23.114+0000] {logging_mixin.py:188} INFO - [2026-05-09T05:31:23.114+0000] {dagbag.py:545} INFO - Filling up the DagBag from /home/airflow/.local/lib/python3.12/site-packages/airflow/example_dags/example_bash_decorator.py
[2026-05-09T05:31:23.126+0000] {processor.py:840} INFO - DAG(s) 'example_bash_decorator' retrieved from /home/airflow/.local/lib/python3.12/site-packages/airflow/example_dags/example_bash_decorator.py
[2026-05-09T05:31:23.143+0000] {logging_mixin.py:188} INFO - [2026-05-09T05:31:23.143+0000] {dag.py:3096} INFO - Sync 1 DAGs
[2026-05-09T05:31:23.152+0000] {logging_mixin.py:188} INFO - [2026-05-09T05:31:23.152+0000] {dag.py:3954} INFO - Setting next_dagrun for example_bash_decorator to None, run_after=None
[2026-05-09T05:31:23.169+0000] {processor.py:183} INFO - Processing /home/airflow/.local/lib/python3.12/site-packages/airflow/example_dags/example_bash_decorator.py took 0.066 seconds
[2026-05-09T05:31:53.632+0000] {processor.py:161} INFO - Started process (PID=4102) to work on /home/airflow/.local/lib/python3.12/site-packages/airflow/example_dags/example_bash_decorator.py
[2026-05-09T05:31:53.633+0000] {processor.py:830} INFO - Processing file /home/airflow/.local/lib/python3.12/site-packages/airflow/example_dags/example_bash_decorator.py for tasks to queue
[2026-05-09T05:31:53.635+0000] {logging_mixin.py:188} INFO - [2026-05-09T05:31:53.634+0000] {dagbag.py:545} INFO - Filling up the DagBag from /home/airflow/.local/lib/python3.12/site-packages/airflow/example_dags/example_bash_decorator.py
[2026-05-09T05:31:53.645+0000] {processor.py:840} INFO - DAG(s) 'example_bash_decorator' retrieved from /home/airflow/.local/lib/python3.12/site-packages/airflow/example_dags/example_bash_decorator.py
[2026-05-09T05:31:53.664+0000] {logging_mixin.py:188} INFO - [2026-05-09T05:31:53.664+0000] {dag.py:3096} INFO - Sync 1 DAGs
[2026-05-09T05:31:53.674+0000] {logging_mixin.py:188} INFO - [2026-05-09T05:31:53.674+0000] {dag.py:3954} INFO - Setting next_dagrun for example_bash_decorator to None, run_after=None
[2026-05-09T05:31:53.692+0000] {processor.py:183} INFO - Processing /home/airflow/.local/lib/python3.12/site-packages/airflow/example_dags/example_bash_decorator.py took 0.065 seconds
[2026-05-09T05:32:23.816+0000] {processor.py:161} INFO - Started process (PID=4162) to work on /home/airflow/.local/lib/python3.12/site-packages/airflow/example_dags/example_bash_decorator.py
[2026-05-09T05:32:23.817+0000] {processor.py:830} INFO - Processing file /home/airflow/.local/lib/python3.12/site-packages/airflow/example_dags/example_bash_decorator.py for tasks to queue
[2026-05-09T05:32:23.819+0000] {logging_mixin.py:188} INFO - [2026-05-09T05:32:23.819+0000] {dagbag.py:545} INFO - Filling up the DagBag from /home/airflow/.local/lib/python3.12/site-packages/airflow/example_dags/example_bash_decorator.py
[2026-05-09T05:32:23.829+0000] {processor.py:840} INFO - DAG(s) 'example_bash_decorator' retrieved from /home/airflow/.local/lib/python3.12/site-packages/airflow/example_dags/example_bash_decorator.py
[2026-05-09T05:32:23.848+0000] {logging_mixin.py:188} INFO - [2026-05-09T05:32:23.847+0000] {dag.py:3096} INFO - Sync 1 DAGs
[2026-05-09T05:32:23.858+0000] {logging_mixin.py:188} INFO - [2026-05-09T05:32:23.858+0000] {dag.py:3954} INFO - Setting next_dagrun for example_bash_decorator to None, run_after=None
[2026-05-09T05:32:23.874+0000] {processor.py:183} INFO - Processing /home/airflow/.local/lib/python3.12/site-packages/airflow/example_dags/example_bash_decorator.py took 0.063 seconds
[2026-05-09T05:32:54.406+0000] {processor.py:161} INFO - Started process (PID=4222) to work on /home/airflow/.local/lib/python3.12/site-packages/airflow/example_dags/example_bash_decorator.py
[2026-05-09T05:32:54.407+0000] {processor.py:830} INFO - Processing file /home/airflow/.local/lib/python3.12/site-packages/airflow/example_dags/example_bash_decorator.py for tasks to queue
[2026-05-09T05:32:54.409+0000] {logging_mixin.py:188} INFO - [2026-05-09T05:32:54.409+0000] {dagbag.py:545} INFO - Filling up the DagBag from /home/airflow/.local/lib/python3.12/site-packages/airflow/example_dags/example_bash_decorator.py
[2026-05-09T05:32:54.419+0000] {processor.py:840} INFO - DAG(s) 'example_bash_decorator' retrieved from /home/airflow/.local/lib/python3.12/site-packages/airflow/example_dags/example_bash_decorator.py
[2026-05-09T05:32:54.438+0000] {logging_mixin.py:188} INFO - [2026-05-09T05:32:54.437+0000] {dag.py:3096} INFO - Sync 1 DAGs
[2026-05-09T05:32:54.447+0000] {logging_mixin.py:188} INFO - [2026-05-09T05:32:54.447+0000] {dag.py:3954} INFO - Setting next_dagrun for example_bash_decorator to None, run_after=None
[2026-05-09T05:32:54.462+0000] {processor.py:183} INFO - Processing /home/airflow/.local/lib/python3.12/site-packages/airflow/example_dags/example_bash_decorator.py took 0.061 seconds
[2026-05-09T05:33:24.781+0000] {processor.py:161} INFO - Started process (PID=4282) to work on /home/airflow/.local/lib/python3.12/site-packages/airflow/example_dags/example_bash_decorator.py
[2026-05-09T05:33:24.782+0000] {processor.py:830} INFO - Processing file /home/airflow/.local/lib/python3.12/site-packages/airflow/example_dags/example_bash_decorator.py for tasks to queue
[2026-05-09T05:33:24.784+0000] {logging_mixin.py:188} INFO - [2026-05-09T05:33:24.784+0000] {dagbag.py:545} INFO - Filling up the DagBag from /home/airflow/.local/lib/python3.12/site-packages/airflow/example_dags/example_bash_decorator.py
[2026-05-09T05:33:24.795+0000] {processor.py:840} INFO - DAG(s) 'example_bash_decorator' retrieved from /home/airflow/.local/lib/python3.12/site-packages/airflow/example_dags/example_bash_decorator.py
[2026-05-09T05:33:24.815+0000] {logging_mixin.py:188} INFO - [2026-05-09T05:33:24.815+0000] {dag.py:3096} INFO - Sync 1 DAGs
[2026-05-09T05:33:24.826+0000] {logging_mixin.py:188} INFO - [2026-05-09T05:33:24.825+0000] {dag.py:3954} INFO - Setting next_dagrun for example_bash_decorator to None, run_after=None
[2026-05-09T05:33:24.845+0000] {processor.py:183} INFO - Processing /home/airflow/.local/lib/python3.12/site-packages/airflow/example_dags/example_bash_decorator.py took 0.069 seconds
[2026-05-09T05:33:55.544+0000] {processor.py:161} INFO - Started process (PID=4342) to work on /home/airflow/.local/lib/python3.12/site-packages/airflow/example_dags/example_bash_decorator.py
[2026-05-09T05:33:55.545+0000] {processor.py:830} INFO - Processing file /home/airflow/.local/lib/python3.12/site-packages/airflow/example_dags/example_bash_decorator.py for tasks to queue
[2026-05-09T05:33:55.547+0000] {logging_mixin.py:188} INFO - [2026-05-09T05:33:55.546+0000] {dagbag.py:545} INFO - Filling up the DagBag from /home/airflow/.local/lib/python3.12/site-packages/airflow/example_dags/example_bash_decorator.py
[2026-05-09T05:33:55.557+0000] {processor.py:840} INFO - DAG(s) 'example_bash_decorator' retrieved from /home/airflow/.local/lib/python3.12/site-packages/airflow/example_dags/example_bash_decorator.py
[2026-05-09T05:33:55.576+0000] {logging_mixin.py:188} INFO - [2026-05-09T05:33:55.575+0000] {dag.py:3096} INFO - Sync 1 DAGs
[2026-05-09T05:33:55.591+0000] {logging_mixin.py:188} INFO - [2026-05-09T05:33:55.590+0000] {dag.py:3954} INFO - Setting next_dagrun for example_bash_decorator to None, run_after=None
[2026-05-09T05:33:55.612+0000] {processor.py:183} INFO - Processing /home/airflow/.local/lib/python3.12/site-packages/airflow/example_dags/example_bash_decorator.py took 0.073 seconds
[2026-05-09T05:34:26.075+0000] {processor.py:161} INFO - Started process (PID=4402) to work on /home/airflow/.local/lib/python3.12/site-packages/airflow/example_dags/example_bash_decorator.py
[2026-05-09T05:34:26.076+0000] {processor.py:830} INFO - Processing file /home/airflow/.local/lib/python3.12/site-packages/airflow/example_dags/example_bash_decorator.py for tasks to queue
[2026-05-09T05:34:26.078+0000] {logging_mixin.py:188} INFO - [2026-05-09T05:34:26.078+0000] {dagbag.py:545} INFO - Filling up the DagBag from /home/airflow/.local/lib/python3.12/site-packages/airflow/example_dags/example_bash_decorator.py
[2026-05-09T05:34:26.090+0000] {processor.py:840} INFO - DAG(s) 'example_bash_decorator' retrieved from /home/airflow/.local/lib/python3.12/site-packages/airflow/example_dags/example_bash_decorator.py
[2026-05-09T05:34:26.108+0000] {logging_mixin.py:188} INFO - [2026-05-09T05:34:26.108+0000] {dag.py:3096} INFO - Sync 1 DAGs
[2026-05-09T05:34:26.118+0000] {logging_mixin.py:188} INFO - [2026-05-09T05:34:26.118+0000] {dag.py:3954} INFO - Setting next_dagrun for example_bash_decorator to None, run_after=None
[2026-05-09T05:34:26.133+0000] {processor.py:183} INFO - Processing /home/airflow/.local/lib/python3.12/site-packages/airflow/example_dags/example_bash_decorator.py took 0.063 seconds
[2026-05-09T05:34:56.425+0000] {processor.py:161} INFO - Started process (PID=4462) to work on /home/airflow/.local/lib/python3.12/site-packages/airflow/example_dags/example_bash_decorator.py
[2026-05-09T05:34:56.426+0000] {processor.py:830} INFO - Processing file /home/airflow/.local/lib/python3.12/site-packages/airflow/example_dags/example_bash_decorator.py for tasks to queue
[2026-05-09T05:34:56.428+0000] {logging_mixin.py:188} INFO - [2026-05-09T05:34:56.428+0000] {dagbag.py:545} INFO - Filling up the DagBag from /home/airflow/.local/lib/python3.12/site-packages/airflow/example_dags/example_bash_decorator.py
[2026-05-09T05:34:56.439+0000] {processor.py:840} INFO - DAG(s) 'example_bash_decorator' retrieved from /home/airflow/.local/lib/python3.12/site-packages/airflow/example_dags/example_bash_decorator.py
[2026-05-09T05:34:56.457+0000] {logging_mixin.py:188} INFO - [2026-05-09T05:34:56.457+0000] {dag.py:3096} INFO - Sync 1 DAGs
[2026-05-09T05:34:56.467+0000] {logging_mixin.py:188} INFO - [2026-05-09T05:34:56.467+0000] {dag.py:3954} INFO - Setting next_dagrun for example_bash_decorator to None, run_after=None
[2026-05-09T05:34:56.484+0000] {processor.py:183} INFO - Processing /home/airflow/.local/lib/python3.12/site-packages/airflow/example_dags/example_bash_decorator.py took 0.063 seconds
[2026-05-09T05:35:27.327+0000] {processor.py:161} INFO - Started process (PID=4522) to work on /home/airflow/.local/lib/python3.12/site-packages/airflow/example_dags/example_bash_decorator.py
[2026-05-09T05:35:27.329+0000] {processor.py:830} INFO - Processing file /home/airflow/.local/lib/python3.12/site-packages/airflow/example_dags/example_bash_decorator.py for tasks to queue
[2026-05-09T05:35:27.330+0000] {logging_mixin.py:188} INFO - [2026-05-09T05:35:27.330+0000] {dagbag.py:545} INFO - Filling up the DagBag from /home/airflow/.local/lib/python3.12/site-packages/airflow/example_dags/example_bash_decorator.py
[2026-05-09T05:35:27.343+0000] {processor.py:840} INFO - DAG(s) 'example_bash_decorator' retrieved from /home/airflow/.local/lib/python3.12/site-packages/airflow/example_dags/example_bash_decorator.py
[2026-05-09T05:35:27.359+0000] {logging_mixin.py:188} INFO - [2026-05-09T05:35:27.359+0000] {dag.py:3096} INFO - Sync 1 DAGs
[2026-05-09T05:35:27.369+0000] {logging_mixin.py:188} INFO - [2026-05-09T05:35:27.368+0000] {dag.py:3954} INFO - Setting next_dagrun for example_bash_decorator to None, run_after=None
[2026-05-09T05:35:27.385+0000] {processor.py:183} INFO - Processing /home/airflow/.local/lib/python3.12/site-packages/airflow/example_dags/example_bash_decorator.py took 0.063 seconds
[2026-05-09T05:35:57.880+0000] {processor.py:161} INFO - Started process (PID=4582) to work on /home/airflow/.local/lib/python3.12/site-packages/airflow/example_dags/example_bash_decorator.py
[2026-05-09T05:35:57.881+0000] {processor.py:830} INFO - Processing file /home/airflow/.local/lib/python3.12/site-packages/airflow/example_dags/example_bash_decorator.py for tasks to queue
[2026-05-09T05:35:57.885+0000] {logging_mixin.py:188} INFO - [2026-05-09T05:35:57.885+0000] {dagbag.py:545} INFO - Filling up the DagBag from /home/airflow/.local/lib/python3.12/site-packages/airflow/example_dags/example_bash_decorator.py
[2026-05-09T05:35:57.896+0000] {processor.py:840} INFO - DAG(s) 'example_bash_decorator' retrieved from /home/airflow/.local/lib/python3.12/site-packages/airflow/example_dags/example_bash_decorator.py
[2026-05-09T05:35:57.915+0000] {logging_mixin.py:188} INFO - [2026-05-09T05:35:57.915+0000] {dag.py:3096} INFO - Sync 1 DAGs
[2026-05-09T05:35:57.925+0000] {logging_mixin.py:188} INFO - [2026-05-09T05:35:57.925+0000] {dag.py:3954} INFO - Setting next_dagrun for example_bash_decorator to None, run_after=None
[2026-05-09T05:35:57.943+0000] {processor.py:183} INFO - Processing /home/airflow/.local/lib/python3.12/site-packages/airflow/example_dags/example_bash_decorator.py took 0.068 seconds
[2026-05-09T05:36:28.502+0000] {processor.py:161} INFO - Started process (PID=4642) to work on /home/airflow/.local/lib/python3.12/site-packages/airflow/example_dags/example_bash_decorator.py
[2026-05-09T05:36:28.503+0000] {processor.py:830} INFO - Processing file /home/airflow/.local/lib/python3.12/site-packages/airflow/example_dags/example_bash_decorator.py for tasks to queue
[2026-05-09T05:36:28.505+0000] {logging_mixin.py:188} INFO - [2026-05-09T05:36:28.504+0000] {dagbag.py:545} INFO - Filling up the DagBag from /home/airflow/.local/lib/python3.12/site-packages/airflow/example_dags/example_bash_decorator.py
[2026-05-09T05:36:28.514+0000] {processor.py:840} INFO - DAG(s) 'example_bash_decorator' retrieved from /home/airflow/.local/lib/python3.12/site-packages/airflow/example_dags/example_bash_decorator.py
[2026-05-09T05:36:28.535+0000] {logging_mixin.py:188} INFO - [2026-05-09T05:36:28.535+0000] {dag.py:3096} INFO - Sync 1 DAGs
[2026-05-09T05:36:28.547+0000] {logging_mixin.py:188} INFO - [2026-05-09T05:36:28.546+0000] {dag.py:3954} INFO - Setting next_dagrun for example_bash_decorator to None, run_after=None
[2026-05-09T05:36:28.566+0000] {processor.py:183} INFO - Processing /home/airflow/.local/lib/python3.12/site-packages/airflow/example_dags/example_bash_decorator.py took 0.069 seconds
[2026-05-09T05:36:58.651+0000] {processor.py:161} INFO - Started process (PID=4702) to work on /home/airflow/.local/lib/python3.12/site-packages/airflow/example_dags/example_bash_decorator.py
[2026-05-09T05:36:58.652+0000] {processor.py:830} INFO - Processing file /home/airflow/.local/lib/python3.12/site-packages/airflow/example_dags/example_bash_decorator.py for tasks to queue
[2026-05-09T05:36:58.654+0000] {logging_mixin.py:188} INFO - [2026-05-09T05:36:58.654+0000] {dagbag.py:545} INFO - Filling up the DagBag from /home/airflow/.local/lib/python3.12/site-packages/airflow/example_dags/example_bash_decorator.py
[2026-05-09T05:36:58.664+0000] {processor.py:840} INFO - DAG(s) 'example_bash_decorator' retrieved from /home/airflow/.local/lib/python3.12/site-packages/airflow/example_dags/example_bash_decorator.py
[2026-05-09T05:36:58.682+0000] {logging_mixin.py:188} INFO - [2026-05-09T05:36:58.682+0000] {dag.py:3096} INFO - Sync 1 DAGs
[2026-05-09T05:36:58.694+0000] {logging_mixin.py:188} INFO - [2026-05-09T05:36:58.694+0000] {dag.py:3954} INFO - Setting next_dagrun for example_bash_decorator to None, run_after=None
[2026-05-09T05:36:58.708+0000] {processor.py:183} INFO - Processing /home/airflow/.local/lib/python3.12/site-packages/airflow/example_dags/example_bash_decorator.py took 0.062 seconds
[2026-05-09T05:37:28.791+0000] {processor.py:161} INFO - Started process (PID=4762) to work on /home/airflow/.local/lib/python3.12/site-packages/airflow/example_dags/example_bash_decorator.py
[2026-05-09T05:37:28.792+0000] {processor.py:830} INFO - Processing file /home/airflow/.local/lib/python3.12/site-packages/airflow/example_dags/example_bash_decorator.py for tasks to queue
[2026-05-09T05:37:28.794+0000] {logging_mixin.py:188} INFO - [2026-05-09T05:37:28.794+0000] {dagbag.py:545} INFO - Filling up the DagBag from /home/airflow/.local/lib/python3.12/site-packages/airflow/example_dags/example_bash_decorator.py
[2026-05-09T05:37:28.804+0000] {processor.py:840} INFO - DAG(s) 'example_bash_decorator' retrieved from /home/airflow/.local/lib/python3.12/site-packages/airflow/example_dags/example_bash_decorator.py
[2026-05-09T05:37:28.823+0000] {logging_mixin.py:188} INFO - [2026-05-09T05:37:28.822+0000] {dag.py:3096} INFO - Sync 1 DAGs
[2026-05-09T05:37:28.832+0000] {logging_mixin.py:188} INFO - [2026-05-09T05:37:28.832+0000] {dag.py:3954} INFO - Setting next_dagrun for example_bash_decorator to None, run_after=None
[2026-05-09T05:37:28.847+0000] {processor.py:183} INFO - Processing /home/airflow/.local/lib/python3.12/site-packages/airflow/example_dags/example_bash_decorator.py took 0.061 seconds
[2026-05-09T05:37:59.308+0000] {processor.py:161} INFO - Started process (PID=4822) to work on /home/airflow/.local/lib/python3.12/site-packages/airflow/example_dags/example_bash_decorator.py
[2026-05-09T05:37:59.309+0000] {processor.py:830} INFO - Processing file /home/airflow/.local/lib/python3.12/site-packages/airflow/example_dags/example_bash_decorator.py for tasks to queue
[2026-05-09T05:37:59.311+0000] {logging_mixin.py:188} INFO - [2026-05-09T05:37:59.311+0000] {dagbag.py:545} INFO - Filling up the DagBag from /home/airflow/.local/lib/python3.12/site-packages/airflow/example_dags/example_bash_decorator.py
[2026-05-09T05:37:59.326+0000] {processor.py:840} INFO - DAG(s) 'example_bash_decorator' retrieved from /home/airflow/.local/lib/python3.12/site-packages/airflow/example_dags/example_bash_decorator.py
[2026-05-09T05:37:59.352+0000] {logging_mixin.py:188} INFO - [2026-05-09T05:37:59.352+0000] {dag.py:3096} INFO - Sync 1 DAGs
[2026-05-09T05:37:59.367+0000] {logging_mixin.py:188} INFO - [2026-05-09T05:37:59.366+0000] {dag.py:3954} INFO - Setting next_dagrun for example_bash_decorator to None, run_after=None
[2026-05-09T05:37:59.387+0000] {processor.py:183} INFO - Processing /home/airflow/.local/lib/python3.12/site-packages/airflow/example_dags/example_bash_decorator.py took 0.085 seconds
[2026-05-09T05:38:29.618+0000] {processor.py:161} INFO - Started process (PID=4882) to work on /home/airflow/.local/lib/python3.12/site-packages/airflow/example_dags/example_bash_decorator.py
[2026-05-09T05:38:29.619+0000] {processor.py:830} INFO - Processing file /home/airflow/.local/lib/python3.12/site-packages/airflow/example_dags/example_bash_decorator.py for tasks to queue
[2026-05-09T05:38:29.621+0000] {logging_mixin.py:188} INFO - [2026-05-09T05:38:29.621+0000] {dagbag.py:545} INFO - Filling up the DagBag from /home/airflow/.local/lib/python3.12/site-packages/airflow/example_dags/example_bash_decorator.py
[2026-05-09T05:38:29.633+0000] {processor.py:840} INFO - DAG(s) 'example_bash_decorator' retrieved from /home/airflow/.local/lib/python3.12/site-packages/airflow/example_dags/example_bash_decorator.py
[2026-05-09T05:38:29.652+0000] {logging_mixin.py:188} INFO - [2026-05-09T05:38:29.652+0000] {dag.py:3096} INFO - Sync 1 DAGs
[2026-05-09T05:38:29.663+0000] {logging_mixin.py:188} INFO - [2026-05-09T05:38:29.662+0000] {dag.py:3954} INFO - Setting next_dagrun for example_bash_decorator to None, run_after=None
[2026-05-09T05:38:29.677+0000] {processor.py:183} INFO - Processing /home/airflow/.local/lib/python3.12/site-packages/airflow/example_dags/example_bash_decorator.py took 0.064 seconds
[2026-05-09T05:38:59.876+0000] {processor.py:161} INFO - Started process (PID=4942) to work on /home/airflow/.local/lib/python3.12/site-packages/airflow/example_dags/example_bash_decorator.py
[2026-05-09T05:38:59.877+0000] {processor.py:830} INFO - Processing file /home/airflow/.local/lib/python3.12/site-packages/airflow/example_dags/example_bash_decorator.py for tasks to queue
[2026-05-09T05:38:59.879+0000] {logging_mixin.py:188} INFO - [2026-05-09T05:38:59.879+0000] {dagbag.py:545} INFO - Filling up the DagBag from /home/airflow/.local/lib/python3.12/site-packages/airflow/example_dags/example_bash_decorator.py
[2026-05-09T05:38:59.890+0000] {processor.py:840} INFO - DAG(s) 'example_bash_decorator' retrieved from /home/airflow/.local/lib/python3.12/site-packages/airflow/example_dags/example_bash_decorator.py
[2026-05-09T05:38:59.910+0000] {logging_mixin.py:188} INFO - [2026-05-09T05:38:59.910+0000] {dag.py:3096} INFO - Sync 1 DAGs
[2026-05-09T05:38:59.921+0000] {logging_mixin.py:188} INFO - [2026-05-09T05:38:59.921+0000] {dag.py:3954} INFO - Setting next_dagrun for example_bash_decorator to None, run_after=None
[2026-05-09T05:38:59.937+0000] {processor.py:183} INFO - Processing /home/airflow/.local/lib/python3.12/site-packages/airflow/example_dags/example_bash_decorator.py took 0.066 seconds
[2026-05-09T05:39:30.043+0000] {processor.py:161} INFO - Started process (PID=5003) to work on /home/airflow/.local/lib/python3.12/site-packages/airflow/example_dags/example_bash_decorator.py
[2026-05-09T05:39:30.044+0000] {processor.py:830} INFO - Processing file /home/airflow/.local/lib/python3.12/site-packages/airflow/example_dags/example_bash_decorator.py for tasks to queue
[2026-05-09T05:39:30.046+0000] {logging_mixin.py:188} INFO - [2026-05-09T05:39:30.046+0000] {dagbag.py:545} INFO - Filling up the DagBag from /home/airflow/.local/lib/python3.12/site-packages/airflow/example_dags/example_bash_decorator.py
[2026-05-09T05:39:30.057+0000] {processor.py:840} INFO - DAG(s) 'example_bash_decorator' retrieved from /home/airflow/.local/lib/python3.12/site-packages/airflow/example_dags/example_bash_decorator.py
[2026-05-09T05:39:30.075+0000] {logging_mixin.py:188} INFO - [2026-05-09T05:39:30.075+0000] {dag.py:3096} INFO - Sync 1 DAGs
[2026-05-09T05:39:30.085+0000] {logging_mixin.py:188} INFO - [2026-05-09T05:39:30.085+0000] {dag.py:3954} INFO - Setting next_dagrun for example_bash_decorator to None, run_after=None
[2026-05-09T05:39:30.113+0000] {processor.py:183} INFO - Processing /home/airflow/.local/lib/python3.12/site-packages/airflow/example_dags/example_bash_decorator.py took 0.075 seconds
[2026-05-09T05:40:00.286+0000] {processor.py:161} INFO - Started process (PID=5063) to work on /home/airflow/.local/lib/python3.12/site-packages/airflow/example_dags/example_bash_decorator.py
[2026-05-09T05:40:00.287+0000] {processor.py:830} INFO - Processing file /home/airflow/.local/lib/python3.12/site-packages/airflow/example_dags/example_bash_decorator.py for tasks to queue
[2026-05-09T05:40:00.290+0000] {logging_mixin.py:188} INFO - [2026-05-09T05:40:00.290+0000] {dagbag.py:545} INFO - Filling up the DagBag from /home/airflow/.local/lib/python3.12/site-packages/airflow/example_dags/example_bash_decorator.py
[2026-05-09T05:40:00.303+0000] {processor.py:840} INFO - DAG(s) 'example_bash_decorator' retrieved from /home/airflow/.local/lib/python3.12/site-packages/airflow/example_dags/example_bash_decorator.py
[2026-05-09T05:40:00.322+0000] {logging_mixin.py:188} INFO - [2026-05-09T05:40:00.322+0000] {dag.py:3096} INFO - Sync 1 DAGs
[2026-05-09T05:40:00.333+0000] {logging_mixin.py:188} INFO - [2026-05-09T05:40:00.333+0000] {dag.py:3954} INFO - Setting next_dagrun for example_bash_decorator to None, run_after=None
[2026-05-09T05:40:00.351+0000] {processor.py:183} INFO - Processing /home/airflow/.local/lib/python3.12/site-packages/airflow/example_dags/example_bash_decorator.py took 0.070 seconds
[2026-05-09T05:40:30.943+0000] {processor.py:161} INFO - Started process (PID=5123) to work on /home/airflow/.local/lib/python3.12/site-packages/airflow/example_dags/example_bash_decorator.py
[2026-05-09T05:40:30.944+0000] {processor.py:830} INFO - Processing file /home/airflow/.local/lib/python3.12/site-packages/airflow/example_dags/example_bash_decorator.py for tasks to queue
[2026-05-09T05:40:30.946+0000] {logging_mixin.py:188} INFO - [2026-05-09T05:40:30.946+0000] {dagbag.py:545} INFO - Filling up the DagBag from /home/airflow/.local/lib/python3.12/site-packages/airflow/example_dags/example_bash_decorator.py
[2026-05-09T05:40:30.956+0000] {processor.py:840} INFO - DAG(s) 'example_bash_decorator' retrieved from /home/airflow/.local/lib/python3.12/site-packages/airflow/example_dags/example_bash_decorator.py
[2026-05-09T05:40:30.976+0000] {logging_mixin.py:188} INFO - [2026-05-09T05:40:30.976+0000] {dag.py:3096} INFO - Sync 1 DAGs
[2026-05-09T05:40:30.986+0000] {logging_mixin.py:188} INFO - [2026-05-09T05:40:30.986+0000] {dag.py:3954} INFO - Setting next_dagrun for example_bash_decorator to None, run_after=None
[2026-05-09T05:40:31.002+0000] {processor.py:183} INFO - Processing /home/airflow/.local/lib/python3.12/site-packages/airflow/example_dags/example_bash_decorator.py took 0.064 seconds
[2026-05-09T05:41:01.151+0000] {processor.py:161} INFO - Started process (PID=5183) to work on /home/airflow/.local/lib/python3.12/site-packages/airflow/example_dags/example_bash_decorator.py
[2026-05-09T05:41:01.152+0000] {processor.py:830} INFO - Processing file /home/airflow/.local/lib/python3.12/site-packages/airflow/example_dags/example_bash_decorator.py for tasks to queue
[2026-05-09T05:41:01.154+0000] {logging_mixin.py:188} INFO - [2026-05-09T05:41:01.154+0000] {dagbag.py:545} INFO - Filling up the DagBag from /home/airflow/.local/lib/python3.12/site-packages/airflow/example_dags/example_bash_decorator.py
[2026-05-09T05:41:01.166+0000] {processor.py:840} INFO - DAG(s) 'example_bash_decorator' retrieved from /home/airflow/.local/lib/python3.12/site-packages/airflow/example_dags/example_bash_decorator.py
[2026-05-09T05:41:01.185+0000] {logging_mixin.py:188} INFO - [2026-05-09T05:41:01.185+0000] {dag.py:3096} INFO - Sync 1 DAGs
[2026-05-09T05:41:01.198+0000] {logging_mixin.py:188} INFO - [2026-05-09T05:41:01.197+0000] {dag.py:3954} INFO - Setting next_dagrun for example_bash_decorator to None, run_after=None
[2026-05-09T05:41:01.214+0000] {processor.py:183} INFO - Processing /home/airflow/.local/lib/python3.12/site-packages/airflow/example_dags/example_bash_decorator.py took 0.068 seconds
[2026-05-09T05:41:31.321+0000] {processor.py:161} INFO - Started process (PID=5243) to work on /home/airflow/.local/lib/python3.12/site-packages/airflow/example_dags/example_bash_decorator.py
[2026-05-09T05:41:31.322+0000] {processor.py:830} INFO - Processing file /home/airflow/.local/lib/python3.12/site-packages/airflow/example_dags/example_bash_decorator.py for tasks to queue
[2026-05-09T05:41:31.324+0000] {logging_mixin.py:188} INFO - [2026-05-09T05:41:31.324+0000] {dagbag.py:545} INFO - Filling up the DagBag from /home/airflow/.local/lib/python3.12/site-packages/airflow/example_dags/example_bash_decorator.py
[2026-05-09T05:41:31.335+0000] {processor.py:840} INFO - DAG(s) 'example_bash_decorator' retrieved from /home/airflow/.local/lib/python3.12/site-packages/airflow/example_dags/example_bash_decorator.py
[2026-05-09T05:41:31.353+0000] {logging_mixin.py:188} INFO - [2026-05-09T05:41:31.353+0000] {dag.py:3096} INFO - Sync 1 DAGs
[2026-05-09T05:41:31.363+0000] {logging_mixin.py:188} INFO - [2026-05-09T05:41:31.363+0000] {dag.py:3954} INFO - Setting next_dagrun for example_bash_decorator to None, run_after=None
[2026-05-09T05:41:31.379+0000] {processor.py:183} INFO - Processing /home/airflow/.local/lib/python3.12/site-packages/airflow/example_dags/example_bash_decorator.py took 0.063 seconds
[2026-05-09T05:42:01.451+0000] {processor.py:161} INFO - Started process (PID=5303) to work on /home/airflow/.local/lib/python3.12/site-packages/airflow/example_dags/example_bash_decorator.py
[2026-05-09T05:42:01.452+0000] {processor.py:830} INFO - Processing file /home/airflow/.local/lib/python3.12/site-packages/airflow/example_dags/example_bash_decorator.py for tasks to queue
[2026-05-09T05:42:01.454+0000] {logging_mixin.py:188} INFO - [2026-05-09T05:42:01.454+0000] {dagbag.py:545} INFO - Filling up the DagBag from /home/airflow/.local/lib/python3.12/site-packages/airflow/example_dags/example_bash_decorator.py
[2026-05-09T05:42:01.464+0000] {processor.py:840} INFO - DAG(s) 'example_bash_decorator' retrieved from /home/airflow/.local/lib/python3.12/site-packages/airflow/example_dags/example_bash_decorator.py
[2026-05-09T05:42:01.480+0000] {logging_mixin.py:188} INFO - [2026-05-09T05:42:01.480+0000] {dag.py:3096} INFO - Sync 1 DAGs
[2026-05-09T05:42:01.490+0000] {logging_mixin.py:188} INFO - [2026-05-09T05:42:01.490+0000] {dag.py:3954} INFO - Setting next_dagrun for example_bash_decorator to None, run_after=None
[2026-05-09T05:42:01.505+0000] {processor.py:183} INFO - Processing /home/airflow/.local/lib/python3.12/site-packages/airflow/example_dags/example_bash_decorator.py took 0.058 seconds
[2026-05-09T05:42:31.766+0000] {processor.py:161} INFO - Started process (PID=5363) to work on /home/airflow/.local/lib/python3.12/site-packages/airflow/example_dags/example_bash_decorator.py
[2026-05-09T05:42:31.768+0000] {processor.py:830} INFO - Processing file /home/airflow/.local/lib/python3.12/site-packages/airflow/example_dags/example_bash_decorator.py for tasks to queue
[2026-05-09T05:42:31.770+0000] {logging_mixin.py:188} INFO - [2026-05-09T05:42:31.769+0000] {dagbag.py:545} INFO - Filling up the DagBag from /home/airflow/.local/lib/python3.12/site-packages/airflow/example_dags/example_bash_decorator.py
[2026-05-09T05:42:31.781+0000] {processor.py:840} INFO - DAG(s) 'example_bash_decorator' retrieved from /home/airflow/.local/lib/python3.12/site-packages/airflow/example_dags/example_bash_decorator.py
[2026-05-09T05:42:31.802+0000] {logging_mixin.py:188} INFO - [2026-05-09T05:42:31.802+0000] {dag.py:3096} INFO - Sync 1 DAGs
[2026-05-09T05:42:31.813+0000] {logging_mixin.py:188} INFO - [2026-05-09T05:42:31.812+0000] {dag.py:3954} INFO - Setting next_dagrun for example_bash_decorator to None, run_after=None
[2026-05-09T05:42:31.829+0000] {processor.py:183} INFO - Processing /home/airflow/.local/lib/python3.12/site-packages/airflow/example_dags/example_bash_decorator.py took 0.068 seconds
[2026-05-09T05:43:02.680+0000] {processor.py:161} INFO - Started process (PID=5423) to work on /home/airflow/.local/lib/python3.12/site-packages/airflow/example_dags/example_bash_decorator.py
[2026-05-09T05:43:02.681+0000] {processor.py:830} INFO - Processing file /home/airflow/.local/lib/python3.12/site-packages/airflow/example_dags/example_bash_decorator.py for tasks to queue
[2026-05-09T05:43:02.683+0000] {logging_mixin.py:188} INFO - [2026-05-09T05:43:02.683+0000] {dagbag.py:545} INFO - Filling up the DagBag from /home/airflow/.local/lib/python3.12/site-packages/airflow/example_dags/example_bash_decorator.py
[2026-05-09T05:43:02.694+0000] {processor.py:840} INFO - DAG(s) 'example_bash_decorator' retrieved from /home/airflow/.local/lib/python3.12/site-packages/airflow/example_dags/example_bash_decorator.py
[2026-05-09T05:43:02.713+0000] {logging_mixin.py:188} INFO - [2026-05-09T05:43:02.712+0000] {dag.py:3096} INFO - Sync 1 DAGs
[2026-05-09T05:43:02.722+0000] {logging_mixin.py:188} INFO - [2026-05-09T05:43:02.722+0000] {dag.py:3954} INFO - Setting next_dagrun for example_bash_decorator to None, run_after=None
[2026-05-09T05:43:02.739+0000] {processor.py:183} INFO - Processing /home/airflow/.local/lib/python3.12/site-packages/airflow/example_dags/example_bash_decorator.py took 0.065 seconds
[2026-05-09T05:43:33.280+0000] {processor.py:161} INFO - Started process (PID=5483) to work on /home/airflow/.local/lib/python3.12/site-packages/airflow/example_dags/example_bash_decorator.py
[2026-05-09T05:43:33.281+0000] {processor.py:830} INFO - Processing file /home/airflow/.local/lib/python3.12/site-packages/airflow/example_dags/example_bash_decorator.py for tasks to queue
[2026-05-09T05:43:33.283+0000] {logging_mixin.py:188} INFO - [2026-05-09T05:43:33.282+0000] {dagbag.py:545} INFO - Filling up the DagBag from /home/airflow/.local/lib/python3.12/site-packages/airflow/example_dags/example_bash_decorator.py
[2026-05-09T05:43:33.293+0000] {processor.py:840} INFO - DAG(s) 'example_bash_decorator' retrieved from /home/airflow/.local/lib/python3.12/site-packages/airflow/example_dags/example_bash_decorator.py
[2026-05-09T05:43:33.310+0000] {logging_mixin.py:188} INFO - [2026-05-09T05:43:33.310+0000] {dag.py:3096} INFO - Sync 1 DAGs
[2026-05-09T05:43:33.320+0000] {logging_mixin.py:188} INFO - [2026-05-09T05:43:33.320+0000] {dag.py:3954} INFO - Setting next_dagrun for example_bash_decorator to None, run_after=None
[2026-05-09T05:43:33.335+0000] {processor.py:183} INFO - Processing /home/airflow/.local/lib/python3.12/site-packages/airflow/example_dags/example_bash_decorator.py took 0.060 seconds
[2026-05-09T05:44:04.245+0000] {processor.py:161} INFO - Started process (PID=5543) to work on /home/airflow/.local/lib/python3.12/site-packages/airflow/example_dags/example_bash_decorator.py
[2026-05-09T05:44:04.246+0000] {processor.py:830} INFO - Processing file /home/airflow/.local/lib/python3.12/site-packages/airflow/example_dags/example_bash_decorator.py for tasks to queue
[2026-05-09T05:44:04.248+0000] {logging_mixin.py:188} INFO - [2026-05-09T05:44:04.248+0000] {dagbag.py:545} INFO - Filling up the DagBag from /home/airflow/.local/lib/python3.12/site-packages/airflow/example_dags/example_bash_decorator.py
[2026-05-09T05:44:04.260+0000] {processor.py:840} INFO - DAG(s) 'example_bash_decorator' retrieved from /home/airflow/.local/lib/python3.12/site-packages/airflow/example_dags/example_bash_decorator.py
[2026-05-09T05:44:04.280+0000] {logging_mixin.py:188} INFO - [2026-05-09T05:44:04.280+0000] {dag.py:3096} INFO - Sync 1 DAGs
[2026-05-09T05:44:04.293+0000] {logging_mixin.py:188} INFO - [2026-05-09T05:44:04.293+0000] {dag.py:3954} INFO - Setting next_dagrun for example_bash_decorator to None, run_after=None
[2026-05-09T05:44:04.309+0000] {processor.py:183} INFO - Processing /home/airflow/.local/lib/python3.12/site-packages/airflow/example_dags/example_bash_decorator.py took 0.070 seconds
[2026-05-09T05:44:35.172+0000] {processor.py:161} INFO - Started process (PID=5603) to work on /home/airflow/.local/lib/python3.12/site-packages/airflow/example_dags/example_bash_decorator.py
[2026-05-09T05:44:35.173+0000] {processor.py:830} INFO - Processing file /home/airflow/.local/lib/python3.12/site-packages/airflow/example_dags/example_bash_decorator.py for tasks to queue
[2026-05-09T05:44:35.175+0000] {logging_mixin.py:188} INFO - [2026-05-09T05:44:35.175+0000] {dagbag.py:545} INFO - Filling up the DagBag from /home/airflow/.local/lib/python3.12/site-packages/airflow/example_dags/example_bash_decorator.py
[2026-05-09T05:44:35.186+0000] {processor.py:840} INFO - DAG(s) 'example_bash_decorator' retrieved from /home/airflow/.local/lib/python3.12/site-packages/airflow/example_dags/example_bash_decorator.py
[2026-05-09T05:44:35.207+0000] {logging_mixin.py:188} INFO - [2026-05-09T05:44:35.207+0000] {dag.py:3096} INFO - Sync 1 DAGs
[2026-05-09T05:44:35.220+0000] {logging_mixin.py:188} INFO - [2026-05-09T05:44:35.220+0000] {dag.py:3954} INFO - Setting next_dagrun for example_bash_decorator to None, run_after=None
[2026-05-09T05:44:35.247+0000] {processor.py:183} INFO - Processing /home/airflow/.local/lib/python3.12/site-packages/airflow/example_dags/example_bash_decorator.py took 0.080 seconds
[2026-05-09T05:45:05.481+0000] {processor.py:161} INFO - Started process (PID=5663) to work on /home/airflow/.local/lib/python3.12/site-packages/airflow/example_dags/example_bash_decorator.py
[2026-05-09T05:45:05.483+0000] {processor.py:830} INFO - Processing file /home/airflow/.local/lib/python3.12/site-packages/airflow/example_dags/example_bash_decorator.py for tasks to queue
[2026-05-09T05:45:05.485+0000] {logging_mixin.py:188} INFO - [2026-05-09T05:45:05.484+0000] {dagbag.py:545} INFO - Filling up the DagBag from /home/airflow/.local/lib/python3.12/site-packages/airflow/example_dags/example_bash_decorator.py
[2026-05-09T05:45:05.496+0000] {processor.py:840} INFO - DAG(s) 'example_bash_decorator' retrieved from /home/airflow/.local/lib/python3.12/site-packages/airflow/example_dags/example_bash_decorator.py
[2026-05-09T05:45:05.514+0000] {logging_mixin.py:188} INFO - [2026-05-09T05:45:05.514+0000] {dag.py:3096} INFO - Sync 1 DAGs
[2026-05-09T05:45:05.524+0000] {logging_mixin.py:188} INFO - [2026-05-09T05:45:05.524+0000] {dag.py:3954} INFO - Setting next_dagrun for example_bash_decorator to None, run_after=None
[2026-05-09T05:45:05.549+0000] {processor.py:183} INFO - Processing /home/airflow/.local/lib/python3.12/site-packages/airflow/example_dags/example_bash_decorator.py took 0.073 seconds
[2026-05-09T05:45:36.095+0000] {processor.py:161} INFO - Started process (PID=5723) to work on /home/airflow/.local/lib/python3.12/site-packages/airflow/example_dags/example_bash_decorator.py
[2026-05-09T05:45:36.097+0000] {processor.py:830} INFO - Processing file /home/airflow/.local/lib/python3.12/site-packages/airflow/example_dags/example_bash_decorator.py for tasks to queue
[2026-05-09T05:45:36.099+0000] {logging_mixin.py:188} INFO - [2026-05-09T05:45:36.098+0000] {dagbag.py:545} INFO - Filling up the DagBag from /home/airflow/.local/lib/python3.12/site-packages/airflow/example_dags/example_bash_decorator.py
[2026-05-09T05:45:36.111+0000] {processor.py:840} INFO - DAG(s) 'example_bash_decorator' retrieved from /home/airflow/.local/lib/python3.12/site-packages/airflow/example_dags/example_bash_decorator.py
[2026-05-09T05:45:36.134+0000] {logging_mixin.py:188} INFO - [2026-05-09T05:45:36.134+0000] {dag.py:3096} INFO - Sync 1 DAGs
[2026-05-09T05:45:36.145+0000] {logging_mixin.py:188} INFO - [2026-05-09T05:45:36.144+0000] {dag.py:3954} INFO - Setting next_dagrun for example_bash_decorator to None, run_after=None
[2026-05-09T05:45:36.161+0000] {processor.py:183} INFO - Processing /home/airflow/.local/lib/python3.12/site-packages/airflow/example_dags/example_bash_decorator.py took 0.070 seconds
[2026-05-09T05:46:06.980+0000] {processor.py:161} INFO - Started process (PID=5783) to work on /home/airflow/.local/lib/python3.12/site-packages/airflow/example_dags/example_bash_decorator.py
[2026-05-09T05:46:06.981+0000] {processor.py:830} INFO - Processing file /home/airflow/.local/lib/python3.12/site-packages/airflow/example_dags/example_bash_decorator.py for tasks to queue
[2026-05-09T05:46:06.983+0000] {logging_mixin.py:188} INFO - [2026-05-09T05:46:06.983+0000] {dagbag.py:545} INFO - Filling up the DagBag from /home/airflow/.local/lib/python3.12/site-packages/airflow/example_dags/example_bash_decorator.py
[2026-05-09T05:46:06.994+0000] {processor.py:840} INFO - DAG(s) 'example_bash_decorator' retrieved from /home/airflow/.local/lib/python3.12/site-packages/airflow/example_dags/example_bash_decorator.py
[2026-05-09T05:46:07.013+0000] {logging_mixin.py:188} INFO - [2026-05-09T05:46:07.013+0000] {dag.py:3096} INFO - Sync 1 DAGs
[2026-05-09T05:46:07.024+0000] {logging_mixin.py:188} INFO - [2026-05-09T05:46:07.023+0000] {dag.py:3954} INFO - Setting next_dagrun for example_bash_decorator to None, run_after=None
[2026-05-09T05:46:07.040+0000] {processor.py:183} INFO - Processing /home/airflow/.local/lib/python3.12/site-packages/airflow/example_dags/example_bash_decorator.py took 0.065 seconds
[2026-05-09T05:46:37.220+0000] {processor.py:161} INFO - Started process (PID=5843) to work on /home/airflow/.local/lib/python3.12/site-packages/airflow/example_dags/example_bash_decorator.py
[2026-05-09T05:46:37.221+0000] {processor.py:830} INFO - Processing file /home/airflow/.local/lib/python3.12/site-packages/airflow/example_dags/example_bash_decorator.py for tasks to queue
[2026-05-09T05:46:37.224+0000] {logging_mixin.py:188} INFO - [2026-05-09T05:46:37.223+0000] {dagbag.py:545} INFO - Filling up the DagBag from /home/airflow/.local/lib/python3.12/site-packages/airflow/example_dags/example_bash_decorator.py
[2026-05-09T05:46:37.237+0000] {processor.py:840} INFO - DAG(s) 'example_bash_decorator' retrieved from /home/airflow/.local/lib/python3.12/site-packages/airflow/example_dags/example_bash_decorator.py
[2026-05-09T05:46:37.258+0000] {logging_mixin.py:188} INFO - [2026-05-09T05:46:37.258+0000] {dag.py:3096} INFO - Sync 1 DAGs
[2026-05-09T05:46:37.271+0000] {logging_mixin.py:188} INFO - [2026-05-09T05:46:37.270+0000] {dag.py:3954} INFO - Setting next_dagrun for example_bash_decorator to None, run_after=None
[2026-05-09T05:46:37.292+0000] {processor.py:183} INFO - Processing /home/airflow/.local/lib/python3.12/site-packages/airflow/example_dags/example_bash_decorator.py took 0.077 seconds
[2026-05-09T05:47:08.010+0000] {processor.py:161} INFO - Started process (PID=5903) to work on /home/airflow/.local/lib/python3.12/site-packages/airflow/example_dags/example_bash_decorator.py
[2026-05-09T05:47:08.013+0000] {processor.py:830} INFO - Processing file /home/airflow/.local/lib/python3.12/site-packages/airflow/example_dags/example_bash_decorator.py for tasks to queue
[2026-05-09T05:47:08.015+0000] {logging_mixin.py:188} INFO - [2026-05-09T05:47:08.014+0000] {dagbag.py:545} INFO - Filling up the DagBag from /home/airflow/.local/lib/python3.12/site-packages/airflow/example_dags/example_bash_decorator.py
[2026-05-09T05:47:08.026+0000] {processor.py:840} INFO - DAG(s) 'example_bash_decorator' retrieved from /home/airflow/.local/lib/python3.12/site-packages/airflow/example_dags/example_bash_decorator.py
[2026-05-09T05:47:08.046+0000] {logging_mixin.py:188} INFO - [2026-05-09T05:47:08.046+0000] {dag.py:3096} INFO - Sync 1 DAGs
[2026-05-09T05:47:08.055+0000] {logging_mixin.py:188} INFO - [2026-05-09T05:47:08.055+0000] {dag.py:3954} INFO - Setting next_dagrun for example_bash_decorator to None, run_after=None
[2026-05-09T05:47:08.072+0000] {processor.py:183} INFO - Processing /home/airflow/.local/lib/python3.12/site-packages/airflow/example_dags/example_bash_decorator.py took 0.067 seconds
[2026-05-09T05:47:38.965+0000] {processor.py:161} INFO - Started process (PID=5963) to work on /home/airflow/.local/lib/python3.12/site-packages/airflow/example_dags/example_bash_decorator.py
[2026-05-09T05:47:38.966+0000] {processor.py:830} INFO - Processing file /home/airflow/.local/lib/python3.12/site-packages/airflow/example_dags/example_bash_decorator.py for tasks to queue
[2026-05-09T05:47:38.969+0000] {logging_mixin.py:188} INFO - [2026-05-09T05:47:38.968+0000] {dagbag.py:545} INFO - Filling up the DagBag from /home/airflow/.local/lib/python3.12/site-packages/airflow/example_dags/example_bash_decorator.py
[2026-05-09T05:47:38.981+0000] {processor.py:840} INFO - DAG(s) 'example_bash_decorator' retrieved from /home/airflow/.local/lib/python3.12/site-packages/airflow/example_dags/example_bash_decorator.py
[2026-05-09T05:47:39.004+0000] {logging_mixin.py:188} INFO - [2026-05-09T05:47:39.004+0000] {dag.py:3096} INFO - Sync 1 DAGs
[2026-05-09T05:47:39.017+0000] {logging_mixin.py:188} INFO - [2026-05-09T05:47:39.017+0000] {dag.py:3954} INFO - Setting next_dagrun for example_bash_decorator to None, run_after=None
[2026-05-09T05:47:39.037+0000] {processor.py:183} INFO - Processing /home/airflow/.local/lib/python3.12/site-packages/airflow/example_dags/example_bash_decorator.py took 0.077 seconds
[2026-05-09T05:48:09.922+0000] {processor.py:161} INFO - Started process (PID=6023) to work on /home/airflow/.local/lib/python3.12/site-packages/airflow/example_dags/example_bash_decorator.py
[2026-05-09T05:48:09.924+0000] {processor.py:830} INFO - Processing file /home/airflow/.local/lib/python3.12/site-packages/airflow/example_dags/example_bash_decorator.py for tasks to queue
[2026-05-09T05:48:09.926+0000] {logging_mixin.py:188} INFO - [2026-05-09T05:48:09.926+0000] {dagbag.py:545} INFO - Filling up the DagBag from /home/airflow/.local/lib/python3.12/site-packages/airflow/example_dags/example_bash_decorator.py
[2026-05-09T05:48:09.939+0000] {processor.py:840} INFO - DAG(s) 'example_bash_decorator' retrieved from /home/airflow/.local/lib/python3.12/site-packages/airflow/example_dags/example_bash_decorator.py
[2026-05-09T05:48:09.961+0000] {logging_mixin.py:188} INFO - [2026-05-09T05:48:09.960+0000] {dag.py:3096} INFO - Sync 1 DAGs
[2026-05-09T05:48:09.971+0000] {logging_mixin.py:188} INFO - [2026-05-09T05:48:09.971+0000] {dag.py:3954} INFO - Setting next_dagrun for example_bash_decorator to None, run_after=None
[2026-05-09T05:48:09.986+0000] {processor.py:183} INFO - Processing /home/airflow/.local/lib/python3.12/site-packages/airflow/example_dags/example_bash_decorator.py took 0.070 seconds
[2026-05-09T05:48:40.774+0000] {processor.py:161} INFO - Started process (PID=6083) to work on /home/airflow/.local/lib/python3.12/site-packages/airflow/example_dags/example_bash_decorator.py
[2026-05-09T05:48:40.775+0000] {processor.py:830} INFO - Processing file /home/airflow/.local/lib/python3.12/site-packages/airflow/example_dags/example_bash_decorator.py for tasks to queue
[2026-05-09T05:48:40.778+0000] {logging_mixin.py:188} INFO - [2026-05-09T05:48:40.778+0000] {dagbag.py:545} INFO - Filling up the DagBag from /home/airflow/.local/lib/python3.12/site-packages/airflow/example_dags/example_bash_decorator.py
[2026-05-09T05:48:40.789+0000] {processor.py:840} INFO - DAG(s) 'example_bash_decorator' retrieved from /home/airflow/.local/lib/python3.12/site-packages/airflow/example_dags/example_bash_decorator.py
[2026-05-09T05:48:40.805+0000] {logging_mixin.py:188} INFO - [2026-05-09T05:48:40.805+0000] {dag.py:3096} INFO - Sync 1 DAGs
[2026-05-09T05:48:40.817+0000] {logging_mixin.py:188} INFO - [2026-05-09T05:48:40.816+0000] {dag.py:3954} INFO - Setting next_dagrun for example_bash_decorator to None, run_after=None
[2026-05-09T05:48:40.832+0000] {processor.py:183} INFO - Processing /home/airflow/.local/lib/python3.12/site-packages/airflow/example_dags/example_bash_decorator.py took 0.065 seconds
[2026-05-09T05:49:11.772+0000] {processor.py:161} INFO - Started process (PID=6143) to work on /home/airflow/.local/lib/python3.12/site-packages/airflow/example_dags/example_bash_decorator.py
[2026-05-09T05:49:11.773+0000] {processor.py:830} INFO - Processing file /home/airflow/.local/lib/python3.12/site-packages/airflow/example_dags/example_bash_decorator.py for tasks to queue
[2026-05-09T05:49:11.775+0000] {logging_mixin.py:188} INFO - [2026-05-09T05:49:11.775+0000] {dagbag.py:545} INFO - Filling up the DagBag from /home/airflow/.local/lib/python3.12/site-packages/airflow/example_dags/example_bash_decorator.py
[2026-05-09T05:49:11.788+0000] {processor.py:840} INFO - DAG(s) 'example_bash_decorator' retrieved from /home/airflow/.local/lib/python3.12/site-packages/airflow/example_dags/example_bash_decorator.py
[2026-05-09T05:49:11.812+0000] {logging_mixin.py:188} INFO - [2026-05-09T05:49:11.812+0000] {dag.py:3096} INFO - Sync 1 DAGs
[2026-05-09T05:49:11.826+0000] {logging_mixin.py:188} INFO - [2026-05-09T05:49:11.825+0000] {dag.py:3954} INFO - Setting next_dagrun for example_bash_decorator to None, run_after=None
[2026-05-09T05:49:11.843+0000] {processor.py:183} INFO - Processing /home/airflow/.local/lib/python3.12/site-packages/airflow/example_dags/example_bash_decorator.py took 0.077 seconds
[2026-05-09T05:49:42.384+0000] {processor.py:161} INFO - Started process (PID=6203) to work on /home/airflow/.local/lib/python3.12/site-packages/airflow/example_dags/example_bash_decorator.py
[2026-05-09T05:49:42.386+0000] {processor.py:830} INFO - Processing file /home/airflow/.local/lib/python3.12/site-packages/airflow/example_dags/example_bash_decorator.py for tasks to queue
[2026-05-09T05:49:42.391+0000] {logging_mixin.py:188} INFO - [2026-05-09T05:49:42.390+0000] {dagbag.py:545} INFO - Filling up the DagBag from /home/airflow/.local/lib/python3.12/site-packages/airflow/example_dags/example_bash_decorator.py
[2026-05-09T05:49:42.411+0000] {processor.py:840} INFO - DAG(s) 'example_bash_decorator' retrieved from /home/airflow/.local/lib/python3.12/site-packages/airflow/example_dags/example_bash_decorator.py
[2026-05-09T05:49:42.446+0000] {logging_mixin.py:188} INFO - [2026-05-09T05:49:42.445+0000] {dag.py:3096} INFO - Sync 1 DAGs
[2026-05-09T05:49:42.462+0000] {logging_mixin.py:188} INFO - [2026-05-09T05:49:42.462+0000] {dag.py:3954} INFO - Setting next_dagrun for example_bash_decorator to None, run_after=None
[2026-05-09T05:49:42.499+0000] {processor.py:183} INFO - Processing /home/airflow/.local/lib/python3.12/site-packages/airflow/example_dags/example_bash_decorator.py took 0.123 seconds
[2026-05-09T05:50:12.796+0000] {processor.py:161} INFO - Started process (PID=6263) to work on /home/airflow/.local/lib/python3.12/site-packages/airflow/example_dags/example_bash_decorator.py
[2026-05-09T05:50:12.797+0000] {processor.py:830} INFO - Processing file /home/airflow/.local/lib/python3.12/site-packages/airflow/example_dags/example_bash_decorator.py for tasks to queue
[2026-05-09T05:50:12.799+0000] {logging_mixin.py:188} INFO - [2026-05-09T05:50:12.799+0000] {dagbag.py:545} INFO - Filling up the DagBag from /home/airflow/.local/lib/python3.12/site-packages/airflow/example_dags/example_bash_decorator.py
[2026-05-09T05:50:12.810+0000] {processor.py:840} INFO - DAG(s) 'example_bash_decorator' retrieved from /home/airflow/.local/lib/python3.12/site-packages/airflow/example_dags/example_bash_decorator.py
[2026-05-09T05:50:12.828+0000] {logging_mixin.py:188} INFO - [2026-05-09T05:50:12.828+0000] {dag.py:3096} INFO - Sync 1 DAGs
[2026-05-09T05:50:12.839+0000] {logging_mixin.py:188} INFO - [2026-05-09T05:50:12.839+0000] {dag.py:3954} INFO - Setting next_dagrun for example_bash_decorator to None, run_after=None
[2026-05-09T05:50:12.878+0000] {processor.py:183} INFO - Processing /home/airflow/.local/lib/python3.12/site-packages/airflow/example_dags/example_bash_decorator.py took 0.087 seconds
[2026-05-09T05:50:43.638+0000] {processor.py:161} INFO - Started process (PID=6323) to work on /home/airflow/.local/lib/python3.12/site-packages/airflow/example_dags/example_bash_decorator.py
[2026-05-09T05:50:43.643+0000] {processor.py:830} INFO - Processing file /home/airflow/.local/lib/python3.12/site-packages/airflow/example_dags/example_bash_decorator.py for tasks to queue
[2026-05-09T05:50:43.653+0000] {logging_mixin.py:188} INFO - [2026-05-09T05:50:43.653+0000] {dagbag.py:545} INFO - Filling up the DagBag from /home/airflow/.local/lib/python3.12/site-packages/airflow/example_dags/example_bash_decorator.py
[2026-05-09T05:50:43.674+0000] {processor.py:840} INFO - DAG(s) 'example_bash_decorator' retrieved from /home/airflow/.local/lib/python3.12/site-packages/airflow/example_dags/example_bash_decorator.py
[2026-05-09T05:50:43.713+0000] {logging_mixin.py:188} INFO - [2026-05-09T05:50:43.713+0000] {dag.py:3096} INFO - Sync 1 DAGs
[2026-05-09T05:50:43.735+0000] {logging_mixin.py:188} INFO - [2026-05-09T05:50:43.734+0000] {dag.py:3954} INFO - Setting next_dagrun for example_bash_decorator to None, run_after=None
[2026-05-09T05:50:43.767+0000] {processor.py:183} INFO - Processing /home/airflow/.local/lib/python3.12/site-packages/airflow/example_dags/example_bash_decorator.py took 0.137 seconds
[2026-05-09T05:51:13.844+0000] {processor.py:161} INFO - Started process (PID=6383) to work on /home/airflow/.local/lib/python3.12/site-packages/airflow/example_dags/example_bash_decorator.py
[2026-05-09T05:51:13.846+0000] {processor.py:830} INFO - Processing file /home/airflow/.local/lib/python3.12/site-packages/airflow/example_dags/example_bash_decorator.py for tasks to queue
[2026-05-09T05:51:13.849+0000] {logging_mixin.py:188} INFO - [2026-05-09T05:51:13.849+0000] {dagbag.py:545} INFO - Filling up the DagBag from /home/airflow/.local/lib/python3.12/site-packages/airflow/example_dags/example_bash_decorator.py
[2026-05-09T05:51:13.861+0000] {processor.py:840} INFO - DAG(s) 'example_bash_decorator' retrieved from /home/airflow/.local/lib/python3.12/site-packages/airflow/example_dags/example_bash_decorator.py
[2026-05-09T05:51:13.882+0000] {logging_mixin.py:188} INFO - [2026-05-09T05:51:13.882+0000] {dag.py:3096} INFO - Sync 1 DAGs
[2026-05-09T05:51:13.894+0000] {logging_mixin.py:188} INFO - [2026-05-09T05:51:13.894+0000] {dag.py:3954} INFO - Setting next_dagrun for example_bash_decorator to None, run_after=None
[2026-05-09T05:51:13.911+0000] {processor.py:183} INFO - Processing /home/airflow/.local/lib/python3.12/site-packages/airflow/example_dags/example_bash_decorator.py took 0.073 seconds
[2026-05-09T05:51:44.067+0000] {processor.py:161} INFO - Started process (PID=6442) to work on /home/airflow/.local/lib/python3.12/site-packages/airflow/example_dags/example_bash_decorator.py
[2026-05-09T05:51:44.068+0000] {processor.py:830} INFO - Processing file /home/airflow/.local/lib/python3.12/site-packages/airflow/example_dags/example_bash_decorator.py for tasks to queue
[2026-05-09T05:51:44.069+0000] {logging_mixin.py:188} INFO - [2026-05-09T05:51:44.069+0000] {dagbag.py:545} INFO - Filling up the DagBag from /home/airflow/.local/lib/python3.12/site-packages/airflow/example_dags/example_bash_decorator.py
[2026-05-09T05:51:44.079+0000] {processor.py:840} INFO - DAG(s) 'example_bash_decorator' retrieved from /home/airflow/.local/lib/python3.12/site-packages/airflow/example_dags/example_bash_decorator.py
[2026-05-09T05:51:44.096+0000] {logging_mixin.py:188} INFO - [2026-05-09T05:51:44.096+0000] {dag.py:3096} INFO - Sync 1 DAGs
[2026-05-09T05:51:44.105+0000] {logging_mixin.py:188} INFO - [2026-05-09T05:51:44.105+0000] {dag.py:3954} INFO - Setting next_dagrun for example_bash_decorator to None, run_after=None
[2026-05-09T05:51:44.121+0000] {processor.py:183} INFO - Processing /home/airflow/.local/lib/python3.12/site-packages/airflow/example_dags/example_bash_decorator.py took 0.059 seconds
[2026-05-09T05:52:14.261+0000] {processor.py:161} INFO - Started process (PID=6502) to work on /home/airflow/.local/lib/python3.12/site-packages/airflow/example_dags/example_bash_decorator.py
[2026-05-09T05:52:14.262+0000] {processor.py:830} INFO - Processing file /home/airflow/.local/lib/python3.12/site-packages/airflow/example_dags/example_bash_decorator.py for tasks to queue
[2026-05-09T05:52:14.264+0000] {logging_mixin.py:188} INFO - [2026-05-09T05:52:14.264+0000] {dagbag.py:545} INFO - Filling up the DagBag from /home/airflow/.local/lib/python3.12/site-packages/airflow/example_dags/example_bash_decorator.py
[2026-05-09T05:52:14.275+0000] {processor.py:840} INFO - DAG(s) 'example_bash_decorator' retrieved from /home/airflow/.local/lib/python3.12/site-packages/airflow/example_dags/example_bash_decorator.py
[2026-05-09T05:52:14.293+0000] {logging_mixin.py:188} INFO - [2026-05-09T05:52:14.293+0000] {dag.py:3096} INFO - Sync 1 DAGs
[2026-05-09T05:52:14.303+0000] {logging_mixin.py:188} INFO - [2026-05-09T05:52:14.303+0000] {dag.py:3954} INFO - Setting next_dagrun for example_bash_decorator to None, run_after=None
[2026-05-09T05:52:14.318+0000] {processor.py:183} INFO - Processing /home/airflow/.local/lib/python3.12/site-packages/airflow/example_dags/example_bash_decorator.py took 0.061 seconds
[2026-05-09T05:52:44.740+0000] {processor.py:161} INFO - Started process (PID=6562) to work on /home/airflow/.local/lib/python3.12/site-packages/airflow/example_dags/example_bash_decorator.py
[2026-05-09T05:52:44.742+0000] {processor.py:830} INFO - Processing file /home/airflow/.local/lib/python3.12/site-packages/airflow/example_dags/example_bash_decorator.py for tasks to queue
[2026-05-09T05:52:44.745+0000] {logging_mixin.py:188} INFO - [2026-05-09T05:52:44.744+0000] {dagbag.py:545} INFO - Filling up the DagBag from /home/airflow/.local/lib/python3.12/site-packages/airflow/example_dags/example_bash_decorator.py
[2026-05-09T05:52:44.758+0000] {processor.py:840} INFO - DAG(s) 'example_bash_decorator' retrieved from /home/airflow/.local/lib/python3.12/site-packages/airflow/example_dags/example_bash_decorator.py
[2026-05-09T05:52:44.777+0000] {logging_mixin.py:188} INFO - [2026-05-09T05:52:44.777+0000] {dag.py:3096} INFO - Sync 1 DAGs
[2026-05-09T05:52:44.787+0000] {logging_mixin.py:188} INFO - [2026-05-09T05:52:44.787+0000] {dag.py:3954} INFO - Setting next_dagrun for example_bash_decorator to None, run_after=None
[2026-05-09T05:52:44.803+0000] {processor.py:183} INFO - Processing /home/airflow/.local/lib/python3.12/site-packages/airflow/example_dags/example_bash_decorator.py took 0.068 seconds
[2026-05-09T05:53:15.497+0000] {processor.py:161} INFO - Started process (PID=6622) to work on /home/airflow/.local/lib/python3.12/site-packages/airflow/example_dags/example_bash_decorator.py
[2026-05-09T05:53:15.500+0000] {processor.py:830} INFO - Processing file /home/airflow/.local/lib/python3.12/site-packages/airflow/example_dags/example_bash_decorator.py for tasks to queue
[2026-05-09T05:53:15.505+0000] {logging_mixin.py:188} INFO - [2026-05-09T05:53:15.504+0000] {dagbag.py:545} INFO - Filling up the DagBag from /home/airflow/.local/lib/python3.12/site-packages/airflow/example_dags/example_bash_decorator.py
[2026-05-09T05:53:15.524+0000] {processor.py:840} INFO - DAG(s) 'example_bash_decorator' retrieved from /home/airflow/.local/lib/python3.12/site-packages/airflow/example_dags/example_bash_decorator.py
[2026-05-09T05:53:15.569+0000] {logging_mixin.py:188} INFO - [2026-05-09T05:53:15.568+0000] {dag.py:3096} INFO - Sync 1 DAGs
[2026-05-09T05:53:15.589+0000] {logging_mixin.py:188} INFO - [2026-05-09T05:53:15.589+0000] {dag.py:3954} INFO - Setting next_dagrun for example_bash_decorator to None, run_after=None
[2026-05-09T05:53:15.618+0000] {processor.py:183} INFO - Processing /home/airflow/.local/lib/python3.12/site-packages/airflow/example_dags/example_bash_decorator.py took 0.138 seconds
[2026-05-09T05:53:46.157+0000] {processor.py:161} INFO - Started process (PID=6682) to work on /home/airflow/.local/lib/python3.12/site-packages/airflow/example_dags/example_bash_decorator.py
[2026-05-09T05:53:46.158+0000] {processor.py:830} INFO - Processing file /home/airflow/.local/lib/python3.12/site-packages/airflow/example_dags/example_bash_decorator.py for tasks to queue
[2026-05-09T05:53:46.160+0000] {logging_mixin.py:188} INFO - [2026-05-09T05:53:46.160+0000] {dagbag.py:545} INFO - Filling up the DagBag from /home/airflow/.local/lib/python3.12/site-packages/airflow/example_dags/example_bash_decorator.py
[2026-05-09T05:53:46.177+0000] {processor.py:840} INFO - DAG(s) 'example_bash_decorator' retrieved from /home/airflow/.local/lib/python3.12/site-packages/airflow/example_dags/example_bash_decorator.py
[2026-05-09T05:53:46.198+0000] {logging_mixin.py:188} INFO - [2026-05-09T05:53:46.197+0000] {dag.py:3096} INFO - Sync 1 DAGs
[2026-05-09T05:53:46.209+0000] {logging_mixin.py:188} INFO - [2026-05-09T05:53:46.209+0000] {dag.py:3954} INFO - Setting next_dagrun for example_bash_decorator to None, run_after=None
[2026-05-09T05:53:46.227+0000] {processor.py:183} INFO - Processing /home/airflow/.local/lib/python3.12/site-packages/airflow/example_dags/example_bash_decorator.py took 0.077 seconds
[2026-05-09T05:54:16.429+0000] {processor.py:161} INFO - Started process (PID=6742) to work on /home/airflow/.local/lib/python3.12/site-packages/airflow/example_dags/example_bash_decorator.py
[2026-05-09T05:54:16.431+0000] {processor.py:830} INFO - Processing file /home/airflow/.local/lib/python3.12/site-packages/airflow/example_dags/example_bash_decorator.py for tasks to queue
[2026-05-09T05:54:16.433+0000] {logging_mixin.py:188} INFO - [2026-05-09T05:54:16.432+0000] {dagbag.py:545} INFO - Filling up the DagBag from /home/airflow/.local/lib/python3.12/site-packages/airflow/example_dags/example_bash_decorator.py
[2026-05-09T05:54:16.443+0000] {processor.py:840} INFO - DAG(s) 'example_bash_decorator' retrieved from /home/airflow/.local/lib/python3.12/site-packages/airflow/example_dags/example_bash_decorator.py
[2026-05-09T05:54:16.462+0000] {logging_mixin.py:188} INFO - [2026-05-09T05:54:16.462+0000] {dag.py:3096} INFO - Sync 1 DAGs
[2026-05-09T05:54:16.472+0000] {logging_mixin.py:188} INFO - [2026-05-09T05:54:16.472+0000] {dag.py:3954} INFO - Setting next_dagrun for example_bash_decorator to None, run_after=None
[2026-05-09T05:54:16.487+0000] {processor.py:183} INFO - Processing /home/airflow/.local/lib/python3.12/site-packages/airflow/example_dags/example_bash_decorator.py took 0.063 seconds
[2026-05-09T05:54:46.762+0000] {processor.py:161} INFO - Started process (PID=6802) to work on /home/airflow/.local/lib/python3.12/site-packages/airflow/example_dags/example_bash_decorator.py
[2026-05-09T05:54:46.763+0000] {processor.py:830} INFO - Processing file /home/airflow/.local/lib/python3.12/site-packages/airflow/example_dags/example_bash_decorator.py for tasks to queue
[2026-05-09T05:54:46.766+0000] {logging_mixin.py:188} INFO - [2026-05-09T05:54:46.765+0000] {dagbag.py:545} INFO - Filling up the DagBag from /home/airflow/.local/lib/python3.12/site-packages/airflow/example_dags/example_bash_decorator.py
[2026-05-09T05:54:46.778+0000] {processor.py:840} INFO - DAG(s) 'example_bash_decorator' retrieved from /home/airflow/.local/lib/python3.12/site-packages/airflow/example_dags/example_bash_decorator.py
[2026-05-09T05:54:46.803+0000] {logging_mixin.py:188} INFO - [2026-05-09T05:54:46.803+0000] {dag.py:3096} INFO - Sync 1 DAGs
[2026-05-09T05:54:46.816+0000] {logging_mixin.py:188} INFO - [2026-05-09T05:54:46.816+0000] {dag.py:3954} INFO - Setting next_dagrun for example_bash_decorator to None, run_after=None
[2026-05-09T05:54:46.838+0000] {processor.py:183} INFO - Processing /home/airflow/.local/lib/python3.12/site-packages/airflow/example_dags/example_bash_decorator.py took 0.084 seconds
[2026-05-09T05:55:17.418+0000] {processor.py:161} INFO - Started process (PID=6862) to work on /home/airflow/.local/lib/python3.12/site-packages/airflow/example_dags/example_bash_decorator.py
[2026-05-09T05:55:17.420+0000] {processor.py:830} INFO - Processing file /home/airflow/.local/lib/python3.12/site-packages/airflow/example_dags/example_bash_decorator.py for tasks to queue
[2026-05-09T05:55:17.424+0000] {logging_mixin.py:188} INFO - [2026-05-09T05:55:17.423+0000] {dagbag.py:545} INFO - Filling up the DagBag from /home/airflow/.local/lib/python3.12/site-packages/airflow/example_dags/example_bash_decorator.py
[2026-05-09T05:55:17.441+0000] {processor.py:840} INFO - DAG(s) 'example_bash_decorator' retrieved from /home/airflow/.local/lib/python3.12/site-packages/airflow/example_dags/example_bash_decorator.py
[2026-05-09T05:55:17.472+0000] {logging_mixin.py:188} INFO - [2026-05-09T05:55:17.472+0000] {dag.py:3096} INFO - Sync 1 DAGs
[2026-05-09T05:55:17.489+0000] {logging_mixin.py:188} INFO - [2026-05-09T05:55:17.489+0000] {dag.py:3954} INFO - Setting next_dagrun for example_bash_decorator to None, run_after=None
[2026-05-09T05:55:17.517+0000] {processor.py:183} INFO - Processing /home/airflow/.local/lib/python3.12/site-packages/airflow/example_dags/example_bash_decorator.py took 0.106 seconds
[2026-05-09T05:55:48.106+0000] {processor.py:161} INFO - Started process (PID=6922) to work on /home/airflow/.local/lib/python3.12/site-packages/airflow/example_dags/example_bash_decorator.py
[2026-05-09T05:55:48.107+0000] {processor.py:830} INFO - Processing file /home/airflow/.local/lib/python3.12/site-packages/airflow/example_dags/example_bash_decorator.py for tasks to queue
[2026-05-09T05:55:48.109+0000] {logging_mixin.py:188} INFO - [2026-05-09T05:55:48.109+0000] {dagbag.py:545} INFO - Filling up the DagBag from /home/airflow/.local/lib/python3.12/site-packages/airflow/example_dags/example_bash_decorator.py
[2026-05-09T05:55:48.121+0000] {processor.py:840} INFO - DAG(s) 'example_bash_decorator' retrieved from /home/airflow/.local/lib/python3.12/site-packages/airflow/example_dags/example_bash_decorator.py
[2026-05-09T05:55:48.145+0000] {logging_mixin.py:188} INFO - [2026-05-09T05:55:48.144+0000] {dag.py:3096} INFO - Sync 1 DAGs
[2026-05-09T05:55:48.157+0000] {logging_mixin.py:188} INFO - [2026-05-09T05:55:48.157+0000] {dag.py:3954} INFO - Setting next_dagrun for example_bash_decorator to None, run_after=None
[2026-05-09T05:55:48.177+0000] {processor.py:183} INFO - Processing /home/airflow/.local/lib/python3.12/site-packages/airflow/example_dags/example_bash_decorator.py took 0.078 seconds
[2026-05-09T05:56:18.716+0000] {processor.py:161} INFO - Started process (PID=6982) to work on /home/airflow/.local/lib/python3.12/site-packages/airflow/example_dags/example_bash_decorator.py
[2026-05-09T05:56:18.718+0000] {processor.py:830} INFO - Processing file /home/airflow/.local/lib/python3.12/site-packages/airflow/example_dags/example_bash_decorator.py for tasks to queue
[2026-05-09T05:56:18.723+0000] {logging_mixin.py:188} INFO - [2026-05-09T05:56:18.722+0000] {dagbag.py:545} INFO - Filling up the DagBag from /home/airflow/.local/lib/python3.12/site-packages/airflow/example_dags/example_bash_decorator.py
[2026-05-09T05:56:18.752+0000] {processor.py:840} INFO - DAG(s) 'example_bash_decorator' retrieved from /home/airflow/.local/lib/python3.12/site-packages/airflow/example_dags/example_bash_decorator.py
[2026-05-09T05:56:18.795+0000] {logging_mixin.py:188} INFO - [2026-05-09T05:56:18.795+0000] {dag.py:3096} INFO - Sync 1 DAGs
[2026-05-09T05:56:18.817+0000] {logging_mixin.py:188} INFO - [2026-05-09T05:56:18.817+0000] {dag.py:3954} INFO - Setting next_dagrun for example_bash_decorator to None, run_after=None
[2026-05-09T05:56:18.853+0000] {processor.py:183} INFO - Processing /home/airflow/.local/lib/python3.12/site-packages/airflow/example_dags/example_bash_decorator.py took 0.151 seconds
[2026-05-09T05:56:49.978+0000] {processor.py:161} INFO - Started process (PID=7042) to work on /home/airflow/.local/lib/python3.12/site-packages/airflow/example_dags/example_bash_decorator.py
[2026-05-09T05:56:49.980+0000] {processor.py:830} INFO - Processing file /home/airflow/.local/lib/python3.12/site-packages/airflow/example_dags/example_bash_decorator.py for tasks to queue
[2026-05-09T05:56:49.984+0000] {logging_mixin.py:188} INFO - [2026-05-09T05:56:49.984+0000] {dagbag.py:545} INFO - Filling up the DagBag from /home/airflow/.local/lib/python3.12/site-packages/airflow/example_dags/example_bash_decorator.py
[2026-05-09T05:56:50.005+0000] {processor.py:840} INFO - DAG(s) 'example_bash_decorator' retrieved from /home/airflow/.local/lib/python3.12/site-packages/airflow/example_dags/example_bash_decorator.py
[2026-05-09T05:56:50.040+0000] {logging_mixin.py:188} INFO - [2026-05-09T05:56:50.039+0000] {dag.py:3096} INFO - Sync 1 DAGs
[2026-05-09T05:56:50.262+0000] {logging_mixin.py:188} INFO - [2026-05-09T05:56:50.262+0000] {dag.py:3954} INFO - Setting next_dagrun for example_bash_decorator to None, run_after=None
[2026-05-09T05:56:50.290+0000] {processor.py:183} INFO - Processing /home/airflow/.local/lib/python3.12/site-packages/airflow/example_dags/example_bash_decorator.py took 0.324 seconds
[2026-05-09T05:57:21.008+0000] {processor.py:161} INFO - Started process (PID=7102) to work on /home/airflow/.local/lib/python3.12/site-packages/airflow/example_dags/example_bash_decorator.py
[2026-05-09T05:57:21.009+0000] {processor.py:830} INFO - Processing file /home/airflow/.local/lib/python3.12/site-packages/airflow/example_dags/example_bash_decorator.py for tasks to queue
[2026-05-09T05:57:21.012+0000] {logging_mixin.py:188} INFO - [2026-05-09T05:57:21.012+0000] {dagbag.py:545} INFO - Filling up the DagBag from /home/airflow/.local/lib/python3.12/site-packages/airflow/example_dags/example_bash_decorator.py
[2026-05-09T05:57:21.024+0000] {processor.py:840} INFO - DAG(s) 'example_bash_decorator' retrieved from /home/airflow/.local/lib/python3.12/site-packages/airflow/example_dags/example_bash_decorator.py
[2026-05-09T05:57:21.046+0000] {logging_mixin.py:188} INFO - [2026-05-09T05:57:21.046+0000] {dag.py:3096} INFO - Sync 1 DAGs
[2026-05-09T05:57:21.191+0000] {logging_mixin.py:188} INFO - [2026-05-09T05:57:21.191+0000] {dag.py:3954} INFO - Setting next_dagrun for example_bash_decorator to None, run_after=None
[2026-05-09T05:57:21.206+0000] {processor.py:183} INFO - Processing /home/airflow/.local/lib/python3.12/site-packages/airflow/example_dags/example_bash_decorator.py took 0.207 seconds
[2026-05-09T05:57:51.684+0000] {processor.py:161} INFO - Started process (PID=7162) to work on /home/airflow/.local/lib/python3.12/site-packages/airflow/example_dags/example_bash_decorator.py
[2026-05-09T05:57:51.685+0000] {processor.py:830} INFO - Processing file /home/airflow/.local/lib/python3.12/site-packages/airflow/example_dags/example_bash_decorator.py for tasks to queue
[2026-05-09T05:57:51.687+0000] {logging_mixin.py:188} INFO - [2026-05-09T05:57:51.687+0000] {dagbag.py:545} INFO - Filling up the DagBag from /home/airflow/.local/lib/python3.12/site-packages/airflow/example_dags/example_bash_decorator.py
[2026-05-09T05:57:51.698+0000] {processor.py:840} INFO - DAG(s) 'example_bash_decorator' retrieved from /home/airflow/.local/lib/python3.12/site-packages/airflow/example_dags/example_bash_decorator.py
[2026-05-09T05:57:51.715+0000] {logging_mixin.py:188} INFO - [2026-05-09T05:57:51.715+0000] {dag.py:3096} INFO - Sync 1 DAGs
[2026-05-09T05:57:51.725+0000] {logging_mixin.py:188} INFO - [2026-05-09T05:57:51.725+0000] {dag.py:3954} INFO - Setting next_dagrun for example_bash_decorator to None, run_after=None
[2026-05-09T05:57:51.739+0000] {processor.py:183} INFO - Processing /home/airflow/.local/lib/python3.12/site-packages/airflow/example_dags/example_bash_decorator.py took 0.060 seconds
[2026-05-09T05:58:21.930+0000] {processor.py:161} INFO - Started process (PID=7222) to work on /home/airflow/.local/lib/python3.12/site-packages/airflow/example_dags/example_bash_decorator.py
[2026-05-09T05:58:21.931+0000] {processor.py:830} INFO - Processing file /home/airflow/.local/lib/python3.12/site-packages/airflow/example_dags/example_bash_decorator.py for tasks to queue
[2026-05-09T05:58:21.933+0000] {logging_mixin.py:188} INFO - [2026-05-09T05:58:21.933+0000] {dagbag.py:545} INFO - Filling up the DagBag from /home/airflow/.local/lib/python3.12/site-packages/airflow/example_dags/example_bash_decorator.py
[2026-05-09T05:58:21.944+0000] {processor.py:840} INFO - DAG(s) 'example_bash_decorator' retrieved from /home/airflow/.local/lib/python3.12/site-packages/airflow/example_dags/example_bash_decorator.py
[2026-05-09T05:58:21.963+0000] {logging_mixin.py:188} INFO - [2026-05-09T05:58:21.962+0000] {dag.py:3096} INFO - Sync 1 DAGs
[2026-05-09T05:58:21.972+0000] {logging_mixin.py:188} INFO - [2026-05-09T05:58:21.972+0000] {dag.py:3954} INFO - Setting next_dagrun for example_bash_decorator to None, run_after=None
[2026-05-09T05:58:21.988+0000] {processor.py:183} INFO - Processing /home/airflow/.local/lib/python3.12/site-packages/airflow/example_dags/example_bash_decorator.py took 0.064 seconds
[2026-05-09T05:58:52.538+0000] {processor.py:161} INFO - Started process (PID=7282) to work on /home/airflow/.local/lib/python3.12/site-packages/airflow/example_dags/example_bash_decorator.py
[2026-05-09T05:58:52.539+0000] {processor.py:830} INFO - Processing file /home/airflow/.local/lib/python3.12/site-packages/airflow/example_dags/example_bash_decorator.py for tasks to queue
[2026-05-09T05:58:52.541+0000] {logging_mixin.py:188} INFO - [2026-05-09T05:58:52.541+0000] {dagbag.py:545} INFO - Filling up the DagBag from /home/airflow/.local/lib/python3.12/site-packages/airflow/example_dags/example_bash_decorator.py
[2026-05-09T05:58:52.552+0000] {processor.py:840} INFO - DAG(s) 'example_bash_decorator' retrieved from /home/airflow/.local/lib/python3.12/site-packages/airflow/example_dags/example_bash_decorator.py
[2026-05-09T05:58:52.573+0000] {logging_mixin.py:188} INFO - [2026-05-09T05:58:52.573+0000] {dag.py:3096} INFO - Sync 1 DAGs
[2026-05-09T05:58:52.583+0000] {logging_mixin.py:188} INFO - [2026-05-09T05:58:52.583+0000] {dag.py:3954} INFO - Setting next_dagrun for example_bash_decorator to None, run_after=None
[2026-05-09T05:58:52.602+0000] {processor.py:183} INFO - Processing /home/airflow/.local/lib/python3.12/site-packages/airflow/example_dags/example_bash_decorator.py took 0.069 seconds
[2026-05-09T05:59:23.088+0000] {processor.py:161} INFO - Started process (PID=7342) to work on /home/airflow/.local/lib/python3.12/site-packages/airflow/example_dags/example_bash_decorator.py
[2026-05-09T05:59:23.089+0000] {processor.py:830} INFO - Processing file /home/airflow/.local/lib/python3.12/site-packages/airflow/example_dags/example_bash_decorator.py for tasks to queue
[2026-05-09T05:59:23.091+0000] {logging_mixin.py:188} INFO - [2026-05-09T05:59:23.091+0000] {dagbag.py:545} INFO - Filling up the DagBag from /home/airflow/.local/lib/python3.12/site-packages/airflow/example_dags/example_bash_decorator.py
[2026-05-09T05:59:23.102+0000] {processor.py:840} INFO - DAG(s) 'example_bash_decorator' retrieved from /home/airflow/.local/lib/python3.12/site-packages/airflow/example_dags/example_bash_decorator.py
[2026-05-09T05:59:23.119+0000] {logging_mixin.py:188} INFO - [2026-05-09T05:59:23.118+0000] {dag.py:3096} INFO - Sync 1 DAGs
[2026-05-09T05:59:23.127+0000] {logging_mixin.py:188} INFO - [2026-05-09T05:59:23.127+0000] {dag.py:3954} INFO - Setting next_dagrun for example_bash_decorator to None, run_after=None
[2026-05-09T05:59:23.145+0000] {processor.py:183} INFO - Processing /home/airflow/.local/lib/python3.12/site-packages/airflow/example_dags/example_bash_decorator.py took 0.061 seconds
[2026-05-09T05:59:53.454+0000] {processor.py:161} INFO - Started process (PID=7402) to work on /home/airflow/.local/lib/python3.12/site-packages/airflow/example_dags/example_bash_decorator.py
[2026-05-09T05:59:53.455+0000] {processor.py:830} INFO - Processing file /home/airflow/.local/lib/python3.12/site-packages/airflow/example_dags/example_bash_decorator.py for tasks to queue
[2026-05-09T05:59:53.457+0000] {logging_mixin.py:188} INFO - [2026-05-09T05:59:53.457+0000] {dagbag.py:545} INFO - Filling up the DagBag from /home/airflow/.local/lib/python3.12/site-packages/airflow/example_dags/example_bash_decorator.py
[2026-05-09T05:59:53.467+0000] {processor.py:840} INFO - DAG(s) 'example_bash_decorator' retrieved from /home/airflow/.local/lib/python3.12/site-packages/airflow/example_dags/example_bash_decorator.py
[2026-05-09T05:59:53.487+0000] {logging_mixin.py:188} INFO - [2026-05-09T05:59:53.487+0000] {dag.py:3096} INFO - Sync 1 DAGs
[2026-05-09T05:59:53.496+0000] {logging_mixin.py:188} INFO - [2026-05-09T05:59:53.496+0000] {dag.py:3954} INFO - Setting next_dagrun for example_bash_decorator to None, run_after=None
[2026-05-09T05:59:53.512+0000] {processor.py:183} INFO - Processing /home/airflow/.local/lib/python3.12/site-packages/airflow/example_dags/example_bash_decorator.py took 0.063 seconds
[2026-05-09T06:00:23.587+0000] {processor.py:161} INFO - Started process (PID=7462) to work on /home/airflow/.local/lib/python3.12/site-packages/airflow/example_dags/example_bash_decorator.py
[2026-05-09T06:00:23.588+0000] {processor.py:830} INFO - Processing file /home/airflow/.local/lib/python3.12/site-packages/airflow/example_dags/example_bash_decorator.py for tasks to queue
[2026-05-09T06:00:23.590+0000] {logging_mixin.py:188} INFO - [2026-05-09T06:00:23.590+0000] {dagbag.py:545} INFO - Filling up the DagBag from /home/airflow/.local/lib/python3.12/site-packages/airflow/example_dags/example_bash_decorator.py
[2026-05-09T06:00:23.601+0000] {processor.py:840} INFO - DAG(s) 'example_bash_decorator' retrieved from /home/airflow/.local/lib/python3.12/site-packages/airflow/example_dags/example_bash_decorator.py
[2026-05-09T06:00:23.620+0000] {logging_mixin.py:188} INFO - [2026-05-09T06:00:23.620+0000] {dag.py:3096} INFO - Sync 1 DAGs
[2026-05-09T06:00:23.630+0000] {logging_mixin.py:188} INFO - [2026-05-09T06:00:23.630+0000] {dag.py:3954} INFO - Setting next_dagrun for example_bash_decorator to None, run_after=None
[2026-05-09T06:00:23.649+0000] {processor.py:183} INFO - Processing /home/airflow/.local/lib/python3.12/site-packages/airflow/example_dags/example_bash_decorator.py took 0.067 seconds
[2026-05-09T06:00:53.730+0000] {processor.py:161} INFO - Started process (PID=7521) to work on /home/airflow/.local/lib/python3.12/site-packages/airflow/example_dags/example_bash_decorator.py
[2026-05-09T06:00:53.731+0000] {processor.py:830} INFO - Processing file /home/airflow/.local/lib/python3.12/site-packages/airflow/example_dags/example_bash_decorator.py for tasks to queue
[2026-05-09T06:00:53.733+0000] {logging_mixin.py:188} INFO - [2026-05-09T06:00:53.732+0000] {dagbag.py:545} INFO - Filling up the DagBag from /home/airflow/.local/lib/python3.12/site-packages/airflow/example_dags/example_bash_decorator.py
[2026-05-09T06:00:53.743+0000] {processor.py:840} INFO - DAG(s) 'example_bash_decorator' retrieved from /home/airflow/.local/lib/python3.12/site-packages/airflow/example_dags/example_bash_decorator.py
[2026-05-09T06:00:53.761+0000] {logging_mixin.py:188} INFO - [2026-05-09T06:00:53.761+0000] {dag.py:3096} INFO - Sync 1 DAGs
[2026-05-09T06:00:53.770+0000] {logging_mixin.py:188} INFO - [2026-05-09T06:00:53.770+0000] {dag.py:3954} INFO - Setting next_dagrun for example_bash_decorator to None, run_after=None
[2026-05-09T06:00:53.787+0000] {processor.py:183} INFO - Processing /home/airflow/.local/lib/python3.12/site-packages/airflow/example_dags/example_bash_decorator.py took 0.062 seconds
[2026-05-09T06:01:24.261+0000] {processor.py:161} INFO - Started process (PID=7587) to work on /home/airflow/.local/lib/python3.12/site-packages/airflow/example_dags/example_bash_decorator.py
[2026-05-09T06:01:24.262+0000] {processor.py:830} INFO - Processing file /home/airflow/.local/lib/python3.12/site-packages/airflow/example_dags/example_bash_decorator.py for tasks to queue
[2026-05-09T06:01:24.265+0000] {logging_mixin.py:188} INFO - [2026-05-09T06:01:24.265+0000] {dagbag.py:545} INFO - Filling up the DagBag from /home/airflow/.local/lib/python3.12/site-packages/airflow/example_dags/example_bash_decorator.py
[2026-05-09T06:01:24.287+0000] {processor.py:840} INFO - DAG(s) 'example_bash_decorator' retrieved from /home/airflow/.local/lib/python3.12/site-packages/airflow/example_dags/example_bash_decorator.py
[2026-05-09T06:01:24.321+0000] {logging_mixin.py:188} INFO - [2026-05-09T06:01:24.321+0000] {dag.py:3096} INFO - Sync 1 DAGs
[2026-05-09T06:01:24.341+0000] {logging_mixin.py:188} INFO - [2026-05-09T06:01:24.341+0000] {dag.py:3954} INFO - Setting next_dagrun for example_bash_decorator to None, run_after=None
[2026-05-09T06:01:24.372+0000] {processor.py:183} INFO - Processing /home/airflow/.local/lib/python3.12/site-packages/airflow/example_dags/example_bash_decorator.py took 0.121 seconds
[2026-05-09T06:01:54.924+0000] {processor.py:161} INFO - Started process (PID=7647) to work on /home/airflow/.local/lib/python3.12/site-packages/airflow/example_dags/example_bash_decorator.py
[2026-05-09T06:01:54.925+0000] {processor.py:830} INFO - Processing file /home/airflow/.local/lib/python3.12/site-packages/airflow/example_dags/example_bash_decorator.py for tasks to queue
[2026-05-09T06:01:54.929+0000] {logging_mixin.py:188} INFO - [2026-05-09T06:01:54.928+0000] {dagbag.py:545} INFO - Filling up the DagBag from /home/airflow/.local/lib/python3.12/site-packages/airflow/example_dags/example_bash_decorator.py
[2026-05-09T06:01:54.950+0000] {processor.py:840} INFO - DAG(s) 'example_bash_decorator' retrieved from /home/airflow/.local/lib/python3.12/site-packages/airflow/example_dags/example_bash_decorator.py
[2026-05-09T06:01:54.985+0000] {logging_mixin.py:188} INFO - [2026-05-09T06:01:54.985+0000] {dag.py:3096} INFO - Sync 1 DAGs
[2026-05-09T06:01:55.008+0000] {logging_mixin.py:188} INFO - [2026-05-09T06:01:55.008+0000] {dag.py:3954} INFO - Setting next_dagrun for example_bash_decorator to None, run_after=None
[2026-05-09T06:01:55.039+0000] {processor.py:183} INFO - Processing /home/airflow/.local/lib/python3.12/site-packages/airflow/example_dags/example_bash_decorator.py took 0.123 seconds
[2026-05-09T06:02:25.197+0000] {processor.py:161} INFO - Started process (PID=7706) to work on /home/airflow/.local/lib/python3.12/site-packages/airflow/example_dags/example_bash_decorator.py
[2026-05-09T06:02:25.199+0000] {processor.py:830} INFO - Processing file /home/airflow/.local/lib/python3.12/site-packages/airflow/example_dags/example_bash_decorator.py for tasks to queue
[2026-05-09T06:02:25.202+0000] {logging_mixin.py:188} INFO - [2026-05-09T06:02:25.201+0000] {dagbag.py:545} INFO - Filling up the DagBag from /home/airflow/.local/lib/python3.12/site-packages/airflow/example_dags/example_bash_decorator.py
[2026-05-09T06:02:25.222+0000] {processor.py:840} INFO - DAG(s) 'example_bash_decorator' retrieved from /home/airflow/.local/lib/python3.12/site-packages/airflow/example_dags/example_bash_decorator.py
[2026-05-09T06:02:25.254+0000] {logging_mixin.py:188} INFO - [2026-05-09T06:02:25.254+0000] {dag.py:3096} INFO - Sync 1 DAGs
[2026-05-09T06:02:25.270+0000] {logging_mixin.py:188} INFO - [2026-05-09T06:02:25.269+0000] {dag.py:3954} INFO - Setting next_dagrun for example_bash_decorator to None, run_after=None
[2026-05-09T06:02:25.300+0000] {processor.py:183} INFO - Processing /home/airflow/.local/lib/python3.12/site-packages/airflow/example_dags/example_bash_decorator.py took 0.112 seconds
[2026-05-09T06:02:55.577+0000] {processor.py:161} INFO - Started process (PID=7766) to work on /home/airflow/.local/lib/python3.12/site-packages/airflow/example_dags/example_bash_decorator.py
[2026-05-09T06:02:55.579+0000] {processor.py:830} INFO - Processing file /home/airflow/.local/lib/python3.12/site-packages/airflow/example_dags/example_bash_decorator.py for tasks to queue
[2026-05-09T06:02:55.582+0000] {logging_mixin.py:188} INFO - [2026-05-09T06:02:55.582+0000] {dagbag.py:545} INFO - Filling up the DagBag from /home/airflow/.local/lib/python3.12/site-packages/airflow/example_dags/example_bash_decorator.py
[2026-05-09T06:02:55.600+0000] {processor.py:840} INFO - DAG(s) 'example_bash_decorator' retrieved from /home/airflow/.local/lib/python3.12/site-packages/airflow/example_dags/example_bash_decorator.py
[2026-05-09T06:02:55.636+0000] {logging_mixin.py:188} INFO - [2026-05-09T06:02:55.635+0000] {dag.py:3096} INFO - Sync 1 DAGs
[2026-05-09T06:02:55.652+0000] {logging_mixin.py:188} INFO - [2026-05-09T06:02:55.652+0000] {dag.py:3954} INFO - Setting next_dagrun for example_bash_decorator to None, run_after=None
[2026-05-09T06:02:55.682+0000] {processor.py:183} INFO - Processing /home/airflow/.local/lib/python3.12/site-packages/airflow/example_dags/example_bash_decorator.py took 0.113 seconds
[2026-05-09T06:03:26.261+0000] {processor.py:161} INFO - Started process (PID=7825) to work on /home/airflow/.local/lib/python3.12/site-packages/airflow/example_dags/example_bash_decorator.py
[2026-05-09T06:03:26.263+0000] {processor.py:830} INFO - Processing file /home/airflow/.local/lib/python3.12/site-packages/airflow/example_dags/example_bash_decorator.py for tasks to queue
[2026-05-09T06:03:26.264+0000] {logging_mixin.py:188} INFO - [2026-05-09T06:03:26.264+0000] {dagbag.py:545} INFO - Filling up the DagBag from /home/airflow/.local/lib/python3.12/site-packages/airflow/example_dags/example_bash_decorator.py
[2026-05-09T06:03:26.274+0000] {processor.py:840} INFO - DAG(s) 'example_bash_decorator' retrieved from /home/airflow/.local/lib/python3.12/site-packages/airflow/example_dags/example_bash_decorator.py
[2026-05-09T06:03:26.292+0000] {logging_mixin.py:188} INFO - [2026-05-09T06:03:26.291+0000] {dag.py:3096} INFO - Sync 1 DAGs
[2026-05-09T06:03:26.302+0000] {logging_mixin.py:188} INFO - [2026-05-09T06:03:26.301+0000] {dag.py:3954} INFO - Setting next_dagrun for example_bash_decorator to None, run_after=None
[2026-05-09T06:03:26.315+0000] {processor.py:183} INFO - Processing /home/airflow/.local/lib/python3.12/site-packages/airflow/example_dags/example_bash_decorator.py took 0.058 seconds
[2026-05-09T06:03:57.003+0000] {processor.py:161} INFO - Started process (PID=7883) to work on /home/airflow/.local/lib/python3.12/site-packages/airflow/example_dags/example_bash_decorator.py
[2026-05-09T06:03:57.004+0000] {processor.py:830} INFO - Processing file /home/airflow/.local/lib/python3.12/site-packages/airflow/example_dags/example_bash_decorator.py for tasks to queue
[2026-05-09T06:03:57.007+0000] {logging_mixin.py:188} INFO - [2026-05-09T06:03:57.007+0000] {dagbag.py:545} INFO - Filling up the DagBag from /home/airflow/.local/lib/python3.12/site-packages/airflow/example_dags/example_bash_decorator.py
[2026-05-09T06:03:57.020+0000] {processor.py:840} INFO - DAG(s) 'example_bash_decorator' retrieved from /home/airflow/.local/lib/python3.12/site-packages/airflow/example_dags/example_bash_decorator.py
[2026-05-09T06:03:57.039+0000] {logging_mixin.py:188} INFO - [2026-05-09T06:03:57.039+0000] {dag.py:3096} INFO - Sync 1 DAGs
[2026-05-09T06:03:57.049+0000] {logging_mixin.py:188} INFO - [2026-05-09T06:03:57.048+0000] {dag.py:3954} INFO - Setting next_dagrun for example_bash_decorator to None, run_after=None
[2026-05-09T06:03:57.063+0000] {processor.py:183} INFO - Processing /home/airflow/.local/lib/python3.12/site-packages/airflow/example_dags/example_bash_decorator.py took 0.065 seconds
[2026-05-09T06:04:27.635+0000] {processor.py:161} INFO - Started process (PID=7943) to work on /home/airflow/.local/lib/python3.12/site-packages/airflow/example_dags/example_bash_decorator.py
[2026-05-09T06:04:27.637+0000] {processor.py:830} INFO - Processing file /home/airflow/.local/lib/python3.12/site-packages/airflow/example_dags/example_bash_decorator.py for tasks to queue
[2026-05-09T06:04:27.640+0000] {logging_mixin.py:188} INFO - [2026-05-09T06:04:27.639+0000] {dagbag.py:545} INFO - Filling up the DagBag from /home/airflow/.local/lib/python3.12/site-packages/airflow/example_dags/example_bash_decorator.py
[2026-05-09T06:04:27.662+0000] {processor.py:840} INFO - DAG(s) 'example_bash_decorator' retrieved from /home/airflow/.local/lib/python3.12/site-packages/airflow/example_dags/example_bash_decorator.py
[2026-05-09T06:04:27.698+0000] {logging_mixin.py:188} INFO - [2026-05-09T06:04:27.697+0000] {dag.py:3096} INFO - Sync 1 DAGs
[2026-05-09T06:04:27.720+0000] {logging_mixin.py:188} INFO - [2026-05-09T06:04:27.720+0000] {dag.py:3954} INFO - Setting next_dagrun for example_bash_decorator to None, run_after=None
[2026-05-09T06:04:27.749+0000] {processor.py:183} INFO - Processing /home/airflow/.local/lib/python3.12/site-packages/airflow/example_dags/example_bash_decorator.py took 0.123 seconds
[2026-05-09T06:04:58.048+0000] {processor.py:161} INFO - Started process (PID=8003) to work on /home/airflow/.local/lib/python3.12/site-packages/airflow/example_dags/example_bash_decorator.py
[2026-05-09T06:04:58.050+0000] {processor.py:830} INFO - Processing file /home/airflow/.local/lib/python3.12/site-packages/airflow/example_dags/example_bash_decorator.py for tasks to queue
[2026-05-09T06:04:58.055+0000] {logging_mixin.py:188} INFO - [2026-05-09T06:04:58.054+0000] {dagbag.py:545} INFO - Filling up the DagBag from /home/airflow/.local/lib/python3.12/site-packages/airflow/example_dags/example_bash_decorator.py
[2026-05-09T06:04:58.075+0000] {processor.py:840} INFO - DAG(s) 'example_bash_decorator' retrieved from /home/airflow/.local/lib/python3.12/site-packages/airflow/example_dags/example_bash_decorator.py
[2026-05-09T06:04:58.110+0000] {logging_mixin.py:188} INFO - [2026-05-09T06:04:58.109+0000] {dag.py:3096} INFO - Sync 1 DAGs
[2026-05-09T06:04:58.128+0000] {logging_mixin.py:188} INFO - [2026-05-09T06:04:58.128+0000] {dag.py:3954} INFO - Setting next_dagrun for example_bash_decorator to None, run_after=None
[2026-05-09T06:04:58.159+0000] {processor.py:183} INFO - Processing /home/airflow/.local/lib/python3.12/site-packages/airflow/example_dags/example_bash_decorator.py took 0.125 seconds
[2026-05-09T06:05:28.930+0000] {processor.py:161} INFO - Started process (PID=8063) to work on /home/airflow/.local/lib/python3.12/site-packages/airflow/example_dags/example_bash_decorator.py
[2026-05-09T06:05:28.931+0000] {processor.py:830} INFO - Processing file /home/airflow/.local/lib/python3.12/site-packages/airflow/example_dags/example_bash_decorator.py for tasks to queue
[2026-05-09T06:05:28.933+0000] {logging_mixin.py:188} INFO - [2026-05-09T06:05:28.933+0000] {dagbag.py:545} INFO - Filling up the DagBag from /home/airflow/.local/lib/python3.12/site-packages/airflow/example_dags/example_bash_decorator.py
[2026-05-09T06:05:28.947+0000] {processor.py:840} INFO - DAG(s) 'example_bash_decorator' retrieved from /home/airflow/.local/lib/python3.12/site-packages/airflow/example_dags/example_bash_decorator.py
[2026-05-09T06:05:28.968+0000] {logging_mixin.py:188} INFO - [2026-05-09T06:05:28.968+0000] {dag.py:3096} INFO - Sync 1 DAGs
[2026-05-09T06:05:28.980+0000] {logging_mixin.py:188} INFO - [2026-05-09T06:05:28.980+0000] {dag.py:3954} INFO - Setting next_dagrun for example_bash_decorator to None, run_after=None
[2026-05-09T06:05:28.995+0000] {processor.py:183} INFO - Processing /home/airflow/.local/lib/python3.12/site-packages/airflow/example_dags/example_bash_decorator.py took 0.070 seconds
[2026-05-09T06:05:59.623+0000] {processor.py:161} INFO - Started process (PID=8123) to work on /home/airflow/.local/lib/python3.12/site-packages/airflow/example_dags/example_bash_decorator.py
[2026-05-09T06:05:59.625+0000] {processor.py:830} INFO - Processing file /home/airflow/.local/lib/python3.12/site-packages/airflow/example_dags/example_bash_decorator.py for tasks to queue
[2026-05-09T06:05:59.627+0000] {logging_mixin.py:188} INFO - [2026-05-09T06:05:59.626+0000] {dagbag.py:545} INFO - Filling up the DagBag from /home/airflow/.local/lib/python3.12/site-packages/airflow/example_dags/example_bash_decorator.py
[2026-05-09T06:05:59.637+0000] {processor.py:840} INFO - DAG(s) 'example_bash_decorator' retrieved from /home/airflow/.local/lib/python3.12/site-packages/airflow/example_dags/example_bash_decorator.py
[2026-05-09T06:05:59.657+0000] {logging_mixin.py:188} INFO - [2026-05-09T06:05:59.656+0000] {dag.py:3096} INFO - Sync 1 DAGs
[2026-05-09T06:05:59.667+0000] {logging_mixin.py:188} INFO - [2026-05-09T06:05:59.667+0000] {dag.py:3954} INFO - Setting next_dagrun for example_bash_decorator to None, run_after=None
[2026-05-09T06:05:59.682+0000] {processor.py:183} INFO - Processing /home/airflow/.local/lib/python3.12/site-packages/airflow/example_dags/example_bash_decorator.py took 0.063 seconds
[2026-05-09T06:06:30.090+0000] {processor.py:161} INFO - Started process (PID=8182) to work on /home/airflow/.local/lib/python3.12/site-packages/airflow/example_dags/example_bash_decorator.py
[2026-05-09T06:06:30.092+0000] {processor.py:830} INFO - Processing file /home/airflow/.local/lib/python3.12/site-packages/airflow/example_dags/example_bash_decorator.py for tasks to queue
[2026-05-09T06:06:30.094+0000] {logging_mixin.py:188} INFO - [2026-05-09T06:06:30.094+0000] {dagbag.py:545} INFO - Filling up the DagBag from /home/airflow/.local/lib/python3.12/site-packages/airflow/example_dags/example_bash_decorator.py
[2026-05-09T06:06:30.104+0000] {processor.py:840} INFO - DAG(s) 'example_bash_decorator' retrieved from /home/airflow/.local/lib/python3.12/site-packages/airflow/example_dags/example_bash_decorator.py
[2026-05-09T06:06:30.127+0000] {logging_mixin.py:188} INFO - [2026-05-09T06:06:30.127+0000] {dag.py:3096} INFO - Sync 1 DAGs
[2026-05-09T06:06:30.137+0000] {logging_mixin.py:188} INFO - [2026-05-09T06:06:30.137+0000] {dag.py:3954} INFO - Setting next_dagrun for example_bash_decorator to None, run_after=None
[2026-05-09T06:06:30.162+0000] {processor.py:183} INFO - Processing /home/airflow/.local/lib/python3.12/site-packages/airflow/example_dags/example_bash_decorator.py took 0.077 seconds
[2026-05-09T06:07:00.889+0000] {processor.py:161} INFO - Started process (PID=8242) to work on /home/airflow/.local/lib/python3.12/site-packages/airflow/example_dags/example_bash_decorator.py
[2026-05-09T06:07:00.890+0000] {processor.py:830} INFO - Processing file /home/airflow/.local/lib/python3.12/site-packages/airflow/example_dags/example_bash_decorator.py for tasks to queue
[2026-05-09T06:07:00.892+0000] {logging_mixin.py:188} INFO - [2026-05-09T06:07:00.892+0000] {dagbag.py:545} INFO - Filling up the DagBag from /home/airflow/.local/lib/python3.12/site-packages/airflow/example_dags/example_bash_decorator.py
[2026-05-09T06:07:00.903+0000] {processor.py:840} INFO - DAG(s) 'example_bash_decorator' retrieved from /home/airflow/.local/lib/python3.12/site-packages/airflow/example_dags/example_bash_decorator.py
[2026-05-09T06:07:00.921+0000] {logging_mixin.py:188} INFO - [2026-05-09T06:07:00.921+0000] {dag.py:3096} INFO - Sync 1 DAGs
[2026-05-09T06:07:00.933+0000] {logging_mixin.py:188} INFO - [2026-05-09T06:07:00.933+0000] {dag.py:3954} INFO - Setting next_dagrun for example_bash_decorator to None, run_after=None
[2026-05-09T06:07:00.948+0000] {processor.py:183} INFO - Processing /home/airflow/.local/lib/python3.12/site-packages/airflow/example_dags/example_bash_decorator.py took 0.064 seconds
[2026-05-09T06:07:31.638+0000] {processor.py:161} INFO - Started process (PID=8302) to work on /home/airflow/.local/lib/python3.12/site-packages/airflow/example_dags/example_bash_decorator.py
[2026-05-09T06:07:31.639+0000] {processor.py:830} INFO - Processing file /home/airflow/.local/lib/python3.12/site-packages/airflow/example_dags/example_bash_decorator.py for tasks to queue
[2026-05-09T06:07:31.641+0000] {logging_mixin.py:188} INFO - [2026-05-09T06:07:31.641+0000] {dagbag.py:545} INFO - Filling up the DagBag from /home/airflow/.local/lib/python3.12/site-packages/airflow/example_dags/example_bash_decorator.py
[2026-05-09T06:07:31.651+0000] {processor.py:840} INFO - DAG(s) 'example_bash_decorator' retrieved from /home/airflow/.local/lib/python3.12/site-packages/airflow/example_dags/example_bash_decorator.py
[2026-05-09T06:07:31.671+0000] {logging_mixin.py:188} INFO - [2026-05-09T06:07:31.670+0000] {dag.py:3096} INFO - Sync 1 DAGs
[2026-05-09T06:07:31.680+0000] {logging_mixin.py:188} INFO - [2026-05-09T06:07:31.680+0000] {dag.py:3954} INFO - Setting next_dagrun for example_bash_decorator to None, run_after=None
[2026-05-09T06:07:31.697+0000] {processor.py:183} INFO - Processing /home/airflow/.local/lib/python3.12/site-packages/airflow/example_dags/example_bash_decorator.py took 0.063 seconds
[2026-05-09T06:08:01.752+0000] {processor.py:161} INFO - Started process (PID=8362) to work on /home/airflow/.local/lib/python3.12/site-packages/airflow/example_dags/example_bash_decorator.py
[2026-05-09T06:08:01.753+0000] {processor.py:830} INFO - Processing file /home/airflow/.local/lib/python3.12/site-packages/airflow/example_dags/example_bash_decorator.py for tasks to queue
[2026-05-09T06:08:01.758+0000] {logging_mixin.py:188} INFO - [2026-05-09T06:08:01.758+0000] {dagbag.py:545} INFO - Filling up the DagBag from /home/airflow/.local/lib/python3.12/site-packages/airflow/example_dags/example_bash_decorator.py
[2026-05-09T06:08:01.778+0000] {processor.py:840} INFO - DAG(s) 'example_bash_decorator' retrieved from /home/airflow/.local/lib/python3.12/site-packages/airflow/example_dags/example_bash_decorator.py
[2026-05-09T06:08:01.817+0000] {logging_mixin.py:188} INFO - [2026-05-09T06:08:01.816+0000] {dag.py:3096} INFO - Sync 1 DAGs
[2026-05-09T06:08:01.837+0000] {logging_mixin.py:188} INFO - [2026-05-09T06:08:01.836+0000] {dag.py:3954} INFO - Setting next_dagrun for example_bash_decorator to None, run_after=None
[2026-05-09T06:08:01.867+0000] {processor.py:183} INFO - Processing /home/airflow/.local/lib/python3.12/site-packages/airflow/example_dags/example_bash_decorator.py took 0.123 seconds
[2026-05-09T06:08:32.420+0000] {processor.py:161} INFO - Started process (PID=8421) to work on /home/airflow/.local/lib/python3.12/site-packages/airflow/example_dags/example_bash_decorator.py
[2026-05-09T06:08:32.428+0000] {processor.py:830} INFO - Processing file /home/airflow/.local/lib/python3.12/site-packages/airflow/example_dags/example_bash_decorator.py for tasks to queue
[2026-05-09T06:08:32.430+0000] {logging_mixin.py:188} INFO - [2026-05-09T06:08:32.430+0000] {dagbag.py:545} INFO - Filling up the DagBag from /home/airflow/.local/lib/python3.12/site-packages/airflow/example_dags/example_bash_decorator.py
[2026-05-09T06:08:32.452+0000] {processor.py:840} INFO - DAG(s) 'example_bash_decorator' retrieved from /home/airflow/.local/lib/python3.12/site-packages/airflow/example_dags/example_bash_decorator.py
[2026-05-09T06:08:32.491+0000] {logging_mixin.py:188} INFO - [2026-05-09T06:08:32.490+0000] {dag.py:3096} INFO - Sync 1 DAGs
[2026-05-09T06:08:32.509+0000] {logging_mixin.py:188} INFO - [2026-05-09T06:08:32.509+0000] {dag.py:3954} INFO - Setting next_dagrun for example_bash_decorator to None, run_after=None
[2026-05-09T06:08:32.536+0000] {processor.py:183} INFO - Processing /home/airflow/.local/lib/python3.12/site-packages/airflow/example_dags/example_bash_decorator.py took 0.124 seconds
[2026-05-09T06:09:03.428+0000] {processor.py:161} INFO - Started process (PID=8480) to work on /home/airflow/.local/lib/python3.12/site-packages/airflow/example_dags/example_bash_decorator.py
[2026-05-09T06:09:03.429+0000] {processor.py:830} INFO - Processing file /home/airflow/.local/lib/python3.12/site-packages/airflow/example_dags/example_bash_decorator.py for tasks to queue
[2026-05-09T06:09:03.431+0000] {logging_mixin.py:188} INFO - [2026-05-09T06:09:03.431+0000] {dagbag.py:545} INFO - Filling up the DagBag from /home/airflow/.local/lib/python3.12/site-packages/airflow/example_dags/example_bash_decorator.py
[2026-05-09T06:09:03.441+0000] {processor.py:840} INFO - DAG(s) 'example_bash_decorator' retrieved from /home/airflow/.local/lib/python3.12/site-packages/airflow/example_dags/example_bash_decorator.py
[2026-05-09T06:09:03.460+0000] {logging_mixin.py:188} INFO - [2026-05-09T06:09:03.460+0000] {dag.py:3096} INFO - Sync 1 DAGs
[2026-05-09T06:09:03.470+0000] {logging_mixin.py:188} INFO - [2026-05-09T06:09:03.470+0000] {dag.py:3954} INFO - Setting next_dagrun for example_bash_decorator to None, run_after=None
[2026-05-09T06:09:03.487+0000] {processor.py:183} INFO - Processing /home/airflow/.local/lib/python3.12/site-packages/airflow/example_dags/example_bash_decorator.py took 0.064 seconds
[2026-05-09T06:09:34.252+0000] {processor.py:161} INFO - Started process (PID=8540) to work on /home/airflow/.local/lib/python3.12/site-packages/airflow/example_dags/example_bash_decorator.py
[2026-05-09T06:09:34.253+0000] {processor.py:830} INFO - Processing file /home/airflow/.local/lib/python3.12/site-packages/airflow/example_dags/example_bash_decorator.py for tasks to queue
[2026-05-09T06:09:34.255+0000] {logging_mixin.py:188} INFO - [2026-05-09T06:09:34.254+0000] {dagbag.py:545} INFO - Filling up the DagBag from /home/airflow/.local/lib/python3.12/site-packages/airflow/example_dags/example_bash_decorator.py
[2026-05-09T06:09:34.265+0000] {processor.py:840} INFO - DAG(s) 'example_bash_decorator' retrieved from /home/airflow/.local/lib/python3.12/site-packages/airflow/example_dags/example_bash_decorator.py
[2026-05-09T06:09:34.282+0000] {logging_mixin.py:188} INFO - [2026-05-09T06:09:34.282+0000] {dag.py:3096} INFO - Sync 1 DAGs
[2026-05-09T06:09:34.292+0000] {logging_mixin.py:188} INFO - [2026-05-09T06:09:34.292+0000] {dag.py:3954} INFO - Setting next_dagrun for example_bash_decorator to None, run_after=None
[2026-05-09T06:09:34.310+0000] {processor.py:183} INFO - Processing /home/airflow/.local/lib/python3.12/site-packages/airflow/example_dags/example_bash_decorator.py took 0.062 seconds
[2026-05-09T06:10:04.984+0000] {processor.py:161} INFO - Started process (PID=8600) to work on /home/airflow/.local/lib/python3.12/site-packages/airflow/example_dags/example_bash_decorator.py
[2026-05-09T06:10:04.985+0000] {processor.py:830} INFO - Processing file /home/airflow/.local/lib/python3.12/site-packages/airflow/example_dags/example_bash_decorator.py for tasks to queue
[2026-05-09T06:10:04.987+0000] {logging_mixin.py:188} INFO - [2026-05-09T06:10:04.987+0000] {dagbag.py:545} INFO - Filling up the DagBag from /home/airflow/.local/lib/python3.12/site-packages/airflow/example_dags/example_bash_decorator.py
[2026-05-09T06:10:04.998+0000] {processor.py:840} INFO - DAG(s) 'example_bash_decorator' retrieved from /home/airflow/.local/lib/python3.12/site-packages/airflow/example_dags/example_bash_decorator.py
[2026-05-09T06:10:05.017+0000] {logging_mixin.py:188} INFO - [2026-05-09T06:10:05.017+0000] {dag.py:3096} INFO - Sync 1 DAGs
[2026-05-09T06:10:05.026+0000] {logging_mixin.py:188} INFO - [2026-05-09T06:10:05.026+0000] {dag.py:3954} INFO - Setting next_dagrun for example_bash_decorator to None, run_after=None
[2026-05-09T06:10:05.042+0000] {processor.py:183} INFO - Processing /home/airflow/.local/lib/python3.12/site-packages/airflow/example_dags/example_bash_decorator.py took 0.063 seconds
[2026-05-09T06:10:35.682+0000] {processor.py:161} INFO - Started process (PID=8660) to work on /home/airflow/.local/lib/python3.12/site-packages/airflow/example_dags/example_bash_decorator.py
[2026-05-09T06:10:35.683+0000] {processor.py:830} INFO - Processing file /home/airflow/.local/lib/python3.12/site-packages/airflow/example_dags/example_bash_decorator.py for tasks to queue
[2026-05-09T06:10:35.685+0000] {logging_mixin.py:188} INFO - [2026-05-09T06:10:35.685+0000] {dagbag.py:545} INFO - Filling up the DagBag from /home/airflow/.local/lib/python3.12/site-packages/airflow/example_dags/example_bash_decorator.py
[2026-05-09T06:10:35.696+0000] {processor.py:840} INFO - DAG(s) 'example_bash_decorator' retrieved from /home/airflow/.local/lib/python3.12/site-packages/airflow/example_dags/example_bash_decorator.py
[2026-05-09T06:10:35.714+0000] {logging_mixin.py:188} INFO - [2026-05-09T06:10:35.714+0000] {dag.py:3096} INFO - Sync 1 DAGs
[2026-05-09T06:10:35.724+0000] {logging_mixin.py:188} INFO - [2026-05-09T06:10:35.723+0000] {dag.py:3954} INFO - Setting next_dagrun for example_bash_decorator to None, run_after=None
[2026-05-09T06:10:35.737+0000] {processor.py:183} INFO - Processing /home/airflow/.local/lib/python3.12/site-packages/airflow/example_dags/example_bash_decorator.py took 0.060 seconds
[2026-05-09T06:11:06.060+0000] {processor.py:161} INFO - Started process (PID=8720) to work on /home/airflow/.local/lib/python3.12/site-packages/airflow/example_dags/example_bash_decorator.py
[2026-05-09T06:11:06.062+0000] {processor.py:830} INFO - Processing file /home/airflow/.local/lib/python3.12/site-packages/airflow/example_dags/example_bash_decorator.py for tasks to queue
[2026-05-09T06:11:06.063+0000] {logging_mixin.py:188} INFO - [2026-05-09T06:11:06.063+0000] {dagbag.py:545} INFO - Filling up the DagBag from /home/airflow/.local/lib/python3.12/site-packages/airflow/example_dags/example_bash_decorator.py
[2026-05-09T06:11:06.076+0000] {processor.py:840} INFO - DAG(s) 'example_bash_decorator' retrieved from /home/airflow/.local/lib/python3.12/site-packages/airflow/example_dags/example_bash_decorator.py
[2026-05-09T06:11:06.095+0000] {logging_mixin.py:188} INFO - [2026-05-09T06:11:06.094+0000] {dag.py:3096} INFO - Sync 1 DAGs
[2026-05-09T06:11:06.105+0000] {logging_mixin.py:188} INFO - [2026-05-09T06:11:06.105+0000] {dag.py:3954} INFO - Setting next_dagrun for example_bash_decorator to None, run_after=None
[2026-05-09T06:11:06.122+0000] {processor.py:183} INFO - Processing /home/airflow/.local/lib/python3.12/site-packages/airflow/example_dags/example_bash_decorator.py took 0.066 seconds
[2026-05-09T06:11:36.880+0000] {processor.py:161} INFO - Started process (PID=8780) to work on /home/airflow/.local/lib/python3.12/site-packages/airflow/example_dags/example_bash_decorator.py
[2026-05-09T06:11:36.883+0000] {processor.py:830} INFO - Processing file /home/airflow/.local/lib/python3.12/site-packages/airflow/example_dags/example_bash_decorator.py for tasks to queue
[2026-05-09T06:11:36.886+0000] {logging_mixin.py:188} INFO - [2026-05-09T06:11:36.886+0000] {dagbag.py:545} INFO - Filling up the DagBag from /home/airflow/.local/lib/python3.12/site-packages/airflow/example_dags/example_bash_decorator.py
[2026-05-09T06:11:36.908+0000] {processor.py:840} INFO - DAG(s) 'example_bash_decorator' retrieved from /home/airflow/.local/lib/python3.12/site-packages/airflow/example_dags/example_bash_decorator.py
[2026-05-09T06:11:36.940+0000] {logging_mixin.py:188} INFO - [2026-05-09T06:11:36.940+0000] {dag.py:3096} INFO - Sync 1 DAGs
[2026-05-09T06:11:36.954+0000] {logging_mixin.py:188} INFO - [2026-05-09T06:11:36.954+0000] {dag.py:3954} INFO - Setting next_dagrun for example_bash_decorator to None, run_after=None
[2026-05-09T06:11:36.979+0000] {processor.py:183} INFO - Processing /home/airflow/.local/lib/python3.12/site-packages/airflow/example_dags/example_bash_decorator.py took 0.108 seconds
[2026-05-09T06:12:07.593+0000] {processor.py:161} INFO - Started process (PID=8841) to work on /home/airflow/.local/lib/python3.12/site-packages/airflow/example_dags/example_bash_decorator.py
[2026-05-09T06:12:07.594+0000] {processor.py:830} INFO - Processing file /home/airflow/.local/lib/python3.12/site-packages/airflow/example_dags/example_bash_decorator.py for tasks to queue
[2026-05-09T06:12:07.596+0000] {logging_mixin.py:188} INFO - [2026-05-09T06:12:07.596+0000] {dagbag.py:545} INFO - Filling up the DagBag from /home/airflow/.local/lib/python3.12/site-packages/airflow/example_dags/example_bash_decorator.py
[2026-05-09T06:12:07.611+0000] {processor.py:840} INFO - DAG(s) 'example_bash_decorator' retrieved from /home/airflow/.local/lib/python3.12/site-packages/airflow/example_dags/example_bash_decorator.py
[2026-05-09T06:12:07.640+0000] {logging_mixin.py:188} INFO - [2026-05-09T06:12:07.640+0000] {dag.py:3096} INFO - Sync 1 DAGs
[2026-05-09T06:12:07.655+0000] {logging_mixin.py:188} INFO - [2026-05-09T06:12:07.655+0000] {dag.py:3954} INFO - Setting next_dagrun for example_bash_decorator to None, run_after=None
[2026-05-09T06:12:07.680+0000] {processor.py:183} INFO - Processing /home/airflow/.local/lib/python3.12/site-packages/airflow/example_dags/example_bash_decorator.py took 0.095 seconds
[2026-05-09T06:12:37.978+0000] {processor.py:161} INFO - Started process (PID=8901) to work on /home/airflow/.local/lib/python3.12/site-packages/airflow/example_dags/example_bash_decorator.py
[2026-05-09T06:12:37.979+0000] {processor.py:830} INFO - Processing file /home/airflow/.local/lib/python3.12/site-packages/airflow/example_dags/example_bash_decorator.py for tasks to queue
[2026-05-09T06:12:37.982+0000] {logging_mixin.py:188} INFO - [2026-05-09T06:12:37.981+0000] {dagbag.py:545} INFO - Filling up the DagBag from /home/airflow/.local/lib/python3.12/site-packages/airflow/example_dags/example_bash_decorator.py
[2026-05-09T06:12:37.998+0000] {processor.py:840} INFO - DAG(s) 'example_bash_decorator' retrieved from /home/airflow/.local/lib/python3.12/site-packages/airflow/example_dags/example_bash_decorator.py
[2026-05-09T06:12:38.021+0000] {logging_mixin.py:188} INFO - [2026-05-09T06:12:38.020+0000] {dag.py:3096} INFO - Sync 1 DAGs
[2026-05-09T06:12:38.035+0000] {logging_mixin.py:188} INFO - [2026-05-09T06:12:38.035+0000] {dag.py:3954} INFO - Setting next_dagrun for example_bash_decorator to None, run_after=None
[2026-05-09T06:12:38.060+0000] {processor.py:183} INFO - Processing /home/airflow/.local/lib/python3.12/site-packages/airflow/example_dags/example_bash_decorator.py took 0.090 seconds
[2026-05-09T06:13:08.944+0000] {processor.py:161} INFO - Started process (PID=8961) to work on /home/airflow/.local/lib/python3.12/site-packages/airflow/example_dags/example_bash_decorator.py
[2026-05-09T06:13:08.946+0000] {processor.py:830} INFO - Processing file /home/airflow/.local/lib/python3.12/site-packages/airflow/example_dags/example_bash_decorator.py for tasks to queue
[2026-05-09T06:13:08.950+0000] {logging_mixin.py:188} INFO - [2026-05-09T06:13:08.950+0000] {dagbag.py:545} INFO - Filling up the DagBag from /home/airflow/.local/lib/python3.12/site-packages/airflow/example_dags/example_bash_decorator.py
[2026-05-09T06:13:08.973+0000] {processor.py:840} INFO - DAG(s) 'example_bash_decorator' retrieved from /home/airflow/.local/lib/python3.12/site-packages/airflow/example_dags/example_bash_decorator.py
[2026-05-09T06:13:09.010+0000] {logging_mixin.py:188} INFO - [2026-05-09T06:13:09.009+0000] {dag.py:3096} INFO - Sync 1 DAGs
[2026-05-09T06:13:09.030+0000] {logging_mixin.py:188} INFO - [2026-05-09T06:13:09.030+0000] {dag.py:3954} INFO - Setting next_dagrun for example_bash_decorator to None, run_after=None
[2026-05-09T06:13:09.060+0000] {processor.py:183} INFO - Processing /home/airflow/.local/lib/python3.12/site-packages/airflow/example_dags/example_bash_decorator.py took 0.124 seconds
[2026-05-09T06:13:39.255+0000] {processor.py:161} INFO - Started process (PID=9021) to work on /home/airflow/.local/lib/python3.12/site-packages/airflow/example_dags/example_bash_decorator.py
[2026-05-09T06:13:39.256+0000] {processor.py:830} INFO - Processing file /home/airflow/.local/lib/python3.12/site-packages/airflow/example_dags/example_bash_decorator.py for tasks to queue
[2026-05-09T06:13:39.259+0000] {logging_mixin.py:188} INFO - [2026-05-09T06:13:39.259+0000] {dagbag.py:545} INFO - Filling up the DagBag from /home/airflow/.local/lib/python3.12/site-packages/airflow/example_dags/example_bash_decorator.py
[2026-05-09T06:13:39.279+0000] {processor.py:840} INFO - DAG(s) 'example_bash_decorator' retrieved from /home/airflow/.local/lib/python3.12/site-packages/airflow/example_dags/example_bash_decorator.py
[2026-05-09T06:13:39.309+0000] {logging_mixin.py:188} INFO - [2026-05-09T06:13:39.308+0000] {dag.py:3096} INFO - Sync 1 DAGs
[2026-05-09T06:13:39.328+0000] {logging_mixin.py:188} INFO - [2026-05-09T06:13:39.328+0000] {dag.py:3954} INFO - Setting next_dagrun for example_bash_decorator to None, run_after=None
[2026-05-09T06:13:39.356+0000] {processor.py:183} INFO - Processing /home/airflow/.local/lib/python3.12/site-packages/airflow/example_dags/example_bash_decorator.py took 0.109 seconds
[2026-05-09T06:14:09.513+0000] {processor.py:161} INFO - Started process (PID=9081) to work on /home/airflow/.local/lib/python3.12/site-packages/airflow/example_dags/example_bash_decorator.py
[2026-05-09T06:14:09.515+0000] {processor.py:830} INFO - Processing file /home/airflow/.local/lib/python3.12/site-packages/airflow/example_dags/example_bash_decorator.py for tasks to queue
[2026-05-09T06:14:09.518+0000] {logging_mixin.py:188} INFO - [2026-05-09T06:14:09.517+0000] {dagbag.py:545} INFO - Filling up the DagBag from /home/airflow/.local/lib/python3.12/site-packages/airflow/example_dags/example_bash_decorator.py
[2026-05-09T06:14:09.537+0000] {processor.py:840} INFO - DAG(s) 'example_bash_decorator' retrieved from /home/airflow/.local/lib/python3.12/site-packages/airflow/example_dags/example_bash_decorator.py
[2026-05-09T06:14:09.563+0000] {logging_mixin.py:188} INFO - [2026-05-09T06:14:09.563+0000] {dag.py:3096} INFO - Sync 1 DAGs
[2026-05-09T06:14:09.580+0000] {logging_mixin.py:188} INFO - [2026-05-09T06:14:09.580+0000] {dag.py:3954} INFO - Setting next_dagrun for example_bash_decorator to None, run_after=None
[2026-05-09T06:14:09.610+0000] {processor.py:183} INFO - Processing /home/airflow/.local/lib/python3.12/site-packages/airflow/example_dags/example_bash_decorator.py took 0.106 seconds
[2026-05-09T06:14:40.408+0000] {processor.py:161} INFO - Started process (PID=9141) to work on /home/airflow/.local/lib/python3.12/site-packages/airflow/example_dags/example_bash_decorator.py
[2026-05-09T06:14:40.409+0000] {processor.py:830} INFO - Processing file /home/airflow/.local/lib/python3.12/site-packages/airflow/example_dags/example_bash_decorator.py for tasks to queue
[2026-05-09T06:14:40.411+0000] {logging_mixin.py:188} INFO - [2026-05-09T06:14:40.411+0000] {dagbag.py:545} INFO - Filling up the DagBag from /home/airflow/.local/lib/python3.12/site-packages/airflow/example_dags/example_bash_decorator.py
[2026-05-09T06:14:40.421+0000] {processor.py:840} INFO - DAG(s) 'example_bash_decorator' retrieved from /home/airflow/.local/lib/python3.12/site-packages/airflow/example_dags/example_bash_decorator.py
[2026-05-09T06:14:40.439+0000] {logging_mixin.py:188} INFO - [2026-05-09T06:14:40.439+0000] {dag.py:3096} INFO - Sync 1 DAGs
[2026-05-09T06:14:40.448+0000] {logging_mixin.py:188} INFO - [2026-05-09T06:14:40.448+0000] {dag.py:3954} INFO - Setting next_dagrun for example_bash_decorator to None, run_after=None
[2026-05-09T06:14:40.475+0000] {processor.py:183} INFO - Processing /home/airflow/.local/lib/python3.12/site-packages/airflow/example_dags/example_bash_decorator.py took 0.072 seconds
[2026-05-09T06:15:10.978+0000] {processor.py:161} INFO - Started process (PID=9201) to work on /home/airflow/.local/lib/python3.12/site-packages/airflow/example_dags/example_bash_decorator.py
[2026-05-09T06:15:10.980+0000] {processor.py:830} INFO - Processing file /home/airflow/.local/lib/python3.12/site-packages/airflow/example_dags/example_bash_decorator.py for tasks to queue
[2026-05-09T06:15:10.982+0000] {logging_mixin.py:188} INFO - [2026-05-09T06:15:10.982+0000] {dagbag.py:545} INFO - Filling up the DagBag from /home/airflow/.local/lib/python3.12/site-packages/airflow/example_dags/example_bash_decorator.py
[2026-05-09T06:15:10.992+0000] {processor.py:840} INFO - DAG(s) 'example_bash_decorator' retrieved from /home/airflow/.local/lib/python3.12/site-packages/airflow/example_dags/example_bash_decorator.py
[2026-05-09T06:15:11.028+0000] {logging_mixin.py:188} INFO - [2026-05-09T06:15:11.028+0000] {dag.py:3096} INFO - Sync 1 DAGs
[2026-05-09T06:15:11.043+0000] {logging_mixin.py:188} INFO - [2026-05-09T06:15:11.043+0000] {dag.py:3954} INFO - Setting next_dagrun for example_bash_decorator to None, run_after=None
[2026-05-09T06:15:11.068+0000] {processor.py:183} INFO - Processing /home/airflow/.local/lib/python3.12/site-packages/airflow/example_dags/example_bash_decorator.py took 0.095 seconds
[2026-05-09T06:15:41.979+0000] {processor.py:161} INFO - Started process (PID=9261) to work on /home/airflow/.local/lib/python3.12/site-packages/airflow/example_dags/example_bash_decorator.py
[2026-05-09T06:15:41.981+0000] {processor.py:830} INFO - Processing file /home/airflow/.local/lib/python3.12/site-packages/airflow/example_dags/example_bash_decorator.py for tasks to queue
[2026-05-09T06:15:41.983+0000] {logging_mixin.py:188} INFO - [2026-05-09T06:15:41.983+0000] {dagbag.py:545} INFO - Filling up the DagBag from /home/airflow/.local/lib/python3.12/site-packages/airflow/example_dags/example_bash_decorator.py
[2026-05-09T06:15:41.993+0000] {processor.py:840} INFO - DAG(s) 'example_bash_decorator' retrieved from /home/airflow/.local/lib/python3.12/site-packages/airflow/example_dags/example_bash_decorator.py
[2026-05-09T06:15:42.011+0000] {logging_mixin.py:188} INFO - [2026-05-09T06:15:42.010+0000] {dag.py:3096} INFO - Sync 1 DAGs
[2026-05-09T06:15:42.021+0000] {logging_mixin.py:188} INFO - [2026-05-09T06:15:42.021+0000] {dag.py:3954} INFO - Setting next_dagrun for example_bash_decorator to None, run_after=None
[2026-05-09T06:15:42.040+0000] {processor.py:183} INFO - Processing /home/airflow/.local/lib/python3.12/site-packages/airflow/example_dags/example_bash_decorator.py took 0.065 seconds
[2026-05-09T06:16:12.780+0000] {processor.py:161} INFO - Started process (PID=9322) to work on /home/airflow/.local/lib/python3.12/site-packages/airflow/example_dags/example_bash_decorator.py
[2026-05-09T06:16:12.782+0000] {processor.py:830} INFO - Processing file /home/airflow/.local/lib/python3.12/site-packages/airflow/example_dags/example_bash_decorator.py for tasks to queue
[2026-05-09T06:16:12.783+0000] {logging_mixin.py:188} INFO - [2026-05-09T06:16:12.783+0000] {dagbag.py:545} INFO - Filling up the DagBag from /home/airflow/.local/lib/python3.12/site-packages/airflow/example_dags/example_bash_decorator.py
[2026-05-09T06:16:12.794+0000] {processor.py:840} INFO - DAG(s) 'example_bash_decorator' retrieved from /home/airflow/.local/lib/python3.12/site-packages/airflow/example_dags/example_bash_decorator.py
[2026-05-09T06:16:12.811+0000] {logging_mixin.py:188} INFO - [2026-05-09T06:16:12.811+0000] {dag.py:3096} INFO - Sync 1 DAGs
[2026-05-09T06:16:12.822+0000] {logging_mixin.py:188} INFO - [2026-05-09T06:16:12.821+0000] {dag.py:3954} INFO - Setting next_dagrun for example_bash_decorator to None, run_after=None
[2026-05-09T06:16:12.839+0000] {processor.py:183} INFO - Processing /home/airflow/.local/lib/python3.12/site-packages/airflow/example_dags/example_bash_decorator.py took 0.063 seconds
[2026-05-09T06:16:43.491+0000] {processor.py:161} INFO - Started process (PID=9382) to work on /home/airflow/.local/lib/python3.12/site-packages/airflow/example_dags/example_bash_decorator.py
[2026-05-09T06:16:43.493+0000] {processor.py:830} INFO - Processing file /home/airflow/.local/lib/python3.12/site-packages/airflow/example_dags/example_bash_decorator.py for tasks to queue
[2026-05-09T06:16:43.497+0000] {logging_mixin.py:188} INFO - [2026-05-09T06:16:43.497+0000] {dagbag.py:545} INFO - Filling up the DagBag from /home/airflow/.local/lib/python3.12/site-packages/airflow/example_dags/example_bash_decorator.py
[2026-05-09T06:16:43.518+0000] {processor.py:840} INFO - DAG(s) 'example_bash_decorator' retrieved from /home/airflow/.local/lib/python3.12/site-packages/airflow/example_dags/example_bash_decorator.py
[2026-05-09T06:16:43.559+0000] {logging_mixin.py:188} INFO - [2026-05-09T06:16:43.559+0000] {dag.py:3096} INFO - Sync 1 DAGs
[2026-05-09T06:16:43.588+0000] {logging_mixin.py:188} INFO - [2026-05-09T06:16:43.587+0000] {dag.py:3954} INFO - Setting next_dagrun for example_bash_decorator to None, run_after=None
[2026-05-09T06:16:43.620+0000] {processor.py:183} INFO - Processing /home/airflow/.local/lib/python3.12/site-packages/airflow/example_dags/example_bash_decorator.py took 0.140 seconds
[2026-05-09T06:17:14.537+0000] {processor.py:161} INFO - Started process (PID=9442) to work on /home/airflow/.local/lib/python3.12/site-packages/airflow/example_dags/example_bash_decorator.py
[2026-05-09T06:17:14.538+0000] {processor.py:830} INFO - Processing file /home/airflow/.local/lib/python3.12/site-packages/airflow/example_dags/example_bash_decorator.py for tasks to queue
[2026-05-09T06:17:14.540+0000] {logging_mixin.py:188} INFO - [2026-05-09T06:17:14.540+0000] {dagbag.py:545} INFO - Filling up the DagBag from /home/airflow/.local/lib/python3.12/site-packages/airflow/example_dags/example_bash_decorator.py
[2026-05-09T06:17:14.551+0000] {processor.py:840} INFO - DAG(s) 'example_bash_decorator' retrieved from /home/airflow/.local/lib/python3.12/site-packages/airflow/example_dags/example_bash_decorator.py
[2026-05-09T06:17:14.570+0000] {logging_mixin.py:188} INFO - [2026-05-09T06:17:14.569+0000] {dag.py:3096} INFO - Sync 1 DAGs
[2026-05-09T06:17:14.579+0000] {logging_mixin.py:188} INFO - [2026-05-09T06:17:14.579+0000] {dag.py:3954} INFO - Setting next_dagrun for example_bash_decorator to None, run_after=None
[2026-05-09T06:17:14.597+0000] {processor.py:183} INFO - Processing /home/airflow/.local/lib/python3.12/site-packages/airflow/example_dags/example_bash_decorator.py took 0.065 seconds
[2026-05-09T06:17:44.977+0000] {processor.py:161} INFO - Started process (PID=9502) to work on /home/airflow/.local/lib/python3.12/site-packages/airflow/example_dags/example_bash_decorator.py
[2026-05-09T06:17:44.980+0000] {processor.py:830} INFO - Processing file /home/airflow/.local/lib/python3.12/site-packages/airflow/example_dags/example_bash_decorator.py for tasks to queue
[2026-05-09T06:17:44.983+0000] {logging_mixin.py:188} INFO - [2026-05-09T06:17:44.982+0000] {dagbag.py:545} INFO - Filling up the DagBag from /home/airflow/.local/lib/python3.12/site-packages/airflow/example_dags/example_bash_decorator.py
[2026-05-09T06:17:44.994+0000] {processor.py:840} INFO - DAG(s) 'example_bash_decorator' retrieved from /home/airflow/.local/lib/python3.12/site-packages/airflow/example_dags/example_bash_decorator.py
[2026-05-09T06:17:45.014+0000] {logging_mixin.py:188} INFO - [2026-05-09T06:17:45.014+0000] {dag.py:3096} INFO - Sync 1 DAGs
[2026-05-09T06:17:45.025+0000] {logging_mixin.py:188} INFO - [2026-05-09T06:17:45.024+0000] {dag.py:3954} INFO - Setting next_dagrun for example_bash_decorator to None, run_after=None
[2026-05-09T06:17:45.044+0000] {processor.py:183} INFO - Processing /home/airflow/.local/lib/python3.12/site-packages/airflow/example_dags/example_bash_decorator.py took 0.071 seconds
[2026-05-09T06:18:15.654+0000] {processor.py:161} INFO - Started process (PID=9562) to work on /home/airflow/.local/lib/python3.12/site-packages/airflow/example_dags/example_bash_decorator.py
[2026-05-09T06:18:15.656+0000] {processor.py:830} INFO - Processing file /home/airflow/.local/lib/python3.12/site-packages/airflow/example_dags/example_bash_decorator.py for tasks to queue
[2026-05-09T06:18:15.658+0000] {logging_mixin.py:188} INFO - [2026-05-09T06:18:15.657+0000] {dagbag.py:545} INFO - Filling up the DagBag from /home/airflow/.local/lib/python3.12/site-packages/airflow/example_dags/example_bash_decorator.py
[2026-05-09T06:18:15.670+0000] {processor.py:840} INFO - DAG(s) 'example_bash_decorator' retrieved from /home/airflow/.local/lib/python3.12/site-packages/airflow/example_dags/example_bash_decorator.py
[2026-05-09T06:18:15.690+0000] {logging_mixin.py:188} INFO - [2026-05-09T06:18:15.690+0000] {dag.py:3096} INFO - Sync 1 DAGs
[2026-05-09T06:18:15.700+0000] {logging_mixin.py:188} INFO - [2026-05-09T06:18:15.700+0000] {dag.py:3954} INFO - Setting next_dagrun for example_bash_decorator to None, run_after=None
[2026-05-09T06:18:15.727+0000] {processor.py:183} INFO - Processing /home/airflow/.local/lib/python3.12/site-packages/airflow/example_dags/example_bash_decorator.py took 0.078 seconds
[2026-05-09T06:18:45.967+0000] {processor.py:161} INFO - Started process (PID=9622) to work on /home/airflow/.local/lib/python3.12/site-packages/airflow/example_dags/example_bash_decorator.py
[2026-05-09T06:18:45.969+0000] {processor.py:830} INFO - Processing file /home/airflow/.local/lib/python3.12/site-packages/airflow/example_dags/example_bash_decorator.py for tasks to queue
[2026-05-09T06:18:45.971+0000] {logging_mixin.py:188} INFO - [2026-05-09T06:18:45.970+0000] {dagbag.py:545} INFO - Filling up the DagBag from /home/airflow/.local/lib/python3.12/site-packages/airflow/example_dags/example_bash_decorator.py
[2026-05-09T06:18:45.981+0000] {processor.py:840} INFO - DAG(s) 'example_bash_decorator' retrieved from /home/airflow/.local/lib/python3.12/site-packages/airflow/example_dags/example_bash_decorator.py
[2026-05-09T06:18:46.003+0000] {logging_mixin.py:188} INFO - [2026-05-09T06:18:46.002+0000] {dag.py:3096} INFO - Sync 1 DAGs
[2026-05-09T06:18:46.014+0000] {logging_mixin.py:188} INFO - [2026-05-09T06:18:46.014+0000] {dag.py:3954} INFO - Setting next_dagrun for example_bash_decorator to None, run_after=None
[2026-05-09T06:18:46.036+0000] {processor.py:183} INFO - Processing /home/airflow/.local/lib/python3.12/site-packages/airflow/example_dags/example_bash_decorator.py took 0.073 seconds
[2026-05-09T06:19:16.398+0000] {processor.py:161} INFO - Started process (PID=9682) to work on /home/airflow/.local/lib/python3.12/site-packages/airflow/example_dags/example_bash_decorator.py
[2026-05-09T06:19:16.406+0000] {processor.py:830} INFO - Processing file /home/airflow/.local/lib/python3.12/site-packages/airflow/example_dags/example_bash_decorator.py for tasks to queue
[2026-05-09T06:19:16.408+0000] {logging_mixin.py:188} INFO - [2026-05-09T06:19:16.408+0000] {dagbag.py:545} INFO - Filling up the DagBag from /home/airflow/.local/lib/python3.12/site-packages/airflow/example_dags/example_bash_decorator.py
[2026-05-09T06:19:16.424+0000] {processor.py:840} INFO - DAG(s) 'example_bash_decorator' retrieved from /home/airflow/.local/lib/python3.12/site-packages/airflow/example_dags/example_bash_decorator.py
[2026-05-09T06:19:16.445+0000] {logging_mixin.py:188} INFO - [2026-05-09T06:19:16.445+0000] {dag.py:3096} INFO - Sync 1 DAGs
[2026-05-09T06:19:16.456+0000] {logging_mixin.py:188} INFO - [2026-05-09T06:19:16.456+0000] {dag.py:3954} INFO - Setting next_dagrun for example_bash_decorator to None, run_after=None
[2026-05-09T06:19:16.476+0000] {processor.py:183} INFO - Processing /home/airflow/.local/lib/python3.12/site-packages/airflow/example_dags/example_bash_decorator.py took 0.083 seconds
[2026-05-09T06:19:46.782+0000] {processor.py:161} INFO - Started process (PID=9742) to work on /home/airflow/.local/lib/python3.12/site-packages/airflow/example_dags/example_bash_decorator.py
[2026-05-09T06:19:46.783+0000] {processor.py:830} INFO - Processing file /home/airflow/.local/lib/python3.12/site-packages/airflow/example_dags/example_bash_decorator.py for tasks to queue
[2026-05-09T06:19:46.785+0000] {logging_mixin.py:188} INFO - [2026-05-09T06:19:46.785+0000] {dagbag.py:545} INFO - Filling up the DagBag from /home/airflow/.local/lib/python3.12/site-packages/airflow/example_dags/example_bash_decorator.py
[2026-05-09T06:19:46.796+0000] {processor.py:840} INFO - DAG(s) 'example_bash_decorator' retrieved from /home/airflow/.local/lib/python3.12/site-packages/airflow/example_dags/example_bash_decorator.py
[2026-05-09T06:19:46.817+0000] {logging_mixin.py:188} INFO - [2026-05-09T06:19:46.817+0000] {dag.py:3096} INFO - Sync 1 DAGs
[2026-05-09T06:19:46.827+0000] {logging_mixin.py:188} INFO - [2026-05-09T06:19:46.827+0000] {dag.py:3954} INFO - Setting next_dagrun for example_bash_decorator to None, run_after=None
[2026-05-09T06:19:46.846+0000] {processor.py:183} INFO - Processing /home/airflow/.local/lib/python3.12/site-packages/airflow/example_dags/example_bash_decorator.py took 0.068 seconds
[2026-05-09T06:20:17.637+0000] {processor.py:161} INFO - Started process (PID=9802) to work on /home/airflow/.local/lib/python3.12/site-packages/airflow/example_dags/example_bash_decorator.py
[2026-05-09T06:20:17.639+0000] {processor.py:830} INFO - Processing file /home/airflow/.local/lib/python3.12/site-packages/airflow/example_dags/example_bash_decorator.py for tasks to queue
[2026-05-09T06:20:17.640+0000] {logging_mixin.py:188} INFO - [2026-05-09T06:20:17.640+0000] {dagbag.py:545} INFO - Filling up the DagBag from /home/airflow/.local/lib/python3.12/site-packages/airflow/example_dags/example_bash_decorator.py
[2026-05-09T06:20:17.653+0000] {processor.py:840} INFO - DAG(s) 'example_bash_decorator' retrieved from /home/airflow/.local/lib/python3.12/site-packages/airflow/example_dags/example_bash_decorator.py
[2026-05-09T06:20:17.675+0000] {logging_mixin.py:188} INFO - [2026-05-09T06:20:17.674+0000] {dag.py:3096} INFO - Sync 1 DAGs
[2026-05-09T06:20:17.686+0000] {logging_mixin.py:188} INFO - [2026-05-09T06:20:17.685+0000] {dag.py:3954} INFO - Setting next_dagrun for example_bash_decorator to None, run_after=None
[2026-05-09T06:20:17.705+0000] {processor.py:183} INFO - Processing /home/airflow/.local/lib/python3.12/site-packages/airflow/example_dags/example_bash_decorator.py took 0.073 seconds
[2026-05-09T06:20:48.484+0000] {processor.py:161} INFO - Started process (PID=9862) to work on /home/airflow/.local/lib/python3.12/site-packages/airflow/example_dags/example_bash_decorator.py
[2026-05-09T06:20:48.485+0000] {processor.py:830} INFO - Processing file /home/airflow/.local/lib/python3.12/site-packages/airflow/example_dags/example_bash_decorator.py for tasks to queue
[2026-05-09T06:20:48.486+0000] {logging_mixin.py:188} INFO - [2026-05-09T06:20:48.486+0000] {dagbag.py:545} INFO - Filling up the DagBag from /home/airflow/.local/lib/python3.12/site-packages/airflow/example_dags/example_bash_decorator.py
[2026-05-09T06:20:48.497+0000] {processor.py:840} INFO - DAG(s) 'example_bash_decorator' retrieved from /home/airflow/.local/lib/python3.12/site-packages/airflow/example_dags/example_bash_decorator.py
[2026-05-09T06:20:48.517+0000] {logging_mixin.py:188} INFO - [2026-05-09T06:20:48.517+0000] {dag.py:3096} INFO - Sync 1 DAGs
[2026-05-09T06:20:48.529+0000] {logging_mixin.py:188} INFO - [2026-05-09T06:20:48.528+0000] {dag.py:3954} INFO - Setting next_dagrun for example_bash_decorator to None, run_after=None
[2026-05-09T06:20:48.545+0000] {processor.py:183} INFO - Processing /home/airflow/.local/lib/python3.12/site-packages/airflow/example_dags/example_bash_decorator.py took 0.068 seconds
[2026-05-09T06:21:18.797+0000] {processor.py:161} INFO - Started process (PID=9922) to work on /home/airflow/.local/lib/python3.12/site-packages/airflow/example_dags/example_bash_decorator.py
[2026-05-09T06:21:18.800+0000] {processor.py:830} INFO - Processing file /home/airflow/.local/lib/python3.12/site-packages/airflow/example_dags/example_bash_decorator.py for tasks to queue
[2026-05-09T06:21:18.802+0000] {logging_mixin.py:188} INFO - [2026-05-09T06:21:18.802+0000] {dagbag.py:545} INFO - Filling up the DagBag from /home/airflow/.local/lib/python3.12/site-packages/airflow/example_dags/example_bash_decorator.py
[2026-05-09T06:21:18.814+0000] {processor.py:840} INFO - DAG(s) 'example_bash_decorator' retrieved from /home/airflow/.local/lib/python3.12/site-packages/airflow/example_dags/example_bash_decorator.py
[2026-05-09T06:21:18.837+0000] {logging_mixin.py:188} INFO - [2026-05-09T06:21:18.837+0000] {dag.py:3096} INFO - Sync 1 DAGs
[2026-05-09T06:21:18.856+0000] {logging_mixin.py:188} INFO - [2026-05-09T06:21:18.855+0000] {dag.py:3954} INFO - Setting next_dagrun for example_bash_decorator to None, run_after=None
[2026-05-09T06:21:18.873+0000] {processor.py:183} INFO - Processing /home/airflow/.local/lib/python3.12/site-packages/airflow/example_dags/example_bash_decorator.py took 0.084 seconds
[2026-05-09T06:21:49.499+0000] {processor.py:161} INFO - Started process (PID=9982) to work on /home/airflow/.local/lib/python3.12/site-packages/airflow/example_dags/example_bash_decorator.py
[2026-05-09T06:21:49.501+0000] {processor.py:830} INFO - Processing file /home/airflow/.local/lib/python3.12/site-packages/airflow/example_dags/example_bash_decorator.py for tasks to queue
[2026-05-09T06:21:49.503+0000] {logging_mixin.py:188} INFO - [2026-05-09T06:21:49.503+0000] {dagbag.py:545} INFO - Filling up the DagBag from /home/airflow/.local/lib/python3.12/site-packages/airflow/example_dags/example_bash_decorator.py
[2026-05-09T06:21:49.514+0000] {processor.py:840} INFO - DAG(s) 'example_bash_decorator' retrieved from /home/airflow/.local/lib/python3.12/site-packages/airflow/example_dags/example_bash_decorator.py
[2026-05-09T06:21:49.531+0000] {logging_mixin.py:188} INFO - [2026-05-09T06:21:49.531+0000] {dag.py:3096} INFO - Sync 1 DAGs
[2026-05-09T06:21:49.540+0000] {logging_mixin.py:188} INFO - [2026-05-09T06:21:49.540+0000] {dag.py:3954} INFO - Setting next_dagrun for example_bash_decorator to None, run_after=None
[2026-05-09T06:21:49.557+0000] {processor.py:183} INFO - Processing /home/airflow/.local/lib/python3.12/site-packages/airflow/example_dags/example_bash_decorator.py took 0.063 seconds
[2026-05-09T06:22:19.669+0000] {processor.py:161} INFO - Started process (PID=10042) to work on /home/airflow/.local/lib/python3.12/site-packages/airflow/example_dags/example_bash_decorator.py
[2026-05-09T06:22:19.671+0000] {processor.py:830} INFO - Processing file /home/airflow/.local/lib/python3.12/site-packages/airflow/example_dags/example_bash_decorator.py for tasks to queue
[2026-05-09T06:22:19.673+0000] {logging_mixin.py:188} INFO - [2026-05-09T06:22:19.673+0000] {dagbag.py:545} INFO - Filling up the DagBag from /home/airflow/.local/lib/python3.12/site-packages/airflow/example_dags/example_bash_decorator.py
[2026-05-09T06:22:19.684+0000] {processor.py:840} INFO - DAG(s) 'example_bash_decorator' retrieved from /home/airflow/.local/lib/python3.12/site-packages/airflow/example_dags/example_bash_decorator.py
[2026-05-09T06:22:19.704+0000] {logging_mixin.py:188} INFO - [2026-05-09T06:22:19.704+0000] {dag.py:3096} INFO - Sync 1 DAGs
[2026-05-09T06:22:19.715+0000] {logging_mixin.py:188} INFO - [2026-05-09T06:22:19.715+0000] {dag.py:3954} INFO - Setting next_dagrun for example_bash_decorator to None, run_after=None
[2026-05-09T06:22:19.738+0000] {processor.py:183} INFO - Processing /home/airflow/.local/lib/python3.12/site-packages/airflow/example_dags/example_bash_decorator.py took 0.074 seconds
[2026-05-09T06:22:50.103+0000] {processor.py:161} INFO - Started process (PID=10102) to work on /home/airflow/.local/lib/python3.12/site-packages/airflow/example_dags/example_bash_decorator.py
[2026-05-09T06:22:50.104+0000] {processor.py:830} INFO - Processing file /home/airflow/.local/lib/python3.12/site-packages/airflow/example_dags/example_bash_decorator.py for tasks to queue
[2026-05-09T06:22:50.106+0000] {logging_mixin.py:188} INFO - [2026-05-09T06:22:50.106+0000] {dagbag.py:545} INFO - Filling up the DagBag from /home/airflow/.local/lib/python3.12/site-packages/airflow/example_dags/example_bash_decorator.py
[2026-05-09T06:22:50.118+0000] {processor.py:840} INFO - DAG(s) 'example_bash_decorator' retrieved from /home/airflow/.local/lib/python3.12/site-packages/airflow/example_dags/example_bash_decorator.py
[2026-05-09T06:22:50.139+0000] {logging_mixin.py:188} INFO - [2026-05-09T06:22:50.139+0000] {dag.py:3096} INFO - Sync 1 DAGs
[2026-05-09T06:22:50.149+0000] {logging_mixin.py:188} INFO - [2026-05-09T06:22:50.149+0000] {dag.py:3954} INFO - Setting next_dagrun for example_bash_decorator to None, run_after=None
[2026-05-09T06:22:50.182+0000] {processor.py:183} INFO - Processing /home/airflow/.local/lib/python3.12/site-packages/airflow/example_dags/example_bash_decorator.py took 0.083 seconds
[2026-05-09T06:23:20.413+0000] {processor.py:161} INFO - Started process (PID=10162) to work on /home/airflow/.local/lib/python3.12/site-packages/airflow/example_dags/example_bash_decorator.py
[2026-05-09T06:23:20.414+0000] {processor.py:830} INFO - Processing file /home/airflow/.local/lib/python3.12/site-packages/airflow/example_dags/example_bash_decorator.py for tasks to queue
[2026-05-09T06:23:20.416+0000] {logging_mixin.py:188} INFO - [2026-05-09T06:23:20.416+0000] {dagbag.py:545} INFO - Filling up the DagBag from /home/airflow/.local/lib/python3.12/site-packages/airflow/example_dags/example_bash_decorator.py
[2026-05-09T06:23:20.427+0000] {processor.py:840} INFO - DAG(s) 'example_bash_decorator' retrieved from /home/airflow/.local/lib/python3.12/site-packages/airflow/example_dags/example_bash_decorator.py
[2026-05-09T06:23:20.445+0000] {logging_mixin.py:188} INFO - [2026-05-09T06:23:20.445+0000] {dag.py:3096} INFO - Sync 1 DAGs
[2026-05-09T06:23:20.454+0000] {logging_mixin.py:188} INFO - [2026-05-09T06:23:20.454+0000] {dag.py:3954} INFO - Setting next_dagrun for example_bash_decorator to None, run_after=None
[2026-05-09T06:23:20.477+0000] {processor.py:183} INFO - Processing /home/airflow/.local/lib/python3.12/site-packages/airflow/example_dags/example_bash_decorator.py took 0.069 seconds
[2026-05-09T06:23:50.528+0000] {processor.py:161} INFO - Started process (PID=10222) to work on /home/airflow/.local/lib/python3.12/site-packages/airflow/example_dags/example_bash_decorator.py
[2026-05-09T06:23:50.529+0000] {processor.py:830} INFO - Processing file /home/airflow/.local/lib/python3.12/site-packages/airflow/example_dags/example_bash_decorator.py for tasks to queue
[2026-05-09T06:23:50.531+0000] {logging_mixin.py:188} INFO - [2026-05-09T06:23:50.531+0000] {dagbag.py:545} INFO - Filling up the DagBag from /home/airflow/.local/lib/python3.12/site-packages/airflow/example_dags/example_bash_decorator.py
[2026-05-09T06:23:50.542+0000] {processor.py:840} INFO - DAG(s) 'example_bash_decorator' retrieved from /home/airflow/.local/lib/python3.12/site-packages/airflow/example_dags/example_bash_decorator.py
[2026-05-09T06:23:50.563+0000] {logging_mixin.py:188} INFO - [2026-05-09T06:23:50.563+0000] {dag.py:3096} INFO - Sync 1 DAGs
[2026-05-09T06:23:50.572+0000] {logging_mixin.py:188} INFO - [2026-05-09T06:23:50.572+0000] {dag.py:3954} INFO - Setting next_dagrun for example_bash_decorator to None, run_after=None
[2026-05-09T06:23:50.587+0000] {processor.py:183} INFO - Processing /home/airflow/.local/lib/python3.12/site-packages/airflow/example_dags/example_bash_decorator.py took 0.064 seconds
[2026-05-09T06:24:21.334+0000] {processor.py:161} INFO - Started process (PID=10282) to work on /home/airflow/.local/lib/python3.12/site-packages/airflow/example_dags/example_bash_decorator.py
[2026-05-09T06:24:21.336+0000] {processor.py:830} INFO - Processing file /home/airflow/.local/lib/python3.12/site-packages/airflow/example_dags/example_bash_decorator.py for tasks to queue
[2026-05-09T06:24:21.339+0000] {logging_mixin.py:188} INFO - [2026-05-09T06:24:21.339+0000] {dagbag.py:545} INFO - Filling up the DagBag from /home/airflow/.local/lib/python3.12/site-packages/airflow/example_dags/example_bash_decorator.py
[2026-05-09T06:24:21.351+0000] {processor.py:840} INFO - DAG(s) 'example_bash_decorator' retrieved from /home/airflow/.local/lib/python3.12/site-packages/airflow/example_dags/example_bash_decorator.py
[2026-05-09T06:24:21.372+0000] {logging_mixin.py:188} INFO - [2026-05-09T06:24:21.372+0000] {dag.py:3096} INFO - Sync 1 DAGs
[2026-05-09T06:24:21.382+0000] {logging_mixin.py:188} INFO - [2026-05-09T06:24:21.382+0000] {dag.py:3954} INFO - Setting next_dagrun for example_bash_decorator to None, run_after=None
[2026-05-09T06:24:21.401+0000] {processor.py:183} INFO - Processing /home/airflow/.local/lib/python3.12/site-packages/airflow/example_dags/example_bash_decorator.py took 0.072 seconds
[2026-05-09T06:24:51.767+0000] {processor.py:161} INFO - Started process (PID=10342) to work on /home/airflow/.local/lib/python3.12/site-packages/airflow/example_dags/example_bash_decorator.py
[2026-05-09T06:24:51.768+0000] {processor.py:830} INFO - Processing file /home/airflow/.local/lib/python3.12/site-packages/airflow/example_dags/example_bash_decorator.py for tasks to queue
[2026-05-09T06:24:51.771+0000] {logging_mixin.py:188} INFO - [2026-05-09T06:24:51.771+0000] {dagbag.py:545} INFO - Filling up the DagBag from /home/airflow/.local/lib/python3.12/site-packages/airflow/example_dags/example_bash_decorator.py
[2026-05-09T06:24:51.782+0000] {processor.py:840} INFO - DAG(s) 'example_bash_decorator' retrieved from /home/airflow/.local/lib/python3.12/site-packages/airflow/example_dags/example_bash_decorator.py
[2026-05-09T06:24:51.803+0000] {logging_mixin.py:188} INFO - [2026-05-09T06:24:51.802+0000] {dag.py:3096} INFO - Sync 1 DAGs
[2026-05-09T06:24:51.813+0000] {logging_mixin.py:188} INFO - [2026-05-09T06:24:51.812+0000] {dag.py:3954} INFO - Setting next_dagrun for example_bash_decorator to None, run_after=None
[2026-05-09T06:24:51.828+0000] {processor.py:183} INFO - Processing /home/airflow/.local/lib/python3.12/site-packages/airflow/example_dags/example_bash_decorator.py took 0.067 seconds
[2026-05-09T06:25:22.321+0000] {processor.py:161} INFO - Started process (PID=10402) to work on /home/airflow/.local/lib/python3.12/site-packages/airflow/example_dags/example_bash_decorator.py
[2026-05-09T06:25:22.323+0000] {processor.py:830} INFO - Processing file /home/airflow/.local/lib/python3.12/site-packages/airflow/example_dags/example_bash_decorator.py for tasks to queue
[2026-05-09T06:25:22.325+0000] {logging_mixin.py:188} INFO - [2026-05-09T06:25:22.325+0000] {dagbag.py:545} INFO - Filling up the DagBag from /home/airflow/.local/lib/python3.12/site-packages/airflow/example_dags/example_bash_decorator.py
[2026-05-09T06:25:22.337+0000] {processor.py:840} INFO - DAG(s) 'example_bash_decorator' retrieved from /home/airflow/.local/lib/python3.12/site-packages/airflow/example_dags/example_bash_decorator.py
[2026-05-09T06:25:22.360+0000] {logging_mixin.py:188} INFO - [2026-05-09T06:25:22.359+0000] {dag.py:3096} INFO - Sync 1 DAGs
[2026-05-09T06:25:22.373+0000] {logging_mixin.py:188} INFO - [2026-05-09T06:25:22.372+0000] {dag.py:3954} INFO - Setting next_dagrun for example_bash_decorator to None, run_after=None
[2026-05-09T06:25:22.389+0000] {processor.py:183} INFO - Processing /home/airflow/.local/lib/python3.12/site-packages/airflow/example_dags/example_bash_decorator.py took 0.073 seconds
[2026-05-09T06:25:52.840+0000] {processor.py:161} INFO - Started process (PID=10463) to work on /home/airflow/.local/lib/python3.12/site-packages/airflow/example_dags/example_bash_decorator.py
[2026-05-09T06:25:52.841+0000] {processor.py:830} INFO - Processing file /home/airflow/.local/lib/python3.12/site-packages/airflow/example_dags/example_bash_decorator.py for tasks to queue
[2026-05-09T06:25:52.843+0000] {logging_mixin.py:188} INFO - [2026-05-09T06:25:52.843+0000] {dagbag.py:545} INFO - Filling up the DagBag from /home/airflow/.local/lib/python3.12/site-packages/airflow/example_dags/example_bash_decorator.py
[2026-05-09T06:25:52.855+0000] {processor.py:840} INFO - DAG(s) 'example_bash_decorator' retrieved from /home/airflow/.local/lib/python3.12/site-packages/airflow/example_dags/example_bash_decorator.py
[2026-05-09T06:25:52.875+0000] {logging_mixin.py:188} INFO - [2026-05-09T06:25:52.874+0000] {dag.py:3096} INFO - Sync 1 DAGs
[2026-05-09T06:25:52.886+0000] {logging_mixin.py:188} INFO - [2026-05-09T06:25:52.886+0000] {dag.py:3954} INFO - Setting next_dagrun for example_bash_decorator to None, run_after=None
[2026-05-09T06:25:52.902+0000] {processor.py:183} INFO - Processing /home/airflow/.local/lib/python3.12/site-packages/airflow/example_dags/example_bash_decorator.py took 0.068 seconds
[2026-05-09T06:26:23.107+0000] {processor.py:161} INFO - Started process (PID=10523) to work on /home/airflow/.local/lib/python3.12/site-packages/airflow/example_dags/example_bash_decorator.py
[2026-05-09T06:26:23.108+0000] {processor.py:830} INFO - Processing file /home/airflow/.local/lib/python3.12/site-packages/airflow/example_dags/example_bash_decorator.py for tasks to queue
[2026-05-09T06:26:23.114+0000] {logging_mixin.py:188} INFO - [2026-05-09T06:26:23.113+0000] {dagbag.py:545} INFO - Filling up the DagBag from /home/airflow/.local/lib/python3.12/site-packages/airflow/example_dags/example_bash_decorator.py
[2026-05-09T06:26:23.125+0000] {processor.py:840} INFO - DAG(s) 'example_bash_decorator' retrieved from /home/airflow/.local/lib/python3.12/site-packages/airflow/example_dags/example_bash_decorator.py
[2026-05-09T06:26:23.149+0000] {logging_mixin.py:188} INFO - [2026-05-09T06:26:23.149+0000] {dag.py:3096} INFO - Sync 1 DAGs
[2026-05-09T06:26:23.161+0000] {logging_mixin.py:188} INFO - [2026-05-09T06:26:23.161+0000] {dag.py:3954} INFO - Setting next_dagrun for example_bash_decorator to None, run_after=None
[2026-05-09T06:26:23.179+0000] {processor.py:183} INFO - Processing /home/airflow/.local/lib/python3.12/site-packages/airflow/example_dags/example_bash_decorator.py took 0.077 seconds
[2026-05-09T06:26:53.744+0000] {processor.py:161} INFO - Started process (PID=10584) to work on /home/airflow/.local/lib/python3.12/site-packages/airflow/example_dags/example_bash_decorator.py
[2026-05-09T06:26:53.746+0000] {processor.py:830} INFO - Processing file /home/airflow/.local/lib/python3.12/site-packages/airflow/example_dags/example_bash_decorator.py for tasks to queue
[2026-05-09T06:26:53.748+0000] {logging_mixin.py:188} INFO - [2026-05-09T06:26:53.748+0000] {dagbag.py:545} INFO - Filling up the DagBag from /home/airflow/.local/lib/python3.12/site-packages/airflow/example_dags/example_bash_decorator.py
[2026-05-09T06:26:53.763+0000] {processor.py:840} INFO - DAG(s) 'example_bash_decorator' retrieved from /home/airflow/.local/lib/python3.12/site-packages/airflow/example_dags/example_bash_decorator.py
[2026-05-09T06:26:53.782+0000] {logging_mixin.py:188} INFO - [2026-05-09T06:26:53.782+0000] {dag.py:3096} INFO - Sync 1 DAGs
[2026-05-09T06:26:53.793+0000] {logging_mixin.py:188} INFO - [2026-05-09T06:26:53.792+0000] {dag.py:3954} INFO - Setting next_dagrun for example_bash_decorator to None, run_after=None
[2026-05-09T06:26:53.810+0000] {processor.py:183} INFO - Processing /home/airflow/.local/lib/python3.12/site-packages/airflow/example_dags/example_bash_decorator.py took 0.073 seconds
[2026-05-09T06:27:24.348+0000] {processor.py:161} INFO - Started process (PID=10644) to work on /home/airflow/.local/lib/python3.12/site-packages/airflow/example_dags/example_bash_decorator.py
[2026-05-09T06:27:24.349+0000] {processor.py:830} INFO - Processing file /home/airflow/.local/lib/python3.12/site-packages/airflow/example_dags/example_bash_decorator.py for tasks to queue
[2026-05-09T06:27:24.351+0000] {logging_mixin.py:188} INFO - [2026-05-09T06:27:24.351+0000] {dagbag.py:545} INFO - Filling up the DagBag from /home/airflow/.local/lib/python3.12/site-packages/airflow/example_dags/example_bash_decorator.py
[2026-05-09T06:27:24.362+0000] {processor.py:840} INFO - DAG(s) 'example_bash_decorator' retrieved from /home/airflow/.local/lib/python3.12/site-packages/airflow/example_dags/example_bash_decorator.py
[2026-05-09T06:27:24.382+0000] {logging_mixin.py:188} INFO - [2026-05-09T06:27:24.381+0000] {dag.py:3096} INFO - Sync 1 DAGs
[2026-05-09T06:27:24.391+0000] {logging_mixin.py:188} INFO - [2026-05-09T06:27:24.391+0000] {dag.py:3954} INFO - Setting next_dagrun for example_bash_decorator to None, run_after=None
[2026-05-09T06:27:24.420+0000] {processor.py:183} INFO - Processing /home/airflow/.local/lib/python3.12/site-packages/airflow/example_dags/example_bash_decorator.py took 0.077 seconds
[2026-05-09T06:27:54.946+0000] {processor.py:161} INFO - Started process (PID=10705) to work on /home/airflow/.local/lib/python3.12/site-packages/airflow/example_dags/example_bash_decorator.py
[2026-05-09T06:27:54.947+0000] {processor.py:830} INFO - Processing file /home/airflow/.local/lib/python3.12/site-packages/airflow/example_dags/example_bash_decorator.py for tasks to queue
[2026-05-09T06:27:54.949+0000] {logging_mixin.py:188} INFO - [2026-05-09T06:27:54.949+0000] {dagbag.py:545} INFO - Filling up the DagBag from /home/airflow/.local/lib/python3.12/site-packages/airflow/example_dags/example_bash_decorator.py
[2026-05-09T06:27:54.961+0000] {processor.py:840} INFO - DAG(s) 'example_bash_decorator' retrieved from /home/airflow/.local/lib/python3.12/site-packages/airflow/example_dags/example_bash_decorator.py
[2026-05-09T06:27:54.991+0000] {logging_mixin.py:188} INFO - [2026-05-09T06:27:54.990+0000] {dag.py:3096} INFO - Sync 1 DAGs
[2026-05-09T06:27:55.011+0000] {logging_mixin.py:188} INFO - [2026-05-09T06:27:55.011+0000] {dag.py:3954} INFO - Setting next_dagrun for example_bash_decorator to None, run_after=None
[2026-05-09T06:27:55.036+0000] {processor.py:183} INFO - Processing /home/airflow/.local/lib/python3.12/site-packages/airflow/example_dags/example_bash_decorator.py took 0.095 seconds
[2026-05-09T06:28:25.149+0000] {processor.py:161} INFO - Started process (PID=10765) to work on /home/airflow/.local/lib/python3.12/site-packages/airflow/example_dags/example_bash_decorator.py
[2026-05-09T06:28:25.151+0000] {processor.py:830} INFO - Processing file /home/airflow/.local/lib/python3.12/site-packages/airflow/example_dags/example_bash_decorator.py for tasks to queue
[2026-05-09T06:28:25.152+0000] {logging_mixin.py:188} INFO - [2026-05-09T06:28:25.152+0000] {dagbag.py:545} INFO - Filling up the DagBag from /home/airflow/.local/lib/python3.12/site-packages/airflow/example_dags/example_bash_decorator.py
[2026-05-09T06:28:25.162+0000] {processor.py:840} INFO - DAG(s) 'example_bash_decorator' retrieved from /home/airflow/.local/lib/python3.12/site-packages/airflow/example_dags/example_bash_decorator.py
[2026-05-09T06:28:25.181+0000] {logging_mixin.py:188} INFO - [2026-05-09T06:28:25.181+0000] {dag.py:3096} INFO - Sync 1 DAGs
[2026-05-09T06:28:25.190+0000] {logging_mixin.py:188} INFO - [2026-05-09T06:28:25.190+0000] {dag.py:3954} INFO - Setting next_dagrun for example_bash_decorator to None, run_after=None
[2026-05-09T06:28:25.206+0000] {processor.py:183} INFO - Processing /home/airflow/.local/lib/python3.12/site-packages/airflow/example_dags/example_bash_decorator.py took 0.061 seconds
[2026-05-09T06:28:56.326+0000] {processor.py:161} INFO - Started process (PID=10825) to work on /home/airflow/.local/lib/python3.12/site-packages/airflow/example_dags/example_bash_decorator.py
[2026-05-09T06:28:56.327+0000] {processor.py:830} INFO - Processing file /home/airflow/.local/lib/python3.12/site-packages/airflow/example_dags/example_bash_decorator.py for tasks to queue
[2026-05-09T06:28:56.330+0000] {logging_mixin.py:188} INFO - [2026-05-09T06:28:56.330+0000] {dagbag.py:545} INFO - Filling up the DagBag from /home/airflow/.local/lib/python3.12/site-packages/airflow/example_dags/example_bash_decorator.py
[2026-05-09T06:28:56.341+0000] {processor.py:840} INFO - DAG(s) 'example_bash_decorator' retrieved from /home/airflow/.local/lib/python3.12/site-packages/airflow/example_dags/example_bash_decorator.py
[2026-05-09T06:28:56.362+0000] {logging_mixin.py:188} INFO - [2026-05-09T06:28:56.362+0000] {dag.py:3096} INFO - Sync 1 DAGs
[2026-05-09T06:28:56.372+0000] {logging_mixin.py:188} INFO - [2026-05-09T06:28:56.372+0000] {dag.py:3954} INFO - Setting next_dagrun for example_bash_decorator to None, run_after=None
[2026-05-09T06:28:56.397+0000] {processor.py:183} INFO - Processing /home/airflow/.local/lib/python3.12/site-packages/airflow/example_dags/example_bash_decorator.py took 0.076 seconds
[2026-05-09T06:29:26.940+0000] {processor.py:161} INFO - Started process (PID=10885) to work on /home/airflow/.local/lib/python3.12/site-packages/airflow/example_dags/example_bash_decorator.py
[2026-05-09T06:29:26.942+0000] {processor.py:830} INFO - Processing file /home/airflow/.local/lib/python3.12/site-packages/airflow/example_dags/example_bash_decorator.py for tasks to queue
[2026-05-09T06:29:26.944+0000] {logging_mixin.py:188} INFO - [2026-05-09T06:29:26.944+0000] {dagbag.py:545} INFO - Filling up the DagBag from /home/airflow/.local/lib/python3.12/site-packages/airflow/example_dags/example_bash_decorator.py
[2026-05-09T06:29:26.954+0000] {processor.py:840} INFO - DAG(s) 'example_bash_decorator' retrieved from /home/airflow/.local/lib/python3.12/site-packages/airflow/example_dags/example_bash_decorator.py
[2026-05-09T06:29:26.972+0000] {logging_mixin.py:188} INFO - [2026-05-09T06:29:26.972+0000] {dag.py:3096} INFO - Sync 1 DAGs
[2026-05-09T06:29:26.981+0000] {logging_mixin.py:188} INFO - [2026-05-09T06:29:26.981+0000] {dag.py:3954} INFO - Setting next_dagrun for example_bash_decorator to None, run_after=None
[2026-05-09T06:29:26.999+0000] {processor.py:183} INFO - Processing /home/airflow/.local/lib/python3.12/site-packages/airflow/example_dags/example_bash_decorator.py took 0.064 seconds
[2026-05-09T06:29:57.288+0000] {processor.py:161} INFO - Started process (PID=10945) to work on /home/airflow/.local/lib/python3.12/site-packages/airflow/example_dags/example_bash_decorator.py
[2026-05-09T06:29:57.289+0000] {processor.py:830} INFO - Processing file /home/airflow/.local/lib/python3.12/site-packages/airflow/example_dags/example_bash_decorator.py for tasks to queue
[2026-05-09T06:29:57.291+0000] {logging_mixin.py:188} INFO - [2026-05-09T06:29:57.291+0000] {dagbag.py:545} INFO - Filling up the DagBag from /home/airflow/.local/lib/python3.12/site-packages/airflow/example_dags/example_bash_decorator.py
[2026-05-09T06:29:57.305+0000] {processor.py:840} INFO - DAG(s) 'example_bash_decorator' retrieved from /home/airflow/.local/lib/python3.12/site-packages/airflow/example_dags/example_bash_decorator.py
[2026-05-09T06:29:57.325+0000] {logging_mixin.py:188} INFO - [2026-05-09T06:29:57.325+0000] {dag.py:3096} INFO - Sync 1 DAGs
[2026-05-09T06:29:57.336+0000] {logging_mixin.py:188} INFO - [2026-05-09T06:29:57.336+0000] {dag.py:3954} INFO - Setting next_dagrun for example_bash_decorator to None, run_after=None
[2026-05-09T06:29:57.352+0000] {processor.py:183} INFO - Processing /home/airflow/.local/lib/python3.12/site-packages/airflow/example_dags/example_bash_decorator.py took 0.069 seconds
[2026-05-09T06:30:27.541+0000] {processor.py:161} INFO - Started process (PID=11005) to work on /home/airflow/.local/lib/python3.12/site-packages/airflow/example_dags/example_bash_decorator.py
[2026-05-09T06:30:27.542+0000] {processor.py:830} INFO - Processing file /home/airflow/.local/lib/python3.12/site-packages/airflow/example_dags/example_bash_decorator.py for tasks to queue
[2026-05-09T06:30:27.544+0000] {logging_mixin.py:188} INFO - [2026-05-09T06:30:27.544+0000] {dagbag.py:545} INFO - Filling up the DagBag from /home/airflow/.local/lib/python3.12/site-packages/airflow/example_dags/example_bash_decorator.py
[2026-05-09T06:30:27.555+0000] {processor.py:840} INFO - DAG(s) 'example_bash_decorator' retrieved from /home/airflow/.local/lib/python3.12/site-packages/airflow/example_dags/example_bash_decorator.py
[2026-05-09T06:30:27.574+0000] {logging_mixin.py:188} INFO - [2026-05-09T06:30:27.574+0000] {dag.py:3096} INFO - Sync 1 DAGs
[2026-05-09T06:30:27.595+0000] {logging_mixin.py:188} INFO - [2026-05-09T06:30:27.595+0000] {dag.py:3954} INFO - Setting next_dagrun for example_bash_decorator to None, run_after=None
[2026-05-09T06:30:27.613+0000] {processor.py:183} INFO - Processing /home/airflow/.local/lib/python3.12/site-packages/airflow/example_dags/example_bash_decorator.py took 0.076 seconds
[2026-05-09T06:30:58.322+0000] {processor.py:161} INFO - Started process (PID=11065) to work on /home/airflow/.local/lib/python3.12/site-packages/airflow/example_dags/example_bash_decorator.py
[2026-05-09T06:30:58.326+0000] {processor.py:830} INFO - Processing file /home/airflow/.local/lib/python3.12/site-packages/airflow/example_dags/example_bash_decorator.py for tasks to queue
[2026-05-09T06:30:58.352+0000] {logging_mixin.py:188} INFO - [2026-05-09T06:30:58.352+0000] {dagbag.py:545} INFO - Filling up the DagBag from /home/airflow/.local/lib/python3.12/site-packages/airflow/example_dags/example_bash_decorator.py
[2026-05-09T06:30:58.363+0000] {processor.py:840} INFO - DAG(s) 'example_bash_decorator' retrieved from /home/airflow/.local/lib/python3.12/site-packages/airflow/example_dags/example_bash_decorator.py
[2026-05-09T06:30:58.392+0000] {logging_mixin.py:188} INFO - [2026-05-09T06:30:58.392+0000] {dag.py:3096} INFO - Sync 1 DAGs
[2026-05-09T06:30:58.407+0000] {logging_mixin.py:188} INFO - [2026-05-09T06:30:58.407+0000] {dag.py:3954} INFO - Setting next_dagrun for example_bash_decorator to None, run_after=None
[2026-05-09T06:30:58.423+0000] {processor.py:183} INFO - Processing /home/airflow/.local/lib/python3.12/site-packages/airflow/example_dags/example_bash_decorator.py took 0.106 seconds
[2026-05-09T06:31:28.874+0000] {processor.py:161} INFO - Started process (PID=11131) to work on /home/airflow/.local/lib/python3.12/site-packages/airflow/example_dags/example_bash_decorator.py
[2026-05-09T06:31:28.876+0000] {processor.py:830} INFO - Processing file /home/airflow/.local/lib/python3.12/site-packages/airflow/example_dags/example_bash_decorator.py for tasks to queue
[2026-05-09T06:31:28.878+0000] {logging_mixin.py:188} INFO - [2026-05-09T06:31:28.878+0000] {dagbag.py:545} INFO - Filling up the DagBag from /home/airflow/.local/lib/python3.12/site-packages/airflow/example_dags/example_bash_decorator.py
[2026-05-09T06:31:28.889+0000] {processor.py:840} INFO - DAG(s) 'example_bash_decorator' retrieved from /home/airflow/.local/lib/python3.12/site-packages/airflow/example_dags/example_bash_decorator.py
[2026-05-09T06:31:28.907+0000] {logging_mixin.py:188} INFO - [2026-05-09T06:31:28.907+0000] {dag.py:3096} INFO - Sync 1 DAGs
[2026-05-09T06:31:28.917+0000] {logging_mixin.py:188} INFO - [2026-05-09T06:31:28.917+0000] {dag.py:3954} INFO - Setting next_dagrun for example_bash_decorator to None, run_after=None
[2026-05-09T06:31:28.934+0000] {processor.py:183} INFO - Processing /home/airflow/.local/lib/python3.12/site-packages/airflow/example_dags/example_bash_decorator.py took 0.065 seconds
[2026-05-09T06:31:59.171+0000] {processor.py:161} INFO - Started process (PID=11191) to work on /home/airflow/.local/lib/python3.12/site-packages/airflow/example_dags/example_bash_decorator.py
[2026-05-09T06:31:59.174+0000] {processor.py:830} INFO - Processing file /home/airflow/.local/lib/python3.12/site-packages/airflow/example_dags/example_bash_decorator.py for tasks to queue
[2026-05-09T06:31:59.178+0000] {logging_mixin.py:188} INFO - [2026-05-09T06:31:59.178+0000] {dagbag.py:545} INFO - Filling up the DagBag from /home/airflow/.local/lib/python3.12/site-packages/airflow/example_dags/example_bash_decorator.py
[2026-05-09T06:31:59.191+0000] {processor.py:840} INFO - DAG(s) 'example_bash_decorator' retrieved from /home/airflow/.local/lib/python3.12/site-packages/airflow/example_dags/example_bash_decorator.py
[2026-05-09T06:31:59.214+0000] {logging_mixin.py:188} INFO - [2026-05-09T06:31:59.214+0000] {dag.py:3096} INFO - Sync 1 DAGs
[2026-05-09T06:31:59.224+0000] {logging_mixin.py:188} INFO - [2026-05-09T06:31:59.224+0000] {dag.py:3954} INFO - Setting next_dagrun for example_bash_decorator to None, run_after=None
[2026-05-09T06:31:59.241+0000] {processor.py:183} INFO - Processing /home/airflow/.local/lib/python3.12/site-packages/airflow/example_dags/example_bash_decorator.py took 0.074 seconds
[2026-05-09T06:32:30.136+0000] {processor.py:161} INFO - Started process (PID=11252) to work on /home/airflow/.local/lib/python3.12/site-packages/airflow/example_dags/example_bash_decorator.py
[2026-05-09T06:32:30.137+0000] {processor.py:830} INFO - Processing file /home/airflow/.local/lib/python3.12/site-packages/airflow/example_dags/example_bash_decorator.py for tasks to queue
[2026-05-09T06:32:30.139+0000] {logging_mixin.py:188} INFO - [2026-05-09T06:32:30.139+0000] {dagbag.py:545} INFO - Filling up the DagBag from /home/airflow/.local/lib/python3.12/site-packages/airflow/example_dags/example_bash_decorator.py
[2026-05-09T06:32:30.149+0000] {processor.py:840} INFO - DAG(s) 'example_bash_decorator' retrieved from /home/airflow/.local/lib/python3.12/site-packages/airflow/example_dags/example_bash_decorator.py
[2026-05-09T06:32:30.168+0000] {logging_mixin.py:188} INFO - [2026-05-09T06:32:30.168+0000] {dag.py:3096} INFO - Sync 1 DAGs
[2026-05-09T06:32:30.179+0000] {logging_mixin.py:188} INFO - [2026-05-09T06:32:30.179+0000] {dag.py:3954} INFO - Setting next_dagrun for example_bash_decorator to None, run_after=None
[2026-05-09T06:32:30.197+0000] {processor.py:183} INFO - Processing /home/airflow/.local/lib/python3.12/site-packages/airflow/example_dags/example_bash_decorator.py took 0.065 seconds
[2026-05-09T06:33:00.428+0000] {processor.py:161} INFO - Started process (PID=11312) to work on /home/airflow/.local/lib/python3.12/site-packages/airflow/example_dags/example_bash_decorator.py
[2026-05-09T06:33:00.429+0000] {processor.py:830} INFO - Processing file /home/airflow/.local/lib/python3.12/site-packages/airflow/example_dags/example_bash_decorator.py for tasks to queue
[2026-05-09T06:33:00.432+0000] {logging_mixin.py:188} INFO - [2026-05-09T06:33:00.431+0000] {dagbag.py:545} INFO - Filling up the DagBag from /home/airflow/.local/lib/python3.12/site-packages/airflow/example_dags/example_bash_decorator.py
[2026-05-09T06:33:00.446+0000] {processor.py:840} INFO - DAG(s) 'example_bash_decorator' retrieved from /home/airflow/.local/lib/python3.12/site-packages/airflow/example_dags/example_bash_decorator.py
[2026-05-09T06:33:00.466+0000] {logging_mixin.py:188} INFO - [2026-05-09T06:33:00.466+0000] {dag.py:3096} INFO - Sync 1 DAGs
[2026-05-09T06:33:00.477+0000] {logging_mixin.py:188} INFO - [2026-05-09T06:33:00.477+0000] {dag.py:3954} INFO - Setting next_dagrun for example_bash_decorator to None, run_after=None
[2026-05-09T06:33:00.494+0000] {processor.py:183} INFO - Processing /home/airflow/.local/lib/python3.12/site-packages/airflow/example_dags/example_bash_decorator.py took 0.072 seconds
[2026-05-09T06:33:30.981+0000] {processor.py:161} INFO - Started process (PID=11372) to work on /home/airflow/.local/lib/python3.12/site-packages/airflow/example_dags/example_bash_decorator.py
[2026-05-09T06:33:30.983+0000] {processor.py:830} INFO - Processing file /home/airflow/.local/lib/python3.12/site-packages/airflow/example_dags/example_bash_decorator.py for tasks to queue
[2026-05-09T06:33:30.986+0000] {logging_mixin.py:188} INFO - [2026-05-09T06:33:30.986+0000] {dagbag.py:545} INFO - Filling up the DagBag from /home/airflow/.local/lib/python3.12/site-packages/airflow/example_dags/example_bash_decorator.py
[2026-05-09T06:33:31.005+0000] {processor.py:840} INFO - DAG(s) 'example_bash_decorator' retrieved from /home/airflow/.local/lib/python3.12/site-packages/airflow/example_dags/example_bash_decorator.py
[2026-05-09T06:33:31.036+0000] {logging_mixin.py:188} INFO - [2026-05-09T06:33:31.035+0000] {dag.py:3096} INFO - Sync 1 DAGs
[2026-05-09T06:33:31.051+0000] {logging_mixin.py:188} INFO - [2026-05-09T06:33:31.051+0000] {dag.py:3954} INFO - Setting next_dagrun for example_bash_decorator to None, run_after=None
[2026-05-09T06:33:31.080+0000] {processor.py:183} INFO - Processing /home/airflow/.local/lib/python3.12/site-packages/airflow/example_dags/example_bash_decorator.py took 0.107 seconds
[2026-05-09T06:34:01.442+0000] {processor.py:161} INFO - Started process (PID=11432) to work on /home/airflow/.local/lib/python3.12/site-packages/airflow/example_dags/example_bash_decorator.py
[2026-05-09T06:34:01.445+0000] {processor.py:830} INFO - Processing file /home/airflow/.local/lib/python3.12/site-packages/airflow/example_dags/example_bash_decorator.py for tasks to queue
[2026-05-09T06:34:01.448+0000] {logging_mixin.py:188} INFO - [2026-05-09T06:34:01.448+0000] {dagbag.py:545} INFO - Filling up the DagBag from /home/airflow/.local/lib/python3.12/site-packages/airflow/example_dags/example_bash_decorator.py
[2026-05-09T06:34:01.468+0000] {processor.py:840} INFO - DAG(s) 'example_bash_decorator' retrieved from /home/airflow/.local/lib/python3.12/site-packages/airflow/example_dags/example_bash_decorator.py
[2026-05-09T06:34:01.496+0000] {logging_mixin.py:188} INFO - [2026-05-09T06:34:01.496+0000] {dag.py:3096} INFO - Sync 1 DAGs
[2026-05-09T06:34:01.512+0000] {logging_mixin.py:188} INFO - [2026-05-09T06:34:01.512+0000] {dag.py:3954} INFO - Setting next_dagrun for example_bash_decorator to None, run_after=None
[2026-05-09T06:34:01.536+0000] {processor.py:183} INFO - Processing /home/airflow/.local/lib/python3.12/site-packages/airflow/example_dags/example_bash_decorator.py took 0.102 seconds
[2026-05-09T06:34:32.219+0000] {processor.py:161} INFO - Started process (PID=11492) to work on /home/airflow/.local/lib/python3.12/site-packages/airflow/example_dags/example_bash_decorator.py
[2026-05-09T06:34:32.221+0000] {processor.py:830} INFO - Processing file /home/airflow/.local/lib/python3.12/site-packages/airflow/example_dags/example_bash_decorator.py for tasks to queue
[2026-05-09T06:34:32.224+0000] {logging_mixin.py:188} INFO - [2026-05-09T06:34:32.223+0000] {dagbag.py:545} INFO - Filling up the DagBag from /home/airflow/.local/lib/python3.12/site-packages/airflow/example_dags/example_bash_decorator.py
[2026-05-09T06:34:32.240+0000] {processor.py:840} INFO - DAG(s) 'example_bash_decorator' retrieved from /home/airflow/.local/lib/python3.12/site-packages/airflow/example_dags/example_bash_decorator.py
[2026-05-09T06:34:32.272+0000] {logging_mixin.py:188} INFO - [2026-05-09T06:34:32.272+0000] {dag.py:3096} INFO - Sync 1 DAGs
[2026-05-09T06:34:32.289+0000] {logging_mixin.py:188} INFO - [2026-05-09T06:34:32.289+0000] {dag.py:3954} INFO - Setting next_dagrun for example_bash_decorator to None, run_after=None
[2026-05-09T06:34:32.319+0000] {processor.py:183} INFO - Processing /home/airflow/.local/lib/python3.12/site-packages/airflow/example_dags/example_bash_decorator.py took 0.108 seconds
[2026-05-09T06:35:02.400+0000] {processor.py:161} INFO - Started process (PID=11552) to work on /home/airflow/.local/lib/python3.12/site-packages/airflow/example_dags/example_bash_decorator.py
[2026-05-09T06:35:02.405+0000] {processor.py:830} INFO - Processing file /home/airflow/.local/lib/python3.12/site-packages/airflow/example_dags/example_bash_decorator.py for tasks to queue
[2026-05-09T06:35:02.409+0000] {logging_mixin.py:188} INFO - [2026-05-09T06:35:02.408+0000] {dagbag.py:545} INFO - Filling up the DagBag from /home/airflow/.local/lib/python3.12/site-packages/airflow/example_dags/example_bash_decorator.py
[2026-05-09T06:35:02.431+0000] {processor.py:840} INFO - DAG(s) 'example_bash_decorator' retrieved from /home/airflow/.local/lib/python3.12/site-packages/airflow/example_dags/example_bash_decorator.py
[2026-05-09T06:35:02.466+0000] {logging_mixin.py:188} INFO - [2026-05-09T06:35:02.466+0000] {dag.py:3096} INFO - Sync 1 DAGs
[2026-05-09T06:35:02.487+0000] {logging_mixin.py:188} INFO - [2026-05-09T06:35:02.487+0000] {dag.py:3954} INFO - Setting next_dagrun for example_bash_decorator to None, run_after=None
[2026-05-09T06:35:02.515+0000] {processor.py:183} INFO - Processing /home/airflow/.local/lib/python3.12/site-packages/airflow/example_dags/example_bash_decorator.py took 0.127 seconds
[2026-05-09T06:35:33.307+0000] {processor.py:161} INFO - Started process (PID=11612) to work on /home/airflow/.local/lib/python3.12/site-packages/airflow/example_dags/example_bash_decorator.py
[2026-05-09T06:35:33.309+0000] {processor.py:830} INFO - Processing file /home/airflow/.local/lib/python3.12/site-packages/airflow/example_dags/example_bash_decorator.py for tasks to queue
[2026-05-09T06:35:33.312+0000] {logging_mixin.py:188} INFO - [2026-05-09T06:35:33.312+0000] {dagbag.py:545} INFO - Filling up the DagBag from /home/airflow/.local/lib/python3.12/site-packages/airflow/example_dags/example_bash_decorator.py
[2026-05-09T06:35:33.329+0000] {processor.py:840} INFO - DAG(s) 'example_bash_decorator' retrieved from /home/airflow/.local/lib/python3.12/site-packages/airflow/example_dags/example_bash_decorator.py
[2026-05-09T06:35:33.373+0000] {logging_mixin.py:188} INFO - [2026-05-09T06:35:33.373+0000] {dag.py:3096} INFO - Sync 1 DAGs
[2026-05-09T06:35:33.393+0000] {logging_mixin.py:188} INFO - [2026-05-09T06:35:33.392+0000] {dag.py:3954} INFO - Setting next_dagrun for example_bash_decorator to None, run_after=None
[2026-05-09T06:35:33.428+0000] {processor.py:183} INFO - Processing /home/airflow/.local/lib/python3.12/site-packages/airflow/example_dags/example_bash_decorator.py took 0.128 seconds
[2026-05-09T06:36:03.787+0000] {processor.py:161} INFO - Started process (PID=11672) to work on /home/airflow/.local/lib/python3.12/site-packages/airflow/example_dags/example_bash_decorator.py
[2026-05-09T06:36:03.790+0000] {processor.py:830} INFO - Processing file /home/airflow/.local/lib/python3.12/site-packages/airflow/example_dags/example_bash_decorator.py for tasks to queue
[2026-05-09T06:36:03.796+0000] {logging_mixin.py:188} INFO - [2026-05-09T06:36:03.795+0000] {dagbag.py:545} INFO - Filling up the DagBag from /home/airflow/.local/lib/python3.12/site-packages/airflow/example_dags/example_bash_decorator.py
[2026-05-09T06:36:03.822+0000] {processor.py:840} INFO - DAG(s) 'example_bash_decorator' retrieved from /home/airflow/.local/lib/python3.12/site-packages/airflow/example_dags/example_bash_decorator.py
[2026-05-09T06:36:03.859+0000] {logging_mixin.py:188} INFO - [2026-05-09T06:36:03.859+0000] {dag.py:3096} INFO - Sync 1 DAGs
[2026-05-09T06:36:03.880+0000] {logging_mixin.py:188} INFO - [2026-05-09T06:36:03.880+0000] {dag.py:3954} INFO - Setting next_dagrun for example_bash_decorator to None, run_after=None
[2026-05-09T06:36:03.925+0000] {processor.py:183} INFO - Processing /home/airflow/.local/lib/python3.12/site-packages/airflow/example_dags/example_bash_decorator.py took 0.153 seconds
[2026-05-09T06:36:34.590+0000] {processor.py:161} INFO - Started process (PID=11732) to work on /home/airflow/.local/lib/python3.12/site-packages/airflow/example_dags/example_bash_decorator.py
[2026-05-09T06:36:34.591+0000] {processor.py:830} INFO - Processing file /home/airflow/.local/lib/python3.12/site-packages/airflow/example_dags/example_bash_decorator.py for tasks to queue
[2026-05-09T06:36:34.594+0000] {logging_mixin.py:188} INFO - [2026-05-09T06:36:34.594+0000] {dagbag.py:545} INFO - Filling up the DagBag from /home/airflow/.local/lib/python3.12/site-packages/airflow/example_dags/example_bash_decorator.py
[2026-05-09T06:36:34.613+0000] {processor.py:840} INFO - DAG(s) 'example_bash_decorator' retrieved from /home/airflow/.local/lib/python3.12/site-packages/airflow/example_dags/example_bash_decorator.py
[2026-05-09T06:36:34.643+0000] {logging_mixin.py:188} INFO - [2026-05-09T06:36:34.642+0000] {dag.py:3096} INFO - Sync 1 DAGs
[2026-05-09T06:36:34.659+0000] {logging_mixin.py:188} INFO - [2026-05-09T06:36:34.658+0000] {dag.py:3954} INFO - Setting next_dagrun for example_bash_decorator to None, run_after=None
[2026-05-09T06:36:34.690+0000] {processor.py:183} INFO - Processing /home/airflow/.local/lib/python3.12/site-packages/airflow/example_dags/example_bash_decorator.py took 0.111 seconds
[2026-05-09T06:37:05.062+0000] {processor.py:161} INFO - Started process (PID=11792) to work on /home/airflow/.local/lib/python3.12/site-packages/airflow/example_dags/example_bash_decorator.py
[2026-05-09T06:37:05.065+0000] {processor.py:830} INFO - Processing file /home/airflow/.local/lib/python3.12/site-packages/airflow/example_dags/example_bash_decorator.py for tasks to queue
[2026-05-09T06:37:05.069+0000] {logging_mixin.py:188} INFO - [2026-05-09T06:37:05.068+0000] {dagbag.py:545} INFO - Filling up the DagBag from /home/airflow/.local/lib/python3.12/site-packages/airflow/example_dags/example_bash_decorator.py
[2026-05-09T06:37:05.093+0000] {processor.py:840} INFO - DAG(s) 'example_bash_decorator' retrieved from /home/airflow/.local/lib/python3.12/site-packages/airflow/example_dags/example_bash_decorator.py
[2026-05-09T06:37:05.124+0000] {logging_mixin.py:188} INFO - [2026-05-09T06:37:05.124+0000] {dag.py:3096} INFO - Sync 1 DAGs
[2026-05-09T06:37:05.141+0000] {logging_mixin.py:188} INFO - [2026-05-09T06:37:05.141+0000] {dag.py:3954} INFO - Setting next_dagrun for example_bash_decorator to None, run_after=None
[2026-05-09T06:37:05.167+0000] {processor.py:183} INFO - Processing /home/airflow/.local/lib/python3.12/site-packages/airflow/example_dags/example_bash_decorator.py took 0.113 seconds
[2026-05-09T06:37:35.639+0000] {processor.py:161} INFO - Started process (PID=11852) to work on /home/airflow/.local/lib/python3.12/site-packages/airflow/example_dags/example_bash_decorator.py
[2026-05-09T06:37:35.641+0000] {processor.py:830} INFO - Processing file /home/airflow/.local/lib/python3.12/site-packages/airflow/example_dags/example_bash_decorator.py for tasks to queue
[2026-05-09T06:37:35.645+0000] {logging_mixin.py:188} INFO - [2026-05-09T06:37:35.645+0000] {dagbag.py:545} INFO - Filling up the DagBag from /home/airflow/.local/lib/python3.12/site-packages/airflow/example_dags/example_bash_decorator.py
[2026-05-09T06:37:35.666+0000] {processor.py:840} INFO - DAG(s) 'example_bash_decorator' retrieved from /home/airflow/.local/lib/python3.12/site-packages/airflow/example_dags/example_bash_decorator.py
[2026-05-09T06:37:35.697+0000] {logging_mixin.py:188} INFO - [2026-05-09T06:37:35.696+0000] {dag.py:3096} INFO - Sync 1 DAGs
[2026-05-09T06:37:35.714+0000] {logging_mixin.py:188} INFO - [2026-05-09T06:37:35.714+0000] {dag.py:3954} INFO - Setting next_dagrun for example_bash_decorator to None, run_after=None
[2026-05-09T06:37:35.740+0000] {processor.py:183} INFO - Processing /home/airflow/.local/lib/python3.12/site-packages/airflow/example_dags/example_bash_decorator.py took 0.109 seconds
[2026-05-09T06:38:06.254+0000] {processor.py:161} INFO - Started process (PID=11912) to work on /home/airflow/.local/lib/python3.12/site-packages/airflow/example_dags/example_bash_decorator.py
[2026-05-09T06:38:06.256+0000] {processor.py:830} INFO - Processing file /home/airflow/.local/lib/python3.12/site-packages/airflow/example_dags/example_bash_decorator.py for tasks to queue
[2026-05-09T06:38:06.260+0000] {logging_mixin.py:188} INFO - [2026-05-09T06:38:06.259+0000] {dagbag.py:545} INFO - Filling up the DagBag from /home/airflow/.local/lib/python3.12/site-packages/airflow/example_dags/example_bash_decorator.py
[2026-05-09T06:38:06.280+0000] {processor.py:840} INFO - DAG(s) 'example_bash_decorator' retrieved from /home/airflow/.local/lib/python3.12/site-packages/airflow/example_dags/example_bash_decorator.py
[2026-05-09T06:38:06.316+0000] {logging_mixin.py:188} INFO - [2026-05-09T06:38:06.316+0000] {dag.py:3096} INFO - Sync 1 DAGs
[2026-05-09T06:38:06.334+0000] {logging_mixin.py:188} INFO - [2026-05-09T06:38:06.334+0000] {dag.py:3954} INFO - Setting next_dagrun for example_bash_decorator to None, run_after=None
[2026-05-09T06:38:06.362+0000] {processor.py:183} INFO - Processing /home/airflow/.local/lib/python3.12/site-packages/airflow/example_dags/example_bash_decorator.py took 0.116 seconds
[2026-05-09T06:38:36.708+0000] {processor.py:161} INFO - Started process (PID=11972) to work on /home/airflow/.local/lib/python3.12/site-packages/airflow/example_dags/example_bash_decorator.py
[2026-05-09T06:38:36.710+0000] {processor.py:830} INFO - Processing file /home/airflow/.local/lib/python3.12/site-packages/airflow/example_dags/example_bash_decorator.py for tasks to queue
[2026-05-09T06:38:36.714+0000] {logging_mixin.py:188} INFO - [2026-05-09T06:38:36.714+0000] {dagbag.py:545} INFO - Filling up the DagBag from /home/airflow/.local/lib/python3.12/site-packages/airflow/example_dags/example_bash_decorator.py
[2026-05-09T06:38:36.732+0000] {processor.py:840} INFO - DAG(s) 'example_bash_decorator' retrieved from /home/airflow/.local/lib/python3.12/site-packages/airflow/example_dags/example_bash_decorator.py
[2026-05-09T06:38:36.763+0000] {logging_mixin.py:188} INFO - [2026-05-09T06:38:36.762+0000] {dag.py:3096} INFO - Sync 1 DAGs
[2026-05-09T06:38:36.785+0000] {logging_mixin.py:188} INFO - [2026-05-09T06:38:36.785+0000] {dag.py:3954} INFO - Setting next_dagrun for example_bash_decorator to None, run_after=None
[2026-05-09T06:38:36.810+0000] {processor.py:183} INFO - Processing /home/airflow/.local/lib/python3.12/site-packages/airflow/example_dags/example_bash_decorator.py took 0.109 seconds
[2026-05-09T06:39:07.460+0000] {processor.py:161} INFO - Started process (PID=12032) to work on /home/airflow/.local/lib/python3.12/site-packages/airflow/example_dags/example_bash_decorator.py
[2026-05-09T06:39:07.462+0000] {processor.py:830} INFO - Processing file /home/airflow/.local/lib/python3.12/site-packages/airflow/example_dags/example_bash_decorator.py for tasks to queue
[2026-05-09T06:39:07.466+0000] {logging_mixin.py:188} INFO - [2026-05-09T06:39:07.465+0000] {dagbag.py:545} INFO - Filling up the DagBag from /home/airflow/.local/lib/python3.12/site-packages/airflow/example_dags/example_bash_decorator.py
[2026-05-09T06:39:07.486+0000] {processor.py:840} INFO - DAG(s) 'example_bash_decorator' retrieved from /home/airflow/.local/lib/python3.12/site-packages/airflow/example_dags/example_bash_decorator.py
[2026-05-09T06:39:07.525+0000] {logging_mixin.py:188} INFO - [2026-05-09T06:39:07.524+0000] {dag.py:3096} INFO - Sync 1 DAGs
[2026-05-09T06:39:07.558+0000] {logging_mixin.py:188} INFO - [2026-05-09T06:39:07.558+0000] {dag.py:3954} INFO - Setting next_dagrun for example_bash_decorator to None, run_after=None
[2026-05-09T06:39:07.595+0000] {processor.py:183} INFO - Processing /home/airflow/.local/lib/python3.12/site-packages/airflow/example_dags/example_bash_decorator.py took 0.143 seconds
[2026-05-09T06:39:37.844+0000] {processor.py:161} INFO - Started process (PID=12092) to work on /home/airflow/.local/lib/python3.12/site-packages/airflow/example_dags/example_bash_decorator.py
[2026-05-09T06:39:37.846+0000] {processor.py:830} INFO - Processing file /home/airflow/.local/lib/python3.12/site-packages/airflow/example_dags/example_bash_decorator.py for tasks to queue
[2026-05-09T06:39:37.849+0000] {logging_mixin.py:188} INFO - [2026-05-09T06:39:37.848+0000] {dagbag.py:545} INFO - Filling up the DagBag from /home/airflow/.local/lib/python3.12/site-packages/airflow/example_dags/example_bash_decorator.py
[2026-05-09T06:39:37.866+0000] {processor.py:840} INFO - DAG(s) 'example_bash_decorator' retrieved from /home/airflow/.local/lib/python3.12/site-packages/airflow/example_dags/example_bash_decorator.py
[2026-05-09T06:39:37.898+0000] {logging_mixin.py:188} INFO - [2026-05-09T06:39:37.898+0000] {dag.py:3096} INFO - Sync 1 DAGs
[2026-05-09T06:39:37.914+0000] {logging_mixin.py:188} INFO - [2026-05-09T06:39:37.913+0000] {dag.py:3954} INFO - Setting next_dagrun for example_bash_decorator to None, run_after=None
[2026-05-09T06:39:37.940+0000] {processor.py:183} INFO - Processing /home/airflow/.local/lib/python3.12/site-packages/airflow/example_dags/example_bash_decorator.py took 0.105 seconds
[2026-05-09T06:40:08.081+0000] {processor.py:161} INFO - Started process (PID=12152) to work on /home/airflow/.local/lib/python3.12/site-packages/airflow/example_dags/example_bash_decorator.py
[2026-05-09T06:40:08.083+0000] {processor.py:830} INFO - Processing file /home/airflow/.local/lib/python3.12/site-packages/airflow/example_dags/example_bash_decorator.py for tasks to queue
[2026-05-09T06:40:08.087+0000] {logging_mixin.py:188} INFO - [2026-05-09T06:40:08.087+0000] {dagbag.py:545} INFO - Filling up the DagBag from /home/airflow/.local/lib/python3.12/site-packages/airflow/example_dags/example_bash_decorator.py
[2026-05-09T06:40:08.108+0000] {processor.py:840} INFO - DAG(s) 'example_bash_decorator' retrieved from /home/airflow/.local/lib/python3.12/site-packages/airflow/example_dags/example_bash_decorator.py
[2026-05-09T06:40:08.146+0000] {logging_mixin.py:188} INFO - [2026-05-09T06:40:08.145+0000] {dag.py:3096} INFO - Sync 1 DAGs
[2026-05-09T06:40:08.162+0000] {logging_mixin.py:188} INFO - [2026-05-09T06:40:08.162+0000] {dag.py:3954} INFO - Setting next_dagrun for example_bash_decorator to None, run_after=None
[2026-05-09T06:40:08.188+0000] {processor.py:183} INFO - Processing /home/airflow/.local/lib/python3.12/site-packages/airflow/example_dags/example_bash_decorator.py took 0.117 seconds
[2026-05-09T06:40:38.864+0000] {processor.py:161} INFO - Started process (PID=12212) to work on /home/airflow/.local/lib/python3.12/site-packages/airflow/example_dags/example_bash_decorator.py
[2026-05-09T06:40:38.867+0000] {processor.py:830} INFO - Processing file /home/airflow/.local/lib/python3.12/site-packages/airflow/example_dags/example_bash_decorator.py for tasks to queue
[2026-05-09T06:40:38.873+0000] {logging_mixin.py:188} INFO - [2026-05-09T06:40:38.872+0000] {dagbag.py:545} INFO - Filling up the DagBag from /home/airflow/.local/lib/python3.12/site-packages/airflow/example_dags/example_bash_decorator.py
[2026-05-09T06:40:38.896+0000] {processor.py:840} INFO - DAG(s) 'example_bash_decorator' retrieved from /home/airflow/.local/lib/python3.12/site-packages/airflow/example_dags/example_bash_decorator.py
[2026-05-09T06:40:38.930+0000] {logging_mixin.py:188} INFO - [2026-05-09T06:40:38.930+0000] {dag.py:3096} INFO - Sync 1 DAGs
[2026-05-09T06:40:38.948+0000] {logging_mixin.py:188} INFO - [2026-05-09T06:40:38.947+0000] {dag.py:3954} INFO - Setting next_dagrun for example_bash_decorator to None, run_after=None
[2026-05-09T06:40:38.975+0000] {processor.py:183} INFO - Processing /home/airflow/.local/lib/python3.12/site-packages/airflow/example_dags/example_bash_decorator.py took 0.134 seconds
[2026-05-09T06:41:09.477+0000] {processor.py:161} INFO - Started process (PID=12272) to work on /home/airflow/.local/lib/python3.12/site-packages/airflow/example_dags/example_bash_decorator.py
[2026-05-09T06:41:09.480+0000] {processor.py:830} INFO - Processing file /home/airflow/.local/lib/python3.12/site-packages/airflow/example_dags/example_bash_decorator.py for tasks to queue
[2026-05-09T06:41:09.483+0000] {logging_mixin.py:188} INFO - [2026-05-09T06:41:09.483+0000] {dagbag.py:545} INFO - Filling up the DagBag from /home/airflow/.local/lib/python3.12/site-packages/airflow/example_dags/example_bash_decorator.py
[2026-05-09T06:41:09.501+0000] {processor.py:840} INFO - DAG(s) 'example_bash_decorator' retrieved from /home/airflow/.local/lib/python3.12/site-packages/airflow/example_dags/example_bash_decorator.py
[2026-05-09T06:41:09.535+0000] {logging_mixin.py:188} INFO - [2026-05-09T06:41:09.535+0000] {dag.py:3096} INFO - Sync 1 DAGs
[2026-05-09T06:41:09.743+0000] {logging_mixin.py:188} INFO - [2026-05-09T06:41:09.743+0000] {dag.py:3954} INFO - Setting next_dagrun for example_bash_decorator to None, run_after=None
[2026-05-09T06:41:09.769+0000] {processor.py:183} INFO - Processing /home/airflow/.local/lib/python3.12/site-packages/airflow/example_dags/example_bash_decorator.py took 0.300 seconds
[2026-05-09T06:41:40.270+0000] {processor.py:161} INFO - Started process (PID=12332) to work on /home/airflow/.local/lib/python3.12/site-packages/airflow/example_dags/example_bash_decorator.py
[2026-05-09T06:41:40.272+0000] {processor.py:830} INFO - Processing file /home/airflow/.local/lib/python3.12/site-packages/airflow/example_dags/example_bash_decorator.py for tasks to queue
[2026-05-09T06:41:40.276+0000] {logging_mixin.py:188} INFO - [2026-05-09T06:41:40.275+0000] {dagbag.py:545} INFO - Filling up the DagBag from /home/airflow/.local/lib/python3.12/site-packages/airflow/example_dags/example_bash_decorator.py
[2026-05-09T06:41:40.293+0000] {processor.py:840} INFO - DAG(s) 'example_bash_decorator' retrieved from /home/airflow/.local/lib/python3.12/site-packages/airflow/example_dags/example_bash_decorator.py
[2026-05-09T06:41:40.324+0000] {logging_mixin.py:188} INFO - [2026-05-09T06:41:40.323+0000] {dag.py:3096} INFO - Sync 1 DAGs
[2026-05-09T06:41:40.340+0000] {logging_mixin.py:188} INFO - [2026-05-09T06:41:40.340+0000] {dag.py:3954} INFO - Setting next_dagrun for example_bash_decorator to None, run_after=None
[2026-05-09T06:41:40.364+0000] {processor.py:183} INFO - Processing /home/airflow/.local/lib/python3.12/site-packages/airflow/example_dags/example_bash_decorator.py took 0.104 seconds
[2026-05-09T06:42:10.883+0000] {processor.py:161} INFO - Started process (PID=12392) to work on /home/airflow/.local/lib/python3.12/site-packages/airflow/example_dags/example_bash_decorator.py
[2026-05-09T06:42:10.886+0000] {processor.py:830} INFO - Processing file /home/airflow/.local/lib/python3.12/site-packages/airflow/example_dags/example_bash_decorator.py for tasks to queue
[2026-05-09T06:42:10.892+0000] {logging_mixin.py:188} INFO - [2026-05-09T06:42:10.891+0000] {dagbag.py:545} INFO - Filling up the DagBag from /home/airflow/.local/lib/python3.12/site-packages/airflow/example_dags/example_bash_decorator.py
[2026-05-09T06:42:10.916+0000] {processor.py:840} INFO - DAG(s) 'example_bash_decorator' retrieved from /home/airflow/.local/lib/python3.12/site-packages/airflow/example_dags/example_bash_decorator.py
[2026-05-09T06:42:10.954+0000] {logging_mixin.py:188} INFO - [2026-05-09T06:42:10.953+0000] {dag.py:3096} INFO - Sync 1 DAGs
[2026-05-09T06:42:10.973+0000] {logging_mixin.py:188} INFO - [2026-05-09T06:42:10.973+0000] {dag.py:3954} INFO - Setting next_dagrun for example_bash_decorator to None, run_after=None
[2026-05-09T06:42:11.005+0000] {processor.py:183} INFO - Processing /home/airflow/.local/lib/python3.12/site-packages/airflow/example_dags/example_bash_decorator.py took 0.131 seconds
[2026-05-09T06:42:41.279+0000] {processor.py:161} INFO - Started process (PID=12452) to work on /home/airflow/.local/lib/python3.12/site-packages/airflow/example_dags/example_bash_decorator.py
[2026-05-09T06:42:41.282+0000] {processor.py:830} INFO - Processing file /home/airflow/.local/lib/python3.12/site-packages/airflow/example_dags/example_bash_decorator.py for tasks to queue
[2026-05-09T06:42:41.285+0000] {logging_mixin.py:188} INFO - [2026-05-09T06:42:41.285+0000] {dagbag.py:545} INFO - Filling up the DagBag from /home/airflow/.local/lib/python3.12/site-packages/airflow/example_dags/example_bash_decorator.py
[2026-05-09T06:42:41.305+0000] {processor.py:840} INFO - DAG(s) 'example_bash_decorator' retrieved from /home/airflow/.local/lib/python3.12/site-packages/airflow/example_dags/example_bash_decorator.py
[2026-05-09T06:42:41.346+0000] {logging_mixin.py:188} INFO - [2026-05-09T06:42:41.345+0000] {dag.py:3096} INFO - Sync 1 DAGs
[2026-05-09T06:42:41.362+0000] {logging_mixin.py:188} INFO - [2026-05-09T06:42:41.361+0000] {dag.py:3954} INFO - Setting next_dagrun for example_bash_decorator to None, run_after=None
[2026-05-09T06:42:41.391+0000] {processor.py:183} INFO - Processing /home/airflow/.local/lib/python3.12/site-packages/airflow/example_dags/example_bash_decorator.py took 0.120 seconds
[2026-05-09T06:43:11.662+0000] {processor.py:161} INFO - Started process (PID=12512) to work on /home/airflow/.local/lib/python3.12/site-packages/airflow/example_dags/example_bash_decorator.py
[2026-05-09T06:43:11.664+0000] {processor.py:830} INFO - Processing file /home/airflow/.local/lib/python3.12/site-packages/airflow/example_dags/example_bash_decorator.py for tasks to queue
[2026-05-09T06:43:11.667+0000] {logging_mixin.py:188} INFO - [2026-05-09T06:43:11.667+0000] {dagbag.py:545} INFO - Filling up the DagBag from /home/airflow/.local/lib/python3.12/site-packages/airflow/example_dags/example_bash_decorator.py
[2026-05-09T06:43:11.685+0000] {processor.py:840} INFO - DAG(s) 'example_bash_decorator' retrieved from /home/airflow/.local/lib/python3.12/site-packages/airflow/example_dags/example_bash_decorator.py
[2026-05-09T06:43:11.717+0000] {logging_mixin.py:188} INFO - [2026-05-09T06:43:11.717+0000] {dag.py:3096} INFO - Sync 1 DAGs
[2026-05-09T06:43:11.735+0000] {logging_mixin.py:188} INFO - [2026-05-09T06:43:11.735+0000] {dag.py:3954} INFO - Setting next_dagrun for example_bash_decorator to None, run_after=None
[2026-05-09T06:43:11.762+0000] {processor.py:183} INFO - Processing /home/airflow/.local/lib/python3.12/site-packages/airflow/example_dags/example_bash_decorator.py took 0.108 seconds
[2026-05-09T06:43:42.092+0000] {processor.py:161} INFO - Started process (PID=12572) to work on /home/airflow/.local/lib/python3.12/site-packages/airflow/example_dags/example_bash_decorator.py
[2026-05-09T06:43:42.093+0000] {processor.py:830} INFO - Processing file /home/airflow/.local/lib/python3.12/site-packages/airflow/example_dags/example_bash_decorator.py for tasks to queue
[2026-05-09T06:43:42.096+0000] {logging_mixin.py:188} INFO - [2026-05-09T06:43:42.096+0000] {dagbag.py:545} INFO - Filling up the DagBag from /home/airflow/.local/lib/python3.12/site-packages/airflow/example_dags/example_bash_decorator.py
[2026-05-09T06:43:42.114+0000] {processor.py:840} INFO - DAG(s) 'example_bash_decorator' retrieved from /home/airflow/.local/lib/python3.12/site-packages/airflow/example_dags/example_bash_decorator.py
[2026-05-09T06:43:42.147+0000] {logging_mixin.py:188} INFO - [2026-05-09T06:43:42.146+0000] {dag.py:3096} INFO - Sync 1 DAGs
[2026-05-09T06:43:42.164+0000] {logging_mixin.py:188} INFO - [2026-05-09T06:43:42.164+0000] {dag.py:3954} INFO - Setting next_dagrun for example_bash_decorator to None, run_after=None
[2026-05-09T06:43:42.198+0000] {processor.py:183} INFO - Processing /home/airflow/.local/lib/python3.12/site-packages/airflow/example_dags/example_bash_decorator.py took 0.114 seconds
[2026-05-09T06:44:12.350+0000] {processor.py:161} INFO - Started process (PID=12632) to work on /home/airflow/.local/lib/python3.12/site-packages/airflow/example_dags/example_bash_decorator.py
[2026-05-09T06:44:12.352+0000] {processor.py:830} INFO - Processing file /home/airflow/.local/lib/python3.12/site-packages/airflow/example_dags/example_bash_decorator.py for tasks to queue
[2026-05-09T06:44:12.357+0000] {logging_mixin.py:188} INFO - [2026-05-09T06:44:12.356+0000] {dagbag.py:545} INFO - Filling up the DagBag from /home/airflow/.local/lib/python3.12/site-packages/airflow/example_dags/example_bash_decorator.py
[2026-05-09T06:44:12.375+0000] {processor.py:840} INFO - DAG(s) 'example_bash_decorator' retrieved from /home/airflow/.local/lib/python3.12/site-packages/airflow/example_dags/example_bash_decorator.py
[2026-05-09T06:44:12.410+0000] {logging_mixin.py:188} INFO - [2026-05-09T06:44:12.410+0000] {dag.py:3096} INFO - Sync 1 DAGs
[2026-05-09T06:44:12.427+0000] {logging_mixin.py:188} INFO - [2026-05-09T06:44:12.427+0000] {dag.py:3954} INFO - Setting next_dagrun for example_bash_decorator to None, run_after=None
[2026-05-09T06:44:12.464+0000] {processor.py:183} INFO - Processing /home/airflow/.local/lib/python3.12/site-packages/airflow/example_dags/example_bash_decorator.py took 0.122 seconds
[2026-05-09T06:44:43.241+0000] {processor.py:161} INFO - Started process (PID=12692) to work on /home/airflow/.local/lib/python3.12/site-packages/airflow/example_dags/example_bash_decorator.py
[2026-05-09T06:44:43.244+0000] {processor.py:830} INFO - Processing file /home/airflow/.local/lib/python3.12/site-packages/airflow/example_dags/example_bash_decorator.py for tasks to queue
[2026-05-09T06:44:43.248+0000] {logging_mixin.py:188} INFO - [2026-05-09T06:44:43.248+0000] {dagbag.py:545} INFO - Filling up the DagBag from /home/airflow/.local/lib/python3.12/site-packages/airflow/example_dags/example_bash_decorator.py
[2026-05-09T06:44:43.271+0000] {processor.py:840} INFO - DAG(s) 'example_bash_decorator' retrieved from /home/airflow/.local/lib/python3.12/site-packages/airflow/example_dags/example_bash_decorator.py
[2026-05-09T06:44:43.311+0000] {logging_mixin.py:188} INFO - [2026-05-09T06:44:43.310+0000] {dag.py:3096} INFO - Sync 1 DAGs
[2026-05-09T06:44:43.336+0000] {logging_mixin.py:188} INFO - [2026-05-09T06:44:43.335+0000] {dag.py:3954} INFO - Setting next_dagrun for example_bash_decorator to None, run_after=None
[2026-05-09T06:44:43.364+0000] {processor.py:183} INFO - Processing /home/airflow/.local/lib/python3.12/site-packages/airflow/example_dags/example_bash_decorator.py took 0.137 seconds
[2026-05-09T06:45:13.623+0000] {processor.py:161} INFO - Started process (PID=12752) to work on /home/airflow/.local/lib/python3.12/site-packages/airflow/example_dags/example_bash_decorator.py
[2026-05-09T06:45:13.625+0000] {processor.py:830} INFO - Processing file /home/airflow/.local/lib/python3.12/site-packages/airflow/example_dags/example_bash_decorator.py for tasks to queue
[2026-05-09T06:45:13.630+0000] {logging_mixin.py:188} INFO - [2026-05-09T06:45:13.629+0000] {dagbag.py:545} INFO - Filling up the DagBag from /home/airflow/.local/lib/python3.12/site-packages/airflow/example_dags/example_bash_decorator.py
[2026-05-09T06:45:13.647+0000] {processor.py:840} INFO - DAG(s) 'example_bash_decorator' retrieved from /home/airflow/.local/lib/python3.12/site-packages/airflow/example_dags/example_bash_decorator.py
[2026-05-09T06:45:13.677+0000] {logging_mixin.py:188} INFO - [2026-05-09T06:45:13.677+0000] {dag.py:3096} INFO - Sync 1 DAGs
[2026-05-09T06:45:13.693+0000] {logging_mixin.py:188} INFO - [2026-05-09T06:45:13.692+0000] {dag.py:3954} INFO - Setting next_dagrun for example_bash_decorator to None, run_after=None
[2026-05-09T06:45:13.720+0000] {processor.py:183} INFO - Processing /home/airflow/.local/lib/python3.12/site-packages/airflow/example_dags/example_bash_decorator.py took 0.105 seconds
[2026-05-09T06:45:44.203+0000] {processor.py:161} INFO - Started process (PID=12812) to work on /home/airflow/.local/lib/python3.12/site-packages/airflow/example_dags/example_bash_decorator.py
[2026-05-09T06:45:44.205+0000] {processor.py:830} INFO - Processing file /home/airflow/.local/lib/python3.12/site-packages/airflow/example_dags/example_bash_decorator.py for tasks to queue
[2026-05-09T06:45:44.209+0000] {logging_mixin.py:188} INFO - [2026-05-09T06:45:44.208+0000] {dagbag.py:545} INFO - Filling up the DagBag from /home/airflow/.local/lib/python3.12/site-packages/airflow/example_dags/example_bash_decorator.py
[2026-05-09T06:45:44.227+0000] {processor.py:840} INFO - DAG(s) 'example_bash_decorator' retrieved from /home/airflow/.local/lib/python3.12/site-packages/airflow/example_dags/example_bash_decorator.py
[2026-05-09T06:45:44.260+0000] {logging_mixin.py:188} INFO - [2026-05-09T06:45:44.260+0000] {dag.py:3096} INFO - Sync 1 DAGs
[2026-05-09T06:45:44.277+0000] {logging_mixin.py:188} INFO - [2026-05-09T06:45:44.277+0000] {dag.py:3954} INFO - Setting next_dagrun for example_bash_decorator to None, run_after=None
[2026-05-09T06:45:44.301+0000] {processor.py:183} INFO - Processing /home/airflow/.local/lib/python3.12/site-packages/airflow/example_dags/example_bash_decorator.py took 0.106 seconds
[2026-05-09T06:46:14.762+0000] {processor.py:161} INFO - Started process (PID=12872) to work on /home/airflow/.local/lib/python3.12/site-packages/airflow/example_dags/example_bash_decorator.py
[2026-05-09T06:46:14.764+0000] {processor.py:830} INFO - Processing file /home/airflow/.local/lib/python3.12/site-packages/airflow/example_dags/example_bash_decorator.py for tasks to queue
[2026-05-09T06:46:14.767+0000] {logging_mixin.py:188} INFO - [2026-05-09T06:46:14.766+0000] {dagbag.py:545} INFO - Filling up the DagBag from /home/airflow/.local/lib/python3.12/site-packages/airflow/example_dags/example_bash_decorator.py
[2026-05-09T06:46:14.784+0000] {processor.py:840} INFO - DAG(s) 'example_bash_decorator' retrieved from /home/airflow/.local/lib/python3.12/site-packages/airflow/example_dags/example_bash_decorator.py
[2026-05-09T06:46:14.813+0000] {logging_mixin.py:188} INFO - [2026-05-09T06:46:14.813+0000] {dag.py:3096} INFO - Sync 1 DAGs
[2026-05-09T06:46:14.831+0000] {logging_mixin.py:188} INFO - [2026-05-09T06:46:14.831+0000] {dag.py:3954} INFO - Setting next_dagrun for example_bash_decorator to None, run_after=None
[2026-05-09T06:46:14.858+0000] {processor.py:183} INFO - Processing /home/airflow/.local/lib/python3.12/site-packages/airflow/example_dags/example_bash_decorator.py took 0.104 seconds
[2026-05-09T06:46:45.377+0000] {processor.py:161} INFO - Started process (PID=12932) to work on /home/airflow/.local/lib/python3.12/site-packages/airflow/example_dags/example_bash_decorator.py
[2026-05-09T06:46:45.380+0000] {processor.py:830} INFO - Processing file /home/airflow/.local/lib/python3.12/site-packages/airflow/example_dags/example_bash_decorator.py for tasks to queue
[2026-05-09T06:46:45.383+0000] {logging_mixin.py:188} INFO - [2026-05-09T06:46:45.383+0000] {dagbag.py:545} INFO - Filling up the DagBag from /home/airflow/.local/lib/python3.12/site-packages/airflow/example_dags/example_bash_decorator.py
[2026-05-09T06:46:45.401+0000] {processor.py:840} INFO - DAG(s) 'example_bash_decorator' retrieved from /home/airflow/.local/lib/python3.12/site-packages/airflow/example_dags/example_bash_decorator.py
[2026-05-09T06:46:45.433+0000] {logging_mixin.py:188} INFO - [2026-05-09T06:46:45.432+0000] {dag.py:3096} INFO - Sync 1 DAGs
[2026-05-09T06:46:45.449+0000] {logging_mixin.py:188} INFO - [2026-05-09T06:46:45.449+0000] {dag.py:3954} INFO - Setting next_dagrun for example_bash_decorator to None, run_after=None
[2026-05-09T06:46:45.475+0000] {processor.py:183} INFO - Processing /home/airflow/.local/lib/python3.12/site-packages/airflow/example_dags/example_bash_decorator.py took 0.106 seconds
[2026-05-09T06:47:16.077+0000] {processor.py:161} INFO - Started process (PID=12992) to work on /home/airflow/.local/lib/python3.12/site-packages/airflow/example_dags/example_bash_decorator.py
[2026-05-09T06:47:16.079+0000] {processor.py:830} INFO - Processing file /home/airflow/.local/lib/python3.12/site-packages/airflow/example_dags/example_bash_decorator.py for tasks to queue
[2026-05-09T06:47:16.082+0000] {logging_mixin.py:188} INFO - [2026-05-09T06:47:16.082+0000] {dagbag.py:545} INFO - Filling up the DagBag from /home/airflow/.local/lib/python3.12/site-packages/airflow/example_dags/example_bash_decorator.py
[2026-05-09T06:47:16.099+0000] {processor.py:840} INFO - DAG(s) 'example_bash_decorator' retrieved from /home/airflow/.local/lib/python3.12/site-packages/airflow/example_dags/example_bash_decorator.py
[2026-05-09T06:47:16.131+0000] {logging_mixin.py:188} INFO - [2026-05-09T06:47:16.130+0000] {dag.py:3096} INFO - Sync 1 DAGs
[2026-05-09T06:47:16.147+0000] {logging_mixin.py:188} INFO - [2026-05-09T06:47:16.146+0000] {dag.py:3954} INFO - Setting next_dagrun for example_bash_decorator to None, run_after=None
[2026-05-09T06:47:16.175+0000] {processor.py:183} INFO - Processing /home/airflow/.local/lib/python3.12/site-packages/airflow/example_dags/example_bash_decorator.py took 0.106 seconds
[2026-05-09T06:47:46.517+0000] {processor.py:161} INFO - Started process (PID=13052) to work on /home/airflow/.local/lib/python3.12/site-packages/airflow/example_dags/example_bash_decorator.py
[2026-05-09T06:47:46.521+0000] {processor.py:830} INFO - Processing file /home/airflow/.local/lib/python3.12/site-packages/airflow/example_dags/example_bash_decorator.py for tasks to queue
[2026-05-09T06:47:46.527+0000] {logging_mixin.py:188} INFO - [2026-05-09T06:47:46.526+0000] {dagbag.py:545} INFO - Filling up the DagBag from /home/airflow/.local/lib/python3.12/site-packages/airflow/example_dags/example_bash_decorator.py
[2026-05-09T06:47:46.551+0000] {processor.py:840} INFO - DAG(s) 'example_bash_decorator' retrieved from /home/airflow/.local/lib/python3.12/site-packages/airflow/example_dags/example_bash_decorator.py
[2026-05-09T06:47:46.583+0000] {logging_mixin.py:188} INFO - [2026-05-09T06:47:46.583+0000] {dag.py:3096} INFO - Sync 1 DAGs
[2026-05-09T06:47:46.599+0000] {logging_mixin.py:188} INFO - [2026-05-09T06:47:46.598+0000] {dag.py:3954} INFO - Setting next_dagrun for example_bash_decorator to None, run_after=None
[2026-05-09T06:47:46.630+0000] {processor.py:183} INFO - Processing /home/airflow/.local/lib/python3.12/site-packages/airflow/example_dags/example_bash_decorator.py took 0.128 seconds
[2026-05-09T06:48:16.812+0000] {processor.py:161} INFO - Started process (PID=13112) to work on /home/airflow/.local/lib/python3.12/site-packages/airflow/example_dags/example_bash_decorator.py
[2026-05-09T06:48:16.816+0000] {processor.py:830} INFO - Processing file /home/airflow/.local/lib/python3.12/site-packages/airflow/example_dags/example_bash_decorator.py for tasks to queue
[2026-05-09T06:48:16.824+0000] {logging_mixin.py:188} INFO - [2026-05-09T06:48:16.823+0000] {dagbag.py:545} INFO - Filling up the DagBag from /home/airflow/.local/lib/python3.12/site-packages/airflow/example_dags/example_bash_decorator.py
[2026-05-09T06:48:16.864+0000] {processor.py:840} INFO - DAG(s) 'example_bash_decorator' retrieved from /home/airflow/.local/lib/python3.12/site-packages/airflow/example_dags/example_bash_decorator.py
[2026-05-09T06:48:16.899+0000] {logging_mixin.py:188} INFO - [2026-05-09T06:48:16.898+0000] {dag.py:3096} INFO - Sync 1 DAGs
[2026-05-09T06:48:16.916+0000] {logging_mixin.py:188} INFO - [2026-05-09T06:48:16.916+0000] {dag.py:3954} INFO - Setting next_dagrun for example_bash_decorator to None, run_after=None
[2026-05-09T06:48:16.941+0000] {processor.py:183} INFO - Processing /home/airflow/.local/lib/python3.12/site-packages/airflow/example_dags/example_bash_decorator.py took 0.146 seconds
[2026-05-09T06:48:47.629+0000] {processor.py:161} INFO - Started process (PID=13172) to work on /home/airflow/.local/lib/python3.12/site-packages/airflow/example_dags/example_bash_decorator.py
[2026-05-09T06:48:47.631+0000] {processor.py:830} INFO - Processing file /home/airflow/.local/lib/python3.12/site-packages/airflow/example_dags/example_bash_decorator.py for tasks to queue
[2026-05-09T06:48:47.636+0000] {logging_mixin.py:188} INFO - [2026-05-09T06:48:47.635+0000] {dagbag.py:545} INFO - Filling up the DagBag from /home/airflow/.local/lib/python3.12/site-packages/airflow/example_dags/example_bash_decorator.py
[2026-05-09T06:48:47.658+0000] {processor.py:840} INFO - DAG(s) 'example_bash_decorator' retrieved from /home/airflow/.local/lib/python3.12/site-packages/airflow/example_dags/example_bash_decorator.py
[2026-05-09T06:48:47.691+0000] {logging_mixin.py:188} INFO - [2026-05-09T06:48:47.691+0000] {dag.py:3096} INFO - Sync 1 DAGs
[2026-05-09T06:48:47.707+0000] {logging_mixin.py:188} INFO - [2026-05-09T06:48:47.707+0000] {dag.py:3954} INFO - Setting next_dagrun for example_bash_decorator to None, run_after=None
[2026-05-09T06:48:47.731+0000] {processor.py:183} INFO - Processing /home/airflow/.local/lib/python3.12/site-packages/airflow/example_dags/example_bash_decorator.py took 0.109 seconds
[2026-05-09T06:49:18.139+0000] {processor.py:161} INFO - Started process (PID=13233) to work on /home/airflow/.local/lib/python3.12/site-packages/airflow/example_dags/example_bash_decorator.py
[2026-05-09T06:49:18.141+0000] {processor.py:830} INFO - Processing file /home/airflow/.local/lib/python3.12/site-packages/airflow/example_dags/example_bash_decorator.py for tasks to queue
[2026-05-09T06:49:18.144+0000] {logging_mixin.py:188} INFO - [2026-05-09T06:49:18.144+0000] {dagbag.py:545} INFO - Filling up the DagBag from /home/airflow/.local/lib/python3.12/site-packages/airflow/example_dags/example_bash_decorator.py
[2026-05-09T06:49:18.169+0000] {processor.py:840} INFO - DAG(s) 'example_bash_decorator' retrieved from /home/airflow/.local/lib/python3.12/site-packages/airflow/example_dags/example_bash_decorator.py
[2026-05-09T06:49:18.204+0000] {logging_mixin.py:188} INFO - [2026-05-09T06:49:18.203+0000] {dag.py:3096} INFO - Sync 1 DAGs
[2026-05-09T06:49:18.221+0000] {logging_mixin.py:188} INFO - [2026-05-09T06:49:18.220+0000] {dag.py:3954} INFO - Setting next_dagrun for example_bash_decorator to None, run_after=None
[2026-05-09T06:49:18.249+0000] {processor.py:183} INFO - Processing /home/airflow/.local/lib/python3.12/site-packages/airflow/example_dags/example_bash_decorator.py took 0.119 seconds
[2026-05-09T06:49:49.023+0000] {processor.py:161} INFO - Started process (PID=13293) to work on /home/airflow/.local/lib/python3.12/site-packages/airflow/example_dags/example_bash_decorator.py
[2026-05-09T06:49:49.026+0000] {processor.py:830} INFO - Processing file /home/airflow/.local/lib/python3.12/site-packages/airflow/example_dags/example_bash_decorator.py for tasks to queue
[2026-05-09T06:49:49.033+0000] {logging_mixin.py:188} INFO - [2026-05-09T06:49:49.032+0000] {dagbag.py:545} INFO - Filling up the DagBag from /home/airflow/.local/lib/python3.12/site-packages/airflow/example_dags/example_bash_decorator.py
[2026-05-09T06:49:49.057+0000] {processor.py:840} INFO - DAG(s) 'example_bash_decorator' retrieved from /home/airflow/.local/lib/python3.12/site-packages/airflow/example_dags/example_bash_decorator.py
[2026-05-09T06:49:49.092+0000] {logging_mixin.py:188} INFO - [2026-05-09T06:49:49.092+0000] {dag.py:3096} INFO - Sync 1 DAGs
[2026-05-09T06:49:49.109+0000] {logging_mixin.py:188} INFO - [2026-05-09T06:49:49.108+0000] {dag.py:3954} INFO - Setting next_dagrun for example_bash_decorator to None, run_after=None
[2026-05-09T06:49:49.138+0000] {processor.py:183} INFO - Processing /home/airflow/.local/lib/python3.12/site-packages/airflow/example_dags/example_bash_decorator.py took 0.134 seconds
[2026-05-09T06:50:19.709+0000] {processor.py:161} INFO - Started process (PID=13353) to work on /home/airflow/.local/lib/python3.12/site-packages/airflow/example_dags/example_bash_decorator.py
[2026-05-09T06:50:19.710+0000] {processor.py:830} INFO - Processing file /home/airflow/.local/lib/python3.12/site-packages/airflow/example_dags/example_bash_decorator.py for tasks to queue
[2026-05-09T06:50:19.714+0000] {logging_mixin.py:188} INFO - [2026-05-09T06:50:19.713+0000] {dagbag.py:545} INFO - Filling up the DagBag from /home/airflow/.local/lib/python3.12/site-packages/airflow/example_dags/example_bash_decorator.py
[2026-05-09T06:50:19.737+0000] {processor.py:840} INFO - DAG(s) 'example_bash_decorator' retrieved from /home/airflow/.local/lib/python3.12/site-packages/airflow/example_dags/example_bash_decorator.py
[2026-05-09T06:50:19.769+0000] {logging_mixin.py:188} INFO - [2026-05-09T06:50:19.769+0000] {dag.py:3096} INFO - Sync 1 DAGs
[2026-05-09T06:50:19.787+0000] {logging_mixin.py:188} INFO - [2026-05-09T06:50:19.787+0000] {dag.py:3954} INFO - Setting next_dagrun for example_bash_decorator to None, run_after=None
[2026-05-09T06:50:19.812+0000] {processor.py:183} INFO - Processing /home/airflow/.local/lib/python3.12/site-packages/airflow/example_dags/example_bash_decorator.py took 0.112 seconds
[2026-05-09T06:50:49.983+0000] {processor.py:161} INFO - Started process (PID=13413) to work on /home/airflow/.local/lib/python3.12/site-packages/airflow/example_dags/example_bash_decorator.py
[2026-05-09T06:50:49.985+0000] {processor.py:830} INFO - Processing file /home/airflow/.local/lib/python3.12/site-packages/airflow/example_dags/example_bash_decorator.py for tasks to queue
[2026-05-09T06:50:49.990+0000] {logging_mixin.py:188} INFO - [2026-05-09T06:50:49.989+0000] {dagbag.py:545} INFO - Filling up the DagBag from /home/airflow/.local/lib/python3.12/site-packages/airflow/example_dags/example_bash_decorator.py
[2026-05-09T06:50:50.009+0000] {processor.py:840} INFO - DAG(s) 'example_bash_decorator' retrieved from /home/airflow/.local/lib/python3.12/site-packages/airflow/example_dags/example_bash_decorator.py
[2026-05-09T06:50:50.044+0000] {logging_mixin.py:188} INFO - [2026-05-09T06:50:50.043+0000] {dag.py:3096} INFO - Sync 1 DAGs
[2026-05-09T06:50:50.060+0000] {logging_mixin.py:188} INFO - [2026-05-09T06:50:50.060+0000] {dag.py:3954} INFO - Setting next_dagrun for example_bash_decorator to None, run_after=None
[2026-05-09T06:50:50.087+0000] {processor.py:183} INFO - Processing /home/airflow/.local/lib/python3.12/site-packages/airflow/example_dags/example_bash_decorator.py took 0.113 seconds
[2026-05-09T06:51:20.698+0000] {processor.py:161} INFO - Started process (PID=13473) to work on /home/airflow/.local/lib/python3.12/site-packages/airflow/example_dags/example_bash_decorator.py
[2026-05-09T06:51:20.701+0000] {processor.py:830} INFO - Processing file /home/airflow/.local/lib/python3.12/site-packages/airflow/example_dags/example_bash_decorator.py for tasks to queue
[2026-05-09T06:51:20.708+0000] {logging_mixin.py:188} INFO - [2026-05-09T06:51:20.707+0000] {dagbag.py:545} INFO - Filling up the DagBag from /home/airflow/.local/lib/python3.12/site-packages/airflow/example_dags/example_bash_decorator.py
[2026-05-09T06:51:20.737+0000] {processor.py:840} INFO - DAG(s) 'example_bash_decorator' retrieved from /home/airflow/.local/lib/python3.12/site-packages/airflow/example_dags/example_bash_decorator.py
[2026-05-09T06:51:20.767+0000] {logging_mixin.py:188} INFO - [2026-05-09T06:51:20.767+0000] {dag.py:3096} INFO - Sync 1 DAGs
[2026-05-09T06:51:20.783+0000] {logging_mixin.py:188} INFO - [2026-05-09T06:51:20.783+0000] {dag.py:3954} INFO - Setting next_dagrun for example_bash_decorator to None, run_after=None
[2026-05-09T06:51:20.812+0000] {processor.py:183} INFO - Processing /home/airflow/.local/lib/python3.12/site-packages/airflow/example_dags/example_bash_decorator.py took 0.139 seconds
[2026-05-09T06:51:51.002+0000] {processor.py:161} INFO - Started process (PID=13533) to work on /home/airflow/.local/lib/python3.12/site-packages/airflow/example_dags/example_bash_decorator.py
[2026-05-09T06:51:51.006+0000] {processor.py:830} INFO - Processing file /home/airflow/.local/lib/python3.12/site-packages/airflow/example_dags/example_bash_decorator.py for tasks to queue
[2026-05-09T06:51:51.010+0000] {logging_mixin.py:188} INFO - [2026-05-09T06:51:51.010+0000] {dagbag.py:545} INFO - Filling up the DagBag from /home/airflow/.local/lib/python3.12/site-packages/airflow/example_dags/example_bash_decorator.py
[2026-05-09T06:51:51.028+0000] {processor.py:840} INFO - DAG(s) 'example_bash_decorator' retrieved from /home/airflow/.local/lib/python3.12/site-packages/airflow/example_dags/example_bash_decorator.py
[2026-05-09T06:51:51.063+0000] {logging_mixin.py:188} INFO - [2026-05-09T06:51:51.063+0000] {dag.py:3096} INFO - Sync 1 DAGs
[2026-05-09T06:51:51.086+0000] {logging_mixin.py:188} INFO - [2026-05-09T06:51:51.085+0000] {dag.py:3954} INFO - Setting next_dagrun for example_bash_decorator to None, run_after=None
[2026-05-09T06:51:51.123+0000] {processor.py:183} INFO - Processing /home/airflow/.local/lib/python3.12/site-packages/airflow/example_dags/example_bash_decorator.py took 0.131 seconds
[2026-05-09T06:52:21.762+0000] {processor.py:161} INFO - Started process (PID=13591) to work on /home/airflow/.local/lib/python3.12/site-packages/airflow/example_dags/example_bash_decorator.py
[2026-05-09T06:52:21.764+0000] {processor.py:830} INFO - Processing file /home/airflow/.local/lib/python3.12/site-packages/airflow/example_dags/example_bash_decorator.py for tasks to queue
[2026-05-09T06:52:21.769+0000] {logging_mixin.py:188} INFO - [2026-05-09T06:52:21.769+0000] {dagbag.py:545} INFO - Filling up the DagBag from /home/airflow/.local/lib/python3.12/site-packages/airflow/example_dags/example_bash_decorator.py
[2026-05-09T06:52:21.788+0000] {processor.py:840} INFO - DAG(s) 'example_bash_decorator' retrieved from /home/airflow/.local/lib/python3.12/site-packages/airflow/example_dags/example_bash_decorator.py
[2026-05-09T06:52:21.827+0000] {logging_mixin.py:188} INFO - [2026-05-09T06:52:21.827+0000] {dag.py:3096} INFO - Sync 1 DAGs
[2026-05-09T06:52:21.844+0000] {logging_mixin.py:188} INFO - [2026-05-09T06:52:21.844+0000] {dag.py:3954} INFO - Setting next_dagrun for example_bash_decorator to None, run_after=None
[2026-05-09T06:52:21.873+0000] {processor.py:183} INFO - Processing /home/airflow/.local/lib/python3.12/site-packages/airflow/example_dags/example_bash_decorator.py took 0.120 seconds
[2026-05-09T06:52:52.311+0000] {processor.py:161} INFO - Started process (PID=13651) to work on /home/airflow/.local/lib/python3.12/site-packages/airflow/example_dags/example_bash_decorator.py
[2026-05-09T06:52:52.313+0000] {processor.py:830} INFO - Processing file /home/airflow/.local/lib/python3.12/site-packages/airflow/example_dags/example_bash_decorator.py for tasks to queue
[2026-05-09T06:52:52.318+0000] {logging_mixin.py:188} INFO - [2026-05-09T06:52:52.317+0000] {dagbag.py:545} INFO - Filling up the DagBag from /home/airflow/.local/lib/python3.12/site-packages/airflow/example_dags/example_bash_decorator.py
[2026-05-09T06:52:52.337+0000] {processor.py:840} INFO - DAG(s) 'example_bash_decorator' retrieved from /home/airflow/.local/lib/python3.12/site-packages/airflow/example_dags/example_bash_decorator.py
[2026-05-09T06:52:52.371+0000] {logging_mixin.py:188} INFO - [2026-05-09T06:52:52.371+0000] {dag.py:3096} INFO - Sync 1 DAGs
[2026-05-09T06:52:52.389+0000] {logging_mixin.py:188} INFO - [2026-05-09T06:52:52.389+0000] {dag.py:3954} INFO - Setting next_dagrun for example_bash_decorator to None, run_after=None
[2026-05-09T06:52:52.418+0000] {processor.py:183} INFO - Processing /home/airflow/.local/lib/python3.12/site-packages/airflow/example_dags/example_bash_decorator.py took 0.116 seconds
[2026-05-09T06:53:22.503+0000] {processor.py:161} INFO - Started process (PID=13709) to work on /home/airflow/.local/lib/python3.12/site-packages/airflow/example_dags/example_bash_decorator.py
[2026-05-09T06:53:22.505+0000] {processor.py:830} INFO - Processing file /home/airflow/.local/lib/python3.12/site-packages/airflow/example_dags/example_bash_decorator.py for tasks to queue
[2026-05-09T06:53:22.508+0000] {logging_mixin.py:188} INFO - [2026-05-09T06:53:22.508+0000] {dagbag.py:545} INFO - Filling up the DagBag from /home/airflow/.local/lib/python3.12/site-packages/airflow/example_dags/example_bash_decorator.py
[2026-05-09T06:53:22.526+0000] {processor.py:840} INFO - DAG(s) 'example_bash_decorator' retrieved from /home/airflow/.local/lib/python3.12/site-packages/airflow/example_dags/example_bash_decorator.py
[2026-05-09T06:53:22.558+0000] {logging_mixin.py:188} INFO - [2026-05-09T06:53:22.558+0000] {dag.py:3096} INFO - Sync 1 DAGs
[2026-05-09T06:53:22.575+0000] {logging_mixin.py:188} INFO - [2026-05-09T06:53:22.575+0000] {dag.py:3954} INFO - Setting next_dagrun for example_bash_decorator to None, run_after=None
[2026-05-09T06:53:22.606+0000] {processor.py:183} INFO - Processing /home/airflow/.local/lib/python3.12/site-packages/airflow/example_dags/example_bash_decorator.py took 0.110 seconds
[2026-05-09T06:53:53.377+0000] {processor.py:161} INFO - Started process (PID=13769) to work on /home/airflow/.local/lib/python3.12/site-packages/airflow/example_dags/example_bash_decorator.py
[2026-05-09T06:53:53.379+0000] {processor.py:830} INFO - Processing file /home/airflow/.local/lib/python3.12/site-packages/airflow/example_dags/example_bash_decorator.py for tasks to queue
[2026-05-09T06:53:53.382+0000] {logging_mixin.py:188} INFO - [2026-05-09T06:53:53.382+0000] {dagbag.py:545} INFO - Filling up the DagBag from /home/airflow/.local/lib/python3.12/site-packages/airflow/example_dags/example_bash_decorator.py
[2026-05-09T06:53:53.400+0000] {processor.py:840} INFO - DAG(s) 'example_bash_decorator' retrieved from /home/airflow/.local/lib/python3.12/site-packages/airflow/example_dags/example_bash_decorator.py
[2026-05-09T06:53:53.431+0000] {logging_mixin.py:188} INFO - [2026-05-09T06:53:53.431+0000] {dag.py:3096} INFO - Sync 1 DAGs
[2026-05-09T06:53:53.449+0000] {logging_mixin.py:188} INFO - [2026-05-09T06:53:53.449+0000] {dag.py:3954} INFO - Setting next_dagrun for example_bash_decorator to None, run_after=None
[2026-05-09T06:53:53.482+0000] {processor.py:183} INFO - Processing /home/airflow/.local/lib/python3.12/site-packages/airflow/example_dags/example_bash_decorator.py took 0.113 seconds
[2026-05-09T06:54:24.047+0000] {processor.py:161} INFO - Started process (PID=13830) to work on /home/airflow/.local/lib/python3.12/site-packages/airflow/example_dags/example_bash_decorator.py
[2026-05-09T06:54:24.049+0000] {processor.py:830} INFO - Processing file /home/airflow/.local/lib/python3.12/site-packages/airflow/example_dags/example_bash_decorator.py for tasks to queue
[2026-05-09T06:54:24.053+0000] {logging_mixin.py:188} INFO - [2026-05-09T06:54:24.052+0000] {dagbag.py:545} INFO - Filling up the DagBag from /home/airflow/.local/lib/python3.12/site-packages/airflow/example_dags/example_bash_decorator.py
[2026-05-09T06:54:24.071+0000] {processor.py:840} INFO - DAG(s) 'example_bash_decorator' retrieved from /home/airflow/.local/lib/python3.12/site-packages/airflow/example_dags/example_bash_decorator.py
[2026-05-09T06:54:24.112+0000] {logging_mixin.py:188} INFO - [2026-05-09T06:54:24.111+0000] {dag.py:3096} INFO - Sync 1 DAGs
[2026-05-09T06:54:24.130+0000] {logging_mixin.py:188} INFO - [2026-05-09T06:54:24.130+0000] {dag.py:3954} INFO - Setting next_dagrun for example_bash_decorator to None, run_after=None
[2026-05-09T06:54:24.155+0000] {processor.py:183} INFO - Processing /home/airflow/.local/lib/python3.12/site-packages/airflow/example_dags/example_bash_decorator.py took 0.122 seconds
[2026-05-09T06:54:54.242+0000] {processor.py:161} INFO - Started process (PID=13889) to work on /home/airflow/.local/lib/python3.12/site-packages/airflow/example_dags/example_bash_decorator.py
[2026-05-09T06:54:54.244+0000] {processor.py:830} INFO - Processing file /home/airflow/.local/lib/python3.12/site-packages/airflow/example_dags/example_bash_decorator.py for tasks to queue
[2026-05-09T06:54:54.247+0000] {logging_mixin.py:188} INFO - [2026-05-09T06:54:54.247+0000] {dagbag.py:545} INFO - Filling up the DagBag from /home/airflow/.local/lib/python3.12/site-packages/airflow/example_dags/example_bash_decorator.py
[2026-05-09T06:54:54.266+0000] {processor.py:840} INFO - DAG(s) 'example_bash_decorator' retrieved from /home/airflow/.local/lib/python3.12/site-packages/airflow/example_dags/example_bash_decorator.py
[2026-05-09T06:54:54.300+0000] {logging_mixin.py:188} INFO - [2026-05-09T06:54:54.300+0000] {dag.py:3096} INFO - Sync 1 DAGs
[2026-05-09T06:54:54.317+0000] {logging_mixin.py:188} INFO - [2026-05-09T06:54:54.316+0000] {dag.py:3954} INFO - Setting next_dagrun for example_bash_decorator to None, run_after=None
[2026-05-09T06:54:54.347+0000] {processor.py:183} INFO - Processing /home/airflow/.local/lib/python3.12/site-packages/airflow/example_dags/example_bash_decorator.py took 0.115 seconds
[2026-05-09T06:55:24.788+0000] {processor.py:161} INFO - Started process (PID=13949) to work on /home/airflow/.local/lib/python3.12/site-packages/airflow/example_dags/example_bash_decorator.py
[2026-05-09T06:55:24.790+0000] {processor.py:830} INFO - Processing file /home/airflow/.local/lib/python3.12/site-packages/airflow/example_dags/example_bash_decorator.py for tasks to queue
[2026-05-09T06:55:24.793+0000] {logging_mixin.py:188} INFO - [2026-05-09T06:55:24.792+0000] {dagbag.py:545} INFO - Filling up the DagBag from /home/airflow/.local/lib/python3.12/site-packages/airflow/example_dags/example_bash_decorator.py
[2026-05-09T06:55:24.810+0000] {processor.py:840} INFO - DAG(s) 'example_bash_decorator' retrieved from /home/airflow/.local/lib/python3.12/site-packages/airflow/example_dags/example_bash_decorator.py
[2026-05-09T06:55:24.841+0000] {logging_mixin.py:188} INFO - [2026-05-09T06:55:24.841+0000] {dag.py:3096} INFO - Sync 1 DAGs
[2026-05-09T06:55:24.859+0000] {logging_mixin.py:188} INFO - [2026-05-09T06:55:24.859+0000] {dag.py:3954} INFO - Setting next_dagrun for example_bash_decorator to None, run_after=None
[2026-05-09T06:55:24.894+0000] {processor.py:183} INFO - Processing /home/airflow/.local/lib/python3.12/site-packages/airflow/example_dags/example_bash_decorator.py took 0.114 seconds
[2026-05-09T06:55:55.681+0000] {processor.py:161} INFO - Started process (PID=14009) to work on /home/airflow/.local/lib/python3.12/site-packages/airflow/example_dags/example_bash_decorator.py
[2026-05-09T06:55:55.683+0000] {processor.py:830} INFO - Processing file /home/airflow/.local/lib/python3.12/site-packages/airflow/example_dags/example_bash_decorator.py for tasks to queue
[2026-05-09T06:55:55.687+0000] {logging_mixin.py:188} INFO - [2026-05-09T06:55:55.686+0000] {dagbag.py:545} INFO - Filling up the DagBag from /home/airflow/.local/lib/python3.12/site-packages/airflow/example_dags/example_bash_decorator.py
[2026-05-09T06:55:55.705+0000] {processor.py:840} INFO - DAG(s) 'example_bash_decorator' retrieved from /home/airflow/.local/lib/python3.12/site-packages/airflow/example_dags/example_bash_decorator.py
[2026-05-09T06:55:55.743+0000] {logging_mixin.py:188} INFO - [2026-05-09T06:55:55.743+0000] {dag.py:3096} INFO - Sync 1 DAGs
[2026-05-09T06:55:55.761+0000] {logging_mixin.py:188} INFO - [2026-05-09T06:55:55.761+0000] {dag.py:3954} INFO - Setting next_dagrun for example_bash_decorator to None, run_after=None
[2026-05-09T06:55:55.794+0000] {processor.py:183} INFO - Processing /home/airflow/.local/lib/python3.12/site-packages/airflow/example_dags/example_bash_decorator.py took 0.121 seconds
[2026-05-09T06:56:26.210+0000] {processor.py:161} INFO - Started process (PID=14070) to work on /home/airflow/.local/lib/python3.12/site-packages/airflow/example_dags/example_bash_decorator.py
[2026-05-09T06:56:26.212+0000] {processor.py:830} INFO - Processing file /home/airflow/.local/lib/python3.12/site-packages/airflow/example_dags/example_bash_decorator.py for tasks to queue
[2026-05-09T06:56:26.217+0000] {logging_mixin.py:188} INFO - [2026-05-09T06:56:26.216+0000] {dagbag.py:545} INFO - Filling up the DagBag from /home/airflow/.local/lib/python3.12/site-packages/airflow/example_dags/example_bash_decorator.py
[2026-05-09T06:56:26.236+0000] {processor.py:840} INFO - DAG(s) 'example_bash_decorator' retrieved from /home/airflow/.local/lib/python3.12/site-packages/airflow/example_dags/example_bash_decorator.py
[2026-05-09T06:56:26.269+0000] {logging_mixin.py:188} INFO - [2026-05-09T06:56:26.269+0000] {dag.py:3096} INFO - Sync 1 DAGs
[2026-05-09T06:56:26.288+0000] {logging_mixin.py:188} INFO - [2026-05-09T06:56:26.287+0000] {dag.py:3954} INFO - Setting next_dagrun for example_bash_decorator to None, run_after=None
[2026-05-09T06:56:26.325+0000] {processor.py:183} INFO - Processing /home/airflow/.local/lib/python3.12/site-packages/airflow/example_dags/example_bash_decorator.py took 0.123 seconds
[2026-05-09T06:56:56.479+0000] {processor.py:161} INFO - Started process (PID=14130) to work on /home/airflow/.local/lib/python3.12/site-packages/airflow/example_dags/example_bash_decorator.py
[2026-05-09T06:56:56.481+0000] {processor.py:830} INFO - Processing file /home/airflow/.local/lib/python3.12/site-packages/airflow/example_dags/example_bash_decorator.py for tasks to queue
[2026-05-09T06:56:56.484+0000] {logging_mixin.py:188} INFO - [2026-05-09T06:56:56.484+0000] {dagbag.py:545} INFO - Filling up the DagBag from /home/airflow/.local/lib/python3.12/site-packages/airflow/example_dags/example_bash_decorator.py
[2026-05-09T06:56:56.508+0000] {processor.py:840} INFO - DAG(s) 'example_bash_decorator' retrieved from /home/airflow/.local/lib/python3.12/site-packages/airflow/example_dags/example_bash_decorator.py
[2026-05-09T06:56:56.539+0000] {logging_mixin.py:188} INFO - [2026-05-09T06:56:56.539+0000] {dag.py:3096} INFO - Sync 1 DAGs
[2026-05-09T06:56:56.556+0000] {logging_mixin.py:188} INFO - [2026-05-09T06:56:56.555+0000] {dag.py:3954} INFO - Setting next_dagrun for example_bash_decorator to None, run_after=None
[2026-05-09T06:56:56.581+0000] {processor.py:183} INFO - Processing /home/airflow/.local/lib/python3.12/site-packages/airflow/example_dags/example_bash_decorator.py took 0.110 seconds
[2026-05-09T07:43:39.245+0000] {processor.py:161} INFO - Started process (PID=14192) to work on /home/airflow/.local/lib/python3.12/site-packages/airflow/example_dags/example_bash_decorator.py
[2026-05-09T07:43:39.249+0000] {processor.py:830} INFO - Processing file /home/airflow/.local/lib/python3.12/site-packages/airflow/example_dags/example_bash_decorator.py for tasks to queue
[2026-05-09T07:43:39.257+0000] {logging_mixin.py:188} INFO - [2026-05-09T07:43:39.257+0000] {dagbag.py:545} INFO - Filling up the DagBag from /home/airflow/.local/lib/python3.12/site-packages/airflow/example_dags/example_bash_decorator.py
[2026-05-09T07:43:39.272+0000] {processor.py:840} INFO - DAG(s) 'example_bash_decorator' retrieved from /home/airflow/.local/lib/python3.12/site-packages/airflow/example_dags/example_bash_decorator.py
[2026-05-09T07:43:39.297+0000] {logging_mixin.py:188} INFO - [2026-05-09T07:43:39.297+0000] {dag.py:3096} INFO - Sync 1 DAGs
[2026-05-09T07:43:39.316+0000] {logging_mixin.py:188} INFO - [2026-05-09T07:43:39.316+0000] {dag.py:3954} INFO - Setting next_dagrun for example_bash_decorator to None, run_after=None
[2026-05-09T07:43:39.351+0000] {processor.py:183} INFO - Processing /home/airflow/.local/lib/python3.12/site-packages/airflow/example_dags/example_bash_decorator.py took 0.111 seconds
[2026-05-09T07:44:10.173+0000] {processor.py:161} INFO - Started process (PID=14252) to work on /home/airflow/.local/lib/python3.12/site-packages/airflow/example_dags/example_bash_decorator.py
[2026-05-09T07:44:10.174+0000] {processor.py:830} INFO - Processing file /home/airflow/.local/lib/python3.12/site-packages/airflow/example_dags/example_bash_decorator.py for tasks to queue
[2026-05-09T07:44:10.176+0000] {logging_mixin.py:188} INFO - [2026-05-09T07:44:10.176+0000] {dagbag.py:545} INFO - Filling up the DagBag from /home/airflow/.local/lib/python3.12/site-packages/airflow/example_dags/example_bash_decorator.py
[2026-05-09T07:44:10.187+0000] {processor.py:840} INFO - DAG(s) 'example_bash_decorator' retrieved from /home/airflow/.local/lib/python3.12/site-packages/airflow/example_dags/example_bash_decorator.py
[2026-05-09T07:44:10.206+0000] {logging_mixin.py:188} INFO - [2026-05-09T07:44:10.206+0000] {dag.py:3096} INFO - Sync 1 DAGs
[2026-05-09T07:44:10.216+0000] {logging_mixin.py:188} INFO - [2026-05-09T07:44:10.215+0000] {dag.py:3954} INFO - Setting next_dagrun for example_bash_decorator to None, run_after=None
[2026-05-09T07:44:10.229+0000] {processor.py:183} INFO - Processing /home/airflow/.local/lib/python3.12/site-packages/airflow/example_dags/example_bash_decorator.py took 0.062 seconds
[2026-05-09T07:44:41.019+0000] {processor.py:161} INFO - Started process (PID=14312) to work on /home/airflow/.local/lib/python3.12/site-packages/airflow/example_dags/example_bash_decorator.py
[2026-05-09T07:44:41.020+0000] {processor.py:830} INFO - Processing file /home/airflow/.local/lib/python3.12/site-packages/airflow/example_dags/example_bash_decorator.py for tasks to queue
[2026-05-09T07:44:41.022+0000] {logging_mixin.py:188} INFO - [2026-05-09T07:44:41.022+0000] {dagbag.py:545} INFO - Filling up the DagBag from /home/airflow/.local/lib/python3.12/site-packages/airflow/example_dags/example_bash_decorator.py
[2026-05-09T07:44:41.033+0000] {processor.py:840} INFO - DAG(s) 'example_bash_decorator' retrieved from /home/airflow/.local/lib/python3.12/site-packages/airflow/example_dags/example_bash_decorator.py
[2026-05-09T07:44:41.053+0000] {logging_mixin.py:188} INFO - [2026-05-09T07:44:41.053+0000] {dag.py:3096} INFO - Sync 1 DAGs
[2026-05-09T07:44:41.063+0000] {logging_mixin.py:188} INFO - [2026-05-09T07:44:41.063+0000] {dag.py:3954} INFO - Setting next_dagrun for example_bash_decorator to None, run_after=None
[2026-05-09T07:44:41.080+0000] {processor.py:183} INFO - Processing /home/airflow/.local/lib/python3.12/site-packages/airflow/example_dags/example_bash_decorator.py took 0.066 seconds
[2026-05-09T07:45:11.365+0000] {processor.py:161} INFO - Started process (PID=14372) to work on /home/airflow/.local/lib/python3.12/site-packages/airflow/example_dags/example_bash_decorator.py
[2026-05-09T07:45:11.367+0000] {processor.py:830} INFO - Processing file /home/airflow/.local/lib/python3.12/site-packages/airflow/example_dags/example_bash_decorator.py for tasks to queue
[2026-05-09T07:45:11.369+0000] {logging_mixin.py:188} INFO - [2026-05-09T07:45:11.369+0000] {dagbag.py:545} INFO - Filling up the DagBag from /home/airflow/.local/lib/python3.12/site-packages/airflow/example_dags/example_bash_decorator.py
[2026-05-09T07:45:11.382+0000] {processor.py:840} INFO - DAG(s) 'example_bash_decorator' retrieved from /home/airflow/.local/lib/python3.12/site-packages/airflow/example_dags/example_bash_decorator.py
[2026-05-09T07:45:11.403+0000] {logging_mixin.py:188} INFO - [2026-05-09T07:45:11.403+0000] {dag.py:3096} INFO - Sync 1 DAGs
[2026-05-09T07:45:11.413+0000] {logging_mixin.py:188} INFO - [2026-05-09T07:45:11.413+0000] {dag.py:3954} INFO - Setting next_dagrun for example_bash_decorator to None, run_after=None
[2026-05-09T07:45:11.432+0000] {processor.py:183} INFO - Processing /home/airflow/.local/lib/python3.12/site-packages/airflow/example_dags/example_bash_decorator.py took 0.073 seconds
[2026-05-09T07:45:41.625+0000] {processor.py:161} INFO - Started process (PID=14432) to work on /home/airflow/.local/lib/python3.12/site-packages/airflow/example_dags/example_bash_decorator.py
[2026-05-09T07:45:41.627+0000] {processor.py:830} INFO - Processing file /home/airflow/.local/lib/python3.12/site-packages/airflow/example_dags/example_bash_decorator.py for tasks to queue
[2026-05-09T07:45:41.629+0000] {logging_mixin.py:188} INFO - [2026-05-09T07:45:41.628+0000] {dagbag.py:545} INFO - Filling up the DagBag from /home/airflow/.local/lib/python3.12/site-packages/airflow/example_dags/example_bash_decorator.py
[2026-05-09T07:45:41.639+0000] {processor.py:840} INFO - DAG(s) 'example_bash_decorator' retrieved from /home/airflow/.local/lib/python3.12/site-packages/airflow/example_dags/example_bash_decorator.py
[2026-05-09T07:45:41.656+0000] {logging_mixin.py:188} INFO - [2026-05-09T07:45:41.656+0000] {dag.py:3096} INFO - Sync 1 DAGs
[2026-05-09T07:45:41.665+0000] {logging_mixin.py:188} INFO - [2026-05-09T07:45:41.665+0000] {dag.py:3954} INFO - Setting next_dagrun for example_bash_decorator to None, run_after=None
[2026-05-09T07:45:41.683+0000] {processor.py:183} INFO - Processing /home/airflow/.local/lib/python3.12/site-packages/airflow/example_dags/example_bash_decorator.py took 0.063 seconds
[2026-05-09T07:46:11.864+0000] {processor.py:161} INFO - Started process (PID=14492) to work on /home/airflow/.local/lib/python3.12/site-packages/airflow/example_dags/example_bash_decorator.py
[2026-05-09T07:46:11.868+0000] {processor.py:830} INFO - Processing file /home/airflow/.local/lib/python3.12/site-packages/airflow/example_dags/example_bash_decorator.py for tasks to queue
[2026-05-09T07:46:11.870+0000] {logging_mixin.py:188} INFO - [2026-05-09T07:46:11.870+0000] {dagbag.py:545} INFO - Filling up the DagBag from /home/airflow/.local/lib/python3.12/site-packages/airflow/example_dags/example_bash_decorator.py
[2026-05-09T07:46:11.880+0000] {processor.py:840} INFO - DAG(s) 'example_bash_decorator' retrieved from /home/airflow/.local/lib/python3.12/site-packages/airflow/example_dags/example_bash_decorator.py
[2026-05-09T07:46:11.897+0000] {logging_mixin.py:188} INFO - [2026-05-09T07:46:11.897+0000] {dag.py:3096} INFO - Sync 1 DAGs
[2026-05-09T07:46:11.906+0000] {logging_mixin.py:188} INFO - [2026-05-09T07:46:11.906+0000] {dag.py:3954} INFO - Setting next_dagrun for example_bash_decorator to None, run_after=None
[2026-05-09T07:46:11.920+0000] {processor.py:183} INFO - Processing /home/airflow/.local/lib/python3.12/site-packages/airflow/example_dags/example_bash_decorator.py took 0.061 seconds
[2026-05-09T07:46:42.633+0000] {processor.py:161} INFO - Started process (PID=14552) to work on /home/airflow/.local/lib/python3.12/site-packages/airflow/example_dags/example_bash_decorator.py
[2026-05-09T07:46:42.634+0000] {processor.py:830} INFO - Processing file /home/airflow/.local/lib/python3.12/site-packages/airflow/example_dags/example_bash_decorator.py for tasks to queue
[2026-05-09T07:46:42.637+0000] {logging_mixin.py:188} INFO - [2026-05-09T07:46:42.637+0000] {dagbag.py:545} INFO - Filling up the DagBag from /home/airflow/.local/lib/python3.12/site-packages/airflow/example_dags/example_bash_decorator.py
[2026-05-09T07:46:42.649+0000] {processor.py:840} INFO - DAG(s) 'example_bash_decorator' retrieved from /home/airflow/.local/lib/python3.12/site-packages/airflow/example_dags/example_bash_decorator.py
[2026-05-09T07:46:42.671+0000] {logging_mixin.py:188} INFO - [2026-05-09T07:46:42.670+0000] {dag.py:3096} INFO - Sync 1 DAGs
[2026-05-09T07:46:42.682+0000] {logging_mixin.py:188} INFO - [2026-05-09T07:46:42.682+0000] {dag.py:3954} INFO - Setting next_dagrun for example_bash_decorator to None, run_after=None
[2026-05-09T07:46:42.699+0000] {processor.py:183} INFO - Processing /home/airflow/.local/lib/python3.12/site-packages/airflow/example_dags/example_bash_decorator.py took 0.072 seconds
[2026-05-09T07:47:13.017+0000] {processor.py:161} INFO - Started process (PID=14612) to work on /home/airflow/.local/lib/python3.12/site-packages/airflow/example_dags/example_bash_decorator.py
[2026-05-09T07:47:13.019+0000] {processor.py:830} INFO - Processing file /home/airflow/.local/lib/python3.12/site-packages/airflow/example_dags/example_bash_decorator.py for tasks to queue
[2026-05-09T07:47:13.021+0000] {logging_mixin.py:188} INFO - [2026-05-09T07:47:13.021+0000] {dagbag.py:545} INFO - Filling up the DagBag from /home/airflow/.local/lib/python3.12/site-packages/airflow/example_dags/example_bash_decorator.py
[2026-05-09T07:47:13.031+0000] {processor.py:840} INFO - DAG(s) 'example_bash_decorator' retrieved from /home/airflow/.local/lib/python3.12/site-packages/airflow/example_dags/example_bash_decorator.py
[2026-05-09T07:47:13.049+0000] {logging_mixin.py:188} INFO - [2026-05-09T07:47:13.049+0000] {dag.py:3096} INFO - Sync 1 DAGs
[2026-05-09T07:47:13.058+0000] {logging_mixin.py:188} INFO - [2026-05-09T07:47:13.058+0000] {dag.py:3954} INFO - Setting next_dagrun for example_bash_decorator to None, run_after=None
[2026-05-09T07:47:13.076+0000] {processor.py:183} INFO - Processing /home/airflow/.local/lib/python3.12/site-packages/airflow/example_dags/example_bash_decorator.py took 0.063 seconds
[2026-05-09T07:47:43.148+0000] {processor.py:161} INFO - Started process (PID=14672) to work on /home/airflow/.local/lib/python3.12/site-packages/airflow/example_dags/example_bash_decorator.py
[2026-05-09T07:47:43.149+0000] {processor.py:830} INFO - Processing file /home/airflow/.local/lib/python3.12/site-packages/airflow/example_dags/example_bash_decorator.py for tasks to queue
[2026-05-09T07:47:43.150+0000] {logging_mixin.py:188} INFO - [2026-05-09T07:47:43.150+0000] {dagbag.py:545} INFO - Filling up the DagBag from /home/airflow/.local/lib/python3.12/site-packages/airflow/example_dags/example_bash_decorator.py
[2026-05-09T07:47:43.161+0000] {processor.py:840} INFO - DAG(s) 'example_bash_decorator' retrieved from /home/airflow/.local/lib/python3.12/site-packages/airflow/example_dags/example_bash_decorator.py
[2026-05-09T07:47:43.178+0000] {logging_mixin.py:188} INFO - [2026-05-09T07:47:43.178+0000] {dag.py:3096} INFO - Sync 1 DAGs
[2026-05-09T07:47:43.188+0000] {logging_mixin.py:188} INFO - [2026-05-09T07:47:43.188+0000] {dag.py:3954} INFO - Setting next_dagrun for example_bash_decorator to None, run_after=None
[2026-05-09T07:47:43.206+0000] {processor.py:183} INFO - Processing /home/airflow/.local/lib/python3.12/site-packages/airflow/example_dags/example_bash_decorator.py took 0.063 seconds
[2026-05-09T07:48:14.108+0000] {processor.py:161} INFO - Started process (PID=14732) to work on /home/airflow/.local/lib/python3.12/site-packages/airflow/example_dags/example_bash_decorator.py
[2026-05-09T07:48:14.109+0000] {processor.py:830} INFO - Processing file /home/airflow/.local/lib/python3.12/site-packages/airflow/example_dags/example_bash_decorator.py for tasks to queue
[2026-05-09T07:48:14.113+0000] {logging_mixin.py:188} INFO - [2026-05-09T07:48:14.113+0000] {dagbag.py:545} INFO - Filling up the DagBag from /home/airflow/.local/lib/python3.12/site-packages/airflow/example_dags/example_bash_decorator.py
[2026-05-09T07:48:14.124+0000] {processor.py:840} INFO - DAG(s) 'example_bash_decorator' retrieved from /home/airflow/.local/lib/python3.12/site-packages/airflow/example_dags/example_bash_decorator.py
[2026-05-09T07:48:14.144+0000] {logging_mixin.py:188} INFO - [2026-05-09T07:48:14.144+0000] {dag.py:3096} INFO - Sync 1 DAGs
[2026-05-09T07:48:14.155+0000] {logging_mixin.py:188} INFO - [2026-05-09T07:48:14.155+0000] {dag.py:3954} INFO - Setting next_dagrun for example_bash_decorator to None, run_after=None
[2026-05-09T07:48:14.173+0000] {processor.py:183} INFO - Processing /home/airflow/.local/lib/python3.12/site-packages/airflow/example_dags/example_bash_decorator.py took 0.070 seconds
[2026-05-09T07:48:44.472+0000] {processor.py:161} INFO - Started process (PID=14792) to work on /home/airflow/.local/lib/python3.12/site-packages/airflow/example_dags/example_bash_decorator.py
[2026-05-09T07:48:44.474+0000] {processor.py:830} INFO - Processing file /home/airflow/.local/lib/python3.12/site-packages/airflow/example_dags/example_bash_decorator.py for tasks to queue
[2026-05-09T07:48:44.476+0000] {logging_mixin.py:188} INFO - [2026-05-09T07:48:44.476+0000] {dagbag.py:545} INFO - Filling up the DagBag from /home/airflow/.local/lib/python3.12/site-packages/airflow/example_dags/example_bash_decorator.py
[2026-05-09T07:48:44.487+0000] {processor.py:840} INFO - DAG(s) 'example_bash_decorator' retrieved from /home/airflow/.local/lib/python3.12/site-packages/airflow/example_dags/example_bash_decorator.py
[2026-05-09T07:48:44.504+0000] {logging_mixin.py:188} INFO - [2026-05-09T07:48:44.504+0000] {dag.py:3096} INFO - Sync 1 DAGs
[2026-05-09T07:48:44.514+0000] {logging_mixin.py:188} INFO - [2026-05-09T07:48:44.513+0000] {dag.py:3954} INFO - Setting next_dagrun for example_bash_decorator to None, run_after=None
[2026-05-09T07:48:44.530+0000] {processor.py:183} INFO - Processing /home/airflow/.local/lib/python3.12/site-packages/airflow/example_dags/example_bash_decorator.py took 0.063 seconds
[2026-05-09T07:49:15.252+0000] {processor.py:161} INFO - Started process (PID=14852) to work on /home/airflow/.local/lib/python3.12/site-packages/airflow/example_dags/example_bash_decorator.py
[2026-05-09T07:49:15.254+0000] {processor.py:830} INFO - Processing file /home/airflow/.local/lib/python3.12/site-packages/airflow/example_dags/example_bash_decorator.py for tasks to queue
[2026-05-09T07:49:15.258+0000] {logging_mixin.py:188} INFO - [2026-05-09T07:49:15.258+0000] {dagbag.py:545} INFO - Filling up the DagBag from /home/airflow/.local/lib/python3.12/site-packages/airflow/example_dags/example_bash_decorator.py
[2026-05-09T07:49:15.270+0000] {processor.py:840} INFO - DAG(s) 'example_bash_decorator' retrieved from /home/airflow/.local/lib/python3.12/site-packages/airflow/example_dags/example_bash_decorator.py
[2026-05-09T07:49:15.290+0000] {logging_mixin.py:188} INFO - [2026-05-09T07:49:15.289+0000] {dag.py:3096} INFO - Sync 1 DAGs
[2026-05-09T07:49:15.300+0000] {logging_mixin.py:188} INFO - [2026-05-09T07:49:15.300+0000] {dag.py:3954} INFO - Setting next_dagrun for example_bash_decorator to None, run_after=None
[2026-05-09T07:49:15.317+0000] {processor.py:183} INFO - Processing /home/airflow/.local/lib/python3.12/site-packages/airflow/example_dags/example_bash_decorator.py took 0.071 seconds
[2026-05-09T07:49:46.142+0000] {processor.py:161} INFO - Started process (PID=14912) to work on /home/airflow/.local/lib/python3.12/site-packages/airflow/example_dags/example_bash_decorator.py
[2026-05-09T07:49:46.143+0000] {processor.py:830} INFO - Processing file /home/airflow/.local/lib/python3.12/site-packages/airflow/example_dags/example_bash_decorator.py for tasks to queue
[2026-05-09T07:49:46.145+0000] {logging_mixin.py:188} INFO - [2026-05-09T07:49:46.145+0000] {dagbag.py:545} INFO - Filling up the DagBag from /home/airflow/.local/lib/python3.12/site-packages/airflow/example_dags/example_bash_decorator.py
[2026-05-09T07:49:46.157+0000] {processor.py:840} INFO - DAG(s) 'example_bash_decorator' retrieved from /home/airflow/.local/lib/python3.12/site-packages/airflow/example_dags/example_bash_decorator.py
[2026-05-09T07:49:46.177+0000] {logging_mixin.py:188} INFO - [2026-05-09T07:49:46.177+0000] {dag.py:3096} INFO - Sync 1 DAGs
[2026-05-09T07:49:46.188+0000] {logging_mixin.py:188} INFO - [2026-05-09T07:49:46.188+0000] {dag.py:3954} INFO - Setting next_dagrun for example_bash_decorator to None, run_after=None
[2026-05-09T07:49:46.205+0000] {processor.py:183} INFO - Processing /home/airflow/.local/lib/python3.12/site-packages/airflow/example_dags/example_bash_decorator.py took 0.069 seconds
[2026-05-09T07:50:17.069+0000] {processor.py:161} INFO - Started process (PID=14972) to work on /home/airflow/.local/lib/python3.12/site-packages/airflow/example_dags/example_bash_decorator.py
[2026-05-09T07:50:17.070+0000] {processor.py:830} INFO - Processing file /home/airflow/.local/lib/python3.12/site-packages/airflow/example_dags/example_bash_decorator.py for tasks to queue
[2026-05-09T07:50:17.072+0000] {logging_mixin.py:188} INFO - [2026-05-09T07:50:17.072+0000] {dagbag.py:545} INFO - Filling up the DagBag from /home/airflow/.local/lib/python3.12/site-packages/airflow/example_dags/example_bash_decorator.py
[2026-05-09T07:50:17.083+0000] {processor.py:840} INFO - DAG(s) 'example_bash_decorator' retrieved from /home/airflow/.local/lib/python3.12/site-packages/airflow/example_dags/example_bash_decorator.py
[2026-05-09T07:50:17.101+0000] {logging_mixin.py:188} INFO - [2026-05-09T07:50:17.101+0000] {dag.py:3096} INFO - Sync 1 DAGs
[2026-05-09T07:50:17.110+0000] {logging_mixin.py:188} INFO - [2026-05-09T07:50:17.110+0000] {dag.py:3954} INFO - Setting next_dagrun for example_bash_decorator to None, run_after=None
[2026-05-09T07:50:17.127+0000] {processor.py:183} INFO - Processing /home/airflow/.local/lib/python3.12/site-packages/airflow/example_dags/example_bash_decorator.py took 0.062 seconds
[2026-05-09T07:50:48.039+0000] {processor.py:161} INFO - Started process (PID=15032) to work on /home/airflow/.local/lib/python3.12/site-packages/airflow/example_dags/example_bash_decorator.py
[2026-05-09T07:50:48.041+0000] {processor.py:830} INFO - Processing file /home/airflow/.local/lib/python3.12/site-packages/airflow/example_dags/example_bash_decorator.py for tasks to queue
[2026-05-09T07:50:48.043+0000] {logging_mixin.py:188} INFO - [2026-05-09T07:50:48.042+0000] {dagbag.py:545} INFO - Filling up the DagBag from /home/airflow/.local/lib/python3.12/site-packages/airflow/example_dags/example_bash_decorator.py
[2026-05-09T07:50:48.053+0000] {processor.py:840} INFO - DAG(s) 'example_bash_decorator' retrieved from /home/airflow/.local/lib/python3.12/site-packages/airflow/example_dags/example_bash_decorator.py
[2026-05-09T07:50:48.072+0000] {logging_mixin.py:188} INFO - [2026-05-09T07:50:48.072+0000] {dag.py:3096} INFO - Sync 1 DAGs
[2026-05-09T07:50:48.081+0000] {logging_mixin.py:188} INFO - [2026-05-09T07:50:48.081+0000] {dag.py:3954} INFO - Setting next_dagrun for example_bash_decorator to None, run_after=None
[2026-05-09T07:50:48.096+0000] {processor.py:183} INFO - Processing /home/airflow/.local/lib/python3.12/site-packages/airflow/example_dags/example_bash_decorator.py took 0.062 seconds
[2026-05-09T07:51:18.485+0000] {processor.py:161} INFO - Started process (PID=15098) to work on /home/airflow/.local/lib/python3.12/site-packages/airflow/example_dags/example_bash_decorator.py
[2026-05-09T07:51:18.486+0000] {processor.py:830} INFO - Processing file /home/airflow/.local/lib/python3.12/site-packages/airflow/example_dags/example_bash_decorator.py for tasks to queue
[2026-05-09T07:51:18.488+0000] {logging_mixin.py:188} INFO - [2026-05-09T07:51:18.487+0000] {dagbag.py:545} INFO - Filling up the DagBag from /home/airflow/.local/lib/python3.12/site-packages/airflow/example_dags/example_bash_decorator.py
[2026-05-09T07:51:18.498+0000] {processor.py:840} INFO - DAG(s) 'example_bash_decorator' retrieved from /home/airflow/.local/lib/python3.12/site-packages/airflow/example_dags/example_bash_decorator.py
[2026-05-09T07:51:18.516+0000] {logging_mixin.py:188} INFO - [2026-05-09T07:51:18.516+0000] {dag.py:3096} INFO - Sync 1 DAGs
[2026-05-09T07:51:18.525+0000] {logging_mixin.py:188} INFO - [2026-05-09T07:51:18.524+0000] {dag.py:3954} INFO - Setting next_dagrun for example_bash_decorator to None, run_after=None
[2026-05-09T07:51:18.538+0000] {processor.py:183} INFO - Processing /home/airflow/.local/lib/python3.12/site-packages/airflow/example_dags/example_bash_decorator.py took 0.058 seconds
[2026-05-09T07:51:48.775+0000] {processor.py:161} INFO - Started process (PID=15158) to work on /home/airflow/.local/lib/python3.12/site-packages/airflow/example_dags/example_bash_decorator.py
[2026-05-09T07:51:48.776+0000] {processor.py:830} INFO - Processing file /home/airflow/.local/lib/python3.12/site-packages/airflow/example_dags/example_bash_decorator.py for tasks to queue
[2026-05-09T07:51:48.778+0000] {logging_mixin.py:188} INFO - [2026-05-09T07:51:48.777+0000] {dagbag.py:545} INFO - Filling up the DagBag from /home/airflow/.local/lib/python3.12/site-packages/airflow/example_dags/example_bash_decorator.py
[2026-05-09T07:51:48.789+0000] {processor.py:840} INFO - DAG(s) 'example_bash_decorator' retrieved from /home/airflow/.local/lib/python3.12/site-packages/airflow/example_dags/example_bash_decorator.py
[2026-05-09T07:51:48.810+0000] {logging_mixin.py:188} INFO - [2026-05-09T07:51:48.809+0000] {dag.py:3096} INFO - Sync 1 DAGs
[2026-05-09T07:51:48.820+0000] {logging_mixin.py:188} INFO - [2026-05-09T07:51:48.819+0000] {dag.py:3954} INFO - Setting next_dagrun for example_bash_decorator to None, run_after=None
[2026-05-09T07:51:48.839+0000] {processor.py:183} INFO - Processing /home/airflow/.local/lib/python3.12/site-packages/airflow/example_dags/example_bash_decorator.py took 0.069 seconds
[2026-05-09T07:52:19.098+0000] {processor.py:161} INFO - Started process (PID=15218) to work on /home/airflow/.local/lib/python3.12/site-packages/airflow/example_dags/example_bash_decorator.py
[2026-05-09T07:52:19.099+0000] {processor.py:830} INFO - Processing file /home/airflow/.local/lib/python3.12/site-packages/airflow/example_dags/example_bash_decorator.py for tasks to queue
[2026-05-09T07:52:19.102+0000] {logging_mixin.py:188} INFO - [2026-05-09T07:52:19.101+0000] {dagbag.py:545} INFO - Filling up the DagBag from /home/airflow/.local/lib/python3.12/site-packages/airflow/example_dags/example_bash_decorator.py
[2026-05-09T07:52:19.113+0000] {processor.py:840} INFO - DAG(s) 'example_bash_decorator' retrieved from /home/airflow/.local/lib/python3.12/site-packages/airflow/example_dags/example_bash_decorator.py
[2026-05-09T07:52:19.132+0000] {logging_mixin.py:188} INFO - [2026-05-09T07:52:19.132+0000] {dag.py:3096} INFO - Sync 1 DAGs
[2026-05-09T07:52:19.142+0000] {logging_mixin.py:188} INFO - [2026-05-09T07:52:19.142+0000] {dag.py:3954} INFO - Setting next_dagrun for example_bash_decorator to None, run_after=None
[2026-05-09T07:52:19.159+0000] {processor.py:183} INFO - Processing /home/airflow/.local/lib/python3.12/site-packages/airflow/example_dags/example_bash_decorator.py took 0.066 seconds
[2026-05-09T07:52:49.301+0000] {processor.py:161} INFO - Started process (PID=15275) to work on /home/airflow/.local/lib/python3.12/site-packages/airflow/example_dags/example_bash_decorator.py
[2026-05-09T07:52:49.303+0000] {processor.py:830} INFO - Processing file /home/airflow/.local/lib/python3.12/site-packages/airflow/example_dags/example_bash_decorator.py for tasks to queue
[2026-05-09T07:52:49.304+0000] {logging_mixin.py:188} INFO - [2026-05-09T07:52:49.304+0000] {dagbag.py:545} INFO - Filling up the DagBag from /home/airflow/.local/lib/python3.12/site-packages/airflow/example_dags/example_bash_decorator.py
[2026-05-09T07:52:49.315+0000] {processor.py:840} INFO - DAG(s) 'example_bash_decorator' retrieved from /home/airflow/.local/lib/python3.12/site-packages/airflow/example_dags/example_bash_decorator.py
[2026-05-09T07:52:49.334+0000] {logging_mixin.py:188} INFO - [2026-05-09T07:52:49.334+0000] {dag.py:3096} INFO - Sync 1 DAGs
[2026-05-09T07:52:49.344+0000] {logging_mixin.py:188} INFO - [2026-05-09T07:52:49.344+0000] {dag.py:3954} INFO - Setting next_dagrun for example_bash_decorator to None, run_after=None
[2026-05-09T07:52:49.362+0000] {processor.py:183} INFO - Processing /home/airflow/.local/lib/python3.12/site-packages/airflow/example_dags/example_bash_decorator.py took 0.066 seconds
[2026-05-09T07:53:19.800+0000] {processor.py:161} INFO - Started process (PID=15335) to work on /home/airflow/.local/lib/python3.12/site-packages/airflow/example_dags/example_bash_decorator.py
[2026-05-09T07:53:19.801+0000] {processor.py:830} INFO - Processing file /home/airflow/.local/lib/python3.12/site-packages/airflow/example_dags/example_bash_decorator.py for tasks to queue
[2026-05-09T07:53:19.803+0000] {logging_mixin.py:188} INFO - [2026-05-09T07:53:19.803+0000] {dagbag.py:545} INFO - Filling up the DagBag from /home/airflow/.local/lib/python3.12/site-packages/airflow/example_dags/example_bash_decorator.py
[2026-05-09T07:53:19.813+0000] {processor.py:840} INFO - DAG(s) 'example_bash_decorator' retrieved from /home/airflow/.local/lib/python3.12/site-packages/airflow/example_dags/example_bash_decorator.py
[2026-05-09T07:53:19.834+0000] {logging_mixin.py:188} INFO - [2026-05-09T07:53:19.834+0000] {dag.py:3096} INFO - Sync 1 DAGs
[2026-05-09T07:53:19.844+0000] {logging_mixin.py:188} INFO - [2026-05-09T07:53:19.844+0000] {dag.py:3954} INFO - Setting next_dagrun for example_bash_decorator to None, run_after=None
[2026-05-09T07:53:19.859+0000] {processor.py:183} INFO - Processing /home/airflow/.local/lib/python3.12/site-packages/airflow/example_dags/example_bash_decorator.py took 0.065 seconds
[2026-05-09T07:53:50.130+0000] {processor.py:161} INFO - Started process (PID=15395) to work on /home/airflow/.local/lib/python3.12/site-packages/airflow/example_dags/example_bash_decorator.py
[2026-05-09T07:53:50.131+0000] {processor.py:830} INFO - Processing file /home/airflow/.local/lib/python3.12/site-packages/airflow/example_dags/example_bash_decorator.py for tasks to queue
[2026-05-09T07:53:50.133+0000] {logging_mixin.py:188} INFO - [2026-05-09T07:53:50.133+0000] {dagbag.py:545} INFO - Filling up the DagBag from /home/airflow/.local/lib/python3.12/site-packages/airflow/example_dags/example_bash_decorator.py
[2026-05-09T07:53:50.144+0000] {processor.py:840} INFO - DAG(s) 'example_bash_decorator' retrieved from /home/airflow/.local/lib/python3.12/site-packages/airflow/example_dags/example_bash_decorator.py
[2026-05-09T07:53:50.161+0000] {logging_mixin.py:188} INFO - [2026-05-09T07:53:50.161+0000] {dag.py:3096} INFO - Sync 1 DAGs
[2026-05-09T07:53:50.170+0000] {logging_mixin.py:188} INFO - [2026-05-09T07:53:50.170+0000] {dag.py:3954} INFO - Setting next_dagrun for example_bash_decorator to None, run_after=None
[2026-05-09T07:53:50.187+0000] {processor.py:183} INFO - Processing /home/airflow/.local/lib/python3.12/site-packages/airflow/example_dags/example_bash_decorator.py took 0.061 seconds
[2026-05-09T07:54:20.399+0000] {processor.py:161} INFO - Started process (PID=15455) to work on /home/airflow/.local/lib/python3.12/site-packages/airflow/example_dags/example_bash_decorator.py
[2026-05-09T07:54:20.400+0000] {processor.py:830} INFO - Processing file /home/airflow/.local/lib/python3.12/site-packages/airflow/example_dags/example_bash_decorator.py for tasks to queue
[2026-05-09T07:54:20.402+0000] {logging_mixin.py:188} INFO - [2026-05-09T07:54:20.402+0000] {dagbag.py:545} INFO - Filling up the DagBag from /home/airflow/.local/lib/python3.12/site-packages/airflow/example_dags/example_bash_decorator.py
[2026-05-09T07:54:20.412+0000] {processor.py:840} INFO - DAG(s) 'example_bash_decorator' retrieved from /home/airflow/.local/lib/python3.12/site-packages/airflow/example_dags/example_bash_decorator.py
[2026-05-09T07:54:20.434+0000] {logging_mixin.py:188} INFO - [2026-05-09T07:54:20.434+0000] {dag.py:3096} INFO - Sync 1 DAGs
[2026-05-09T07:54:20.445+0000] {logging_mixin.py:188} INFO - [2026-05-09T07:54:20.444+0000] {dag.py:3954} INFO - Setting next_dagrun for example_bash_decorator to None, run_after=None
[2026-05-09T07:54:20.463+0000] {processor.py:183} INFO - Processing /home/airflow/.local/lib/python3.12/site-packages/airflow/example_dags/example_bash_decorator.py took 0.069 seconds
[2026-05-09T07:54:50.544+0000] {processor.py:161} INFO - Started process (PID=15515) to work on /home/airflow/.local/lib/python3.12/site-packages/airflow/example_dags/example_bash_decorator.py
[2026-05-09T07:54:50.546+0000] {processor.py:830} INFO - Processing file /home/airflow/.local/lib/python3.12/site-packages/airflow/example_dags/example_bash_decorator.py for tasks to queue
[2026-05-09T07:54:50.547+0000] {logging_mixin.py:188} INFO - [2026-05-09T07:54:50.547+0000] {dagbag.py:545} INFO - Filling up the DagBag from /home/airflow/.local/lib/python3.12/site-packages/airflow/example_dags/example_bash_decorator.py
[2026-05-09T07:54:50.558+0000] {processor.py:840} INFO - DAG(s) 'example_bash_decorator' retrieved from /home/airflow/.local/lib/python3.12/site-packages/airflow/example_dags/example_bash_decorator.py
[2026-05-09T07:54:50.576+0000] {logging_mixin.py:188} INFO - [2026-05-09T07:54:50.576+0000] {dag.py:3096} INFO - Sync 1 DAGs
[2026-05-09T07:54:50.587+0000] {logging_mixin.py:188} INFO - [2026-05-09T07:54:50.586+0000] {dag.py:3954} INFO - Setting next_dagrun for example_bash_decorator to None, run_after=None
[2026-05-09T07:54:50.602+0000] {processor.py:183} INFO - Processing /home/airflow/.local/lib/python3.12/site-packages/airflow/example_dags/example_bash_decorator.py took 0.063 seconds
[2026-05-09T07:55:20.811+0000] {processor.py:161} INFO - Started process (PID=15575) to work on /home/airflow/.local/lib/python3.12/site-packages/airflow/example_dags/example_bash_decorator.py
[2026-05-09T07:55:20.812+0000] {processor.py:830} INFO - Processing file /home/airflow/.local/lib/python3.12/site-packages/airflow/example_dags/example_bash_decorator.py for tasks to queue
[2026-05-09T07:55:20.814+0000] {logging_mixin.py:188} INFO - [2026-05-09T07:55:20.814+0000] {dagbag.py:545} INFO - Filling up the DagBag from /home/airflow/.local/lib/python3.12/site-packages/airflow/example_dags/example_bash_decorator.py
[2026-05-09T07:55:20.825+0000] {processor.py:840} INFO - DAG(s) 'example_bash_decorator' retrieved from /home/airflow/.local/lib/python3.12/site-packages/airflow/example_dags/example_bash_decorator.py
[2026-05-09T07:55:20.847+0000] {logging_mixin.py:188} INFO - [2026-05-09T07:55:20.847+0000] {dag.py:3096} INFO - Sync 1 DAGs
[2026-05-09T07:55:20.857+0000] {logging_mixin.py:188} INFO - [2026-05-09T07:55:20.857+0000] {dag.py:3954} INFO - Setting next_dagrun for example_bash_decorator to None, run_after=None
[2026-05-09T07:55:20.875+0000] {processor.py:183} INFO - Processing /home/airflow/.local/lib/python3.12/site-packages/airflow/example_dags/example_bash_decorator.py took 0.069 seconds
[2026-05-09T07:55:51.241+0000] {processor.py:161} INFO - Started process (PID=15635) to work on /home/airflow/.local/lib/python3.12/site-packages/airflow/example_dags/example_bash_decorator.py
[2026-05-09T07:55:51.242+0000] {processor.py:830} INFO - Processing file /home/airflow/.local/lib/python3.12/site-packages/airflow/example_dags/example_bash_decorator.py for tasks to queue
[2026-05-09T07:55:51.244+0000] {logging_mixin.py:188} INFO - [2026-05-09T07:55:51.243+0000] {dagbag.py:545} INFO - Filling up the DagBag from /home/airflow/.local/lib/python3.12/site-packages/airflow/example_dags/example_bash_decorator.py
[2026-05-09T07:55:51.253+0000] {processor.py:840} INFO - DAG(s) 'example_bash_decorator' retrieved from /home/airflow/.local/lib/python3.12/site-packages/airflow/example_dags/example_bash_decorator.py
[2026-05-09T07:55:51.272+0000] {logging_mixin.py:188} INFO - [2026-05-09T07:55:51.271+0000] {dag.py:3096} INFO - Sync 1 DAGs
[2026-05-09T07:55:51.281+0000] {logging_mixin.py:188} INFO - [2026-05-09T07:55:51.281+0000] {dag.py:3954} INFO - Setting next_dagrun for example_bash_decorator to None, run_after=None
[2026-05-09T07:55:51.297+0000] {processor.py:183} INFO - Processing /home/airflow/.local/lib/python3.12/site-packages/airflow/example_dags/example_bash_decorator.py took 0.061 seconds
[2026-05-09T07:56:21.456+0000] {processor.py:161} INFO - Started process (PID=15695) to work on /home/airflow/.local/lib/python3.12/site-packages/airflow/example_dags/example_bash_decorator.py
[2026-05-09T07:56:21.457+0000] {processor.py:830} INFO - Processing file /home/airflow/.local/lib/python3.12/site-packages/airflow/example_dags/example_bash_decorator.py for tasks to queue
[2026-05-09T07:56:21.459+0000] {logging_mixin.py:188} INFO - [2026-05-09T07:56:21.459+0000] {dagbag.py:545} INFO - Filling up the DagBag from /home/airflow/.local/lib/python3.12/site-packages/airflow/example_dags/example_bash_decorator.py
[2026-05-09T07:56:21.469+0000] {processor.py:840} INFO - DAG(s) 'example_bash_decorator' retrieved from /home/airflow/.local/lib/python3.12/site-packages/airflow/example_dags/example_bash_decorator.py
[2026-05-09T07:56:21.486+0000] {logging_mixin.py:188} INFO - [2026-05-09T07:56:21.486+0000] {dag.py:3096} INFO - Sync 1 DAGs
[2026-05-09T07:56:21.496+0000] {logging_mixin.py:188} INFO - [2026-05-09T07:56:21.495+0000] {dag.py:3954} INFO - Setting next_dagrun for example_bash_decorator to None, run_after=None
[2026-05-09T07:56:21.510+0000] {processor.py:183} INFO - Processing /home/airflow/.local/lib/python3.12/site-packages/airflow/example_dags/example_bash_decorator.py took 0.059 seconds
[2026-05-09T07:56:51.616+0000] {processor.py:161} INFO - Started process (PID=15755) to work on /home/airflow/.local/lib/python3.12/site-packages/airflow/example_dags/example_bash_decorator.py
[2026-05-09T07:56:51.617+0000] {processor.py:830} INFO - Processing file /home/airflow/.local/lib/python3.12/site-packages/airflow/example_dags/example_bash_decorator.py for tasks to queue
[2026-05-09T07:56:51.618+0000] {logging_mixin.py:188} INFO - [2026-05-09T07:56:51.618+0000] {dagbag.py:545} INFO - Filling up the DagBag from /home/airflow/.local/lib/python3.12/site-packages/airflow/example_dags/example_bash_decorator.py
[2026-05-09T07:56:51.629+0000] {processor.py:840} INFO - DAG(s) 'example_bash_decorator' retrieved from /home/airflow/.local/lib/python3.12/site-packages/airflow/example_dags/example_bash_decorator.py
[2026-05-09T07:56:51.648+0000] {logging_mixin.py:188} INFO - [2026-05-09T07:56:51.648+0000] {dag.py:3096} INFO - Sync 1 DAGs
[2026-05-09T07:56:51.658+0000] {logging_mixin.py:188} INFO - [2026-05-09T07:56:51.658+0000] {dag.py:3954} INFO - Setting next_dagrun for example_bash_decorator to None, run_after=None
[2026-05-09T07:56:51.679+0000] {processor.py:183} INFO - Processing /home/airflow/.local/lib/python3.12/site-packages/airflow/example_dags/example_bash_decorator.py took 0.068 seconds
[2026-05-09T07:57:22.439+0000] {processor.py:161} INFO - Started process (PID=15815) to work on /home/airflow/.local/lib/python3.12/site-packages/airflow/example_dags/example_bash_decorator.py
[2026-05-09T07:57:22.440+0000] {processor.py:830} INFO - Processing file /home/airflow/.local/lib/python3.12/site-packages/airflow/example_dags/example_bash_decorator.py for tasks to queue
[2026-05-09T07:57:22.442+0000] {logging_mixin.py:188} INFO - [2026-05-09T07:57:22.442+0000] {dagbag.py:545} INFO - Filling up the DagBag from /home/airflow/.local/lib/python3.12/site-packages/airflow/example_dags/example_bash_decorator.py
[2026-05-09T07:57:22.453+0000] {processor.py:840} INFO - DAG(s) 'example_bash_decorator' retrieved from /home/airflow/.local/lib/python3.12/site-packages/airflow/example_dags/example_bash_decorator.py
[2026-05-09T07:57:22.470+0000] {logging_mixin.py:188} INFO - [2026-05-09T07:57:22.470+0000] {dag.py:3096} INFO - Sync 1 DAGs
[2026-05-09T07:57:22.480+0000] {logging_mixin.py:188} INFO - [2026-05-09T07:57:22.479+0000] {dag.py:3954} INFO - Setting next_dagrun for example_bash_decorator to None, run_after=None
[2026-05-09T07:57:22.495+0000] {processor.py:183} INFO - Processing /home/airflow/.local/lib/python3.12/site-packages/airflow/example_dags/example_bash_decorator.py took 0.060 seconds
[2026-05-09T07:57:52.937+0000] {processor.py:161} INFO - Started process (PID=15875) to work on /home/airflow/.local/lib/python3.12/site-packages/airflow/example_dags/example_bash_decorator.py
[2026-05-09T07:57:52.938+0000] {processor.py:830} INFO - Processing file /home/airflow/.local/lib/python3.12/site-packages/airflow/example_dags/example_bash_decorator.py for tasks to queue
[2026-05-09T07:57:52.940+0000] {logging_mixin.py:188} INFO - [2026-05-09T07:57:52.940+0000] {dagbag.py:545} INFO - Filling up the DagBag from /home/airflow/.local/lib/python3.12/site-packages/airflow/example_dags/example_bash_decorator.py
[2026-05-09T07:57:52.954+0000] {processor.py:840} INFO - DAG(s) 'example_bash_decorator' retrieved from /home/airflow/.local/lib/python3.12/site-packages/airflow/example_dags/example_bash_decorator.py
[2026-05-09T07:57:52.974+0000] {logging_mixin.py:188} INFO - [2026-05-09T07:57:52.974+0000] {dag.py:3096} INFO - Sync 1 DAGs
[2026-05-09T07:57:52.984+0000] {logging_mixin.py:188} INFO - [2026-05-09T07:57:52.984+0000] {dag.py:3954} INFO - Setting next_dagrun for example_bash_decorator to None, run_after=None
[2026-05-09T07:57:53.000+0000] {processor.py:183} INFO - Processing /home/airflow/.local/lib/python3.12/site-packages/airflow/example_dags/example_bash_decorator.py took 0.068 seconds
[2026-05-09T07:58:23.346+0000] {processor.py:161} INFO - Started process (PID=15935) to work on /home/airflow/.local/lib/python3.12/site-packages/airflow/example_dags/example_bash_decorator.py
[2026-05-09T07:58:23.347+0000] {processor.py:830} INFO - Processing file /home/airflow/.local/lib/python3.12/site-packages/airflow/example_dags/example_bash_decorator.py for tasks to queue
[2026-05-09T07:58:23.349+0000] {logging_mixin.py:188} INFO - [2026-05-09T07:58:23.348+0000] {dagbag.py:545} INFO - Filling up the DagBag from /home/airflow/.local/lib/python3.12/site-packages/airflow/example_dags/example_bash_decorator.py
[2026-05-09T07:58:23.359+0000] {processor.py:840} INFO - DAG(s) 'example_bash_decorator' retrieved from /home/airflow/.local/lib/python3.12/site-packages/airflow/example_dags/example_bash_decorator.py
[2026-05-09T07:58:23.378+0000] {logging_mixin.py:188} INFO - [2026-05-09T07:58:23.378+0000] {dag.py:3096} INFO - Sync 1 DAGs
[2026-05-09T07:58:23.388+0000] {logging_mixin.py:188} INFO - [2026-05-09T07:58:23.388+0000] {dag.py:3954} INFO - Setting next_dagrun for example_bash_decorator to None, run_after=None
[2026-05-09T07:58:23.404+0000] {processor.py:183} INFO - Processing /home/airflow/.local/lib/python3.12/site-packages/airflow/example_dags/example_bash_decorator.py took 0.063 seconds
[2026-05-09T07:58:53.893+0000] {processor.py:161} INFO - Started process (PID=15995) to work on /home/airflow/.local/lib/python3.12/site-packages/airflow/example_dags/example_bash_decorator.py
[2026-05-09T07:58:53.894+0000] {processor.py:830} INFO - Processing file /home/airflow/.local/lib/python3.12/site-packages/airflow/example_dags/example_bash_decorator.py for tasks to queue
[2026-05-09T07:58:53.896+0000] {logging_mixin.py:188} INFO - [2026-05-09T07:58:53.896+0000] {dagbag.py:545} INFO - Filling up the DagBag from /home/airflow/.local/lib/python3.12/site-packages/airflow/example_dags/example_bash_decorator.py
[2026-05-09T07:58:53.906+0000] {processor.py:840} INFO - DAG(s) 'example_bash_decorator' retrieved from /home/airflow/.local/lib/python3.12/site-packages/airflow/example_dags/example_bash_decorator.py
[2026-05-09T07:58:53.928+0000] {logging_mixin.py:188} INFO - [2026-05-09T07:58:53.928+0000] {dag.py:3096} INFO - Sync 1 DAGs
[2026-05-09T07:58:53.939+0000] {logging_mixin.py:188} INFO - [2026-05-09T07:58:53.939+0000] {dag.py:3954} INFO - Setting next_dagrun for example_bash_decorator to None, run_after=None
[2026-05-09T07:58:53.957+0000] {processor.py:183} INFO - Processing /home/airflow/.local/lib/python3.12/site-packages/airflow/example_dags/example_bash_decorator.py took 0.070 seconds
[2026-05-09T07:59:24.255+0000] {processor.py:161} INFO - Started process (PID=16055) to work on /home/airflow/.local/lib/python3.12/site-packages/airflow/example_dags/example_bash_decorator.py
[2026-05-09T07:59:24.257+0000] {processor.py:830} INFO - Processing file /home/airflow/.local/lib/python3.12/site-packages/airflow/example_dags/example_bash_decorator.py for tasks to queue
[2026-05-09T07:59:24.259+0000] {logging_mixin.py:188} INFO - [2026-05-09T07:59:24.259+0000] {dagbag.py:545} INFO - Filling up the DagBag from /home/airflow/.local/lib/python3.12/site-packages/airflow/example_dags/example_bash_decorator.py
[2026-05-09T07:59:24.271+0000] {processor.py:840} INFO - DAG(s) 'example_bash_decorator' retrieved from /home/airflow/.local/lib/python3.12/site-packages/airflow/example_dags/example_bash_decorator.py
[2026-05-09T07:59:24.291+0000] {logging_mixin.py:188} INFO - [2026-05-09T07:59:24.290+0000] {dag.py:3096} INFO - Sync 1 DAGs
[2026-05-09T07:59:24.301+0000] {logging_mixin.py:188} INFO - [2026-05-09T07:59:24.301+0000] {dag.py:3954} INFO - Setting next_dagrun for example_bash_decorator to None, run_after=None
[2026-05-09T07:59:24.319+0000] {processor.py:183} INFO - Processing /home/airflow/.local/lib/python3.12/site-packages/airflow/example_dags/example_bash_decorator.py took 0.068 seconds
[2026-05-09T07:59:54.616+0000] {processor.py:161} INFO - Started process (PID=16115) to work on /home/airflow/.local/lib/python3.12/site-packages/airflow/example_dags/example_bash_decorator.py
[2026-05-09T07:59:54.617+0000] {processor.py:830} INFO - Processing file /home/airflow/.local/lib/python3.12/site-packages/airflow/example_dags/example_bash_decorator.py for tasks to queue
[2026-05-09T07:59:54.619+0000] {logging_mixin.py:188} INFO - [2026-05-09T07:59:54.619+0000] {dagbag.py:545} INFO - Filling up the DagBag from /home/airflow/.local/lib/python3.12/site-packages/airflow/example_dags/example_bash_decorator.py
[2026-05-09T07:59:54.630+0000] {processor.py:840} INFO - DAG(s) 'example_bash_decorator' retrieved from /home/airflow/.local/lib/python3.12/site-packages/airflow/example_dags/example_bash_decorator.py
[2026-05-09T07:59:54.651+0000] {logging_mixin.py:188} INFO - [2026-05-09T07:59:54.651+0000] {dag.py:3096} INFO - Sync 1 DAGs
[2026-05-09T07:59:54.662+0000] {logging_mixin.py:188} INFO - [2026-05-09T07:59:54.662+0000] {dag.py:3954} INFO - Setting next_dagrun for example_bash_decorator to None, run_after=None
[2026-05-09T07:59:54.678+0000] {processor.py:183} INFO - Processing /home/airflow/.local/lib/python3.12/site-packages/airflow/example_dags/example_bash_decorator.py took 0.069 seconds
[2026-05-09T08:00:25.064+0000] {processor.py:161} INFO - Started process (PID=16175) to work on /home/airflow/.local/lib/python3.12/site-packages/airflow/example_dags/example_bash_decorator.py
[2026-05-09T08:00:25.065+0000] {processor.py:830} INFO - Processing file /home/airflow/.local/lib/python3.12/site-packages/airflow/example_dags/example_bash_decorator.py for tasks to queue
[2026-05-09T08:00:25.067+0000] {logging_mixin.py:188} INFO - [2026-05-09T08:00:25.067+0000] {dagbag.py:545} INFO - Filling up the DagBag from /home/airflow/.local/lib/python3.12/site-packages/airflow/example_dags/example_bash_decorator.py
[2026-05-09T08:00:25.078+0000] {processor.py:840} INFO - DAG(s) 'example_bash_decorator' retrieved from /home/airflow/.local/lib/python3.12/site-packages/airflow/example_dags/example_bash_decorator.py
[2026-05-09T08:00:25.096+0000] {logging_mixin.py:188} INFO - [2026-05-09T08:00:25.096+0000] {dag.py:3096} INFO - Sync 1 DAGs
[2026-05-09T08:00:25.106+0000] {logging_mixin.py:188} INFO - [2026-05-09T08:00:25.106+0000] {dag.py:3954} INFO - Setting next_dagrun for example_bash_decorator to None, run_after=None
[2026-05-09T08:00:25.122+0000] {processor.py:183} INFO - Processing /home/airflow/.local/lib/python3.12/site-packages/airflow/example_dags/example_bash_decorator.py took 0.063 seconds
[2026-05-09T08:00:55.379+0000] {processor.py:161} INFO - Started process (PID=16235) to work on /home/airflow/.local/lib/python3.12/site-packages/airflow/example_dags/example_bash_decorator.py
[2026-05-09T08:00:55.381+0000] {processor.py:830} INFO - Processing file /home/airflow/.local/lib/python3.12/site-packages/airflow/example_dags/example_bash_decorator.py for tasks to queue
[2026-05-09T08:00:55.382+0000] {logging_mixin.py:188} INFO - [2026-05-09T08:00:55.382+0000] {dagbag.py:545} INFO - Filling up the DagBag from /home/airflow/.local/lib/python3.12/site-packages/airflow/example_dags/example_bash_decorator.py
[2026-05-09T08:00:55.393+0000] {processor.py:840} INFO - DAG(s) 'example_bash_decorator' retrieved from /home/airflow/.local/lib/python3.12/site-packages/airflow/example_dags/example_bash_decorator.py
[2026-05-09T08:00:55.414+0000] {logging_mixin.py:188} INFO - [2026-05-09T08:00:55.413+0000] {dag.py:3096} INFO - Sync 1 DAGs
[2026-05-09T08:00:55.423+0000] {logging_mixin.py:188} INFO - [2026-05-09T08:00:55.423+0000] {dag.py:3954} INFO - Setting next_dagrun for example_bash_decorator to None, run_after=None
[2026-05-09T08:00:55.438+0000] {processor.py:183} INFO - Processing /home/airflow/.local/lib/python3.12/site-packages/airflow/example_dags/example_bash_decorator.py took 0.063 seconds
[2026-05-09T08:01:25.654+0000] {processor.py:161} INFO - Started process (PID=16295) to work on /home/airflow/.local/lib/python3.12/site-packages/airflow/example_dags/example_bash_decorator.py
[2026-05-09T08:01:25.655+0000] {processor.py:830} INFO - Processing file /home/airflow/.local/lib/python3.12/site-packages/airflow/example_dags/example_bash_decorator.py for tasks to queue
[2026-05-09T08:01:25.657+0000] {logging_mixin.py:188} INFO - [2026-05-09T08:01:25.657+0000] {dagbag.py:545} INFO - Filling up the DagBag from /home/airflow/.local/lib/python3.12/site-packages/airflow/example_dags/example_bash_decorator.py
[2026-05-09T08:01:25.668+0000] {processor.py:840} INFO - DAG(s) 'example_bash_decorator' retrieved from /home/airflow/.local/lib/python3.12/site-packages/airflow/example_dags/example_bash_decorator.py
[2026-05-09T08:01:25.686+0000] {logging_mixin.py:188} INFO - [2026-05-09T08:01:25.686+0000] {dag.py:3096} INFO - Sync 1 DAGs
[2026-05-09T08:01:25.695+0000] {logging_mixin.py:188} INFO - [2026-05-09T08:01:25.695+0000] {dag.py:3954} INFO - Setting next_dagrun for example_bash_decorator to None, run_after=None
[2026-05-09T08:01:25.710+0000] {processor.py:183} INFO - Processing /home/airflow/.local/lib/python3.12/site-packages/airflow/example_dags/example_bash_decorator.py took 0.061 seconds
[2026-05-09T08:01:55.997+0000] {processor.py:161} INFO - Started process (PID=16355) to work on /home/airflow/.local/lib/python3.12/site-packages/airflow/example_dags/example_bash_decorator.py
[2026-05-09T08:01:55.998+0000] {processor.py:830} INFO - Processing file /home/airflow/.local/lib/python3.12/site-packages/airflow/example_dags/example_bash_decorator.py for tasks to queue
[2026-05-09T08:01:56.001+0000] {logging_mixin.py:188} INFO - [2026-05-09T08:01:56.000+0000] {dagbag.py:545} INFO - Filling up the DagBag from /home/airflow/.local/lib/python3.12/site-packages/airflow/example_dags/example_bash_decorator.py
[2026-05-09T08:01:56.013+0000] {processor.py:840} INFO - DAG(s) 'example_bash_decorator' retrieved from /home/airflow/.local/lib/python3.12/site-packages/airflow/example_dags/example_bash_decorator.py
[2026-05-09T08:01:56.033+0000] {logging_mixin.py:188} INFO - [2026-05-09T08:01:56.033+0000] {dag.py:3096} INFO - Sync 1 DAGs
[2026-05-09T08:01:56.043+0000] {logging_mixin.py:188} INFO - [2026-05-09T08:01:56.043+0000] {dag.py:3954} INFO - Setting next_dagrun for example_bash_decorator to None, run_after=None
[2026-05-09T08:01:56.063+0000] {processor.py:183} INFO - Processing /home/airflow/.local/lib/python3.12/site-packages/airflow/example_dags/example_bash_decorator.py took 0.071 seconds
[2026-05-09T08:02:26.490+0000] {processor.py:161} INFO - Started process (PID=16415) to work on /home/airflow/.local/lib/python3.12/site-packages/airflow/example_dags/example_bash_decorator.py
[2026-05-09T08:02:26.492+0000] {processor.py:830} INFO - Processing file /home/airflow/.local/lib/python3.12/site-packages/airflow/example_dags/example_bash_decorator.py for tasks to queue
[2026-05-09T08:02:26.494+0000] {logging_mixin.py:188} INFO - [2026-05-09T08:02:26.493+0000] {dagbag.py:545} INFO - Filling up the DagBag from /home/airflow/.local/lib/python3.12/site-packages/airflow/example_dags/example_bash_decorator.py
[2026-05-09T08:02:26.504+0000] {processor.py:840} INFO - DAG(s) 'example_bash_decorator' retrieved from /home/airflow/.local/lib/python3.12/site-packages/airflow/example_dags/example_bash_decorator.py
[2026-05-09T08:02:26.523+0000] {logging_mixin.py:188} INFO - [2026-05-09T08:02:26.523+0000] {dag.py:3096} INFO - Sync 1 DAGs
[2026-05-09T08:02:26.533+0000] {logging_mixin.py:188} INFO - [2026-05-09T08:02:26.533+0000] {dag.py:3954} INFO - Setting next_dagrun for example_bash_decorator to None, run_after=None
[2026-05-09T08:02:26.550+0000] {processor.py:183} INFO - Processing /home/airflow/.local/lib/python3.12/site-packages/airflow/example_dags/example_bash_decorator.py took 0.065 seconds
[2026-05-09T08:02:57.316+0000] {processor.py:161} INFO - Started process (PID=16475) to work on /home/airflow/.local/lib/python3.12/site-packages/airflow/example_dags/example_bash_decorator.py
[2026-05-09T08:02:57.317+0000] {processor.py:830} INFO - Processing file /home/airflow/.local/lib/python3.12/site-packages/airflow/example_dags/example_bash_decorator.py for tasks to queue
[2026-05-09T08:02:57.320+0000] {logging_mixin.py:188} INFO - [2026-05-09T08:02:57.319+0000] {dagbag.py:545} INFO - Filling up the DagBag from /home/airflow/.local/lib/python3.12/site-packages/airflow/example_dags/example_bash_decorator.py
[2026-05-09T08:02:57.333+0000] {processor.py:840} INFO - DAG(s) 'example_bash_decorator' retrieved from /home/airflow/.local/lib/python3.12/site-packages/airflow/example_dags/example_bash_decorator.py
[2026-05-09T08:02:57.352+0000] {logging_mixin.py:188} INFO - [2026-05-09T08:02:57.352+0000] {dag.py:3096} INFO - Sync 1 DAGs
[2026-05-09T08:02:57.364+0000] {logging_mixin.py:188} INFO - [2026-05-09T08:02:57.364+0000] {dag.py:3954} INFO - Setting next_dagrun for example_bash_decorator to None, run_after=None
[2026-05-09T08:02:57.380+0000] {processor.py:183} INFO - Processing /home/airflow/.local/lib/python3.12/site-packages/airflow/example_dags/example_bash_decorator.py took 0.069 seconds
[2026-05-09T08:03:28.209+0000] {processor.py:161} INFO - Started process (PID=16535) to work on /home/airflow/.local/lib/python3.12/site-packages/airflow/example_dags/example_bash_decorator.py
[2026-05-09T08:03:28.210+0000] {processor.py:830} INFO - Processing file /home/airflow/.local/lib/python3.12/site-packages/airflow/example_dags/example_bash_decorator.py for tasks to queue
[2026-05-09T08:03:28.212+0000] {logging_mixin.py:188} INFO - [2026-05-09T08:03:28.211+0000] {dagbag.py:545} INFO - Filling up the DagBag from /home/airflow/.local/lib/python3.12/site-packages/airflow/example_dags/example_bash_decorator.py
[2026-05-09T08:03:28.222+0000] {processor.py:840} INFO - DAG(s) 'example_bash_decorator' retrieved from /home/airflow/.local/lib/python3.12/site-packages/airflow/example_dags/example_bash_decorator.py
[2026-05-09T08:03:28.240+0000] {logging_mixin.py:188} INFO - [2026-05-09T08:03:28.240+0000] {dag.py:3096} INFO - Sync 1 DAGs
[2026-05-09T08:03:28.250+0000] {logging_mixin.py:188} INFO - [2026-05-09T08:03:28.249+0000] {dag.py:3954} INFO - Setting next_dagrun for example_bash_decorator to None, run_after=None
[2026-05-09T08:03:28.265+0000] {processor.py:183} INFO - Processing /home/airflow/.local/lib/python3.12/site-packages/airflow/example_dags/example_bash_decorator.py took 0.061 seconds
[2026-05-09T08:03:58.949+0000] {processor.py:161} INFO - Started process (PID=16595) to work on /home/airflow/.local/lib/python3.12/site-packages/airflow/example_dags/example_bash_decorator.py
[2026-05-09T08:03:58.950+0000] {processor.py:830} INFO - Processing file /home/airflow/.local/lib/python3.12/site-packages/airflow/example_dags/example_bash_decorator.py for tasks to queue
[2026-05-09T08:03:58.953+0000] {logging_mixin.py:188} INFO - [2026-05-09T08:03:58.953+0000] {dagbag.py:545} INFO - Filling up the DagBag from /home/airflow/.local/lib/python3.12/site-packages/airflow/example_dags/example_bash_decorator.py
[2026-05-09T08:03:58.964+0000] {processor.py:840} INFO - DAG(s) 'example_bash_decorator' retrieved from /home/airflow/.local/lib/python3.12/site-packages/airflow/example_dags/example_bash_decorator.py
[2026-05-09T08:03:58.984+0000] {logging_mixin.py:188} INFO - [2026-05-09T08:03:58.984+0000] {dag.py:3096} INFO - Sync 1 DAGs
[2026-05-09T08:03:58.994+0000] {logging_mixin.py:188} INFO - [2026-05-09T08:03:58.994+0000] {dag.py:3954} INFO - Setting next_dagrun for example_bash_decorator to None, run_after=None
[2026-05-09T08:03:59.011+0000] {processor.py:183} INFO - Processing /home/airflow/.local/lib/python3.12/site-packages/airflow/example_dags/example_bash_decorator.py took 0.067 seconds
[2026-05-09T08:04:29.091+0000] {processor.py:161} INFO - Started process (PID=16655) to work on /home/airflow/.local/lib/python3.12/site-packages/airflow/example_dags/example_bash_decorator.py
[2026-05-09T08:04:29.092+0000] {processor.py:830} INFO - Processing file /home/airflow/.local/lib/python3.12/site-packages/airflow/example_dags/example_bash_decorator.py for tasks to queue
[2026-05-09T08:04:29.093+0000] {logging_mixin.py:188} INFO - [2026-05-09T08:04:29.093+0000] {dagbag.py:545} INFO - Filling up the DagBag from /home/airflow/.local/lib/python3.12/site-packages/airflow/example_dags/example_bash_decorator.py
[2026-05-09T08:04:29.104+0000] {processor.py:840} INFO - DAG(s) 'example_bash_decorator' retrieved from /home/airflow/.local/lib/python3.12/site-packages/airflow/example_dags/example_bash_decorator.py
[2026-05-09T08:04:29.121+0000] {logging_mixin.py:188} INFO - [2026-05-09T08:04:29.121+0000] {dag.py:3096} INFO - Sync 1 DAGs
[2026-05-09T08:04:29.131+0000] {logging_mixin.py:188} INFO - [2026-05-09T08:04:29.130+0000] {dag.py:3954} INFO - Setting next_dagrun for example_bash_decorator to None, run_after=None
[2026-05-09T08:04:29.147+0000] {processor.py:183} INFO - Processing /home/airflow/.local/lib/python3.12/site-packages/airflow/example_dags/example_bash_decorator.py took 0.061 seconds
[2026-05-09T08:04:59.318+0000] {processor.py:161} INFO - Started process (PID=16715) to work on /home/airflow/.local/lib/python3.12/site-packages/airflow/example_dags/example_bash_decorator.py
[2026-05-09T08:04:59.319+0000] {processor.py:830} INFO - Processing file /home/airflow/.local/lib/python3.12/site-packages/airflow/example_dags/example_bash_decorator.py for tasks to queue
[2026-05-09T08:04:59.321+0000] {logging_mixin.py:188} INFO - [2026-05-09T08:04:59.321+0000] {dagbag.py:545} INFO - Filling up the DagBag from /home/airflow/.local/lib/python3.12/site-packages/airflow/example_dags/example_bash_decorator.py
[2026-05-09T08:04:59.332+0000] {processor.py:840} INFO - DAG(s) 'example_bash_decorator' retrieved from /home/airflow/.local/lib/python3.12/site-packages/airflow/example_dags/example_bash_decorator.py
[2026-05-09T08:04:59.353+0000] {logging_mixin.py:188} INFO - [2026-05-09T08:04:59.353+0000] {dag.py:3096} INFO - Sync 1 DAGs
[2026-05-09T08:04:59.363+0000] {logging_mixin.py:188} INFO - [2026-05-09T08:04:59.363+0000] {dag.py:3954} INFO - Setting next_dagrun for example_bash_decorator to None, run_after=None
[2026-05-09T08:04:59.381+0000] {processor.py:183} INFO - Processing /home/airflow/.local/lib/python3.12/site-packages/airflow/example_dags/example_bash_decorator.py took 0.068 seconds
[2026-05-09T08:05:29.901+0000] {processor.py:161} INFO - Started process (PID=16775) to work on /home/airflow/.local/lib/python3.12/site-packages/airflow/example_dags/example_bash_decorator.py
[2026-05-09T08:05:29.902+0000] {processor.py:830} INFO - Processing file /home/airflow/.local/lib/python3.12/site-packages/airflow/example_dags/example_bash_decorator.py for tasks to queue
[2026-05-09T08:05:29.904+0000] {logging_mixin.py:188} INFO - [2026-05-09T08:05:29.904+0000] {dagbag.py:545} INFO - Filling up the DagBag from /home/airflow/.local/lib/python3.12/site-packages/airflow/example_dags/example_bash_decorator.py
[2026-05-09T08:05:29.914+0000] {processor.py:840} INFO - DAG(s) 'example_bash_decorator' retrieved from /home/airflow/.local/lib/python3.12/site-packages/airflow/example_dags/example_bash_decorator.py
[2026-05-09T08:05:29.932+0000] {logging_mixin.py:188} INFO - [2026-05-09T08:05:29.932+0000] {dag.py:3096} INFO - Sync 1 DAGs
[2026-05-09T08:05:29.942+0000] {logging_mixin.py:188} INFO - [2026-05-09T08:05:29.942+0000] {dag.py:3954} INFO - Setting next_dagrun for example_bash_decorator to None, run_after=None
[2026-05-09T08:05:29.956+0000] {processor.py:183} INFO - Processing /home/airflow/.local/lib/python3.12/site-packages/airflow/example_dags/example_bash_decorator.py took 0.059 seconds
[2026-05-09T08:06:00.292+0000] {processor.py:161} INFO - Started process (PID=16835) to work on /home/airflow/.local/lib/python3.12/site-packages/airflow/example_dags/example_bash_decorator.py
[2026-05-09T08:06:00.293+0000] {processor.py:830} INFO - Processing file /home/airflow/.local/lib/python3.12/site-packages/airflow/example_dags/example_bash_decorator.py for tasks to queue
[2026-05-09T08:06:00.295+0000] {logging_mixin.py:188} INFO - [2026-05-09T08:06:00.295+0000] {dagbag.py:545} INFO - Filling up the DagBag from /home/airflow/.local/lib/python3.12/site-packages/airflow/example_dags/example_bash_decorator.py
[2026-05-09T08:06:00.306+0000] {processor.py:840} INFO - DAG(s) 'example_bash_decorator' retrieved from /home/airflow/.local/lib/python3.12/site-packages/airflow/example_dags/example_bash_decorator.py
[2026-05-09T08:06:00.329+0000] {logging_mixin.py:188} INFO - [2026-05-09T08:06:00.329+0000] {dag.py:3096} INFO - Sync 1 DAGs
[2026-05-09T08:06:00.339+0000] {logging_mixin.py:188} INFO - [2026-05-09T08:06:00.339+0000] {dag.py:3954} INFO - Setting next_dagrun for example_bash_decorator to None, run_after=None
[2026-05-09T08:06:00.357+0000] {processor.py:183} INFO - Processing /home/airflow/.local/lib/python3.12/site-packages/airflow/example_dags/example_bash_decorator.py took 0.070 seconds
[2026-05-09T08:06:30.493+0000] {processor.py:161} INFO - Started process (PID=16895) to work on /home/airflow/.local/lib/python3.12/site-packages/airflow/example_dags/example_bash_decorator.py
[2026-05-09T08:06:30.494+0000] {processor.py:830} INFO - Processing file /home/airflow/.local/lib/python3.12/site-packages/airflow/example_dags/example_bash_decorator.py for tasks to queue
[2026-05-09T08:06:30.496+0000] {logging_mixin.py:188} INFO - [2026-05-09T08:06:30.495+0000] {dagbag.py:545} INFO - Filling up the DagBag from /home/airflow/.local/lib/python3.12/site-packages/airflow/example_dags/example_bash_decorator.py
[2026-05-09T08:06:30.506+0000] {processor.py:840} INFO - DAG(s) 'example_bash_decorator' retrieved from /home/airflow/.local/lib/python3.12/site-packages/airflow/example_dags/example_bash_decorator.py
[2026-05-09T08:06:30.524+0000] {logging_mixin.py:188} INFO - [2026-05-09T08:06:30.524+0000] {dag.py:3096} INFO - Sync 1 DAGs
[2026-05-09T08:06:30.534+0000] {logging_mixin.py:188} INFO - [2026-05-09T08:06:30.534+0000] {dag.py:3954} INFO - Setting next_dagrun for example_bash_decorator to None, run_after=None
[2026-05-09T08:06:30.549+0000] {processor.py:183} INFO - Processing /home/airflow/.local/lib/python3.12/site-packages/airflow/example_dags/example_bash_decorator.py took 0.061 seconds
[2026-05-09T08:07:00.838+0000] {processor.py:161} INFO - Started process (PID=16955) to work on /home/airflow/.local/lib/python3.12/site-packages/airflow/example_dags/example_bash_decorator.py
[2026-05-09T08:07:00.840+0000] {processor.py:830} INFO - Processing file /home/airflow/.local/lib/python3.12/site-packages/airflow/example_dags/example_bash_decorator.py for tasks to queue
[2026-05-09T08:07:00.841+0000] {logging_mixin.py:188} INFO - [2026-05-09T08:07:00.841+0000] {dagbag.py:545} INFO - Filling up the DagBag from /home/airflow/.local/lib/python3.12/site-packages/airflow/example_dags/example_bash_decorator.py
[2026-05-09T08:07:00.851+0000] {processor.py:840} INFO - DAG(s) 'example_bash_decorator' retrieved from /home/airflow/.local/lib/python3.12/site-packages/airflow/example_dags/example_bash_decorator.py
[2026-05-09T08:07:00.871+0000] {logging_mixin.py:188} INFO - [2026-05-09T08:07:00.871+0000] {dag.py:3096} INFO - Sync 1 DAGs
[2026-05-09T08:07:00.881+0000] {logging_mixin.py:188} INFO - [2026-05-09T08:07:00.881+0000] {dag.py:3954} INFO - Setting next_dagrun for example_bash_decorator to None, run_after=None
[2026-05-09T08:07:01.005+0000] {processor.py:183} INFO - Processing /home/airflow/.local/lib/python3.12/site-packages/airflow/example_dags/example_bash_decorator.py took 0.171 seconds
[2026-05-09T08:07:31.229+0000] {processor.py:161} INFO - Started process (PID=17015) to work on /home/airflow/.local/lib/python3.12/site-packages/airflow/example_dags/example_bash_decorator.py
[2026-05-09T08:07:31.230+0000] {processor.py:830} INFO - Processing file /home/airflow/.local/lib/python3.12/site-packages/airflow/example_dags/example_bash_decorator.py for tasks to queue
[2026-05-09T08:07:31.232+0000] {logging_mixin.py:188} INFO - [2026-05-09T08:07:31.232+0000] {dagbag.py:545} INFO - Filling up the DagBag from /home/airflow/.local/lib/python3.12/site-packages/airflow/example_dags/example_bash_decorator.py
[2026-05-09T08:07:31.244+0000] {processor.py:840} INFO - DAG(s) 'example_bash_decorator' retrieved from /home/airflow/.local/lib/python3.12/site-packages/airflow/example_dags/example_bash_decorator.py
[2026-05-09T08:07:31.264+0000] {logging_mixin.py:188} INFO - [2026-05-09T08:07:31.264+0000] {dag.py:3096} INFO - Sync 1 DAGs
[2026-05-09T08:07:31.274+0000] {logging_mixin.py:188} INFO - [2026-05-09T08:07:31.273+0000] {dag.py:3954} INFO - Setting next_dagrun for example_bash_decorator to None, run_after=None
[2026-05-09T08:07:31.292+0000] {processor.py:183} INFO - Processing /home/airflow/.local/lib/python3.12/site-packages/airflow/example_dags/example_bash_decorator.py took 0.067 seconds
[2026-05-09T08:08:01.607+0000] {processor.py:161} INFO - Started process (PID=17075) to work on /home/airflow/.local/lib/python3.12/site-packages/airflow/example_dags/example_bash_decorator.py
[2026-05-09T08:08:01.610+0000] {processor.py:830} INFO - Processing file /home/airflow/.local/lib/python3.12/site-packages/airflow/example_dags/example_bash_decorator.py for tasks to queue
[2026-05-09T08:08:01.611+0000] {logging_mixin.py:188} INFO - [2026-05-09T08:08:01.611+0000] {dagbag.py:545} INFO - Filling up the DagBag from /home/airflow/.local/lib/python3.12/site-packages/airflow/example_dags/example_bash_decorator.py
[2026-05-09T08:08:01.622+0000] {processor.py:840} INFO - DAG(s) 'example_bash_decorator' retrieved from /home/airflow/.local/lib/python3.12/site-packages/airflow/example_dags/example_bash_decorator.py
[2026-05-09T08:08:01.640+0000] {logging_mixin.py:188} INFO - [2026-05-09T08:08:01.640+0000] {dag.py:3096} INFO - Sync 1 DAGs
[2026-05-09T08:08:01.650+0000] {logging_mixin.py:188} INFO - [2026-05-09T08:08:01.650+0000] {dag.py:3954} INFO - Setting next_dagrun for example_bash_decorator to None, run_after=None
[2026-05-09T08:08:01.667+0000] {processor.py:183} INFO - Processing /home/airflow/.local/lib/python3.12/site-packages/airflow/example_dags/example_bash_decorator.py took 0.064 seconds
[2026-05-09T08:08:32.242+0000] {processor.py:161} INFO - Started process (PID=17135) to work on /home/airflow/.local/lib/python3.12/site-packages/airflow/example_dags/example_bash_decorator.py
[2026-05-09T08:08:32.244+0000] {processor.py:830} INFO - Processing file /home/airflow/.local/lib/python3.12/site-packages/airflow/example_dags/example_bash_decorator.py for tasks to queue
[2026-05-09T08:08:32.245+0000] {logging_mixin.py:188} INFO - [2026-05-09T08:08:32.245+0000] {dagbag.py:545} INFO - Filling up the DagBag from /home/airflow/.local/lib/python3.12/site-packages/airflow/example_dags/example_bash_decorator.py
[2026-05-09T08:08:32.256+0000] {processor.py:840} INFO - DAG(s) 'example_bash_decorator' retrieved from /home/airflow/.local/lib/python3.12/site-packages/airflow/example_dags/example_bash_decorator.py
[2026-05-09T08:08:32.275+0000] {logging_mixin.py:188} INFO - [2026-05-09T08:08:32.275+0000] {dag.py:3096} INFO - Sync 1 DAGs
[2026-05-09T08:08:32.285+0000] {logging_mixin.py:188} INFO - [2026-05-09T08:08:32.285+0000] {dag.py:3954} INFO - Setting next_dagrun for example_bash_decorator to None, run_after=None
[2026-05-09T08:08:32.301+0000] {processor.py:183} INFO - Processing /home/airflow/.local/lib/python3.12/site-packages/airflow/example_dags/example_bash_decorator.py took 0.063 seconds
[2026-05-09T08:09:02.931+0000] {processor.py:161} INFO - Started process (PID=17195) to work on /home/airflow/.local/lib/python3.12/site-packages/airflow/example_dags/example_bash_decorator.py
[2026-05-09T08:09:02.932+0000] {processor.py:830} INFO - Processing file /home/airflow/.local/lib/python3.12/site-packages/airflow/example_dags/example_bash_decorator.py for tasks to queue
[2026-05-09T08:09:02.935+0000] {logging_mixin.py:188} INFO - [2026-05-09T08:09:02.935+0000] {dagbag.py:545} INFO - Filling up the DagBag from /home/airflow/.local/lib/python3.12/site-packages/airflow/example_dags/example_bash_decorator.py
[2026-05-09T08:09:02.947+0000] {processor.py:840} INFO - DAG(s) 'example_bash_decorator' retrieved from /home/airflow/.local/lib/python3.12/site-packages/airflow/example_dags/example_bash_decorator.py
[2026-05-09T08:09:03.071+0000] {logging_mixin.py:188} INFO - [2026-05-09T08:09:03.071+0000] {dag.py:3096} INFO - Sync 1 DAGs
[2026-05-09T08:09:03.079+0000] {logging_mixin.py:188} INFO - [2026-05-09T08:09:03.079+0000] {dag.py:3954} INFO - Setting next_dagrun for example_bash_decorator to None, run_after=None
[2026-05-09T08:09:03.097+0000] {processor.py:183} INFO - Processing /home/airflow/.local/lib/python3.12/site-packages/airflow/example_dags/example_bash_decorator.py took 0.171 seconds
[2026-05-09T08:09:34.113+0000] {processor.py:161} INFO - Started process (PID=17255) to work on /home/airflow/.local/lib/python3.12/site-packages/airflow/example_dags/example_bash_decorator.py
[2026-05-09T08:09:34.114+0000] {processor.py:830} INFO - Processing file /home/airflow/.local/lib/python3.12/site-packages/airflow/example_dags/example_bash_decorator.py for tasks to queue
[2026-05-09T08:09:34.116+0000] {logging_mixin.py:188} INFO - [2026-05-09T08:09:34.116+0000] {dagbag.py:545} INFO - Filling up the DagBag from /home/airflow/.local/lib/python3.12/site-packages/airflow/example_dags/example_bash_decorator.py
[2026-05-09T08:09:34.126+0000] {processor.py:840} INFO - DAG(s) 'example_bash_decorator' retrieved from /home/airflow/.local/lib/python3.12/site-packages/airflow/example_dags/example_bash_decorator.py
[2026-05-09T08:09:34.145+0000] {logging_mixin.py:188} INFO - [2026-05-09T08:09:34.144+0000] {dag.py:3096} INFO - Sync 1 DAGs
[2026-05-09T08:09:34.158+0000] {logging_mixin.py:188} INFO - [2026-05-09T08:09:34.158+0000] {dag.py:3954} INFO - Setting next_dagrun for example_bash_decorator to None, run_after=None
[2026-05-09T08:09:34.172+0000] {processor.py:183} INFO - Processing /home/airflow/.local/lib/python3.12/site-packages/airflow/example_dags/example_bash_decorator.py took 0.064 seconds
[2026-05-09T08:10:04.547+0000] {processor.py:161} INFO - Started process (PID=17315) to work on /home/airflow/.local/lib/python3.12/site-packages/airflow/example_dags/example_bash_decorator.py
[2026-05-09T08:10:04.548+0000] {processor.py:830} INFO - Processing file /home/airflow/.local/lib/python3.12/site-packages/airflow/example_dags/example_bash_decorator.py for tasks to queue
[2026-05-09T08:10:04.550+0000] {logging_mixin.py:188} INFO - [2026-05-09T08:10:04.549+0000] {dagbag.py:545} INFO - Filling up the DagBag from /home/airflow/.local/lib/python3.12/site-packages/airflow/example_dags/example_bash_decorator.py
[2026-05-09T08:10:04.560+0000] {processor.py:840} INFO - DAG(s) 'example_bash_decorator' retrieved from /home/airflow/.local/lib/python3.12/site-packages/airflow/example_dags/example_bash_decorator.py
[2026-05-09T08:10:04.578+0000] {logging_mixin.py:188} INFO - [2026-05-09T08:10:04.578+0000] {dag.py:3096} INFO - Sync 1 DAGs
[2026-05-09T08:10:04.588+0000] {logging_mixin.py:188} INFO - [2026-05-09T08:10:04.588+0000] {dag.py:3954} INFO - Setting next_dagrun for example_bash_decorator to None, run_after=None
[2026-05-09T08:10:04.602+0000] {processor.py:183} INFO - Processing /home/airflow/.local/lib/python3.12/site-packages/airflow/example_dags/example_bash_decorator.py took 0.059 seconds
[2026-05-09T08:10:34.912+0000] {processor.py:161} INFO - Started process (PID=17375) to work on /home/airflow/.local/lib/python3.12/site-packages/airflow/example_dags/example_bash_decorator.py
[2026-05-09T08:10:34.913+0000] {processor.py:830} INFO - Processing file /home/airflow/.local/lib/python3.12/site-packages/airflow/example_dags/example_bash_decorator.py for tasks to queue
[2026-05-09T08:10:34.915+0000] {logging_mixin.py:188} INFO - [2026-05-09T08:10:34.915+0000] {dagbag.py:545} INFO - Filling up the DagBag from /home/airflow/.local/lib/python3.12/site-packages/airflow/example_dags/example_bash_decorator.py
[2026-05-09T08:10:34.927+0000] {processor.py:840} INFO - DAG(s) 'example_bash_decorator' retrieved from /home/airflow/.local/lib/python3.12/site-packages/airflow/example_dags/example_bash_decorator.py
[2026-05-09T08:10:34.942+0000] {logging_mixin.py:188} INFO - [2026-05-09T08:10:34.942+0000] {dag.py:3096} INFO - Sync 1 DAGs
[2026-05-09T08:10:34.951+0000] {logging_mixin.py:188} INFO - [2026-05-09T08:10:34.951+0000] {dag.py:3954} INFO - Setting next_dagrun for example_bash_decorator to None, run_after=None
[2026-05-09T08:10:34.965+0000] {processor.py:183} INFO - Processing /home/airflow/.local/lib/python3.12/site-packages/airflow/example_dags/example_bash_decorator.py took 0.057 seconds
[2026-05-09T08:11:05.394+0000] {processor.py:161} INFO - Started process (PID=17435) to work on /home/airflow/.local/lib/python3.12/site-packages/airflow/example_dags/example_bash_decorator.py
[2026-05-09T08:11:05.396+0000] {processor.py:830} INFO - Processing file /home/airflow/.local/lib/python3.12/site-packages/airflow/example_dags/example_bash_decorator.py for tasks to queue
[2026-05-09T08:11:05.398+0000] {logging_mixin.py:188} INFO - [2026-05-09T08:11:05.398+0000] {dagbag.py:545} INFO - Filling up the DagBag from /home/airflow/.local/lib/python3.12/site-packages/airflow/example_dags/example_bash_decorator.py
[2026-05-09T08:11:05.408+0000] {processor.py:840} INFO - DAG(s) 'example_bash_decorator' retrieved from /home/airflow/.local/lib/python3.12/site-packages/airflow/example_dags/example_bash_decorator.py
[2026-05-09T08:11:05.426+0000] {logging_mixin.py:188} INFO - [2026-05-09T08:11:05.425+0000] {dag.py:3096} INFO - Sync 1 DAGs
[2026-05-09T08:11:05.436+0000] {logging_mixin.py:188} INFO - [2026-05-09T08:11:05.436+0000] {dag.py:3954} INFO - Setting next_dagrun for example_bash_decorator to None, run_after=None
[2026-05-09T08:11:05.454+0000] {processor.py:183} INFO - Processing /home/airflow/.local/lib/python3.12/site-packages/airflow/example_dags/example_bash_decorator.py took 0.065 seconds
[2026-05-09T08:11:36.004+0000] {processor.py:161} INFO - Started process (PID=17495) to work on /home/airflow/.local/lib/python3.12/site-packages/airflow/example_dags/example_bash_decorator.py
[2026-05-09T08:11:36.006+0000] {processor.py:830} INFO - Processing file /home/airflow/.local/lib/python3.12/site-packages/airflow/example_dags/example_bash_decorator.py for tasks to queue
[2026-05-09T08:11:36.008+0000] {logging_mixin.py:188} INFO - [2026-05-09T08:11:36.008+0000] {dagbag.py:545} INFO - Filling up the DagBag from /home/airflow/.local/lib/python3.12/site-packages/airflow/example_dags/example_bash_decorator.py
[2026-05-09T08:11:36.018+0000] {processor.py:840} INFO - DAG(s) 'example_bash_decorator' retrieved from /home/airflow/.local/lib/python3.12/site-packages/airflow/example_dags/example_bash_decorator.py
[2026-05-09T08:11:36.036+0000] {logging_mixin.py:188} INFO - [2026-05-09T08:11:36.036+0000] {dag.py:3096} INFO - Sync 1 DAGs
[2026-05-09T08:11:36.045+0000] {logging_mixin.py:188} INFO - [2026-05-09T08:11:36.045+0000] {dag.py:3954} INFO - Setting next_dagrun for example_bash_decorator to None, run_after=None
[2026-05-09T08:11:36.061+0000] {processor.py:183} INFO - Processing /home/airflow/.local/lib/python3.12/site-packages/airflow/example_dags/example_bash_decorator.py took 0.062 seconds
[2026-05-09T08:12:06.623+0000] {processor.py:161} INFO - Started process (PID=17555) to work on /home/airflow/.local/lib/python3.12/site-packages/airflow/example_dags/example_bash_decorator.py
[2026-05-09T08:12:06.625+0000] {processor.py:830} INFO - Processing file /home/airflow/.local/lib/python3.12/site-packages/airflow/example_dags/example_bash_decorator.py for tasks to queue
[2026-05-09T08:12:06.627+0000] {logging_mixin.py:188} INFO - [2026-05-09T08:12:06.627+0000] {dagbag.py:545} INFO - Filling up the DagBag from /home/airflow/.local/lib/python3.12/site-packages/airflow/example_dags/example_bash_decorator.py
[2026-05-09T08:12:06.637+0000] {processor.py:840} INFO - DAG(s) 'example_bash_decorator' retrieved from /home/airflow/.local/lib/python3.12/site-packages/airflow/example_dags/example_bash_decorator.py
[2026-05-09T08:12:06.655+0000] {logging_mixin.py:188} INFO - [2026-05-09T08:12:06.655+0000] {dag.py:3096} INFO - Sync 1 DAGs
[2026-05-09T08:12:06.666+0000] {logging_mixin.py:188} INFO - [2026-05-09T08:12:06.666+0000] {dag.py:3954} INFO - Setting next_dagrun for example_bash_decorator to None, run_after=None
[2026-05-09T08:12:06.680+0000] {processor.py:183} INFO - Processing /home/airflow/.local/lib/python3.12/site-packages/airflow/example_dags/example_bash_decorator.py took 0.061 seconds
[2026-05-09T08:12:37.186+0000] {processor.py:161} INFO - Started process (PID=17615) to work on /home/airflow/.local/lib/python3.12/site-packages/airflow/example_dags/example_bash_decorator.py
[2026-05-09T08:12:37.187+0000] {processor.py:830} INFO - Processing file /home/airflow/.local/lib/python3.12/site-packages/airflow/example_dags/example_bash_decorator.py for tasks to queue
[2026-05-09T08:12:37.190+0000] {logging_mixin.py:188} INFO - [2026-05-09T08:12:37.189+0000] {dagbag.py:545} INFO - Filling up the DagBag from /home/airflow/.local/lib/python3.12/site-packages/airflow/example_dags/example_bash_decorator.py
[2026-05-09T08:12:37.201+0000] {processor.py:840} INFO - DAG(s) 'example_bash_decorator' retrieved from /home/airflow/.local/lib/python3.12/site-packages/airflow/example_dags/example_bash_decorator.py
[2026-05-09T08:12:37.224+0000] {logging_mixin.py:188} INFO - [2026-05-09T08:12:37.223+0000] {dag.py:3096} INFO - Sync 1 DAGs
[2026-05-09T08:12:37.234+0000] {logging_mixin.py:188} INFO - [2026-05-09T08:12:37.233+0000] {dag.py:3954} INFO - Setting next_dagrun for example_bash_decorator to None, run_after=None
[2026-05-09T08:12:37.252+0000] {processor.py:183} INFO - Processing /home/airflow/.local/lib/python3.12/site-packages/airflow/example_dags/example_bash_decorator.py took 0.070 seconds
[2026-05-09T08:13:07.975+0000] {processor.py:161} INFO - Started process (PID=17675) to work on /home/airflow/.local/lib/python3.12/site-packages/airflow/example_dags/example_bash_decorator.py
[2026-05-09T08:13:07.976+0000] {processor.py:830} INFO - Processing file /home/airflow/.local/lib/python3.12/site-packages/airflow/example_dags/example_bash_decorator.py for tasks to queue
[2026-05-09T08:13:07.978+0000] {logging_mixin.py:188} INFO - [2026-05-09T08:13:07.978+0000] {dagbag.py:545} INFO - Filling up the DagBag from /home/airflow/.local/lib/python3.12/site-packages/airflow/example_dags/example_bash_decorator.py
[2026-05-09T08:13:07.990+0000] {processor.py:840} INFO - DAG(s) 'example_bash_decorator' retrieved from /home/airflow/.local/lib/python3.12/site-packages/airflow/example_dags/example_bash_decorator.py
[2026-05-09T08:13:08.012+0000] {logging_mixin.py:188} INFO - [2026-05-09T08:13:08.012+0000] {dag.py:3096} INFO - Sync 1 DAGs
[2026-05-09T08:13:08.024+0000] {logging_mixin.py:188} INFO - [2026-05-09T08:13:08.024+0000] {dag.py:3954} INFO - Setting next_dagrun for example_bash_decorator to None, run_after=None
[2026-05-09T08:13:08.040+0000] {processor.py:183} INFO - Processing /home/airflow/.local/lib/python3.12/site-packages/airflow/example_dags/example_bash_decorator.py took 0.070 seconds
[2026-05-09T08:13:38.584+0000] {processor.py:161} INFO - Started process (PID=17735) to work on /home/airflow/.local/lib/python3.12/site-packages/airflow/example_dags/example_bash_decorator.py
[2026-05-09T08:13:38.585+0000] {processor.py:830} INFO - Processing file /home/airflow/.local/lib/python3.12/site-packages/airflow/example_dags/example_bash_decorator.py for tasks to queue
[2026-05-09T08:13:38.587+0000] {logging_mixin.py:188} INFO - [2026-05-09T08:13:38.586+0000] {dagbag.py:545} INFO - Filling up the DagBag from /home/airflow/.local/lib/python3.12/site-packages/airflow/example_dags/example_bash_decorator.py
[2026-05-09T08:13:38.597+0000] {processor.py:840} INFO - DAG(s) 'example_bash_decorator' retrieved from /home/airflow/.local/lib/python3.12/site-packages/airflow/example_dags/example_bash_decorator.py
[2026-05-09T08:13:38.615+0000] {logging_mixin.py:188} INFO - [2026-05-09T08:13:38.614+0000] {dag.py:3096} INFO - Sync 1 DAGs
[2026-05-09T08:13:38.624+0000] {logging_mixin.py:188} INFO - [2026-05-09T08:13:38.624+0000] {dag.py:3954} INFO - Setting next_dagrun for example_bash_decorator to None, run_after=None
[2026-05-09T08:13:38.640+0000] {processor.py:183} INFO - Processing /home/airflow/.local/lib/python3.12/site-packages/airflow/example_dags/example_bash_decorator.py took 0.061 seconds
[2026-05-09T08:14:09.406+0000] {processor.py:161} INFO - Started process (PID=17795) to work on /home/airflow/.local/lib/python3.12/site-packages/airflow/example_dags/example_bash_decorator.py
[2026-05-09T08:14:09.407+0000] {processor.py:830} INFO - Processing file /home/airflow/.local/lib/python3.12/site-packages/airflow/example_dags/example_bash_decorator.py for tasks to queue
[2026-05-09T08:14:09.409+0000] {logging_mixin.py:188} INFO - [2026-05-09T08:14:09.409+0000] {dagbag.py:545} INFO - Filling up the DagBag from /home/airflow/.local/lib/python3.12/site-packages/airflow/example_dags/example_bash_decorator.py
[2026-05-09T08:14:09.419+0000] {processor.py:840} INFO - DAG(s) 'example_bash_decorator' retrieved from /home/airflow/.local/lib/python3.12/site-packages/airflow/example_dags/example_bash_decorator.py
[2026-05-09T08:14:09.436+0000] {logging_mixin.py:188} INFO - [2026-05-09T08:14:09.436+0000] {dag.py:3096} INFO - Sync 1 DAGs
[2026-05-09T08:14:09.446+0000] {logging_mixin.py:188} INFO - [2026-05-09T08:14:09.445+0000] {dag.py:3954} INFO - Setting next_dagrun for example_bash_decorator to None, run_after=None
[2026-05-09T08:14:09.461+0000] {processor.py:183} INFO - Processing /home/airflow/.local/lib/python3.12/site-packages/airflow/example_dags/example_bash_decorator.py took 0.060 seconds
[2026-05-09T08:14:39.828+0000] {processor.py:161} INFO - Started process (PID=17855) to work on /home/airflow/.local/lib/python3.12/site-packages/airflow/example_dags/example_bash_decorator.py
[2026-05-09T08:14:39.829+0000] {processor.py:830} INFO - Processing file /home/airflow/.local/lib/python3.12/site-packages/airflow/example_dags/example_bash_decorator.py for tasks to queue
[2026-05-09T08:14:39.831+0000] {logging_mixin.py:188} INFO - [2026-05-09T08:14:39.831+0000] {dagbag.py:545} INFO - Filling up the DagBag from /home/airflow/.local/lib/python3.12/site-packages/airflow/example_dags/example_bash_decorator.py
[2026-05-09T08:14:39.841+0000] {processor.py:840} INFO - DAG(s) 'example_bash_decorator' retrieved from /home/airflow/.local/lib/python3.12/site-packages/airflow/example_dags/example_bash_decorator.py
[2026-05-09T08:14:39.861+0000] {logging_mixin.py:188} INFO - [2026-05-09T08:14:39.860+0000] {dag.py:3096} INFO - Sync 1 DAGs
[2026-05-09T08:14:39.870+0000] {logging_mixin.py:188} INFO - [2026-05-09T08:14:39.870+0000] {dag.py:3954} INFO - Setting next_dagrun for example_bash_decorator to None, run_after=None
[2026-05-09T08:14:39.887+0000] {processor.py:183} INFO - Processing /home/airflow/.local/lib/python3.12/site-packages/airflow/example_dags/example_bash_decorator.py took 0.064 seconds
[2026-05-09T08:15:10.496+0000] {processor.py:161} INFO - Started process (PID=17915) to work on /home/airflow/.local/lib/python3.12/site-packages/airflow/example_dags/example_bash_decorator.py
[2026-05-09T08:15:10.498+0000] {processor.py:830} INFO - Processing file /home/airflow/.local/lib/python3.12/site-packages/airflow/example_dags/example_bash_decorator.py for tasks to queue
[2026-05-09T08:15:10.502+0000] {logging_mixin.py:188} INFO - [2026-05-09T08:15:10.502+0000] {dagbag.py:545} INFO - Filling up the DagBag from /home/airflow/.local/lib/python3.12/site-packages/airflow/example_dags/example_bash_decorator.py
[2026-05-09T08:15:10.512+0000] {processor.py:840} INFO - DAG(s) 'example_bash_decorator' retrieved from /home/airflow/.local/lib/python3.12/site-packages/airflow/example_dags/example_bash_decorator.py
[2026-05-09T08:15:10.530+0000] {logging_mixin.py:188} INFO - [2026-05-09T08:15:10.530+0000] {dag.py:3096} INFO - Sync 1 DAGs
[2026-05-09T08:15:10.540+0000] {logging_mixin.py:188} INFO - [2026-05-09T08:15:10.539+0000] {dag.py:3954} INFO - Setting next_dagrun for example_bash_decorator to None, run_after=None
[2026-05-09T08:15:10.556+0000] {processor.py:183} INFO - Processing /home/airflow/.local/lib/python3.12/site-packages/airflow/example_dags/example_bash_decorator.py took 0.064 seconds
[2026-05-09T08:15:41.295+0000] {processor.py:161} INFO - Started process (PID=17975) to work on /home/airflow/.local/lib/python3.12/site-packages/airflow/example_dags/example_bash_decorator.py
[2026-05-09T08:15:41.296+0000] {processor.py:830} INFO - Processing file /home/airflow/.local/lib/python3.12/site-packages/airflow/example_dags/example_bash_decorator.py for tasks to queue
[2026-05-09T08:15:41.298+0000] {logging_mixin.py:188} INFO - [2026-05-09T08:15:41.298+0000] {dagbag.py:545} INFO - Filling up the DagBag from /home/airflow/.local/lib/python3.12/site-packages/airflow/example_dags/example_bash_decorator.py
[2026-05-09T08:15:41.308+0000] {processor.py:840} INFO - DAG(s) 'example_bash_decorator' retrieved from /home/airflow/.local/lib/python3.12/site-packages/airflow/example_dags/example_bash_decorator.py
[2026-05-09T08:15:41.325+0000] {logging_mixin.py:188} INFO - [2026-05-09T08:15:41.325+0000] {dag.py:3096} INFO - Sync 1 DAGs
[2026-05-09T08:15:41.334+0000] {logging_mixin.py:188} INFO - [2026-05-09T08:15:41.334+0000] {dag.py:3954} INFO - Setting next_dagrun for example_bash_decorator to None, run_after=None
[2026-05-09T08:15:41.358+0000] {processor.py:183} INFO - Processing /home/airflow/.local/lib/python3.12/site-packages/airflow/example_dags/example_bash_decorator.py took 0.068 seconds
[2026-05-09T08:16:12.005+0000] {processor.py:161} INFO - Started process (PID=18036) to work on /home/airflow/.local/lib/python3.12/site-packages/airflow/example_dags/example_bash_decorator.py
[2026-05-09T08:16:12.007+0000] {processor.py:830} INFO - Processing file /home/airflow/.local/lib/python3.12/site-packages/airflow/example_dags/example_bash_decorator.py for tasks to queue
[2026-05-09T08:16:12.010+0000] {logging_mixin.py:188} INFO - [2026-05-09T08:16:12.010+0000] {dagbag.py:545} INFO - Filling up the DagBag from /home/airflow/.local/lib/python3.12/site-packages/airflow/example_dags/example_bash_decorator.py
[2026-05-09T08:16:12.021+0000] {processor.py:840} INFO - DAG(s) 'example_bash_decorator' retrieved from /home/airflow/.local/lib/python3.12/site-packages/airflow/example_dags/example_bash_decorator.py
[2026-05-09T08:16:12.038+0000] {logging_mixin.py:188} INFO - [2026-05-09T08:16:12.038+0000] {dag.py:3096} INFO - Sync 1 DAGs
[2026-05-09T08:16:12.049+0000] {logging_mixin.py:188} INFO - [2026-05-09T08:16:12.048+0000] {dag.py:3954} INFO - Setting next_dagrun for example_bash_decorator to None, run_after=None
[2026-05-09T08:16:12.067+0000] {processor.py:183} INFO - Processing /home/airflow/.local/lib/python3.12/site-packages/airflow/example_dags/example_bash_decorator.py took 0.068 seconds
[2026-05-09T08:16:42.882+0000] {processor.py:161} INFO - Started process (PID=18096) to work on /home/airflow/.local/lib/python3.12/site-packages/airflow/example_dags/example_bash_decorator.py
[2026-05-09T08:16:42.884+0000] {processor.py:830} INFO - Processing file /home/airflow/.local/lib/python3.12/site-packages/airflow/example_dags/example_bash_decorator.py for tasks to queue
[2026-05-09T08:16:42.886+0000] {logging_mixin.py:188} INFO - [2026-05-09T08:16:42.885+0000] {dagbag.py:545} INFO - Filling up the DagBag from /home/airflow/.local/lib/python3.12/site-packages/airflow/example_dags/example_bash_decorator.py
[2026-05-09T08:16:42.896+0000] {processor.py:840} INFO - DAG(s) 'example_bash_decorator' retrieved from /home/airflow/.local/lib/python3.12/site-packages/airflow/example_dags/example_bash_decorator.py
[2026-05-09T08:16:42.915+0000] {logging_mixin.py:188} INFO - [2026-05-09T08:16:42.915+0000] {dag.py:3096} INFO - Sync 1 DAGs
[2026-05-09T08:16:42.924+0000] {logging_mixin.py:188} INFO - [2026-05-09T08:16:42.924+0000] {dag.py:3954} INFO - Setting next_dagrun for example_bash_decorator to None, run_after=None
[2026-05-09T08:16:42.938+0000] {processor.py:183} INFO - Processing /home/airflow/.local/lib/python3.12/site-packages/airflow/example_dags/example_bash_decorator.py took 0.061 seconds
[2026-05-09T08:17:13.576+0000] {processor.py:161} INFO - Started process (PID=18156) to work on /home/airflow/.local/lib/python3.12/site-packages/airflow/example_dags/example_bash_decorator.py
[2026-05-09T08:17:13.577+0000] {processor.py:830} INFO - Processing file /home/airflow/.local/lib/python3.12/site-packages/airflow/example_dags/example_bash_decorator.py for tasks to queue
[2026-05-09T08:17:13.580+0000] {logging_mixin.py:188} INFO - [2026-05-09T08:17:13.579+0000] {dagbag.py:545} INFO - Filling up the DagBag from /home/airflow/.local/lib/python3.12/site-packages/airflow/example_dags/example_bash_decorator.py
[2026-05-09T08:17:13.593+0000] {processor.py:840} INFO - DAG(s) 'example_bash_decorator' retrieved from /home/airflow/.local/lib/python3.12/site-packages/airflow/example_dags/example_bash_decorator.py
[2026-05-09T08:17:13.610+0000] {logging_mixin.py:188} INFO - [2026-05-09T08:17:13.610+0000] {dag.py:3096} INFO - Sync 1 DAGs
[2026-05-09T08:17:13.620+0000] {logging_mixin.py:188} INFO - [2026-05-09T08:17:13.619+0000] {dag.py:3954} INFO - Setting next_dagrun for example_bash_decorator to None, run_after=None
[2026-05-09T08:17:13.637+0000] {processor.py:183} INFO - Processing /home/airflow/.local/lib/python3.12/site-packages/airflow/example_dags/example_bash_decorator.py took 0.065 seconds
[2026-05-09T08:17:43.836+0000] {processor.py:161} INFO - Started process (PID=18216) to work on /home/airflow/.local/lib/python3.12/site-packages/airflow/example_dags/example_bash_decorator.py
[2026-05-09T08:17:43.837+0000] {processor.py:830} INFO - Processing file /home/airflow/.local/lib/python3.12/site-packages/airflow/example_dags/example_bash_decorator.py for tasks to queue
[2026-05-09T08:17:43.839+0000] {logging_mixin.py:188} INFO - [2026-05-09T08:17:43.839+0000] {dagbag.py:545} INFO - Filling up the DagBag from /home/airflow/.local/lib/python3.12/site-packages/airflow/example_dags/example_bash_decorator.py
[2026-05-09T08:17:43.851+0000] {processor.py:840} INFO - DAG(s) 'example_bash_decorator' retrieved from /home/airflow/.local/lib/python3.12/site-packages/airflow/example_dags/example_bash_decorator.py
[2026-05-09T08:17:43.872+0000] {logging_mixin.py:188} INFO - [2026-05-09T08:17:43.872+0000] {dag.py:3096} INFO - Sync 1 DAGs
[2026-05-09T08:17:43.888+0000] {logging_mixin.py:188} INFO - [2026-05-09T08:17:43.887+0000] {dag.py:3954} INFO - Setting next_dagrun for example_bash_decorator to None, run_after=None
[2026-05-09T08:17:43.909+0000] {processor.py:183} INFO - Processing /home/airflow/.local/lib/python3.12/site-packages/airflow/example_dags/example_bash_decorator.py took 0.078 seconds
[2026-05-09T08:18:14.049+0000] {processor.py:161} INFO - Started process (PID=18276) to work on /home/airflow/.local/lib/python3.12/site-packages/airflow/example_dags/example_bash_decorator.py
[2026-05-09T08:18:14.051+0000] {processor.py:830} INFO - Processing file /home/airflow/.local/lib/python3.12/site-packages/airflow/example_dags/example_bash_decorator.py for tasks to queue
[2026-05-09T08:18:14.054+0000] {logging_mixin.py:188} INFO - [2026-05-09T08:18:14.054+0000] {dagbag.py:545} INFO - Filling up the DagBag from /home/airflow/.local/lib/python3.12/site-packages/airflow/example_dags/example_bash_decorator.py
[2026-05-09T08:18:14.064+0000] {processor.py:840} INFO - DAG(s) 'example_bash_decorator' retrieved from /home/airflow/.local/lib/python3.12/site-packages/airflow/example_dags/example_bash_decorator.py
[2026-05-09T08:18:14.084+0000] {logging_mixin.py:188} INFO - [2026-05-09T08:18:14.083+0000] {dag.py:3096} INFO - Sync 1 DAGs
[2026-05-09T08:18:14.093+0000] {logging_mixin.py:188} INFO - [2026-05-09T08:18:14.093+0000] {dag.py:3954} INFO - Setting next_dagrun for example_bash_decorator to None, run_after=None
[2026-05-09T08:18:14.109+0000] {processor.py:183} INFO - Processing /home/airflow/.local/lib/python3.12/site-packages/airflow/example_dags/example_bash_decorator.py took 0.065 seconds
[2026-05-09T08:18:44.827+0000] {processor.py:161} INFO - Started process (PID=18336) to work on /home/airflow/.local/lib/python3.12/site-packages/airflow/example_dags/example_bash_decorator.py
[2026-05-09T08:18:44.828+0000] {processor.py:830} INFO - Processing file /home/airflow/.local/lib/python3.12/site-packages/airflow/example_dags/example_bash_decorator.py for tasks to queue
[2026-05-09T08:18:44.830+0000] {logging_mixin.py:188} INFO - [2026-05-09T08:18:44.830+0000] {dagbag.py:545} INFO - Filling up the DagBag from /home/airflow/.local/lib/python3.12/site-packages/airflow/example_dags/example_bash_decorator.py
[2026-05-09T08:18:44.840+0000] {processor.py:840} INFO - DAG(s) 'example_bash_decorator' retrieved from /home/airflow/.local/lib/python3.12/site-packages/airflow/example_dags/example_bash_decorator.py
[2026-05-09T08:18:44.857+0000] {logging_mixin.py:188} INFO - [2026-05-09T08:18:44.857+0000] {dag.py:3096} INFO - Sync 1 DAGs
[2026-05-09T08:18:44.869+0000] {logging_mixin.py:188} INFO - [2026-05-09T08:18:44.869+0000] {dag.py:3954} INFO - Setting next_dagrun for example_bash_decorator to None, run_after=None
[2026-05-09T08:18:44.885+0000] {processor.py:183} INFO - Processing /home/airflow/.local/lib/python3.12/site-packages/airflow/example_dags/example_bash_decorator.py took 0.063 seconds
[2026-05-09T08:19:15.297+0000] {processor.py:161} INFO - Started process (PID=18395) to work on /home/airflow/.local/lib/python3.12/site-packages/airflow/example_dags/example_bash_decorator.py
[2026-05-09T08:19:15.298+0000] {processor.py:830} INFO - Processing file /home/airflow/.local/lib/python3.12/site-packages/airflow/example_dags/example_bash_decorator.py for tasks to queue
[2026-05-09T08:19:15.300+0000] {logging_mixin.py:188} INFO - [2026-05-09T08:19:15.300+0000] {dagbag.py:545} INFO - Filling up the DagBag from /home/airflow/.local/lib/python3.12/site-packages/airflow/example_dags/example_bash_decorator.py
[2026-05-09T08:19:15.310+0000] {processor.py:840} INFO - DAG(s) 'example_bash_decorator' retrieved from /home/airflow/.local/lib/python3.12/site-packages/airflow/example_dags/example_bash_decorator.py
[2026-05-09T08:19:15.332+0000] {logging_mixin.py:188} INFO - [2026-05-09T08:19:15.331+0000] {dag.py:3096} INFO - Sync 1 DAGs
[2026-05-09T08:19:15.341+0000] {logging_mixin.py:188} INFO - [2026-05-09T08:19:15.341+0000] {dag.py:3954} INFO - Setting next_dagrun for example_bash_decorator to None, run_after=None
[2026-05-09T08:19:15.356+0000] {processor.py:183} INFO - Processing /home/airflow/.local/lib/python3.12/site-packages/airflow/example_dags/example_bash_decorator.py took 0.065 seconds
[2026-05-09T08:19:45.450+0000] {processor.py:161} INFO - Started process (PID=18455) to work on /home/airflow/.local/lib/python3.12/site-packages/airflow/example_dags/example_bash_decorator.py
[2026-05-09T08:19:45.451+0000] {processor.py:830} INFO - Processing file /home/airflow/.local/lib/python3.12/site-packages/airflow/example_dags/example_bash_decorator.py for tasks to queue
[2026-05-09T08:19:45.453+0000] {logging_mixin.py:188} INFO - [2026-05-09T08:19:45.453+0000] {dagbag.py:545} INFO - Filling up the DagBag from /home/airflow/.local/lib/python3.12/site-packages/airflow/example_dags/example_bash_decorator.py
[2026-05-09T08:19:45.464+0000] {processor.py:840} INFO - DAG(s) 'example_bash_decorator' retrieved from /home/airflow/.local/lib/python3.12/site-packages/airflow/example_dags/example_bash_decorator.py
[2026-05-09T08:19:45.484+0000] {logging_mixin.py:188} INFO - [2026-05-09T08:19:45.484+0000] {dag.py:3096} INFO - Sync 1 DAGs
[2026-05-09T08:19:45.494+0000] {logging_mixin.py:188} INFO - [2026-05-09T08:19:45.494+0000] {dag.py:3954} INFO - Setting next_dagrun for example_bash_decorator to None, run_after=None
[2026-05-09T08:19:45.539+0000] {processor.py:183} INFO - Processing /home/airflow/.local/lib/python3.12/site-packages/airflow/example_dags/example_bash_decorator.py took 0.094 seconds
[2026-05-09T08:20:16.446+0000] {processor.py:161} INFO - Started process (PID=18515) to work on /home/airflow/.local/lib/python3.12/site-packages/airflow/example_dags/example_bash_decorator.py
[2026-05-09T08:20:16.448+0000] {processor.py:830} INFO - Processing file /home/airflow/.local/lib/python3.12/site-packages/airflow/example_dags/example_bash_decorator.py for tasks to queue
[2026-05-09T08:20:16.449+0000] {logging_mixin.py:188} INFO - [2026-05-09T08:20:16.449+0000] {dagbag.py:545} INFO - Filling up the DagBag from /home/airflow/.local/lib/python3.12/site-packages/airflow/example_dags/example_bash_decorator.py
[2026-05-09T08:20:16.459+0000] {processor.py:840} INFO - DAG(s) 'example_bash_decorator' retrieved from /home/airflow/.local/lib/python3.12/site-packages/airflow/example_dags/example_bash_decorator.py
[2026-05-09T08:20:16.479+0000] {logging_mixin.py:188} INFO - [2026-05-09T08:20:16.479+0000] {dag.py:3096} INFO - Sync 1 DAGs
[2026-05-09T08:20:16.488+0000] {logging_mixin.py:188} INFO - [2026-05-09T08:20:16.488+0000] {dag.py:3954} INFO - Setting next_dagrun for example_bash_decorator to None, run_after=None
[2026-05-09T08:20:16.505+0000] {processor.py:183} INFO - Processing /home/airflow/.local/lib/python3.12/site-packages/airflow/example_dags/example_bash_decorator.py took 0.064 seconds
[2026-05-09T08:20:47.011+0000] {processor.py:161} INFO - Started process (PID=18575) to work on /home/airflow/.local/lib/python3.12/site-packages/airflow/example_dags/example_bash_decorator.py
[2026-05-09T08:20:47.013+0000] {processor.py:830} INFO - Processing file /home/airflow/.local/lib/python3.12/site-packages/airflow/example_dags/example_bash_decorator.py for tasks to queue
[2026-05-09T08:20:47.019+0000] {logging_mixin.py:188} INFO - [2026-05-09T08:20:47.019+0000] {dagbag.py:545} INFO - Filling up the DagBag from /home/airflow/.local/lib/python3.12/site-packages/airflow/example_dags/example_bash_decorator.py
[2026-05-09T08:20:47.041+0000] {processor.py:840} INFO - DAG(s) 'example_bash_decorator' retrieved from /home/airflow/.local/lib/python3.12/site-packages/airflow/example_dags/example_bash_decorator.py
[2026-05-09T08:20:47.067+0000] {logging_mixin.py:188} INFO - [2026-05-09T08:20:47.067+0000] {dag.py:3096} INFO - Sync 1 DAGs
[2026-05-09T08:20:47.085+0000] {logging_mixin.py:188} INFO - [2026-05-09T08:20:47.085+0000] {dag.py:3954} INFO - Setting next_dagrun for example_bash_decorator to None, run_after=None
[2026-05-09T08:20:47.101+0000] {processor.py:183} INFO - Processing /home/airflow/.local/lib/python3.12/site-packages/airflow/example_dags/example_bash_decorator.py took 0.096 seconds
[2026-05-09T08:21:17.790+0000] {processor.py:161} INFO - Started process (PID=18636) to work on /home/airflow/.local/lib/python3.12/site-packages/airflow/example_dags/example_bash_decorator.py
[2026-05-09T08:21:17.791+0000] {processor.py:830} INFO - Processing file /home/airflow/.local/lib/python3.12/site-packages/airflow/example_dags/example_bash_decorator.py for tasks to queue
[2026-05-09T08:21:17.794+0000] {logging_mixin.py:188} INFO - [2026-05-09T08:21:17.794+0000] {dagbag.py:545} INFO - Filling up the DagBag from /home/airflow/.local/lib/python3.12/site-packages/airflow/example_dags/example_bash_decorator.py
[2026-05-09T08:21:17.812+0000] {processor.py:840} INFO - DAG(s) 'example_bash_decorator' retrieved from /home/airflow/.local/lib/python3.12/site-packages/airflow/example_dags/example_bash_decorator.py
[2026-05-09T08:21:17.843+0000] {logging_mixin.py:188} INFO - [2026-05-09T08:21:17.842+0000] {dag.py:3096} INFO - Sync 1 DAGs
[2026-05-09T08:21:17.861+0000] {logging_mixin.py:188} INFO - [2026-05-09T08:21:17.861+0000] {dag.py:3954} INFO - Setting next_dagrun for example_bash_decorator to None, run_after=None
[2026-05-09T08:21:17.889+0000] {processor.py:183} INFO - Processing /home/airflow/.local/lib/python3.12/site-packages/airflow/example_dags/example_bash_decorator.py took 0.107 seconds
[2026-05-09T08:21:48.277+0000] {processor.py:161} INFO - Started process (PID=18697) to work on /home/airflow/.local/lib/python3.12/site-packages/airflow/example_dags/example_bash_decorator.py
[2026-05-09T08:21:48.281+0000] {processor.py:830} INFO - Processing file /home/airflow/.local/lib/python3.12/site-packages/airflow/example_dags/example_bash_decorator.py for tasks to queue
[2026-05-09T08:21:48.284+0000] {logging_mixin.py:188} INFO - [2026-05-09T08:21:48.284+0000] {dagbag.py:545} INFO - Filling up the DagBag from /home/airflow/.local/lib/python3.12/site-packages/airflow/example_dags/example_bash_decorator.py
[2026-05-09T08:21:48.303+0000] {processor.py:840} INFO - DAG(s) 'example_bash_decorator' retrieved from /home/airflow/.local/lib/python3.12/site-packages/airflow/example_dags/example_bash_decorator.py
[2026-05-09T08:21:48.340+0000] {logging_mixin.py:188} INFO - [2026-05-09T08:21:48.339+0000] {dag.py:3096} INFO - Sync 1 DAGs
[2026-05-09T08:21:48.360+0000] {logging_mixin.py:188} INFO - [2026-05-09T08:21:48.360+0000] {dag.py:3954} INFO - Setting next_dagrun for example_bash_decorator to None, run_after=None
[2026-05-09T08:21:48.390+0000] {processor.py:183} INFO - Processing /home/airflow/.local/lib/python3.12/site-packages/airflow/example_dags/example_bash_decorator.py took 0.122 seconds
[2026-05-09T18:58:42.663+0000] {processor.py:161} INFO - Started process (PID=76) to work on /home/airflow/.local/lib/python3.12/site-packages/airflow/example_dags/example_bash_decorator.py
[2026-05-09T18:58:42.666+0000] {processor.py:830} INFO - Processing file /home/airflow/.local/lib/python3.12/site-packages/airflow/example_dags/example_bash_decorator.py for tasks to queue
[2026-05-09T18:58:42.669+0000] {logging_mixin.py:188} INFO - [2026-05-09T18:58:42.669+0000] {dagbag.py:545} INFO - Filling up the DagBag from /home/airflow/.local/lib/python3.12/site-packages/airflow/example_dags/example_bash_decorator.py
[2026-05-09T18:58:42.695+0000] {processor.py:840} INFO - DAG(s) 'example_bash_decorator' retrieved from /home/airflow/.local/lib/python3.12/site-packages/airflow/example_dags/example_bash_decorator.py
[2026-05-09T18:58:42.813+0000] {logging_mixin.py:188} INFO - [2026-05-09T18:58:42.812+0000] {dag.py:3096} INFO - Sync 1 DAGs
[2026-05-09T18:58:42.825+0000] {logging_mixin.py:188} INFO - [2026-05-09T18:58:42.825+0000] {dag.py:3954} INFO - Setting next_dagrun for example_bash_decorator to None, run_after=None
[2026-05-09T18:58:42.846+0000] {processor.py:183} INFO - Processing /home/airflow/.local/lib/python3.12/site-packages/airflow/example_dags/example_bash_decorator.py took 0.192 seconds
[2026-05-09T18:59:13.124+0000] {processor.py:161} INFO - Started process (PID=136) to work on /home/airflow/.local/lib/python3.12/site-packages/airflow/example_dags/example_bash_decorator.py
[2026-05-09T18:59:13.125+0000] {processor.py:830} INFO - Processing file /home/airflow/.local/lib/python3.12/site-packages/airflow/example_dags/example_bash_decorator.py for tasks to queue
[2026-05-09T18:59:13.128+0000] {logging_mixin.py:188} INFO - [2026-05-09T18:59:13.127+0000] {dagbag.py:545} INFO - Filling up the DagBag from /home/airflow/.local/lib/python3.12/site-packages/airflow/example_dags/example_bash_decorator.py
[2026-05-09T18:59:13.139+0000] {processor.py:840} INFO - DAG(s) 'example_bash_decorator' retrieved from /home/airflow/.local/lib/python3.12/site-packages/airflow/example_dags/example_bash_decorator.py
[2026-05-09T18:59:13.166+0000] {logging_mixin.py:188} INFO - [2026-05-09T18:59:13.166+0000] {dag.py:3096} INFO - Sync 1 DAGs
[2026-05-09T18:59:13.182+0000] {logging_mixin.py:188} INFO - [2026-05-09T18:59:13.181+0000] {dag.py:3954} INFO - Setting next_dagrun for example_bash_decorator to None, run_after=None
[2026-05-09T18:59:13.203+0000] {processor.py:183} INFO - Processing /home/airflow/.local/lib/python3.12/site-packages/airflow/example_dags/example_bash_decorator.py took 0.085 seconds
[2026-05-09T18:59:43.669+0000] {processor.py:161} INFO - Started process (PID=196) to work on /home/airflow/.local/lib/python3.12/site-packages/airflow/example_dags/example_bash_decorator.py
[2026-05-09T18:59:43.670+0000] {processor.py:830} INFO - Processing file /home/airflow/.local/lib/python3.12/site-packages/airflow/example_dags/example_bash_decorator.py for tasks to queue
[2026-05-09T18:59:43.672+0000] {logging_mixin.py:188} INFO - [2026-05-09T18:59:43.672+0000] {dagbag.py:545} INFO - Filling up the DagBag from /home/airflow/.local/lib/python3.12/site-packages/airflow/example_dags/example_bash_decorator.py
[2026-05-09T18:59:43.682+0000] {processor.py:840} INFO - DAG(s) 'example_bash_decorator' retrieved from /home/airflow/.local/lib/python3.12/site-packages/airflow/example_dags/example_bash_decorator.py
[2026-05-09T18:59:43.700+0000] {logging_mixin.py:188} INFO - [2026-05-09T18:59:43.699+0000] {dag.py:3096} INFO - Sync 1 DAGs
[2026-05-09T18:59:43.710+0000] {logging_mixin.py:188} INFO - [2026-05-09T18:59:43.710+0000] {dag.py:3954} INFO - Setting next_dagrun for example_bash_decorator to None, run_after=None
[2026-05-09T18:59:43.726+0000] {processor.py:183} INFO - Processing /home/airflow/.local/lib/python3.12/site-packages/airflow/example_dags/example_bash_decorator.py took 0.062 seconds
[2026-05-09T19:00:14.205+0000] {processor.py:161} INFO - Started process (PID=256) to work on /home/airflow/.local/lib/python3.12/site-packages/airflow/example_dags/example_bash_decorator.py
[2026-05-09T19:00:14.207+0000] {processor.py:830} INFO - Processing file /home/airflow/.local/lib/python3.12/site-packages/airflow/example_dags/example_bash_decorator.py for tasks to queue
[2026-05-09T19:00:14.210+0000] {logging_mixin.py:188} INFO - [2026-05-09T19:00:14.209+0000] {dagbag.py:545} INFO - Filling up the DagBag from /home/airflow/.local/lib/python3.12/site-packages/airflow/example_dags/example_bash_decorator.py
[2026-05-09T19:00:14.226+0000] {processor.py:840} INFO - DAG(s) 'example_bash_decorator' retrieved from /home/airflow/.local/lib/python3.12/site-packages/airflow/example_dags/example_bash_decorator.py
[2026-05-09T19:00:14.249+0000] {logging_mixin.py:188} INFO - [2026-05-09T19:00:14.249+0000] {dag.py:3096} INFO - Sync 1 DAGs
[2026-05-09T19:00:14.262+0000] {logging_mixin.py:188} INFO - [2026-05-09T19:00:14.262+0000] {dag.py:3954} INFO - Setting next_dagrun for example_bash_decorator to None, run_after=None
[2026-05-09T19:00:14.282+0000] {processor.py:183} INFO - Processing /home/airflow/.local/lib/python3.12/site-packages/airflow/example_dags/example_bash_decorator.py took 0.082 seconds
[2026-05-09T19:00:44.828+0000] {processor.py:161} INFO - Started process (PID=316) to work on /home/airflow/.local/lib/python3.12/site-packages/airflow/example_dags/example_bash_decorator.py
[2026-05-09T19:00:44.830+0000] {processor.py:830} INFO - Processing file /home/airflow/.local/lib/python3.12/site-packages/airflow/example_dags/example_bash_decorator.py for tasks to queue
[2026-05-09T19:00:44.832+0000] {logging_mixin.py:188} INFO - [2026-05-09T19:00:44.832+0000] {dagbag.py:545} INFO - Filling up the DagBag from /home/airflow/.local/lib/python3.12/site-packages/airflow/example_dags/example_bash_decorator.py
[2026-05-09T19:00:44.842+0000] {processor.py:840} INFO - DAG(s) 'example_bash_decorator' retrieved from /home/airflow/.local/lib/python3.12/site-packages/airflow/example_dags/example_bash_decorator.py
[2026-05-09T19:00:44.864+0000] {logging_mixin.py:188} INFO - [2026-05-09T19:00:44.864+0000] {dag.py:3096} INFO - Sync 1 DAGs
[2026-05-09T19:00:44.875+0000] {logging_mixin.py:188} INFO - [2026-05-09T19:00:44.874+0000] {dag.py:3954} INFO - Setting next_dagrun for example_bash_decorator to None, run_after=None
[2026-05-09T19:00:44.894+0000] {processor.py:183} INFO - Processing /home/airflow/.local/lib/python3.12/site-packages/airflow/example_dags/example_bash_decorator.py took 0.070 seconds
[2026-05-09T19:01:15.776+0000] {processor.py:161} INFO - Started process (PID=376) to work on /home/airflow/.local/lib/python3.12/site-packages/airflow/example_dags/example_bash_decorator.py
[2026-05-09T19:01:15.778+0000] {processor.py:830} INFO - Processing file /home/airflow/.local/lib/python3.12/site-packages/airflow/example_dags/example_bash_decorator.py for tasks to queue
[2026-05-09T19:01:15.781+0000] {logging_mixin.py:188} INFO - [2026-05-09T19:01:15.781+0000] {dagbag.py:545} INFO - Filling up the DagBag from /home/airflow/.local/lib/python3.12/site-packages/airflow/example_dags/example_bash_decorator.py
[2026-05-09T19:01:15.794+0000] {processor.py:840} INFO - DAG(s) 'example_bash_decorator' retrieved from /home/airflow/.local/lib/python3.12/site-packages/airflow/example_dags/example_bash_decorator.py
[2026-05-09T19:01:15.817+0000] {logging_mixin.py:188} INFO - [2026-05-09T19:01:15.816+0000] {dag.py:3096} INFO - Sync 1 DAGs
[2026-05-09T19:01:15.826+0000] {logging_mixin.py:188} INFO - [2026-05-09T19:01:15.826+0000] {dag.py:3954} INFO - Setting next_dagrun for example_bash_decorator to None, run_after=None
[2026-05-09T19:01:15.844+0000] {processor.py:183} INFO - Processing /home/airflow/.local/lib/python3.12/site-packages/airflow/example_dags/example_bash_decorator.py took 0.075 seconds
[2026-05-09T19:01:46.403+0000] {processor.py:161} INFO - Started process (PID=436) to work on /home/airflow/.local/lib/python3.12/site-packages/airflow/example_dags/example_bash_decorator.py
[2026-05-09T19:01:46.405+0000] {processor.py:830} INFO - Processing file /home/airflow/.local/lib/python3.12/site-packages/airflow/example_dags/example_bash_decorator.py for tasks to queue
[2026-05-09T19:01:46.407+0000] {logging_mixin.py:188} INFO - [2026-05-09T19:01:46.407+0000] {dagbag.py:545} INFO - Filling up the DagBag from /home/airflow/.local/lib/python3.12/site-packages/airflow/example_dags/example_bash_decorator.py
[2026-05-09T19:01:46.422+0000] {processor.py:840} INFO - DAG(s) 'example_bash_decorator' retrieved from /home/airflow/.local/lib/python3.12/site-packages/airflow/example_dags/example_bash_decorator.py
[2026-05-09T19:01:46.440+0000] {logging_mixin.py:188} INFO - [2026-05-09T19:01:46.440+0000] {dag.py:3096} INFO - Sync 1 DAGs
[2026-05-09T19:01:46.454+0000] {logging_mixin.py:188} INFO - [2026-05-09T19:01:46.453+0000] {dag.py:3954} INFO - Setting next_dagrun for example_bash_decorator to None, run_after=None
[2026-05-09T19:01:46.470+0000] {processor.py:183} INFO - Processing /home/airflow/.local/lib/python3.12/site-packages/airflow/example_dags/example_bash_decorator.py took 0.072 seconds
[2026-05-09T19:02:17.113+0000] {processor.py:161} INFO - Started process (PID=496) to work on /home/airflow/.local/lib/python3.12/site-packages/airflow/example_dags/example_bash_decorator.py
[2026-05-09T19:02:17.115+0000] {processor.py:830} INFO - Processing file /home/airflow/.local/lib/python3.12/site-packages/airflow/example_dags/example_bash_decorator.py for tasks to queue
[2026-05-09T19:02:17.117+0000] {logging_mixin.py:188} INFO - [2026-05-09T19:02:17.117+0000] {dagbag.py:545} INFO - Filling up the DagBag from /home/airflow/.local/lib/python3.12/site-packages/airflow/example_dags/example_bash_decorator.py
[2026-05-09T19:02:17.128+0000] {processor.py:840} INFO - DAG(s) 'example_bash_decorator' retrieved from /home/airflow/.local/lib/python3.12/site-packages/airflow/example_dags/example_bash_decorator.py
[2026-05-09T19:02:17.147+0000] {logging_mixin.py:188} INFO - [2026-05-09T19:02:17.147+0000] {dag.py:3096} INFO - Sync 1 DAGs
[2026-05-09T19:02:17.157+0000] {logging_mixin.py:188} INFO - [2026-05-09T19:02:17.157+0000] {dag.py:3954} INFO - Setting next_dagrun for example_bash_decorator to None, run_after=None
[2026-05-09T19:02:17.175+0000] {processor.py:183} INFO - Processing /home/airflow/.local/lib/python3.12/site-packages/airflow/example_dags/example_bash_decorator.py took 0.067 seconds
[2026-05-09T19:02:47.772+0000] {processor.py:161} INFO - Started process (PID=556) to work on /home/airflow/.local/lib/python3.12/site-packages/airflow/example_dags/example_bash_decorator.py
[2026-05-09T19:02:47.773+0000] {processor.py:830} INFO - Processing file /home/airflow/.local/lib/python3.12/site-packages/airflow/example_dags/example_bash_decorator.py for tasks to queue
[2026-05-09T19:02:47.776+0000] {logging_mixin.py:188} INFO - [2026-05-09T19:02:47.776+0000] {dagbag.py:545} INFO - Filling up the DagBag from /home/airflow/.local/lib/python3.12/site-packages/airflow/example_dags/example_bash_decorator.py
[2026-05-09T19:02:47.788+0000] {processor.py:840} INFO - DAG(s) 'example_bash_decorator' retrieved from /home/airflow/.local/lib/python3.12/site-packages/airflow/example_dags/example_bash_decorator.py
[2026-05-09T19:02:47.809+0000] {logging_mixin.py:188} INFO - [2026-05-09T19:02:47.809+0000] {dag.py:3096} INFO - Sync 1 DAGs
[2026-05-09T19:02:47.819+0000] {logging_mixin.py:188} INFO - [2026-05-09T19:02:47.819+0000] {dag.py:3954} INFO - Setting next_dagrun for example_bash_decorator to None, run_after=None
[2026-05-09T19:02:47.839+0000] {processor.py:183} INFO - Processing /home/airflow/.local/lib/python3.12/site-packages/airflow/example_dags/example_bash_decorator.py took 0.073 seconds
[2026-05-09T19:03:18.570+0000] {processor.py:161} INFO - Started process (PID=616) to work on /home/airflow/.local/lib/python3.12/site-packages/airflow/example_dags/example_bash_decorator.py
[2026-05-09T19:03:18.571+0000] {processor.py:830} INFO - Processing file /home/airflow/.local/lib/python3.12/site-packages/airflow/example_dags/example_bash_decorator.py for tasks to queue
[2026-05-09T19:03:18.573+0000] {logging_mixin.py:188} INFO - [2026-05-09T19:03:18.573+0000] {dagbag.py:545} INFO - Filling up the DagBag from /home/airflow/.local/lib/python3.12/site-packages/airflow/example_dags/example_bash_decorator.py
[2026-05-09T19:03:18.584+0000] {processor.py:840} INFO - DAG(s) 'example_bash_decorator' retrieved from /home/airflow/.local/lib/python3.12/site-packages/airflow/example_dags/example_bash_decorator.py
[2026-05-09T19:03:18.605+0000] {logging_mixin.py:188} INFO - [2026-05-09T19:03:18.604+0000] {dag.py:3096} INFO - Sync 1 DAGs
[2026-05-09T19:03:18.614+0000] {logging_mixin.py:188} INFO - [2026-05-09T19:03:18.614+0000] {dag.py:3954} INFO - Setting next_dagrun for example_bash_decorator to None, run_after=None
[2026-05-09T19:03:18.630+0000] {processor.py:183} INFO - Processing /home/airflow/.local/lib/python3.12/site-packages/airflow/example_dags/example_bash_decorator.py took 0.065 seconds
[2026-05-09T19:03:48.704+0000] {processor.py:161} INFO - Started process (PID=674) to work on /home/airflow/.local/lib/python3.12/site-packages/airflow/example_dags/example_bash_decorator.py
[2026-05-09T19:03:48.707+0000] {processor.py:830} INFO - Processing file /home/airflow/.local/lib/python3.12/site-packages/airflow/example_dags/example_bash_decorator.py for tasks to queue
[2026-05-09T19:03:48.709+0000] {logging_mixin.py:188} INFO - [2026-05-09T19:03:48.709+0000] {dagbag.py:545} INFO - Filling up the DagBag from /home/airflow/.local/lib/python3.12/site-packages/airflow/example_dags/example_bash_decorator.py
[2026-05-09T19:03:48.724+0000] {processor.py:840} INFO - DAG(s) 'example_bash_decorator' retrieved from /home/airflow/.local/lib/python3.12/site-packages/airflow/example_dags/example_bash_decorator.py
[2026-05-09T19:03:48.751+0000] {logging_mixin.py:188} INFO - [2026-05-09T19:03:48.750+0000] {dag.py:3096} INFO - Sync 1 DAGs
[2026-05-09T19:03:48.764+0000] {logging_mixin.py:188} INFO - [2026-05-09T19:03:48.764+0000] {dag.py:3954} INFO - Setting next_dagrun for example_bash_decorator to None, run_after=None
[2026-05-09T19:03:48.788+0000] {processor.py:183} INFO - Processing /home/airflow/.local/lib/python3.12/site-packages/airflow/example_dags/example_bash_decorator.py took 0.090 seconds
[2026-05-09T19:04:19.245+0000] {processor.py:161} INFO - Started process (PID=735) to work on /home/airflow/.local/lib/python3.12/site-packages/airflow/example_dags/example_bash_decorator.py
[2026-05-09T19:04:19.246+0000] {processor.py:830} INFO - Processing file /home/airflow/.local/lib/python3.12/site-packages/airflow/example_dags/example_bash_decorator.py for tasks to queue
[2026-05-09T19:04:19.250+0000] {logging_mixin.py:188} INFO - [2026-05-09T19:04:19.250+0000] {dagbag.py:545} INFO - Filling up the DagBag from /home/airflow/.local/lib/python3.12/site-packages/airflow/example_dags/example_bash_decorator.py
[2026-05-09T19:04:19.268+0000] {processor.py:840} INFO - DAG(s) 'example_bash_decorator' retrieved from /home/airflow/.local/lib/python3.12/site-packages/airflow/example_dags/example_bash_decorator.py
[2026-05-09T19:04:19.307+0000] {logging_mixin.py:188} INFO - [2026-05-09T19:04:19.307+0000] {dag.py:3096} INFO - Sync 1 DAGs
[2026-05-09T19:04:19.328+0000] {logging_mixin.py:188} INFO - [2026-05-09T19:04:19.328+0000] {dag.py:3954} INFO - Setting next_dagrun for example_bash_decorator to None, run_after=None
[2026-05-09T19:04:19.361+0000] {processor.py:183} INFO - Processing /home/airflow/.local/lib/python3.12/site-packages/airflow/example_dags/example_bash_decorator.py took 0.127 seconds
[2026-05-09T19:04:49.431+0000] {processor.py:161} INFO - Started process (PID=795) to work on /home/airflow/.local/lib/python3.12/site-packages/airflow/example_dags/example_bash_decorator.py
[2026-05-09T19:04:49.433+0000] {processor.py:830} INFO - Processing file /home/airflow/.local/lib/python3.12/site-packages/airflow/example_dags/example_bash_decorator.py for tasks to queue
[2026-05-09T19:04:49.436+0000] {logging_mixin.py:188} INFO - [2026-05-09T19:04:49.436+0000] {dagbag.py:545} INFO - Filling up the DagBag from /home/airflow/.local/lib/python3.12/site-packages/airflow/example_dags/example_bash_decorator.py
[2026-05-09T19:04:49.452+0000] {processor.py:840} INFO - DAG(s) 'example_bash_decorator' retrieved from /home/airflow/.local/lib/python3.12/site-packages/airflow/example_dags/example_bash_decorator.py
[2026-05-09T19:04:49.492+0000] {logging_mixin.py:188} INFO - [2026-05-09T19:04:49.492+0000] {dag.py:3096} INFO - Sync 1 DAGs
[2026-05-09T19:04:49.513+0000] {logging_mixin.py:188} INFO - [2026-05-09T19:04:49.513+0000] {dag.py:3954} INFO - Setting next_dagrun for example_bash_decorator to None, run_after=None
[2026-05-09T19:04:49.546+0000] {processor.py:183} INFO - Processing /home/airflow/.local/lib/python3.12/site-packages/airflow/example_dags/example_bash_decorator.py took 0.125 seconds
[2026-05-09T19:05:19.636+0000] {processor.py:161} INFO - Started process (PID=855) to work on /home/airflow/.local/lib/python3.12/site-packages/airflow/example_dags/example_bash_decorator.py
[2026-05-09T19:05:19.637+0000] {processor.py:830} INFO - Processing file /home/airflow/.local/lib/python3.12/site-packages/airflow/example_dags/example_bash_decorator.py for tasks to queue
[2026-05-09T19:05:19.640+0000] {logging_mixin.py:188} INFO - [2026-05-09T19:05:19.639+0000] {dagbag.py:545} INFO - Filling up the DagBag from /home/airflow/.local/lib/python3.12/site-packages/airflow/example_dags/example_bash_decorator.py
[2026-05-09T19:05:19.656+0000] {processor.py:840} INFO - DAG(s) 'example_bash_decorator' retrieved from /home/airflow/.local/lib/python3.12/site-packages/airflow/example_dags/example_bash_decorator.py
[2026-05-09T19:05:19.693+0000] {logging_mixin.py:188} INFO - [2026-05-09T19:05:19.692+0000] {dag.py:3096} INFO - Sync 1 DAGs
[2026-05-09T19:05:19.713+0000] {logging_mixin.py:188} INFO - [2026-05-09T19:05:19.713+0000] {dag.py:3954} INFO - Setting next_dagrun for example_bash_decorator to None, run_after=None
[2026-05-09T19:05:19.740+0000] {processor.py:183} INFO - Processing /home/airflow/.local/lib/python3.12/site-packages/airflow/example_dags/example_bash_decorator.py took 0.114 seconds
[2026-05-09T19:05:50.119+0000] {processor.py:161} INFO - Started process (PID=915) to work on /home/airflow/.local/lib/python3.12/site-packages/airflow/example_dags/example_bash_decorator.py
[2026-05-09T19:05:50.120+0000] {processor.py:830} INFO - Processing file /home/airflow/.local/lib/python3.12/site-packages/airflow/example_dags/example_bash_decorator.py for tasks to queue
[2026-05-09T19:05:50.126+0000] {logging_mixin.py:188} INFO - [2026-05-09T19:05:50.125+0000] {dagbag.py:545} INFO - Filling up the DagBag from /home/airflow/.local/lib/python3.12/site-packages/airflow/example_dags/example_bash_decorator.py
[2026-05-09T19:05:50.155+0000] {processor.py:840} INFO - DAG(s) 'example_bash_decorator' retrieved from /home/airflow/.local/lib/python3.12/site-packages/airflow/example_dags/example_bash_decorator.py
[2026-05-09T19:05:50.211+0000] {logging_mixin.py:188} INFO - [2026-05-09T19:05:50.210+0000] {dag.py:3096} INFO - Sync 1 DAGs
[2026-05-09T19:05:50.244+0000] {logging_mixin.py:188} INFO - [2026-05-09T19:05:50.243+0000] {dag.py:3954} INFO - Setting next_dagrun for example_bash_decorator to None, run_after=None
[2026-05-09T19:05:50.279+0000] {processor.py:183} INFO - Processing /home/airflow/.local/lib/python3.12/site-packages/airflow/example_dags/example_bash_decorator.py took 0.174 seconds
[2026-05-09T19:06:20.476+0000] {processor.py:161} INFO - Started process (PID=975) to work on /home/airflow/.local/lib/python3.12/site-packages/airflow/example_dags/example_bash_decorator.py
[2026-05-09T19:06:20.477+0000] {processor.py:830} INFO - Processing file /home/airflow/.local/lib/python3.12/site-packages/airflow/example_dags/example_bash_decorator.py for tasks to queue
[2026-05-09T19:06:20.481+0000] {logging_mixin.py:188} INFO - [2026-05-09T19:06:20.480+0000] {dagbag.py:545} INFO - Filling up the DagBag from /home/airflow/.local/lib/python3.12/site-packages/airflow/example_dags/example_bash_decorator.py
[2026-05-09T19:06:20.503+0000] {processor.py:840} INFO - DAG(s) 'example_bash_decorator' retrieved from /home/airflow/.local/lib/python3.12/site-packages/airflow/example_dags/example_bash_decorator.py
[2026-05-09T19:06:20.544+0000] {logging_mixin.py:188} INFO - [2026-05-09T19:06:20.544+0000] {dag.py:3096} INFO - Sync 1 DAGs
[2026-05-09T19:06:20.568+0000] {logging_mixin.py:188} INFO - [2026-05-09T19:06:20.567+0000] {dag.py:3954} INFO - Setting next_dagrun for example_bash_decorator to None, run_after=None
[2026-05-09T19:06:20.605+0000] {processor.py:183} INFO - Processing /home/airflow/.local/lib/python3.12/site-packages/airflow/example_dags/example_bash_decorator.py took 0.139 seconds
[2026-05-09T19:06:51.110+0000] {processor.py:161} INFO - Started process (PID=1035) to work on /home/airflow/.local/lib/python3.12/site-packages/airflow/example_dags/example_bash_decorator.py
[2026-05-09T19:06:51.112+0000] {processor.py:830} INFO - Processing file /home/airflow/.local/lib/python3.12/site-packages/airflow/example_dags/example_bash_decorator.py for tasks to queue
[2026-05-09T19:06:51.116+0000] {logging_mixin.py:188} INFO - [2026-05-09T19:06:51.116+0000] {dagbag.py:545} INFO - Filling up the DagBag from /home/airflow/.local/lib/python3.12/site-packages/airflow/example_dags/example_bash_decorator.py
[2026-05-09T19:06:51.143+0000] {processor.py:840} INFO - DAG(s) 'example_bash_decorator' retrieved from /home/airflow/.local/lib/python3.12/site-packages/airflow/example_dags/example_bash_decorator.py
[2026-05-09T19:06:51.192+0000] {logging_mixin.py:188} INFO - [2026-05-09T19:06:51.192+0000] {dag.py:3096} INFO - Sync 1 DAGs
[2026-05-09T19:06:51.210+0000] {logging_mixin.py:188} INFO - [2026-05-09T19:06:51.210+0000] {dag.py:3954} INFO - Setting next_dagrun for example_bash_decorator to None, run_after=None
[2026-05-09T19:06:51.242+0000] {processor.py:183} INFO - Processing /home/airflow/.local/lib/python3.12/site-packages/airflow/example_dags/example_bash_decorator.py took 0.142 seconds
[2026-05-09T19:07:22.088+0000] {processor.py:161} INFO - Started process (PID=1095) to work on /home/airflow/.local/lib/python3.12/site-packages/airflow/example_dags/example_bash_decorator.py
[2026-05-09T19:07:22.090+0000] {processor.py:830} INFO - Processing file /home/airflow/.local/lib/python3.12/site-packages/airflow/example_dags/example_bash_decorator.py for tasks to queue
[2026-05-09T19:07:22.093+0000] {logging_mixin.py:188} INFO - [2026-05-09T19:07:22.092+0000] {dagbag.py:545} INFO - Filling up the DagBag from /home/airflow/.local/lib/python3.12/site-packages/airflow/example_dags/example_bash_decorator.py
[2026-05-09T19:07:22.116+0000] {processor.py:840} INFO - DAG(s) 'example_bash_decorator' retrieved from /home/airflow/.local/lib/python3.12/site-packages/airflow/example_dags/example_bash_decorator.py
[2026-05-09T19:07:22.154+0000] {logging_mixin.py:188} INFO - [2026-05-09T19:07:22.154+0000] {dag.py:3096} INFO - Sync 1 DAGs
[2026-05-09T19:07:22.177+0000] {logging_mixin.py:188} INFO - [2026-05-09T19:07:22.177+0000] {dag.py:3954} INFO - Setting next_dagrun for example_bash_decorator to None, run_after=None
[2026-05-09T19:07:22.207+0000] {processor.py:183} INFO - Processing /home/airflow/.local/lib/python3.12/site-packages/airflow/example_dags/example_bash_decorator.py took 0.129 seconds
[2026-05-09T19:07:52.295+0000] {processor.py:161} INFO - Started process (PID=1156) to work on /home/airflow/.local/lib/python3.12/site-packages/airflow/example_dags/example_bash_decorator.py
[2026-05-09T19:07:52.296+0000] {processor.py:830} INFO - Processing file /home/airflow/.local/lib/python3.12/site-packages/airflow/example_dags/example_bash_decorator.py for tasks to queue
[2026-05-09T19:07:52.299+0000] {logging_mixin.py:188} INFO - [2026-05-09T19:07:52.298+0000] {dagbag.py:545} INFO - Filling up the DagBag from /home/airflow/.local/lib/python3.12/site-packages/airflow/example_dags/example_bash_decorator.py
[2026-05-09T19:07:52.312+0000] {processor.py:840} INFO - DAG(s) 'example_bash_decorator' retrieved from /home/airflow/.local/lib/python3.12/site-packages/airflow/example_dags/example_bash_decorator.py
[2026-05-09T19:07:52.338+0000] {logging_mixin.py:188} INFO - [2026-05-09T19:07:52.338+0000] {dag.py:3096} INFO - Sync 1 DAGs
[2026-05-09T19:07:52.352+0000] {logging_mixin.py:188} INFO - [2026-05-09T19:07:52.352+0000] {dag.py:3954} INFO - Setting next_dagrun for example_bash_decorator to None, run_after=None
[2026-05-09T19:07:52.375+0000] {processor.py:183} INFO - Processing /home/airflow/.local/lib/python3.12/site-packages/airflow/example_dags/example_bash_decorator.py took 0.086 seconds
[2026-05-09T19:08:23.175+0000] {processor.py:161} INFO - Started process (PID=1216) to work on /home/airflow/.local/lib/python3.12/site-packages/airflow/example_dags/example_bash_decorator.py
[2026-05-09T19:08:23.176+0000] {processor.py:830} INFO - Processing file /home/airflow/.local/lib/python3.12/site-packages/airflow/example_dags/example_bash_decorator.py for tasks to queue
[2026-05-09T19:08:23.179+0000] {logging_mixin.py:188} INFO - [2026-05-09T19:08:23.178+0000] {dagbag.py:545} INFO - Filling up the DagBag from /home/airflow/.local/lib/python3.12/site-packages/airflow/example_dags/example_bash_decorator.py
[2026-05-09T19:08:23.191+0000] {processor.py:840} INFO - DAG(s) 'example_bash_decorator' retrieved from /home/airflow/.local/lib/python3.12/site-packages/airflow/example_dags/example_bash_decorator.py
[2026-05-09T19:08:23.212+0000] {logging_mixin.py:188} INFO - [2026-05-09T19:08:23.212+0000] {dag.py:3096} INFO - Sync 1 DAGs
[2026-05-09T19:08:23.226+0000] {logging_mixin.py:188} INFO - [2026-05-09T19:08:23.225+0000] {dag.py:3954} INFO - Setting next_dagrun for example_bash_decorator to None, run_after=None
[2026-05-09T19:08:23.246+0000] {processor.py:183} INFO - Processing /home/airflow/.local/lib/python3.12/site-packages/airflow/example_dags/example_bash_decorator.py took 0.076 seconds
[2026-05-09T19:08:53.428+0000] {processor.py:161} INFO - Started process (PID=1276) to work on /home/airflow/.local/lib/python3.12/site-packages/airflow/example_dags/example_bash_decorator.py
[2026-05-09T19:08:53.430+0000] {processor.py:830} INFO - Processing file /home/airflow/.local/lib/python3.12/site-packages/airflow/example_dags/example_bash_decorator.py for tasks to queue
[2026-05-09T19:08:53.432+0000] {logging_mixin.py:188} INFO - [2026-05-09T19:08:53.432+0000] {dagbag.py:545} INFO - Filling up the DagBag from /home/airflow/.local/lib/python3.12/site-packages/airflow/example_dags/example_bash_decorator.py
[2026-05-09T19:08:53.442+0000] {processor.py:840} INFO - DAG(s) 'example_bash_decorator' retrieved from /home/airflow/.local/lib/python3.12/site-packages/airflow/example_dags/example_bash_decorator.py
[2026-05-09T19:08:53.464+0000] {logging_mixin.py:188} INFO - [2026-05-09T19:08:53.463+0000] {dag.py:3096} INFO - Sync 1 DAGs
[2026-05-09T19:08:53.476+0000] {logging_mixin.py:188} INFO - [2026-05-09T19:08:53.476+0000] {dag.py:3954} INFO - Setting next_dagrun for example_bash_decorator to None, run_after=None
[2026-05-09T19:08:53.494+0000] {processor.py:183} INFO - Processing /home/airflow/.local/lib/python3.12/site-packages/airflow/example_dags/example_bash_decorator.py took 0.071 seconds
[2026-05-09T19:09:23.965+0000] {processor.py:161} INFO - Started process (PID=1336) to work on /home/airflow/.local/lib/python3.12/site-packages/airflow/example_dags/example_bash_decorator.py
[2026-05-09T19:09:23.966+0000] {processor.py:830} INFO - Processing file /home/airflow/.local/lib/python3.12/site-packages/airflow/example_dags/example_bash_decorator.py for tasks to queue
[2026-05-09T19:09:23.969+0000] {logging_mixin.py:188} INFO - [2026-05-09T19:09:23.969+0000] {dagbag.py:545} INFO - Filling up the DagBag from /home/airflow/.local/lib/python3.12/site-packages/airflow/example_dags/example_bash_decorator.py
[2026-05-09T19:09:23.980+0000] {processor.py:840} INFO - DAG(s) 'example_bash_decorator' retrieved from /home/airflow/.local/lib/python3.12/site-packages/airflow/example_dags/example_bash_decorator.py
[2026-05-09T19:09:24.001+0000] {logging_mixin.py:188} INFO - [2026-05-09T19:09:24.001+0000] {dag.py:3096} INFO - Sync 1 DAGs
[2026-05-09T19:09:24.013+0000] {logging_mixin.py:188} INFO - [2026-05-09T19:09:24.013+0000] {dag.py:3954} INFO - Setting next_dagrun for example_bash_decorator to None, run_after=None
[2026-05-09T19:09:24.031+0000] {processor.py:183} INFO - Processing /home/airflow/.local/lib/python3.12/site-packages/airflow/example_dags/example_bash_decorator.py took 0.073 seconds
[2026-05-09T19:09:54.137+0000] {processor.py:161} INFO - Started process (PID=1396) to work on /home/airflow/.local/lib/python3.12/site-packages/airflow/example_dags/example_bash_decorator.py
[2026-05-09T19:09:54.139+0000] {processor.py:830} INFO - Processing file /home/airflow/.local/lib/python3.12/site-packages/airflow/example_dags/example_bash_decorator.py for tasks to queue
[2026-05-09T19:09:54.141+0000] {logging_mixin.py:188} INFO - [2026-05-09T19:09:54.140+0000] {dagbag.py:545} INFO - Filling up the DagBag from /home/airflow/.local/lib/python3.12/site-packages/airflow/example_dags/example_bash_decorator.py
[2026-05-09T19:09:54.155+0000] {processor.py:840} INFO - DAG(s) 'example_bash_decorator' retrieved from /home/airflow/.local/lib/python3.12/site-packages/airflow/example_dags/example_bash_decorator.py
[2026-05-09T19:09:54.175+0000] {logging_mixin.py:188} INFO - [2026-05-09T19:09:54.175+0000] {dag.py:3096} INFO - Sync 1 DAGs
[2026-05-09T19:09:54.186+0000] {logging_mixin.py:188} INFO - [2026-05-09T19:09:54.186+0000] {dag.py:3954} INFO - Setting next_dagrun for example_bash_decorator to None, run_after=None
[2026-05-09T19:09:54.205+0000] {processor.py:183} INFO - Processing /home/airflow/.local/lib/python3.12/site-packages/airflow/example_dags/example_bash_decorator.py took 0.072 seconds
[2026-05-09T19:10:24.904+0000] {processor.py:161} INFO - Started process (PID=1456) to work on /home/airflow/.local/lib/python3.12/site-packages/airflow/example_dags/example_bash_decorator.py
[2026-05-09T19:10:24.905+0000] {processor.py:830} INFO - Processing file /home/airflow/.local/lib/python3.12/site-packages/airflow/example_dags/example_bash_decorator.py for tasks to queue
[2026-05-09T19:10:24.908+0000] {logging_mixin.py:188} INFO - [2026-05-09T19:10:24.907+0000] {dagbag.py:545} INFO - Filling up the DagBag from /home/airflow/.local/lib/python3.12/site-packages/airflow/example_dags/example_bash_decorator.py
[2026-05-09T19:10:24.921+0000] {processor.py:840} INFO - DAG(s) 'example_bash_decorator' retrieved from /home/airflow/.local/lib/python3.12/site-packages/airflow/example_dags/example_bash_decorator.py
[2026-05-09T19:10:24.948+0000] {logging_mixin.py:188} INFO - [2026-05-09T19:10:24.948+0000] {dag.py:3096} INFO - Sync 1 DAGs
[2026-05-09T19:10:24.962+0000] {logging_mixin.py:188} INFO - [2026-05-09T19:10:24.962+0000] {dag.py:3954} INFO - Setting next_dagrun for example_bash_decorator to None, run_after=None
[2026-05-09T19:10:24.985+0000] {processor.py:183} INFO - Processing /home/airflow/.local/lib/python3.12/site-packages/airflow/example_dags/example_bash_decorator.py took 0.088 seconds
[2026-05-09T19:10:55.759+0000] {processor.py:161} INFO - Started process (PID=1516) to work on /home/airflow/.local/lib/python3.12/site-packages/airflow/example_dags/example_bash_decorator.py
[2026-05-09T19:10:55.760+0000] {processor.py:830} INFO - Processing file /home/airflow/.local/lib/python3.12/site-packages/airflow/example_dags/example_bash_decorator.py for tasks to queue
[2026-05-09T19:10:55.762+0000] {logging_mixin.py:188} INFO - [2026-05-09T19:10:55.762+0000] {dagbag.py:545} INFO - Filling up the DagBag from /home/airflow/.local/lib/python3.12/site-packages/airflow/example_dags/example_bash_decorator.py
[2026-05-09T19:10:55.772+0000] {processor.py:840} INFO - DAG(s) 'example_bash_decorator' retrieved from /home/airflow/.local/lib/python3.12/site-packages/airflow/example_dags/example_bash_decorator.py
[2026-05-09T19:10:55.791+0000] {logging_mixin.py:188} INFO - [2026-05-09T19:10:55.791+0000] {dag.py:3096} INFO - Sync 1 DAGs
[2026-05-09T19:10:55.912+0000] {logging_mixin.py:188} INFO - [2026-05-09T19:10:55.912+0000] {dag.py:3954} INFO - Setting next_dagrun for example_bash_decorator to None, run_after=None
[2026-05-09T19:10:55.926+0000] {processor.py:183} INFO - Processing /home/airflow/.local/lib/python3.12/site-packages/airflow/example_dags/example_bash_decorator.py took 0.173 seconds
[2026-05-09T19:11:30.383+0000] {processor.py:161} INFO - Started process (PID=1576) to work on /home/airflow/.local/lib/python3.12/site-packages/airflow/example_dags/example_bash_decorator.py
[2026-05-09T19:11:30.407+0000] {processor.py:830} INFO - Processing file /home/airflow/.local/lib/python3.12/site-packages/airflow/example_dags/example_bash_decorator.py for tasks to queue
[2026-05-09T19:11:30.426+0000] {logging_mixin.py:188} INFO - [2026-05-09T19:11:30.425+0000] {dagbag.py:545} INFO - Filling up the DagBag from /home/airflow/.local/lib/python3.12/site-packages/airflow/example_dags/example_bash_decorator.py
[2026-05-09T19:11:30.444+0000] {processor.py:840} INFO - DAG(s) 'example_bash_decorator' retrieved from /home/airflow/.local/lib/python3.12/site-packages/airflow/example_dags/example_bash_decorator.py
[2026-05-09T19:11:30.489+0000] {logging_mixin.py:188} INFO - [2026-05-09T19:11:30.489+0000] {dag.py:3096} INFO - Sync 1 DAGs
[2026-05-09T19:11:30.539+0000] {logging_mixin.py:188} INFO - [2026-05-09T19:11:30.539+0000] {dag.py:3954} INFO - Setting next_dagrun for example_bash_decorator to None, run_after=None
[2026-05-09T19:11:30.585+0000] {processor.py:183} INFO - Processing /home/airflow/.local/lib/python3.12/site-packages/airflow/example_dags/example_bash_decorator.py took 0.208 seconds
[2026-05-09T19:12:01.502+0000] {processor.py:161} INFO - Started process (PID=1636) to work on /home/airflow/.local/lib/python3.12/site-packages/airflow/example_dags/example_bash_decorator.py
[2026-05-09T19:12:01.505+0000] {processor.py:830} INFO - Processing file /home/airflow/.local/lib/python3.12/site-packages/airflow/example_dags/example_bash_decorator.py for tasks to queue
[2026-05-09T19:12:01.508+0000] {logging_mixin.py:188} INFO - [2026-05-09T19:12:01.507+0000] {dagbag.py:545} INFO - Filling up the DagBag from /home/airflow/.local/lib/python3.12/site-packages/airflow/example_dags/example_bash_decorator.py
[2026-05-09T19:12:01.520+0000] {processor.py:840} INFO - DAG(s) 'example_bash_decorator' retrieved from /home/airflow/.local/lib/python3.12/site-packages/airflow/example_dags/example_bash_decorator.py
[2026-05-09T19:12:01.539+0000] {logging_mixin.py:188} INFO - [2026-05-09T19:12:01.538+0000] {dag.py:3096} INFO - Sync 1 DAGs
[2026-05-09T19:12:01.550+0000] {logging_mixin.py:188} INFO - [2026-05-09T19:12:01.550+0000] {dag.py:3954} INFO - Setting next_dagrun for example_bash_decorator to None, run_after=None
[2026-05-09T19:12:01.565+0000] {processor.py:183} INFO - Processing /home/airflow/.local/lib/python3.12/site-packages/airflow/example_dags/example_bash_decorator.py took 0.068 seconds
[2026-05-09T19:12:31.664+0000] {processor.py:161} INFO - Started process (PID=1696) to work on /home/airflow/.local/lib/python3.12/site-packages/airflow/example_dags/example_bash_decorator.py
[2026-05-09T19:12:31.667+0000] {processor.py:830} INFO - Processing file /home/airflow/.local/lib/python3.12/site-packages/airflow/example_dags/example_bash_decorator.py for tasks to queue
[2026-05-09T19:12:31.669+0000] {logging_mixin.py:188} INFO - [2026-05-09T19:12:31.668+0000] {dagbag.py:545} INFO - Filling up the DagBag from /home/airflow/.local/lib/python3.12/site-packages/airflow/example_dags/example_bash_decorator.py
[2026-05-09T19:12:31.681+0000] {processor.py:840} INFO - DAG(s) 'example_bash_decorator' retrieved from /home/airflow/.local/lib/python3.12/site-packages/airflow/example_dags/example_bash_decorator.py
[2026-05-09T19:12:31.704+0000] {logging_mixin.py:188} INFO - [2026-05-09T19:12:31.703+0000] {dag.py:3096} INFO - Sync 1 DAGs
[2026-05-09T19:12:31.716+0000] {logging_mixin.py:188} INFO - [2026-05-09T19:12:31.716+0000] {dag.py:3954} INFO - Setting next_dagrun for example_bash_decorator to None, run_after=None
[2026-05-09T19:12:31.733+0000] {processor.py:183} INFO - Processing /home/airflow/.local/lib/python3.12/site-packages/airflow/example_dags/example_bash_decorator.py took 0.078 seconds
[2026-05-09T19:13:01.869+0000] {processor.py:161} INFO - Started process (PID=1755) to work on /home/airflow/.local/lib/python3.12/site-packages/airflow/example_dags/example_bash_decorator.py
[2026-05-09T19:13:01.871+0000] {processor.py:830} INFO - Processing file /home/airflow/.local/lib/python3.12/site-packages/airflow/example_dags/example_bash_decorator.py for tasks to queue
[2026-05-09T19:13:01.876+0000] {logging_mixin.py:188} INFO - [2026-05-09T19:13:01.875+0000] {dagbag.py:545} INFO - Filling up the DagBag from /home/airflow/.local/lib/python3.12/site-packages/airflow/example_dags/example_bash_decorator.py
[2026-05-09T19:13:01.888+0000] {processor.py:840} INFO - DAG(s) 'example_bash_decorator' retrieved from /home/airflow/.local/lib/python3.12/site-packages/airflow/example_dags/example_bash_decorator.py
[2026-05-09T19:13:01.910+0000] {logging_mixin.py:188} INFO - [2026-05-09T19:13:01.910+0000] {dag.py:3096} INFO - Sync 1 DAGs
[2026-05-09T19:13:01.921+0000] {logging_mixin.py:188} INFO - [2026-05-09T19:13:01.921+0000] {dag.py:3954} INFO - Setting next_dagrun for example_bash_decorator to None, run_after=None
[2026-05-09T19:13:01.941+0000] {processor.py:183} INFO - Processing /home/airflow/.local/lib/python3.12/site-packages/airflow/example_dags/example_bash_decorator.py took 0.077 seconds
[2026-05-09T19:13:32.291+0000] {processor.py:161} INFO - Started process (PID=1815) to work on /home/airflow/.local/lib/python3.12/site-packages/airflow/example_dags/example_bash_decorator.py
[2026-05-09T19:13:32.292+0000] {processor.py:830} INFO - Processing file /home/airflow/.local/lib/python3.12/site-packages/airflow/example_dags/example_bash_decorator.py for tasks to queue
[2026-05-09T19:13:32.294+0000] {logging_mixin.py:188} INFO - [2026-05-09T19:13:32.293+0000] {dagbag.py:545} INFO - Filling up the DagBag from /home/airflow/.local/lib/python3.12/site-packages/airflow/example_dags/example_bash_decorator.py
[2026-05-09T19:13:32.305+0000] {processor.py:840} INFO - DAG(s) 'example_bash_decorator' retrieved from /home/airflow/.local/lib/python3.12/site-packages/airflow/example_dags/example_bash_decorator.py
[2026-05-09T19:13:32.325+0000] {logging_mixin.py:188} INFO - [2026-05-09T19:13:32.325+0000] {dag.py:3096} INFO - Sync 1 DAGs
[2026-05-09T19:13:32.336+0000] {logging_mixin.py:188} INFO - [2026-05-09T19:13:32.336+0000] {dag.py:3954} INFO - Setting next_dagrun for example_bash_decorator to None, run_after=None
[2026-05-09T19:13:32.355+0000] {processor.py:183} INFO - Processing /home/airflow/.local/lib/python3.12/site-packages/airflow/example_dags/example_bash_decorator.py took 0.069 seconds
[2026-05-09T19:14:03.149+0000] {processor.py:161} INFO - Started process (PID=1875) to work on /home/airflow/.local/lib/python3.12/site-packages/airflow/example_dags/example_bash_decorator.py
[2026-05-09T19:14:03.150+0000] {processor.py:830} INFO - Processing file /home/airflow/.local/lib/python3.12/site-packages/airflow/example_dags/example_bash_decorator.py for tasks to queue
[2026-05-09T19:14:03.152+0000] {logging_mixin.py:188} INFO - [2026-05-09T19:14:03.152+0000] {dagbag.py:545} INFO - Filling up the DagBag from /home/airflow/.local/lib/python3.12/site-packages/airflow/example_dags/example_bash_decorator.py
[2026-05-09T19:14:03.163+0000] {processor.py:840} INFO - DAG(s) 'example_bash_decorator' retrieved from /home/airflow/.local/lib/python3.12/site-packages/airflow/example_dags/example_bash_decorator.py
[2026-05-09T19:14:03.182+0000] {logging_mixin.py:188} INFO - [2026-05-09T19:14:03.182+0000] {dag.py:3096} INFO - Sync 1 DAGs
[2026-05-09T19:14:03.192+0000] {logging_mixin.py:188} INFO - [2026-05-09T19:14:03.192+0000] {dag.py:3954} INFO - Setting next_dagrun for example_bash_decorator to None, run_after=None
[2026-05-09T19:14:03.210+0000] {processor.py:183} INFO - Processing /home/airflow/.local/lib/python3.12/site-packages/airflow/example_dags/example_bash_decorator.py took 0.069 seconds
[2026-05-09T19:14:33.516+0000] {processor.py:161} INFO - Started process (PID=1935) to work on /home/airflow/.local/lib/python3.12/site-packages/airflow/example_dags/example_bash_decorator.py
[2026-05-09T19:14:33.519+0000] {processor.py:830} INFO - Processing file /home/airflow/.local/lib/python3.12/site-packages/airflow/example_dags/example_bash_decorator.py for tasks to queue
[2026-05-09T19:14:33.521+0000] {logging_mixin.py:188} INFO - [2026-05-09T19:14:33.521+0000] {dagbag.py:545} INFO - Filling up the DagBag from /home/airflow/.local/lib/python3.12/site-packages/airflow/example_dags/example_bash_decorator.py
[2026-05-09T19:14:33.540+0000] {processor.py:840} INFO - DAG(s) 'example_bash_decorator' retrieved from /home/airflow/.local/lib/python3.12/site-packages/airflow/example_dags/example_bash_decorator.py
[2026-05-09T19:14:33.566+0000] {logging_mixin.py:188} INFO - [2026-05-09T19:14:33.565+0000] {dag.py:3096} INFO - Sync 1 DAGs
[2026-05-09T19:14:33.577+0000] {logging_mixin.py:188} INFO - [2026-05-09T19:14:33.577+0000] {dag.py:3954} INFO - Setting next_dagrun for example_bash_decorator to None, run_after=None
[2026-05-09T19:14:33.593+0000] {processor.py:183} INFO - Processing /home/airflow/.local/lib/python3.12/site-packages/airflow/example_dags/example_bash_decorator.py took 0.088 seconds
[2026-05-09T19:15:03.851+0000] {processor.py:161} INFO - Started process (PID=1995) to work on /home/airflow/.local/lib/python3.12/site-packages/airflow/example_dags/example_bash_decorator.py
[2026-05-09T19:15:03.852+0000] {processor.py:830} INFO - Processing file /home/airflow/.local/lib/python3.12/site-packages/airflow/example_dags/example_bash_decorator.py for tasks to queue
[2026-05-09T19:15:03.854+0000] {logging_mixin.py:188} INFO - [2026-05-09T19:15:03.854+0000] {dagbag.py:545} INFO - Filling up the DagBag from /home/airflow/.local/lib/python3.12/site-packages/airflow/example_dags/example_bash_decorator.py
[2026-05-09T19:15:03.867+0000] {processor.py:840} INFO - DAG(s) 'example_bash_decorator' retrieved from /home/airflow/.local/lib/python3.12/site-packages/airflow/example_dags/example_bash_decorator.py
[2026-05-09T19:15:03.888+0000] {logging_mixin.py:188} INFO - [2026-05-09T19:15:03.888+0000] {dag.py:3096} INFO - Sync 1 DAGs
[2026-05-09T19:15:03.900+0000] {logging_mixin.py:188} INFO - [2026-05-09T19:15:03.899+0000] {dag.py:3954} INFO - Setting next_dagrun for example_bash_decorator to None, run_after=None
[2026-05-09T19:15:03.920+0000] {processor.py:183} INFO - Processing /home/airflow/.local/lib/python3.12/site-packages/airflow/example_dags/example_bash_decorator.py took 0.073 seconds
[2026-05-09T19:15:34.213+0000] {processor.py:161} INFO - Started process (PID=2055) to work on /home/airflow/.local/lib/python3.12/site-packages/airflow/example_dags/example_bash_decorator.py
[2026-05-09T19:15:34.215+0000] {processor.py:830} INFO - Processing file /home/airflow/.local/lib/python3.12/site-packages/airflow/example_dags/example_bash_decorator.py for tasks to queue
[2026-05-09T19:15:34.217+0000] {logging_mixin.py:188} INFO - [2026-05-09T19:15:34.216+0000] {dagbag.py:545} INFO - Filling up the DagBag from /home/airflow/.local/lib/python3.12/site-packages/airflow/example_dags/example_bash_decorator.py
[2026-05-09T19:15:34.228+0000] {processor.py:840} INFO - DAG(s) 'example_bash_decorator' retrieved from /home/airflow/.local/lib/python3.12/site-packages/airflow/example_dags/example_bash_decorator.py
[2026-05-09T19:15:34.249+0000] {logging_mixin.py:188} INFO - [2026-05-09T19:15:34.249+0000] {dag.py:3096} INFO - Sync 1 DAGs
[2026-05-09T19:15:34.260+0000] {logging_mixin.py:188} INFO - [2026-05-09T19:15:34.260+0000] {dag.py:3954} INFO - Setting next_dagrun for example_bash_decorator to None, run_after=None
[2026-05-09T19:15:34.279+0000] {processor.py:183} INFO - Processing /home/airflow/.local/lib/python3.12/site-packages/airflow/example_dags/example_bash_decorator.py took 0.070 seconds
[2026-05-09T19:16:04.886+0000] {processor.py:161} INFO - Started process (PID=2115) to work on /home/airflow/.local/lib/python3.12/site-packages/airflow/example_dags/example_bash_decorator.py
[2026-05-09T19:16:04.888+0000] {processor.py:830} INFO - Processing file /home/airflow/.local/lib/python3.12/site-packages/airflow/example_dags/example_bash_decorator.py for tasks to queue
[2026-05-09T19:16:04.890+0000] {logging_mixin.py:188} INFO - [2026-05-09T19:16:04.889+0000] {dagbag.py:545} INFO - Filling up the DagBag from /home/airflow/.local/lib/python3.12/site-packages/airflow/example_dags/example_bash_decorator.py
[2026-05-09T19:16:04.903+0000] {processor.py:840} INFO - DAG(s) 'example_bash_decorator' retrieved from /home/airflow/.local/lib/python3.12/site-packages/airflow/example_dags/example_bash_decorator.py
[2026-05-09T19:16:04.923+0000] {logging_mixin.py:188} INFO - [2026-05-09T19:16:04.922+0000] {dag.py:3096} INFO - Sync 1 DAGs
[2026-05-09T19:16:04.933+0000] {logging_mixin.py:188} INFO - [2026-05-09T19:16:04.932+0000] {dag.py:3954} INFO - Setting next_dagrun for example_bash_decorator to None, run_after=None
[2026-05-09T19:16:04.948+0000] {processor.py:183} INFO - Processing /home/airflow/.local/lib/python3.12/site-packages/airflow/example_dags/example_bash_decorator.py took 0.067 seconds
[2026-05-09T19:16:35.599+0000] {processor.py:161} INFO - Started process (PID=2174) to work on /home/airflow/.local/lib/python3.12/site-packages/airflow/example_dags/example_bash_decorator.py
[2026-05-09T19:16:35.601+0000] {processor.py:830} INFO - Processing file /home/airflow/.local/lib/python3.12/site-packages/airflow/example_dags/example_bash_decorator.py for tasks to queue
[2026-05-09T19:16:35.604+0000] {logging_mixin.py:188} INFO - [2026-05-09T19:16:35.603+0000] {dagbag.py:545} INFO - Filling up the DagBag from /home/airflow/.local/lib/python3.12/site-packages/airflow/example_dags/example_bash_decorator.py
[2026-05-09T19:16:35.614+0000] {processor.py:840} INFO - DAG(s) 'example_bash_decorator' retrieved from /home/airflow/.local/lib/python3.12/site-packages/airflow/example_dags/example_bash_decorator.py
[2026-05-09T19:16:35.635+0000] {logging_mixin.py:188} INFO - [2026-05-09T19:16:35.634+0000] {dag.py:3096} INFO - Sync 1 DAGs
[2026-05-09T19:16:35.646+0000] {logging_mixin.py:188} INFO - [2026-05-09T19:16:35.646+0000] {dag.py:3954} INFO - Setting next_dagrun for example_bash_decorator to None, run_after=None
[2026-05-09T19:16:35.664+0000] {processor.py:183} INFO - Processing /home/airflow/.local/lib/python3.12/site-packages/airflow/example_dags/example_bash_decorator.py took 0.069 seconds
[2026-05-09T19:17:06.008+0000] {processor.py:161} INFO - Started process (PID=2234) to work on /home/airflow/.local/lib/python3.12/site-packages/airflow/example_dags/example_bash_decorator.py
[2026-05-09T19:17:06.014+0000] {processor.py:830} INFO - Processing file /home/airflow/.local/lib/python3.12/site-packages/airflow/example_dags/example_bash_decorator.py for tasks to queue
[2026-05-09T19:17:06.019+0000] {logging_mixin.py:188} INFO - [2026-05-09T19:17:06.018+0000] {dagbag.py:545} INFO - Filling up the DagBag from /home/airflow/.local/lib/python3.12/site-packages/airflow/example_dags/example_bash_decorator.py
[2026-05-09T19:17:06.035+0000] {processor.py:840} INFO - DAG(s) 'example_bash_decorator' retrieved from /home/airflow/.local/lib/python3.12/site-packages/airflow/example_dags/example_bash_decorator.py
[2026-05-09T19:17:06.065+0000] {logging_mixin.py:188} INFO - [2026-05-09T19:17:06.064+0000] {dag.py:3096} INFO - Sync 1 DAGs
[2026-05-09T19:17:06.081+0000] {logging_mixin.py:188} INFO - [2026-05-09T19:17:06.081+0000] {dag.py:3954} INFO - Setting next_dagrun for example_bash_decorator to None, run_after=None
[2026-05-09T19:17:06.105+0000] {processor.py:183} INFO - Processing /home/airflow/.local/lib/python3.12/site-packages/airflow/example_dags/example_bash_decorator.py took 0.105 seconds
[2026-05-09T19:17:36.419+0000] {processor.py:161} INFO - Started process (PID=2294) to work on /home/airflow/.local/lib/python3.12/site-packages/airflow/example_dags/example_bash_decorator.py
[2026-05-09T19:17:36.420+0000] {processor.py:830} INFO - Processing file /home/airflow/.local/lib/python3.12/site-packages/airflow/example_dags/example_bash_decorator.py for tasks to queue
[2026-05-09T19:17:36.424+0000] {logging_mixin.py:188} INFO - [2026-05-09T19:17:36.423+0000] {dagbag.py:545} INFO - Filling up the DagBag from /home/airflow/.local/lib/python3.12/site-packages/airflow/example_dags/example_bash_decorator.py
[2026-05-09T19:17:36.445+0000] {processor.py:840} INFO - DAG(s) 'example_bash_decorator' retrieved from /home/airflow/.local/lib/python3.12/site-packages/airflow/example_dags/example_bash_decorator.py
[2026-05-09T19:17:36.480+0000] {logging_mixin.py:188} INFO - [2026-05-09T19:17:36.480+0000] {dag.py:3096} INFO - Sync 1 DAGs
[2026-05-09T19:17:36.503+0000] {logging_mixin.py:188} INFO - [2026-05-09T19:17:36.503+0000] {dag.py:3954} INFO - Setting next_dagrun for example_bash_decorator to None, run_after=None
[2026-05-09T19:17:36.530+0000] {processor.py:183} INFO - Processing /home/airflow/.local/lib/python3.12/site-packages/airflow/example_dags/example_bash_decorator.py took 0.120 seconds
[2026-05-09T19:18:07.259+0000] {processor.py:161} INFO - Started process (PID=2354) to work on /home/airflow/.local/lib/python3.12/site-packages/airflow/example_dags/example_bash_decorator.py
[2026-05-09T19:18:07.261+0000] {processor.py:830} INFO - Processing file /home/airflow/.local/lib/python3.12/site-packages/airflow/example_dags/example_bash_decorator.py for tasks to queue
[2026-05-09T19:18:07.265+0000] {logging_mixin.py:188} INFO - [2026-05-09T19:18:07.264+0000] {dagbag.py:545} INFO - Filling up the DagBag from /home/airflow/.local/lib/python3.12/site-packages/airflow/example_dags/example_bash_decorator.py
[2026-05-09T19:18:07.293+0000] {processor.py:840} INFO - DAG(s) 'example_bash_decorator' retrieved from /home/airflow/.local/lib/python3.12/site-packages/airflow/example_dags/example_bash_decorator.py
[2026-05-09T19:18:07.336+0000] {logging_mixin.py:188} INFO - [2026-05-09T19:18:07.336+0000] {dag.py:3096} INFO - Sync 1 DAGs
[2026-05-09T19:18:07.355+0000] {logging_mixin.py:188} INFO - [2026-05-09T19:18:07.355+0000] {dag.py:3954} INFO - Setting next_dagrun for example_bash_decorator to None, run_after=None
[2026-05-09T19:18:07.388+0000] {processor.py:183} INFO - Processing /home/airflow/.local/lib/python3.12/site-packages/airflow/example_dags/example_bash_decorator.py took 0.139 seconds
[2026-05-09T19:18:37.623+0000] {processor.py:161} INFO - Started process (PID=2414) to work on /home/airflow/.local/lib/python3.12/site-packages/airflow/example_dags/example_bash_decorator.py
[2026-05-09T19:18:37.625+0000] {processor.py:830} INFO - Processing file /home/airflow/.local/lib/python3.12/site-packages/airflow/example_dags/example_bash_decorator.py for tasks to queue
[2026-05-09T19:18:37.628+0000] {logging_mixin.py:188} INFO - [2026-05-09T19:18:37.628+0000] {dagbag.py:545} INFO - Filling up the DagBag from /home/airflow/.local/lib/python3.12/site-packages/airflow/example_dags/example_bash_decorator.py
[2026-05-09T19:18:37.650+0000] {processor.py:840} INFO - DAG(s) 'example_bash_decorator' retrieved from /home/airflow/.local/lib/python3.12/site-packages/airflow/example_dags/example_bash_decorator.py
[2026-05-09T19:18:37.681+0000] {logging_mixin.py:188} INFO - [2026-05-09T19:18:37.681+0000] {dag.py:3096} INFO - Sync 1 DAGs
[2026-05-09T19:18:37.702+0000] {logging_mixin.py:188} INFO - [2026-05-09T19:18:37.701+0000] {dag.py:3954} INFO - Setting next_dagrun for example_bash_decorator to None, run_after=None
[2026-05-09T19:18:37.733+0000] {processor.py:183} INFO - Processing /home/airflow/.local/lib/python3.12/site-packages/airflow/example_dags/example_bash_decorator.py took 0.120 seconds
[2026-05-09T19:19:07.821+0000] {processor.py:161} INFO - Started process (PID=2475) to work on /home/airflow/.local/lib/python3.12/site-packages/airflow/example_dags/example_bash_decorator.py
[2026-05-09T19:19:07.822+0000] {processor.py:830} INFO - Processing file /home/airflow/.local/lib/python3.12/site-packages/airflow/example_dags/example_bash_decorator.py for tasks to queue
[2026-05-09T19:19:07.826+0000] {logging_mixin.py:188} INFO - [2026-05-09T19:19:07.826+0000] {dagbag.py:545} INFO - Filling up the DagBag from /home/airflow/.local/lib/python3.12/site-packages/airflow/example_dags/example_bash_decorator.py
[2026-05-09T19:19:07.849+0000] {processor.py:840} INFO - DAG(s) 'example_bash_decorator' retrieved from /home/airflow/.local/lib/python3.12/site-packages/airflow/example_dags/example_bash_decorator.py
[2026-05-09T19:19:07.885+0000] {logging_mixin.py:188} INFO - [2026-05-09T19:19:07.885+0000] {dag.py:3096} INFO - Sync 1 DAGs
[2026-05-09T19:19:07.906+0000] {logging_mixin.py:188} INFO - [2026-05-09T19:19:07.906+0000] {dag.py:3954} INFO - Setting next_dagrun for example_bash_decorator to None, run_after=None
[2026-05-09T19:19:07.935+0000] {processor.py:183} INFO - Processing /home/airflow/.local/lib/python3.12/site-packages/airflow/example_dags/example_bash_decorator.py took 0.122 seconds
[2026-05-09T19:19:38.016+0000] {processor.py:161} INFO - Started process (PID=2535) to work on /home/airflow/.local/lib/python3.12/site-packages/airflow/example_dags/example_bash_decorator.py
[2026-05-09T19:19:38.018+0000] {processor.py:830} INFO - Processing file /home/airflow/.local/lib/python3.12/site-packages/airflow/example_dags/example_bash_decorator.py for tasks to queue
[2026-05-09T19:19:38.022+0000] {logging_mixin.py:188} INFO - [2026-05-09T19:19:38.021+0000] {dagbag.py:545} INFO - Filling up the DagBag from /home/airflow/.local/lib/python3.12/site-packages/airflow/example_dags/example_bash_decorator.py
[2026-05-09T19:19:38.044+0000] {processor.py:840} INFO - DAG(s) 'example_bash_decorator' retrieved from /home/airflow/.local/lib/python3.12/site-packages/airflow/example_dags/example_bash_decorator.py
[2026-05-09T19:19:38.079+0000] {logging_mixin.py:188} INFO - [2026-05-09T19:19:38.079+0000] {dag.py:3096} INFO - Sync 1 DAGs
[2026-05-09T19:19:38.099+0000] {logging_mixin.py:188} INFO - [2026-05-09T19:19:38.098+0000] {dag.py:3954} INFO - Setting next_dagrun for example_bash_decorator to None, run_after=None
[2026-05-09T19:19:38.125+0000] {processor.py:183} INFO - Processing /home/airflow/.local/lib/python3.12/site-packages/airflow/example_dags/example_bash_decorator.py took 0.121 seconds
[2026-05-09T19:20:09.449+0000] {processor.py:161} INFO - Started process (PID=2595) to work on /home/airflow/.local/lib/python3.12/site-packages/airflow/example_dags/example_bash_decorator.py
[2026-05-09T19:20:09.460+0000] {processor.py:830} INFO - Processing file /home/airflow/.local/lib/python3.12/site-packages/airflow/example_dags/example_bash_decorator.py for tasks to queue
[2026-05-09T19:20:09.481+0000] {logging_mixin.py:188} INFO - [2026-05-09T19:20:09.481+0000] {dagbag.py:545} INFO - Filling up the DagBag from /home/airflow/.local/lib/python3.12/site-packages/airflow/example_dags/example_bash_decorator.py
[2026-05-09T19:20:09.517+0000] {processor.py:840} INFO - DAG(s) 'example_bash_decorator' retrieved from /home/airflow/.local/lib/python3.12/site-packages/airflow/example_dags/example_bash_decorator.py
[2026-05-09T19:20:09.566+0000] {logging_mixin.py:188} INFO - [2026-05-09T19:20:09.565+0000] {dag.py:3096} INFO - Sync 1 DAGs
[2026-05-09T19:20:09.594+0000] {logging_mixin.py:188} INFO - [2026-05-09T19:20:09.594+0000] {dag.py:3954} INFO - Setting next_dagrun for example_bash_decorator to None, run_after=None
[2026-05-09T19:20:09.639+0000] {processor.py:183} INFO - Processing /home/airflow/.local/lib/python3.12/site-packages/airflow/example_dags/example_bash_decorator.py took 0.202 seconds
[2026-05-09T19:20:40.202+0000] {processor.py:161} INFO - Started process (PID=2655) to work on /home/airflow/.local/lib/python3.12/site-packages/airflow/example_dags/example_bash_decorator.py
[2026-05-09T19:20:40.204+0000] {processor.py:830} INFO - Processing file /home/airflow/.local/lib/python3.12/site-packages/airflow/example_dags/example_bash_decorator.py for tasks to queue
[2026-05-09T19:20:40.210+0000] {logging_mixin.py:188} INFO - [2026-05-09T19:20:40.209+0000] {dagbag.py:545} INFO - Filling up the DagBag from /home/airflow/.local/lib/python3.12/site-packages/airflow/example_dags/example_bash_decorator.py
[2026-05-09T19:20:40.235+0000] {processor.py:840} INFO - DAG(s) 'example_bash_decorator' retrieved from /home/airflow/.local/lib/python3.12/site-packages/airflow/example_dags/example_bash_decorator.py
[2026-05-09T19:20:40.282+0000] {logging_mixin.py:188} INFO - [2026-05-09T19:20:40.281+0000] {dag.py:3096} INFO - Sync 1 DAGs
[2026-05-09T19:20:40.306+0000] {logging_mixin.py:188} INFO - [2026-05-09T19:20:40.305+0000] {dag.py:3954} INFO - Setting next_dagrun for example_bash_decorator to None, run_after=None
[2026-05-09T19:20:40.343+0000] {processor.py:183} INFO - Processing /home/airflow/.local/lib/python3.12/site-packages/airflow/example_dags/example_bash_decorator.py took 0.153 seconds
[2026-05-09T19:21:10.727+0000] {processor.py:161} INFO - Started process (PID=2715) to work on /home/airflow/.local/lib/python3.12/site-packages/airflow/example_dags/example_bash_decorator.py
[2026-05-09T19:21:10.729+0000] {processor.py:830} INFO - Processing file /home/airflow/.local/lib/python3.12/site-packages/airflow/example_dags/example_bash_decorator.py for tasks to queue
[2026-05-09T19:21:10.733+0000] {logging_mixin.py:188} INFO - [2026-05-09T19:21:10.733+0000] {dagbag.py:545} INFO - Filling up the DagBag from /home/airflow/.local/lib/python3.12/site-packages/airflow/example_dags/example_bash_decorator.py
[2026-05-09T19:21:10.761+0000] {processor.py:840} INFO - DAG(s) 'example_bash_decorator' retrieved from /home/airflow/.local/lib/python3.12/site-packages/airflow/example_dags/example_bash_decorator.py
[2026-05-09T19:21:10.796+0000] {logging_mixin.py:188} INFO - [2026-05-09T19:21:10.796+0000] {dag.py:3096} INFO - Sync 1 DAGs
[2026-05-09T19:21:10.822+0000] {logging_mixin.py:188} INFO - [2026-05-09T19:21:10.819+0000] {dag.py:3954} INFO - Setting next_dagrun for example_bash_decorator to None, run_after=None
[2026-05-09T19:21:10.873+0000] {processor.py:183} INFO - Processing /home/airflow/.local/lib/python3.12/site-packages/airflow/example_dags/example_bash_decorator.py took 0.159 seconds
[2026-05-09T19:21:41.000+0000] {processor.py:161} INFO - Started process (PID=2776) to work on /home/airflow/.local/lib/python3.12/site-packages/airflow/example_dags/example_bash_decorator.py
[2026-05-09T19:21:41.003+0000] {processor.py:830} INFO - Processing file /home/airflow/.local/lib/python3.12/site-packages/airflow/example_dags/example_bash_decorator.py for tasks to queue
[2026-05-09T19:21:41.006+0000] {logging_mixin.py:188} INFO - [2026-05-09T19:21:41.006+0000] {dagbag.py:545} INFO - Filling up the DagBag from /home/airflow/.local/lib/python3.12/site-packages/airflow/example_dags/example_bash_decorator.py
[2026-05-09T19:21:41.027+0000] {processor.py:840} INFO - DAG(s) 'example_bash_decorator' retrieved from /home/airflow/.local/lib/python3.12/site-packages/airflow/example_dags/example_bash_decorator.py
[2026-05-09T19:21:41.064+0000] {logging_mixin.py:188} INFO - [2026-05-09T19:21:41.063+0000] {dag.py:3096} INFO - Sync 1 DAGs
[2026-05-09T19:21:41.085+0000] {logging_mixin.py:188} INFO - [2026-05-09T19:21:41.085+0000] {dag.py:3954} INFO - Setting next_dagrun for example_bash_decorator to None, run_after=None
[2026-05-09T19:21:41.115+0000] {processor.py:183} INFO - Processing /home/airflow/.local/lib/python3.12/site-packages/airflow/example_dags/example_bash_decorator.py took 0.124 seconds
[2026-05-09T19:22:11.223+0000] {processor.py:161} INFO - Started process (PID=2836) to work on /home/airflow/.local/lib/python3.12/site-packages/airflow/example_dags/example_bash_decorator.py
[2026-05-09T19:22:11.224+0000] {processor.py:830} INFO - Processing file /home/airflow/.local/lib/python3.12/site-packages/airflow/example_dags/example_bash_decorator.py for tasks to queue
[2026-05-09T19:22:11.227+0000] {logging_mixin.py:188} INFO - [2026-05-09T19:22:11.226+0000] {dagbag.py:545} INFO - Filling up the DagBag from /home/airflow/.local/lib/python3.12/site-packages/airflow/example_dags/example_bash_decorator.py
[2026-05-09T19:22:11.237+0000] {processor.py:840} INFO - DAG(s) 'example_bash_decorator' retrieved from /home/airflow/.local/lib/python3.12/site-packages/airflow/example_dags/example_bash_decorator.py
[2026-05-09T19:22:11.258+0000] {logging_mixin.py:188} INFO - [2026-05-09T19:22:11.257+0000] {dag.py:3096} INFO - Sync 1 DAGs
[2026-05-09T19:22:11.268+0000] {logging_mixin.py:188} INFO - [2026-05-09T19:22:11.268+0000] {dag.py:3954} INFO - Setting next_dagrun for example_bash_decorator to None, run_after=None
[2026-05-09T19:22:11.287+0000] {processor.py:183} INFO - Processing /home/airflow/.local/lib/python3.12/site-packages/airflow/example_dags/example_bash_decorator.py took 0.068 seconds
[2026-05-09T19:22:41.766+0000] {processor.py:161} INFO - Started process (PID=2896) to work on /home/airflow/.local/lib/python3.12/site-packages/airflow/example_dags/example_bash_decorator.py
[2026-05-09T19:22:41.767+0000] {processor.py:830} INFO - Processing file /home/airflow/.local/lib/python3.12/site-packages/airflow/example_dags/example_bash_decorator.py for tasks to queue
[2026-05-09T19:22:41.769+0000] {logging_mixin.py:188} INFO - [2026-05-09T19:22:41.769+0000] {dagbag.py:545} INFO - Filling up the DagBag from /home/airflow/.local/lib/python3.12/site-packages/airflow/example_dags/example_bash_decorator.py
[2026-05-09T19:22:41.780+0000] {processor.py:840} INFO - DAG(s) 'example_bash_decorator' retrieved from /home/airflow/.local/lib/python3.12/site-packages/airflow/example_dags/example_bash_decorator.py
[2026-05-09T19:22:41.800+0000] {logging_mixin.py:188} INFO - [2026-05-09T19:22:41.799+0000] {dag.py:3096} INFO - Sync 1 DAGs
[2026-05-09T19:22:41.810+0000] {logging_mixin.py:188} INFO - [2026-05-09T19:22:41.810+0000] {dag.py:3954} INFO - Setting next_dagrun for example_bash_decorator to None, run_after=None
[2026-05-09T19:22:41.830+0000] {processor.py:183} INFO - Processing /home/airflow/.local/lib/python3.12/site-packages/airflow/example_dags/example_bash_decorator.py took 0.069 seconds
[2026-05-09T19:23:12.312+0000] {processor.py:161} INFO - Started process (PID=2956) to work on /home/airflow/.local/lib/python3.12/site-packages/airflow/example_dags/example_bash_decorator.py
[2026-05-09T19:23:12.314+0000] {processor.py:830} INFO - Processing file /home/airflow/.local/lib/python3.12/site-packages/airflow/example_dags/example_bash_decorator.py for tasks to queue
[2026-05-09T19:23:12.316+0000] {logging_mixin.py:188} INFO - [2026-05-09T19:23:12.315+0000] {dagbag.py:545} INFO - Filling up the DagBag from /home/airflow/.local/lib/python3.12/site-packages/airflow/example_dags/example_bash_decorator.py
[2026-05-09T19:23:12.327+0000] {processor.py:840} INFO - DAG(s) 'example_bash_decorator' retrieved from /home/airflow/.local/lib/python3.12/site-packages/airflow/example_dags/example_bash_decorator.py
[2026-05-09T19:23:12.349+0000] {logging_mixin.py:188} INFO - [2026-05-09T19:23:12.349+0000] {dag.py:3096} INFO - Sync 1 DAGs
[2026-05-09T19:23:12.369+0000] {logging_mixin.py:188} INFO - [2026-05-09T19:23:12.369+0000] {dag.py:3954} INFO - Setting next_dagrun for example_bash_decorator to None, run_after=None
[2026-05-09T19:23:12.387+0000] {processor.py:183} INFO - Processing /home/airflow/.local/lib/python3.12/site-packages/airflow/example_dags/example_bash_decorator.py took 0.080 seconds
[2026-05-09T19:23:43.183+0000] {processor.py:161} INFO - Started process (PID=3016) to work on /home/airflow/.local/lib/python3.12/site-packages/airflow/example_dags/example_bash_decorator.py
[2026-05-09T19:23:43.185+0000] {processor.py:830} INFO - Processing file /home/airflow/.local/lib/python3.12/site-packages/airflow/example_dags/example_bash_decorator.py for tasks to queue
[2026-05-09T19:23:43.187+0000] {logging_mixin.py:188} INFO - [2026-05-09T19:23:43.187+0000] {dagbag.py:545} INFO - Filling up the DagBag from /home/airflow/.local/lib/python3.12/site-packages/airflow/example_dags/example_bash_decorator.py
[2026-05-09T19:23:43.204+0000] {processor.py:840} INFO - DAG(s) 'example_bash_decorator' retrieved from /home/airflow/.local/lib/python3.12/site-packages/airflow/example_dags/example_bash_decorator.py
[2026-05-09T19:23:43.225+0000] {logging_mixin.py:188} INFO - [2026-05-09T19:23:43.224+0000] {dag.py:3096} INFO - Sync 1 DAGs
[2026-05-09T19:23:43.237+0000] {logging_mixin.py:188} INFO - [2026-05-09T19:23:43.237+0000] {dag.py:3954} INFO - Setting next_dagrun for example_bash_decorator to None, run_after=None
[2026-05-09T19:23:43.254+0000] {processor.py:183} INFO - Processing /home/airflow/.local/lib/python3.12/site-packages/airflow/example_dags/example_bash_decorator.py took 0.077 seconds
[2026-05-09T19:24:13.625+0000] {processor.py:161} INFO - Started process (PID=3076) to work on /home/airflow/.local/lib/python3.12/site-packages/airflow/example_dags/example_bash_decorator.py
[2026-05-09T19:24:13.626+0000] {processor.py:830} INFO - Processing file /home/airflow/.local/lib/python3.12/site-packages/airflow/example_dags/example_bash_decorator.py for tasks to queue
[2026-05-09T19:24:13.628+0000] {logging_mixin.py:188} INFO - [2026-05-09T19:24:13.628+0000] {dagbag.py:545} INFO - Filling up the DagBag from /home/airflow/.local/lib/python3.12/site-packages/airflow/example_dags/example_bash_decorator.py
[2026-05-09T19:24:13.641+0000] {processor.py:840} INFO - DAG(s) 'example_bash_decorator' retrieved from /home/airflow/.local/lib/python3.12/site-packages/airflow/example_dags/example_bash_decorator.py
[2026-05-09T19:24:13.660+0000] {logging_mixin.py:188} INFO - [2026-05-09T19:24:13.660+0000] {dag.py:3096} INFO - Sync 1 DAGs
[2026-05-09T19:24:13.672+0000] {logging_mixin.py:188} INFO - [2026-05-09T19:24:13.671+0000] {dag.py:3954} INFO - Setting next_dagrun for example_bash_decorator to None, run_after=None
[2026-05-09T19:24:13.691+0000] {processor.py:183} INFO - Processing /home/airflow/.local/lib/python3.12/site-packages/airflow/example_dags/example_bash_decorator.py took 0.071 seconds
[2026-05-09T19:24:44.574+0000] {processor.py:161} INFO - Started process (PID=3136) to work on /home/airflow/.local/lib/python3.12/site-packages/airflow/example_dags/example_bash_decorator.py
[2026-05-09T19:24:44.576+0000] {processor.py:830} INFO - Processing file /home/airflow/.local/lib/python3.12/site-packages/airflow/example_dags/example_bash_decorator.py for tasks to queue
[2026-05-09T19:24:44.579+0000] {logging_mixin.py:188} INFO - [2026-05-09T19:24:44.578+0000] {dagbag.py:545} INFO - Filling up the DagBag from /home/airflow/.local/lib/python3.12/site-packages/airflow/example_dags/example_bash_decorator.py
[2026-05-09T19:24:44.591+0000] {processor.py:840} INFO - DAG(s) 'example_bash_decorator' retrieved from /home/airflow/.local/lib/python3.12/site-packages/airflow/example_dags/example_bash_decorator.py
[2026-05-09T19:24:44.611+0000] {logging_mixin.py:188} INFO - [2026-05-09T19:24:44.611+0000] {dag.py:3096} INFO - Sync 1 DAGs
[2026-05-09T19:24:44.624+0000] {logging_mixin.py:188} INFO - [2026-05-09T19:24:44.624+0000] {dag.py:3954} INFO - Setting next_dagrun for example_bash_decorator to None, run_after=None
[2026-05-09T19:24:44.641+0000] {processor.py:183} INFO - Processing /home/airflow/.local/lib/python3.12/site-packages/airflow/example_dags/example_bash_decorator.py took 0.073 seconds
[2026-05-09T19:25:15.335+0000] {processor.py:161} INFO - Started process (PID=3196) to work on /home/airflow/.local/lib/python3.12/site-packages/airflow/example_dags/example_bash_decorator.py
[2026-05-09T19:25:15.337+0000] {processor.py:830} INFO - Processing file /home/airflow/.local/lib/python3.12/site-packages/airflow/example_dags/example_bash_decorator.py for tasks to queue
[2026-05-09T19:25:15.339+0000] {logging_mixin.py:188} INFO - [2026-05-09T19:25:15.339+0000] {dagbag.py:545} INFO - Filling up the DagBag from /home/airflow/.local/lib/python3.12/site-packages/airflow/example_dags/example_bash_decorator.py
[2026-05-09T19:25:15.351+0000] {processor.py:840} INFO - DAG(s) 'example_bash_decorator' retrieved from /home/airflow/.local/lib/python3.12/site-packages/airflow/example_dags/example_bash_decorator.py
[2026-05-09T19:25:15.370+0000] {logging_mixin.py:188} INFO - [2026-05-09T19:25:15.370+0000] {dag.py:3096} INFO - Sync 1 DAGs
[2026-05-09T19:25:15.380+0000] {logging_mixin.py:188} INFO - [2026-05-09T19:25:15.380+0000] {dag.py:3954} INFO - Setting next_dagrun for example_bash_decorator to None, run_after=None
[2026-05-09T19:25:15.399+0000] {processor.py:183} INFO - Processing /home/airflow/.local/lib/python3.12/site-packages/airflow/example_dags/example_bash_decorator.py took 0.069 seconds
[2026-05-09T19:25:45.942+0000] {processor.py:161} INFO - Started process (PID=3256) to work on /home/airflow/.local/lib/python3.12/site-packages/airflow/example_dags/example_bash_decorator.py
[2026-05-09T19:25:45.945+0000] {processor.py:830} INFO - Processing file /home/airflow/.local/lib/python3.12/site-packages/airflow/example_dags/example_bash_decorator.py for tasks to queue
[2026-05-09T19:25:45.948+0000] {logging_mixin.py:188} INFO - [2026-05-09T19:25:45.947+0000] {dagbag.py:545} INFO - Filling up the DagBag from /home/airflow/.local/lib/python3.12/site-packages/airflow/example_dags/example_bash_decorator.py
[2026-05-09T19:25:45.963+0000] {processor.py:840} INFO - DAG(s) 'example_bash_decorator' retrieved from /home/airflow/.local/lib/python3.12/site-packages/airflow/example_dags/example_bash_decorator.py
[2026-05-09T19:25:45.986+0000] {logging_mixin.py:188} INFO - [2026-05-09T19:25:45.986+0000] {dag.py:3096} INFO - Sync 1 DAGs
[2026-05-09T19:25:45.998+0000] {logging_mixin.py:188} INFO - [2026-05-09T19:25:45.998+0000] {dag.py:3954} INFO - Setting next_dagrun for example_bash_decorator to None, run_after=None
[2026-05-09T19:25:46.018+0000] {processor.py:183} INFO - Processing /home/airflow/.local/lib/python3.12/site-packages/airflow/example_dags/example_bash_decorator.py took 0.082 seconds
[2026-05-09T19:26:16.563+0000] {processor.py:161} INFO - Started process (PID=3322) to work on /home/airflow/.local/lib/python3.12/site-packages/airflow/example_dags/example_bash_decorator.py
[2026-05-09T19:26:16.564+0000] {processor.py:830} INFO - Processing file /home/airflow/.local/lib/python3.12/site-packages/airflow/example_dags/example_bash_decorator.py for tasks to queue
[2026-05-09T19:26:16.567+0000] {logging_mixin.py:188} INFO - [2026-05-09T19:26:16.566+0000] {dagbag.py:545} INFO - Filling up the DagBag from /home/airflow/.local/lib/python3.12/site-packages/airflow/example_dags/example_bash_decorator.py
[2026-05-09T19:26:16.578+0000] {processor.py:840} INFO - DAG(s) 'example_bash_decorator' retrieved from /home/airflow/.local/lib/python3.12/site-packages/airflow/example_dags/example_bash_decorator.py
[2026-05-09T19:26:16.598+0000] {logging_mixin.py:188} INFO - [2026-05-09T19:26:16.598+0000] {dag.py:3096} INFO - Sync 1 DAGs
[2026-05-09T19:26:16.609+0000] {logging_mixin.py:188} INFO - [2026-05-09T19:26:16.608+0000] {dag.py:3954} INFO - Setting next_dagrun for example_bash_decorator to None, run_after=None
[2026-05-09T19:26:16.627+0000] {processor.py:183} INFO - Processing /home/airflow/.local/lib/python3.12/site-packages/airflow/example_dags/example_bash_decorator.py took 0.070 seconds
[2026-05-09T19:26:46.724+0000] {processor.py:161} INFO - Started process (PID=3382) to work on /home/airflow/.local/lib/python3.12/site-packages/airflow/example_dags/example_bash_decorator.py
[2026-05-09T19:26:46.725+0000] {processor.py:830} INFO - Processing file /home/airflow/.local/lib/python3.12/site-packages/airflow/example_dags/example_bash_decorator.py for tasks to queue
[2026-05-09T19:26:46.727+0000] {logging_mixin.py:188} INFO - [2026-05-09T19:26:46.727+0000] {dagbag.py:545} INFO - Filling up the DagBag from /home/airflow/.local/lib/python3.12/site-packages/airflow/example_dags/example_bash_decorator.py
[2026-05-09T19:26:46.737+0000] {processor.py:840} INFO - DAG(s) 'example_bash_decorator' retrieved from /home/airflow/.local/lib/python3.12/site-packages/airflow/example_dags/example_bash_decorator.py
[2026-05-09T19:26:46.757+0000] {logging_mixin.py:188} INFO - [2026-05-09T19:26:46.756+0000] {dag.py:3096} INFO - Sync 1 DAGs
[2026-05-09T19:26:46.766+0000] {logging_mixin.py:188} INFO - [2026-05-09T19:26:46.766+0000] {dag.py:3954} INFO - Setting next_dagrun for example_bash_decorator to None, run_after=None
[2026-05-09T19:26:46.784+0000] {processor.py:183} INFO - Processing /home/airflow/.local/lib/python3.12/site-packages/airflow/example_dags/example_bash_decorator.py took 0.065 seconds
[2026-05-09T19:27:17.514+0000] {processor.py:161} INFO - Started process (PID=3442) to work on /home/airflow/.local/lib/python3.12/site-packages/airflow/example_dags/example_bash_decorator.py
[2026-05-09T19:27:17.515+0000] {processor.py:830} INFO - Processing file /home/airflow/.local/lib/python3.12/site-packages/airflow/example_dags/example_bash_decorator.py for tasks to queue
[2026-05-09T19:27:17.517+0000] {logging_mixin.py:188} INFO - [2026-05-09T19:27:17.517+0000] {dagbag.py:545} INFO - Filling up the DagBag from /home/airflow/.local/lib/python3.12/site-packages/airflow/example_dags/example_bash_decorator.py
[2026-05-09T19:27:17.528+0000] {processor.py:840} INFO - DAG(s) 'example_bash_decorator' retrieved from /home/airflow/.local/lib/python3.12/site-packages/airflow/example_dags/example_bash_decorator.py
[2026-05-09T19:27:17.549+0000] {logging_mixin.py:188} INFO - [2026-05-09T19:27:17.549+0000] {dag.py:3096} INFO - Sync 1 DAGs
[2026-05-09T19:27:17.559+0000] {logging_mixin.py:188} INFO - [2026-05-09T19:27:17.559+0000] {dag.py:3954} INFO - Setting next_dagrun for example_bash_decorator to None, run_after=None
[2026-05-09T19:27:17.574+0000] {processor.py:183} INFO - Processing /home/airflow/.local/lib/python3.12/site-packages/airflow/example_dags/example_bash_decorator.py took 0.066 seconds
[2026-05-09T19:27:47.915+0000] {processor.py:161} INFO - Started process (PID=3502) to work on /home/airflow/.local/lib/python3.12/site-packages/airflow/example_dags/example_bash_decorator.py
[2026-05-09T19:27:47.916+0000] {processor.py:830} INFO - Processing file /home/airflow/.local/lib/python3.12/site-packages/airflow/example_dags/example_bash_decorator.py for tasks to queue
[2026-05-09T19:27:47.918+0000] {logging_mixin.py:188} INFO - [2026-05-09T19:27:47.918+0000] {dagbag.py:545} INFO - Filling up the DagBag from /home/airflow/.local/lib/python3.12/site-packages/airflow/example_dags/example_bash_decorator.py
[2026-05-09T19:27:47.934+0000] {processor.py:840} INFO - DAG(s) 'example_bash_decorator' retrieved from /home/airflow/.local/lib/python3.12/site-packages/airflow/example_dags/example_bash_decorator.py
[2026-05-09T19:27:47.959+0000] {logging_mixin.py:188} INFO - [2026-05-09T19:27:47.959+0000] {dag.py:3096} INFO - Sync 1 DAGs
[2026-05-09T19:27:47.977+0000] {logging_mixin.py:188} INFO - [2026-05-09T19:27:47.977+0000] {dag.py:3954} INFO - Setting next_dagrun for example_bash_decorator to None, run_after=None
[2026-05-09T19:27:47.998+0000] {processor.py:183} INFO - Processing /home/airflow/.local/lib/python3.12/site-packages/airflow/example_dags/example_bash_decorator.py took 0.091 seconds
[2026-05-09T19:28:18.567+0000] {processor.py:161} INFO - Started process (PID=3562) to work on /home/airflow/.local/lib/python3.12/site-packages/airflow/example_dags/example_bash_decorator.py
[2026-05-09T19:28:18.568+0000] {processor.py:830} INFO - Processing file /home/airflow/.local/lib/python3.12/site-packages/airflow/example_dags/example_bash_decorator.py for tasks to queue
[2026-05-09T19:28:18.573+0000] {logging_mixin.py:188} INFO - [2026-05-09T19:28:18.572+0000] {dagbag.py:545} INFO - Filling up the DagBag from /home/airflow/.local/lib/python3.12/site-packages/airflow/example_dags/example_bash_decorator.py
[2026-05-09T19:28:18.590+0000] {processor.py:840} INFO - DAG(s) 'example_bash_decorator' retrieved from /home/airflow/.local/lib/python3.12/site-packages/airflow/example_dags/example_bash_decorator.py
[2026-05-09T19:28:18.611+0000] {logging_mixin.py:188} INFO - [2026-05-09T19:28:18.611+0000] {dag.py:3096} INFO - Sync 1 DAGs
[2026-05-09T19:28:18.623+0000] {logging_mixin.py:188} INFO - [2026-05-09T19:28:18.623+0000] {dag.py:3954} INFO - Setting next_dagrun for example_bash_decorator to None, run_after=None
[2026-05-09T19:28:18.643+0000] {processor.py:183} INFO - Processing /home/airflow/.local/lib/python3.12/site-packages/airflow/example_dags/example_bash_decorator.py took 0.082 seconds
[2026-05-09T19:28:48.915+0000] {processor.py:161} INFO - Started process (PID=3622) to work on /home/airflow/.local/lib/python3.12/site-packages/airflow/example_dags/example_bash_decorator.py
[2026-05-09T19:28:48.918+0000] {processor.py:830} INFO - Processing file /home/airflow/.local/lib/python3.12/site-packages/airflow/example_dags/example_bash_decorator.py for tasks to queue
[2026-05-09T19:28:48.921+0000] {logging_mixin.py:188} INFO - [2026-05-09T19:28:48.920+0000] {dagbag.py:545} INFO - Filling up the DagBag from /home/airflow/.local/lib/python3.12/site-packages/airflow/example_dags/example_bash_decorator.py
[2026-05-09T19:28:48.932+0000] {processor.py:840} INFO - DAG(s) 'example_bash_decorator' retrieved from /home/airflow/.local/lib/python3.12/site-packages/airflow/example_dags/example_bash_decorator.py
[2026-05-09T19:28:48.953+0000] {logging_mixin.py:188} INFO - [2026-05-09T19:28:48.953+0000] {dag.py:3096} INFO - Sync 1 DAGs
[2026-05-09T19:28:48.965+0000] {logging_mixin.py:188} INFO - [2026-05-09T19:28:48.965+0000] {dag.py:3954} INFO - Setting next_dagrun for example_bash_decorator to None, run_after=None
[2026-05-09T19:28:48.984+0000] {processor.py:183} INFO - Processing /home/airflow/.local/lib/python3.12/site-packages/airflow/example_dags/example_bash_decorator.py took 0.074 seconds
[2026-05-09T19:29:19.297+0000] {processor.py:161} INFO - Started process (PID=3682) to work on /home/airflow/.local/lib/python3.12/site-packages/airflow/example_dags/example_bash_decorator.py
[2026-05-09T19:29:19.298+0000] {processor.py:830} INFO - Processing file /home/airflow/.local/lib/python3.12/site-packages/airflow/example_dags/example_bash_decorator.py for tasks to queue
[2026-05-09T19:29:19.301+0000] {logging_mixin.py:188} INFO - [2026-05-09T19:29:19.300+0000] {dagbag.py:545} INFO - Filling up the DagBag from /home/airflow/.local/lib/python3.12/site-packages/airflow/example_dags/example_bash_decorator.py
[2026-05-09T19:29:19.315+0000] {processor.py:840} INFO - DAG(s) 'example_bash_decorator' retrieved from /home/airflow/.local/lib/python3.12/site-packages/airflow/example_dags/example_bash_decorator.py
[2026-05-09T19:29:19.337+0000] {logging_mixin.py:188} INFO - [2026-05-09T19:29:19.337+0000] {dag.py:3096} INFO - Sync 1 DAGs
[2026-05-09T19:29:19.349+0000] {logging_mixin.py:188} INFO - [2026-05-09T19:29:19.348+0000] {dag.py:3954} INFO - Setting next_dagrun for example_bash_decorator to None, run_after=None
[2026-05-09T19:29:19.368+0000] {processor.py:183} INFO - Processing /home/airflow/.local/lib/python3.12/site-packages/airflow/example_dags/example_bash_decorator.py took 0.077 seconds
[2026-05-09T19:29:49.698+0000] {processor.py:161} INFO - Started process (PID=3742) to work on /home/airflow/.local/lib/python3.12/site-packages/airflow/example_dags/example_bash_decorator.py
[2026-05-09T19:29:49.699+0000] {processor.py:830} INFO - Processing file /home/airflow/.local/lib/python3.12/site-packages/airflow/example_dags/example_bash_decorator.py for tasks to queue
[2026-05-09T19:29:49.702+0000] {logging_mixin.py:188} INFO - [2026-05-09T19:29:49.701+0000] {dagbag.py:545} INFO - Filling up the DagBag from /home/airflow/.local/lib/python3.12/site-packages/airflow/example_dags/example_bash_decorator.py
[2026-05-09T19:29:49.717+0000] {processor.py:840} INFO - DAG(s) 'example_bash_decorator' retrieved from /home/airflow/.local/lib/python3.12/site-packages/airflow/example_dags/example_bash_decorator.py
[2026-05-09T19:29:49.739+0000] {logging_mixin.py:188} INFO - [2026-05-09T19:29:49.739+0000] {dag.py:3096} INFO - Sync 1 DAGs
[2026-05-09T19:29:49.749+0000] {logging_mixin.py:188} INFO - [2026-05-09T19:29:49.749+0000] {dag.py:3954} INFO - Setting next_dagrun for example_bash_decorator to None, run_after=None
[2026-05-09T19:29:49.766+0000] {processor.py:183} INFO - Processing /home/airflow/.local/lib/python3.12/site-packages/airflow/example_dags/example_bash_decorator.py took 0.074 seconds
[2026-05-09T19:30:20.223+0000] {processor.py:161} INFO - Started process (PID=3802) to work on /home/airflow/.local/lib/python3.12/site-packages/airflow/example_dags/example_bash_decorator.py
[2026-05-09T19:30:20.225+0000] {processor.py:830} INFO - Processing file /home/airflow/.local/lib/python3.12/site-packages/airflow/example_dags/example_bash_decorator.py for tasks to queue
[2026-05-09T19:30:20.227+0000] {logging_mixin.py:188} INFO - [2026-05-09T19:30:20.227+0000] {dagbag.py:545} INFO - Filling up the DagBag from /home/airflow/.local/lib/python3.12/site-packages/airflow/example_dags/example_bash_decorator.py
[2026-05-09T19:30:20.238+0000] {processor.py:840} INFO - DAG(s) 'example_bash_decorator' retrieved from /home/airflow/.local/lib/python3.12/site-packages/airflow/example_dags/example_bash_decorator.py
[2026-05-09T19:30:20.257+0000] {logging_mixin.py:188} INFO - [2026-05-09T19:30:20.257+0000] {dag.py:3096} INFO - Sync 1 DAGs
[2026-05-09T19:30:20.268+0000] {logging_mixin.py:188} INFO - [2026-05-09T19:30:20.268+0000] {dag.py:3954} INFO - Setting next_dagrun for example_bash_decorator to None, run_after=None
[2026-05-09T19:30:20.285+0000] {processor.py:183} INFO - Processing /home/airflow/.local/lib/python3.12/site-packages/airflow/example_dags/example_bash_decorator.py took 0.066 seconds
[2026-05-09T19:30:50.550+0000] {processor.py:161} INFO - Started process (PID=3862) to work on /home/airflow/.local/lib/python3.12/site-packages/airflow/example_dags/example_bash_decorator.py
[2026-05-09T19:30:50.551+0000] {processor.py:830} INFO - Processing file /home/airflow/.local/lib/python3.12/site-packages/airflow/example_dags/example_bash_decorator.py for tasks to queue
[2026-05-09T19:30:50.553+0000] {logging_mixin.py:188} INFO - [2026-05-09T19:30:50.553+0000] {dagbag.py:545} INFO - Filling up the DagBag from /home/airflow/.local/lib/python3.12/site-packages/airflow/example_dags/example_bash_decorator.py
[2026-05-09T19:30:50.564+0000] {processor.py:840} INFO - DAG(s) 'example_bash_decorator' retrieved from /home/airflow/.local/lib/python3.12/site-packages/airflow/example_dags/example_bash_decorator.py
[2026-05-09T19:30:50.583+0000] {logging_mixin.py:188} INFO - [2026-05-09T19:30:50.583+0000] {dag.py:3096} INFO - Sync 1 DAGs
[2026-05-09T19:30:50.593+0000] {logging_mixin.py:188} INFO - [2026-05-09T19:30:50.592+0000] {dag.py:3954} INFO - Setting next_dagrun for example_bash_decorator to None, run_after=None
[2026-05-09T19:30:50.609+0000] {processor.py:183} INFO - Processing /home/airflow/.local/lib/python3.12/site-packages/airflow/example_dags/example_bash_decorator.py took 0.064 seconds
[2026-05-09T19:31:21.218+0000] {processor.py:161} INFO - Started process (PID=3922) to work on /home/airflow/.local/lib/python3.12/site-packages/airflow/example_dags/example_bash_decorator.py
[2026-05-09T19:31:21.219+0000] {processor.py:830} INFO - Processing file /home/airflow/.local/lib/python3.12/site-packages/airflow/example_dags/example_bash_decorator.py for tasks to queue
[2026-05-09T19:31:21.222+0000] {logging_mixin.py:188} INFO - [2026-05-09T19:31:21.221+0000] {dagbag.py:545} INFO - Filling up the DagBag from /home/airflow/.local/lib/python3.12/site-packages/airflow/example_dags/example_bash_decorator.py
[2026-05-09T19:31:21.233+0000] {processor.py:840} INFO - DAG(s) 'example_bash_decorator' retrieved from /home/airflow/.local/lib/python3.12/site-packages/airflow/example_dags/example_bash_decorator.py
[2026-05-09T19:31:21.252+0000] {logging_mixin.py:188} INFO - [2026-05-09T19:31:21.251+0000] {dag.py:3096} INFO - Sync 1 DAGs
[2026-05-09T19:31:21.262+0000] {logging_mixin.py:188} INFO - [2026-05-09T19:31:21.262+0000] {dag.py:3954} INFO - Setting next_dagrun for example_bash_decorator to None, run_after=None
[2026-05-09T19:31:21.282+0000] {processor.py:183} INFO - Processing /home/airflow/.local/lib/python3.12/site-packages/airflow/example_dags/example_bash_decorator.py took 0.071 seconds
[2026-05-09T19:31:51.641+0000] {processor.py:161} INFO - Started process (PID=3983) to work on /home/airflow/.local/lib/python3.12/site-packages/airflow/example_dags/example_bash_decorator.py
[2026-05-09T19:31:51.642+0000] {processor.py:830} INFO - Processing file /home/airflow/.local/lib/python3.12/site-packages/airflow/example_dags/example_bash_decorator.py for tasks to queue
[2026-05-09T19:31:51.645+0000] {logging_mixin.py:188} INFO - [2026-05-09T19:31:51.645+0000] {dagbag.py:545} INFO - Filling up the DagBag from /home/airflow/.local/lib/python3.12/site-packages/airflow/example_dags/example_bash_decorator.py
[2026-05-09T19:31:51.656+0000] {processor.py:840} INFO - DAG(s) 'example_bash_decorator' retrieved from /home/airflow/.local/lib/python3.12/site-packages/airflow/example_dags/example_bash_decorator.py
[2026-05-09T19:31:51.673+0000] {logging_mixin.py:188} INFO - [2026-05-09T19:31:51.673+0000] {dag.py:3096} INFO - Sync 1 DAGs
[2026-05-09T19:31:51.683+0000] {logging_mixin.py:188} INFO - [2026-05-09T19:31:51.683+0000] {dag.py:3954} INFO - Setting next_dagrun for example_bash_decorator to None, run_after=None
[2026-05-09T19:31:51.699+0000] {processor.py:183} INFO - Processing /home/airflow/.local/lib/python3.12/site-packages/airflow/example_dags/example_bash_decorator.py took 0.063 seconds
[2026-05-09T19:32:22.178+0000] {processor.py:161} INFO - Started process (PID=4043) to work on /home/airflow/.local/lib/python3.12/site-packages/airflow/example_dags/example_bash_decorator.py
[2026-05-09T19:32:22.179+0000] {processor.py:830} INFO - Processing file /home/airflow/.local/lib/python3.12/site-packages/airflow/example_dags/example_bash_decorator.py for tasks to queue
[2026-05-09T19:32:22.181+0000] {logging_mixin.py:188} INFO - [2026-05-09T19:32:22.181+0000] {dagbag.py:545} INFO - Filling up the DagBag from /home/airflow/.local/lib/python3.12/site-packages/airflow/example_dags/example_bash_decorator.py
[2026-05-09T19:32:22.193+0000] {processor.py:840} INFO - DAG(s) 'example_bash_decorator' retrieved from /home/airflow/.local/lib/python3.12/site-packages/airflow/example_dags/example_bash_decorator.py
[2026-05-09T19:32:22.213+0000] {logging_mixin.py:188} INFO - [2026-05-09T19:32:22.212+0000] {dag.py:3096} INFO - Sync 1 DAGs
[2026-05-09T19:32:22.223+0000] {logging_mixin.py:188} INFO - [2026-05-09T19:32:22.223+0000] {dag.py:3954} INFO - Setting next_dagrun for example_bash_decorator to None, run_after=None
[2026-05-09T19:32:22.239+0000] {processor.py:183} INFO - Processing /home/airflow/.local/lib/python3.12/site-packages/airflow/example_dags/example_bash_decorator.py took 0.066 seconds
[2026-05-09T19:32:52.475+0000] {processor.py:161} INFO - Started process (PID=4103) to work on /home/airflow/.local/lib/python3.12/site-packages/airflow/example_dags/example_bash_decorator.py
[2026-05-09T19:32:52.476+0000] {processor.py:830} INFO - Processing file /home/airflow/.local/lib/python3.12/site-packages/airflow/example_dags/example_bash_decorator.py for tasks to queue
[2026-05-09T19:32:52.478+0000] {logging_mixin.py:188} INFO - [2026-05-09T19:32:52.478+0000] {dagbag.py:545} INFO - Filling up the DagBag from /home/airflow/.local/lib/python3.12/site-packages/airflow/example_dags/example_bash_decorator.py
[2026-05-09T19:32:52.490+0000] {processor.py:840} INFO - DAG(s) 'example_bash_decorator' retrieved from /home/airflow/.local/lib/python3.12/site-packages/airflow/example_dags/example_bash_decorator.py
[2026-05-09T19:32:52.512+0000] {logging_mixin.py:188} INFO - [2026-05-09T19:32:52.511+0000] {dag.py:3096} INFO - Sync 1 DAGs
[2026-05-09T19:32:52.525+0000] {logging_mixin.py:188} INFO - [2026-05-09T19:32:52.524+0000] {dag.py:3954} INFO - Setting next_dagrun for example_bash_decorator to None, run_after=None
[2026-05-09T19:32:52.542+0000] {processor.py:183} INFO - Processing /home/airflow/.local/lib/python3.12/site-packages/airflow/example_dags/example_bash_decorator.py took 0.072 seconds
[2026-05-09T19:33:22.988+0000] {processor.py:161} INFO - Started process (PID=4163) to work on /home/airflow/.local/lib/python3.12/site-packages/airflow/example_dags/example_bash_decorator.py
[2026-05-09T19:33:22.989+0000] {processor.py:830} INFO - Processing file /home/airflow/.local/lib/python3.12/site-packages/airflow/example_dags/example_bash_decorator.py for tasks to queue
[2026-05-09T19:33:22.991+0000] {logging_mixin.py:188} INFO - [2026-05-09T19:33:22.991+0000] {dagbag.py:545} INFO - Filling up the DagBag from /home/airflow/.local/lib/python3.12/site-packages/airflow/example_dags/example_bash_decorator.py
[2026-05-09T19:33:23.003+0000] {processor.py:840} INFO - DAG(s) 'example_bash_decorator' retrieved from /home/airflow/.local/lib/python3.12/site-packages/airflow/example_dags/example_bash_decorator.py
[2026-05-09T19:33:23.022+0000] {logging_mixin.py:188} INFO - [2026-05-09T19:33:23.022+0000] {dag.py:3096} INFO - Sync 1 DAGs
[2026-05-09T19:33:23.032+0000] {logging_mixin.py:188} INFO - [2026-05-09T19:33:23.032+0000] {dag.py:3954} INFO - Setting next_dagrun for example_bash_decorator to None, run_after=None
[2026-05-09T19:33:23.048+0000] {processor.py:183} INFO - Processing /home/airflow/.local/lib/python3.12/site-packages/airflow/example_dags/example_bash_decorator.py took 0.064 seconds
[2026-05-09T19:33:53.524+0000] {processor.py:161} INFO - Started process (PID=4223) to work on /home/airflow/.local/lib/python3.12/site-packages/airflow/example_dags/example_bash_decorator.py
[2026-05-09T19:33:53.525+0000] {processor.py:830} INFO - Processing file /home/airflow/.local/lib/python3.12/site-packages/airflow/example_dags/example_bash_decorator.py for tasks to queue
[2026-05-09T19:33:53.528+0000] {logging_mixin.py:188} INFO - [2026-05-09T19:33:53.527+0000] {dagbag.py:545} INFO - Filling up the DagBag from /home/airflow/.local/lib/python3.12/site-packages/airflow/example_dags/example_bash_decorator.py
[2026-05-09T19:33:53.538+0000] {processor.py:840} INFO - DAG(s) 'example_bash_decorator' retrieved from /home/airflow/.local/lib/python3.12/site-packages/airflow/example_dags/example_bash_decorator.py
[2026-05-09T19:33:53.557+0000] {logging_mixin.py:188} INFO - [2026-05-09T19:33:53.557+0000] {dag.py:3096} INFO - Sync 1 DAGs
[2026-05-09T19:33:53.567+0000] {logging_mixin.py:188} INFO - [2026-05-09T19:33:53.567+0000] {dag.py:3954} INFO - Setting next_dagrun for example_bash_decorator to None, run_after=None
[2026-05-09T19:33:53.586+0000] {processor.py:183} INFO - Processing /home/airflow/.local/lib/python3.12/site-packages/airflow/example_dags/example_bash_decorator.py took 0.067 seconds
[2026-05-09T19:34:24.019+0000] {processor.py:161} INFO - Started process (PID=4283) to work on /home/airflow/.local/lib/python3.12/site-packages/airflow/example_dags/example_bash_decorator.py
[2026-05-09T19:34:24.021+0000] {processor.py:830} INFO - Processing file /home/airflow/.local/lib/python3.12/site-packages/airflow/example_dags/example_bash_decorator.py for tasks to queue
[2026-05-09T19:34:24.024+0000] {logging_mixin.py:188} INFO - [2026-05-09T19:34:24.023+0000] {dagbag.py:545} INFO - Filling up the DagBag from /home/airflow/.local/lib/python3.12/site-packages/airflow/example_dags/example_bash_decorator.py
[2026-05-09T19:34:24.035+0000] {processor.py:840} INFO - DAG(s) 'example_bash_decorator' retrieved from /home/airflow/.local/lib/python3.12/site-packages/airflow/example_dags/example_bash_decorator.py
[2026-05-09T19:34:24.055+0000] {logging_mixin.py:188} INFO - [2026-05-09T19:34:24.055+0000] {dag.py:3096} INFO - Sync 1 DAGs
[2026-05-09T19:34:24.068+0000] {logging_mixin.py:188} INFO - [2026-05-09T19:34:24.068+0000] {dag.py:3954} INFO - Setting next_dagrun for example_bash_decorator to None, run_after=None
[2026-05-09T19:34:24.088+0000] {processor.py:183} INFO - Processing /home/airflow/.local/lib/python3.12/site-packages/airflow/example_dags/example_bash_decorator.py took 0.074 seconds
[2026-05-09T19:34:54.318+0000] {processor.py:161} INFO - Started process (PID=4343) to work on /home/airflow/.local/lib/python3.12/site-packages/airflow/example_dags/example_bash_decorator.py
[2026-05-09T19:34:54.321+0000] {processor.py:830} INFO - Processing file /home/airflow/.local/lib/python3.12/site-packages/airflow/example_dags/example_bash_decorator.py for tasks to queue
[2026-05-09T19:34:54.323+0000] {logging_mixin.py:188} INFO - [2026-05-09T19:34:54.322+0000] {dagbag.py:545} INFO - Filling up the DagBag from /home/airflow/.local/lib/python3.12/site-packages/airflow/example_dags/example_bash_decorator.py
[2026-05-09T19:34:54.334+0000] {processor.py:840} INFO - DAG(s) 'example_bash_decorator' retrieved from /home/airflow/.local/lib/python3.12/site-packages/airflow/example_dags/example_bash_decorator.py
[2026-05-09T19:34:54.353+0000] {logging_mixin.py:188} INFO - [2026-05-09T19:34:54.353+0000] {dag.py:3096} INFO - Sync 1 DAGs
[2026-05-09T19:34:54.364+0000] {logging_mixin.py:188} INFO - [2026-05-09T19:34:54.364+0000] {dag.py:3954} INFO - Setting next_dagrun for example_bash_decorator to None, run_after=None
[2026-05-09T19:34:54.381+0000] {processor.py:183} INFO - Processing /home/airflow/.local/lib/python3.12/site-packages/airflow/example_dags/example_bash_decorator.py took 0.068 seconds
[2026-05-09T19:35:24.597+0000] {processor.py:161} INFO - Started process (PID=4403) to work on /home/airflow/.local/lib/python3.12/site-packages/airflow/example_dags/example_bash_decorator.py
[2026-05-09T19:35:24.598+0000] {processor.py:830} INFO - Processing file /home/airflow/.local/lib/python3.12/site-packages/airflow/example_dags/example_bash_decorator.py for tasks to queue
[2026-05-09T19:35:24.602+0000] {logging_mixin.py:188} INFO - [2026-05-09T19:35:24.602+0000] {dagbag.py:545} INFO - Filling up the DagBag from /home/airflow/.local/lib/python3.12/site-packages/airflow/example_dags/example_bash_decorator.py
[2026-05-09T19:35:24.616+0000] {processor.py:840} INFO - DAG(s) 'example_bash_decorator' retrieved from /home/airflow/.local/lib/python3.12/site-packages/airflow/example_dags/example_bash_decorator.py
[2026-05-09T19:35:24.639+0000] {logging_mixin.py:188} INFO - [2026-05-09T19:35:24.639+0000] {dag.py:3096} INFO - Sync 1 DAGs
[2026-05-09T19:35:24.650+0000] {logging_mixin.py:188} INFO - [2026-05-09T19:35:24.649+0000] {dag.py:3954} INFO - Setting next_dagrun for example_bash_decorator to None, run_after=None
[2026-05-09T19:35:24.673+0000] {processor.py:183} INFO - Processing /home/airflow/.local/lib/python3.12/site-packages/airflow/example_dags/example_bash_decorator.py took 0.081 seconds
[2026-05-09T19:35:54.926+0000] {processor.py:161} INFO - Started process (PID=4463) to work on /home/airflow/.local/lib/python3.12/site-packages/airflow/example_dags/example_bash_decorator.py
[2026-05-09T19:35:54.928+0000] {processor.py:830} INFO - Processing file /home/airflow/.local/lib/python3.12/site-packages/airflow/example_dags/example_bash_decorator.py for tasks to queue
[2026-05-09T19:35:54.931+0000] {logging_mixin.py:188} INFO - [2026-05-09T19:35:54.930+0000] {dagbag.py:545} INFO - Filling up the DagBag from /home/airflow/.local/lib/python3.12/site-packages/airflow/example_dags/example_bash_decorator.py
[2026-05-09T19:35:54.947+0000] {processor.py:840} INFO - DAG(s) 'example_bash_decorator' retrieved from /home/airflow/.local/lib/python3.12/site-packages/airflow/example_dags/example_bash_decorator.py
[2026-05-09T19:35:54.975+0000] {logging_mixin.py:188} INFO - [2026-05-09T19:35:54.975+0000] {dag.py:3096} INFO - Sync 1 DAGs
[2026-05-09T19:35:54.989+0000] {logging_mixin.py:188} INFO - [2026-05-09T19:35:54.989+0000] {dag.py:3954} INFO - Setting next_dagrun for example_bash_decorator to None, run_after=None
[2026-05-09T19:35:55.008+0000] {processor.py:183} INFO - Processing /home/airflow/.local/lib/python3.12/site-packages/airflow/example_dags/example_bash_decorator.py took 0.087 seconds
[2026-05-09T19:36:25.346+0000] {processor.py:161} INFO - Started process (PID=4522) to work on /home/airflow/.local/lib/python3.12/site-packages/airflow/example_dags/example_bash_decorator.py
[2026-05-09T19:36:25.350+0000] {processor.py:830} INFO - Processing file /home/airflow/.local/lib/python3.12/site-packages/airflow/example_dags/example_bash_decorator.py for tasks to queue
[2026-05-09T19:36:25.355+0000] {logging_mixin.py:188} INFO - [2026-05-09T19:36:25.355+0000] {dagbag.py:545} INFO - Filling up the DagBag from /home/airflow/.local/lib/python3.12/site-packages/airflow/example_dags/example_bash_decorator.py
[2026-05-09T19:36:25.367+0000] {processor.py:840} INFO - DAG(s) 'example_bash_decorator' retrieved from /home/airflow/.local/lib/python3.12/site-packages/airflow/example_dags/example_bash_decorator.py
[2026-05-09T19:36:25.391+0000] {logging_mixin.py:188} INFO - [2026-05-09T19:36:25.390+0000] {dag.py:3096} INFO - Sync 1 DAGs
[2026-05-09T19:36:25.404+0000] {logging_mixin.py:188} INFO - [2026-05-09T19:36:25.404+0000] {dag.py:3954} INFO - Setting next_dagrun for example_bash_decorator to None, run_after=None
[2026-05-09T19:36:25.422+0000] {processor.py:183} INFO - Processing /home/airflow/.local/lib/python3.12/site-packages/airflow/example_dags/example_bash_decorator.py took 0.079 seconds
[2026-05-09T19:36:55.668+0000] {processor.py:161} INFO - Started process (PID=4582) to work on /home/airflow/.local/lib/python3.12/site-packages/airflow/example_dags/example_bash_decorator.py
[2026-05-09T19:36:55.670+0000] {processor.py:830} INFO - Processing file /home/airflow/.local/lib/python3.12/site-packages/airflow/example_dags/example_bash_decorator.py for tasks to queue
[2026-05-09T19:36:55.672+0000] {logging_mixin.py:188} INFO - [2026-05-09T19:36:55.672+0000] {dagbag.py:545} INFO - Filling up the DagBag from /home/airflow/.local/lib/python3.12/site-packages/airflow/example_dags/example_bash_decorator.py
[2026-05-09T19:36:55.683+0000] {processor.py:840} INFO - DAG(s) 'example_bash_decorator' retrieved from /home/airflow/.local/lib/python3.12/site-packages/airflow/example_dags/example_bash_decorator.py
[2026-05-09T19:36:55.703+0000] {logging_mixin.py:188} INFO - [2026-05-09T19:36:55.702+0000] {dag.py:3096} INFO - Sync 1 DAGs
[2026-05-09T19:36:55.715+0000] {logging_mixin.py:188} INFO - [2026-05-09T19:36:55.715+0000] {dag.py:3954} INFO - Setting next_dagrun for example_bash_decorator to None, run_after=None
[2026-05-09T19:36:55.731+0000] {processor.py:183} INFO - Processing /home/airflow/.local/lib/python3.12/site-packages/airflow/example_dags/example_bash_decorator.py took 0.068 seconds
[2026-05-09T19:37:26.189+0000] {processor.py:161} INFO - Started process (PID=4642) to work on /home/airflow/.local/lib/python3.12/site-packages/airflow/example_dags/example_bash_decorator.py
[2026-05-09T19:37:26.191+0000] {processor.py:830} INFO - Processing file /home/airflow/.local/lib/python3.12/site-packages/airflow/example_dags/example_bash_decorator.py for tasks to queue
[2026-05-09T19:37:26.193+0000] {logging_mixin.py:188} INFO - [2026-05-09T19:37:26.193+0000] {dagbag.py:545} INFO - Filling up the DagBag from /home/airflow/.local/lib/python3.12/site-packages/airflow/example_dags/example_bash_decorator.py
[2026-05-09T19:37:26.206+0000] {processor.py:840} INFO - DAG(s) 'example_bash_decorator' retrieved from /home/airflow/.local/lib/python3.12/site-packages/airflow/example_dags/example_bash_decorator.py
[2026-05-09T19:37:26.226+0000] {logging_mixin.py:188} INFO - [2026-05-09T19:37:26.226+0000] {dag.py:3096} INFO - Sync 1 DAGs
[2026-05-09T19:37:26.236+0000] {logging_mixin.py:188} INFO - [2026-05-09T19:37:26.235+0000] {dag.py:3954} INFO - Setting next_dagrun for example_bash_decorator to None, run_after=None
[2026-05-09T19:37:26.252+0000] {processor.py:183} INFO - Processing /home/airflow/.local/lib/python3.12/site-packages/airflow/example_dags/example_bash_decorator.py took 0.068 seconds
[2026-05-09T19:37:56.560+0000] {processor.py:161} INFO - Started process (PID=4702) to work on /home/airflow/.local/lib/python3.12/site-packages/airflow/example_dags/example_bash_decorator.py
[2026-05-09T19:37:56.561+0000] {processor.py:830} INFO - Processing file /home/airflow/.local/lib/python3.12/site-packages/airflow/example_dags/example_bash_decorator.py for tasks to queue
[2026-05-09T19:37:56.564+0000] {logging_mixin.py:188} INFO - [2026-05-09T19:37:56.563+0000] {dagbag.py:545} INFO - Filling up the DagBag from /home/airflow/.local/lib/python3.12/site-packages/airflow/example_dags/example_bash_decorator.py
[2026-05-09T19:37:56.575+0000] {processor.py:840} INFO - DAG(s) 'example_bash_decorator' retrieved from /home/airflow/.local/lib/python3.12/site-packages/airflow/example_dags/example_bash_decorator.py
[2026-05-09T19:37:56.596+0000] {logging_mixin.py:188} INFO - [2026-05-09T19:37:56.595+0000] {dag.py:3096} INFO - Sync 1 DAGs
[2026-05-09T19:37:56.607+0000] {logging_mixin.py:188} INFO - [2026-05-09T19:37:56.607+0000] {dag.py:3954} INFO - Setting next_dagrun for example_bash_decorator to None, run_after=None
[2026-05-09T19:37:56.626+0000] {processor.py:183} INFO - Processing /home/airflow/.local/lib/python3.12/site-packages/airflow/example_dags/example_bash_decorator.py took 0.072 seconds
[2026-05-09T19:38:27.156+0000] {processor.py:161} INFO - Started process (PID=4762) to work on /home/airflow/.local/lib/python3.12/site-packages/airflow/example_dags/example_bash_decorator.py
[2026-05-09T19:38:27.157+0000] {processor.py:830} INFO - Processing file /home/airflow/.local/lib/python3.12/site-packages/airflow/example_dags/example_bash_decorator.py for tasks to queue
[2026-05-09T19:38:27.159+0000] {logging_mixin.py:188} INFO - [2026-05-09T19:38:27.159+0000] {dagbag.py:545} INFO - Filling up the DagBag from /home/airflow/.local/lib/python3.12/site-packages/airflow/example_dags/example_bash_decorator.py
[2026-05-09T19:38:27.171+0000] {processor.py:840} INFO - DAG(s) 'example_bash_decorator' retrieved from /home/airflow/.local/lib/python3.12/site-packages/airflow/example_dags/example_bash_decorator.py
[2026-05-09T19:38:27.192+0000] {logging_mixin.py:188} INFO - [2026-05-09T19:38:27.192+0000] {dag.py:3096} INFO - Sync 1 DAGs
[2026-05-09T19:38:27.204+0000] {logging_mixin.py:188} INFO - [2026-05-09T19:38:27.204+0000] {dag.py:3954} INFO - Setting next_dagrun for example_bash_decorator to None, run_after=None
[2026-05-09T19:38:27.224+0000] {processor.py:183} INFO - Processing /home/airflow/.local/lib/python3.12/site-packages/airflow/example_dags/example_bash_decorator.py took 0.074 seconds
[2026-05-09T19:38:57.502+0000] {processor.py:161} INFO - Started process (PID=4822) to work on /home/airflow/.local/lib/python3.12/site-packages/airflow/example_dags/example_bash_decorator.py
[2026-05-09T19:38:57.504+0000] {processor.py:830} INFO - Processing file /home/airflow/.local/lib/python3.12/site-packages/airflow/example_dags/example_bash_decorator.py for tasks to queue
[2026-05-09T19:38:57.506+0000] {logging_mixin.py:188} INFO - [2026-05-09T19:38:57.506+0000] {dagbag.py:545} INFO - Filling up the DagBag from /home/airflow/.local/lib/python3.12/site-packages/airflow/example_dags/example_bash_decorator.py
[2026-05-09T19:38:57.520+0000] {processor.py:840} INFO - DAG(s) 'example_bash_decorator' retrieved from /home/airflow/.local/lib/python3.12/site-packages/airflow/example_dags/example_bash_decorator.py
[2026-05-09T19:38:57.544+0000] {logging_mixin.py:188} INFO - [2026-05-09T19:38:57.544+0000] {dag.py:3096} INFO - Sync 1 DAGs
[2026-05-09T19:38:57.559+0000] {logging_mixin.py:188} INFO - [2026-05-09T19:38:57.558+0000] {dag.py:3954} INFO - Setting next_dagrun for example_bash_decorator to None, run_after=None
[2026-05-09T19:38:57.583+0000] {processor.py:183} INFO - Processing /home/airflow/.local/lib/python3.12/site-packages/airflow/example_dags/example_bash_decorator.py took 0.086 seconds
[2026-05-09T19:39:27.771+0000] {processor.py:161} INFO - Started process (PID=4882) to work on /home/airflow/.local/lib/python3.12/site-packages/airflow/example_dags/example_bash_decorator.py
[2026-05-09T19:39:27.773+0000] {processor.py:830} INFO - Processing file /home/airflow/.local/lib/python3.12/site-packages/airflow/example_dags/example_bash_decorator.py for tasks to queue
[2026-05-09T19:39:27.775+0000] {logging_mixin.py:188} INFO - [2026-05-09T19:39:27.775+0000] {dagbag.py:545} INFO - Filling up the DagBag from /home/airflow/.local/lib/python3.12/site-packages/airflow/example_dags/example_bash_decorator.py
[2026-05-09T19:39:27.785+0000] {processor.py:840} INFO - DAG(s) 'example_bash_decorator' retrieved from /home/airflow/.local/lib/python3.12/site-packages/airflow/example_dags/example_bash_decorator.py
[2026-05-09T19:39:27.804+0000] {logging_mixin.py:188} INFO - [2026-05-09T19:39:27.804+0000] {dag.py:3096} INFO - Sync 1 DAGs
[2026-05-09T19:39:27.815+0000] {logging_mixin.py:188} INFO - [2026-05-09T19:39:27.815+0000] {dag.py:3954} INFO - Setting next_dagrun for example_bash_decorator to None, run_after=None
[2026-05-09T19:39:27.834+0000] {processor.py:183} INFO - Processing /home/airflow/.local/lib/python3.12/site-packages/airflow/example_dags/example_bash_decorator.py took 0.068 seconds
[2026-05-09T19:39:58.160+0000] {processor.py:161} INFO - Started process (PID=4942) to work on /home/airflow/.local/lib/python3.12/site-packages/airflow/example_dags/example_bash_decorator.py
[2026-05-09T19:39:58.162+0000] {processor.py:830} INFO - Processing file /home/airflow/.local/lib/python3.12/site-packages/airflow/example_dags/example_bash_decorator.py for tasks to queue
[2026-05-09T19:39:58.165+0000] {logging_mixin.py:188} INFO - [2026-05-09T19:39:58.165+0000] {dagbag.py:545} INFO - Filling up the DagBag from /home/airflow/.local/lib/python3.12/site-packages/airflow/example_dags/example_bash_decorator.py
[2026-05-09T19:39:58.177+0000] {processor.py:840} INFO - DAG(s) 'example_bash_decorator' retrieved from /home/airflow/.local/lib/python3.12/site-packages/airflow/example_dags/example_bash_decorator.py
[2026-05-09T19:39:58.197+0000] {logging_mixin.py:188} INFO - [2026-05-09T19:39:58.197+0000] {dag.py:3096} INFO - Sync 1 DAGs
[2026-05-09T19:39:58.207+0000] {logging_mixin.py:188} INFO - [2026-05-09T19:39:58.207+0000] {dag.py:3954} INFO - Setting next_dagrun for example_bash_decorator to None, run_after=None
[2026-05-09T19:39:58.225+0000] {processor.py:183} INFO - Processing /home/airflow/.local/lib/python3.12/site-packages/airflow/example_dags/example_bash_decorator.py took 0.071 seconds
[2026-05-09T19:40:28.617+0000] {processor.py:161} INFO - Started process (PID=5002) to work on /home/airflow/.local/lib/python3.12/site-packages/airflow/example_dags/example_bash_decorator.py
[2026-05-09T19:40:28.618+0000] {processor.py:830} INFO - Processing file /home/airflow/.local/lib/python3.12/site-packages/airflow/example_dags/example_bash_decorator.py for tasks to queue
[2026-05-09T19:40:28.620+0000] {logging_mixin.py:188} INFO - [2026-05-09T19:40:28.620+0000] {dagbag.py:545} INFO - Filling up the DagBag from /home/airflow/.local/lib/python3.12/site-packages/airflow/example_dags/example_bash_decorator.py
[2026-05-09T19:40:28.630+0000] {processor.py:840} INFO - DAG(s) 'example_bash_decorator' retrieved from /home/airflow/.local/lib/python3.12/site-packages/airflow/example_dags/example_bash_decorator.py
[2026-05-09T19:40:28.651+0000] {logging_mixin.py:188} INFO - [2026-05-09T19:40:28.650+0000] {dag.py:3096} INFO - Sync 1 DAGs
[2026-05-09T19:40:28.661+0000] {logging_mixin.py:188} INFO - [2026-05-09T19:40:28.661+0000] {dag.py:3954} INFO - Setting next_dagrun for example_bash_decorator to None, run_after=None
[2026-05-09T19:40:28.679+0000] {processor.py:183} INFO - Processing /home/airflow/.local/lib/python3.12/site-packages/airflow/example_dags/example_bash_decorator.py took 0.067 seconds
[2026-05-09T19:40:58.798+0000] {processor.py:161} INFO - Started process (PID=5060) to work on /home/airflow/.local/lib/python3.12/site-packages/airflow/example_dags/example_bash_decorator.py
[2026-05-09T19:40:58.800+0000] {processor.py:830} INFO - Processing file /home/airflow/.local/lib/python3.12/site-packages/airflow/example_dags/example_bash_decorator.py for tasks to queue
[2026-05-09T19:40:58.802+0000] {logging_mixin.py:188} INFO - [2026-05-09T19:40:58.801+0000] {dagbag.py:545} INFO - Filling up the DagBag from /home/airflow/.local/lib/python3.12/site-packages/airflow/example_dags/example_bash_decorator.py
[2026-05-09T19:40:58.813+0000] {processor.py:840} INFO - DAG(s) 'example_bash_decorator' retrieved from /home/airflow/.local/lib/python3.12/site-packages/airflow/example_dags/example_bash_decorator.py
[2026-05-09T19:40:58.833+0000] {logging_mixin.py:188} INFO - [2026-05-09T19:40:58.832+0000] {dag.py:3096} INFO - Sync 1 DAGs
[2026-05-09T19:40:58.843+0000] {logging_mixin.py:188} INFO - [2026-05-09T19:40:58.842+0000] {dag.py:3954} INFO - Setting next_dagrun for example_bash_decorator to None, run_after=None
[2026-05-09T19:40:58.859+0000] {processor.py:183} INFO - Processing /home/airflow/.local/lib/python3.12/site-packages/airflow/example_dags/example_bash_decorator.py took 0.066 seconds
[2026-05-09T19:41:29.213+0000] {processor.py:161} INFO - Started process (PID=5120) to work on /home/airflow/.local/lib/python3.12/site-packages/airflow/example_dags/example_bash_decorator.py
[2026-05-09T19:41:29.214+0000] {processor.py:830} INFO - Processing file /home/airflow/.local/lib/python3.12/site-packages/airflow/example_dags/example_bash_decorator.py for tasks to queue
[2026-05-09T19:41:29.216+0000] {logging_mixin.py:188} INFO - [2026-05-09T19:41:29.216+0000] {dagbag.py:545} INFO - Filling up the DagBag from /home/airflow/.local/lib/python3.12/site-packages/airflow/example_dags/example_bash_decorator.py
[2026-05-09T19:41:29.227+0000] {processor.py:840} INFO - DAG(s) 'example_bash_decorator' retrieved from /home/airflow/.local/lib/python3.12/site-packages/airflow/example_dags/example_bash_decorator.py
[2026-05-09T19:41:29.245+0000] {logging_mixin.py:188} INFO - [2026-05-09T19:41:29.245+0000] {dag.py:3096} INFO - Sync 1 DAGs
[2026-05-09T19:41:29.255+0000] {logging_mixin.py:188} INFO - [2026-05-09T19:41:29.255+0000] {dag.py:3954} INFO - Setting next_dagrun for example_bash_decorator to None, run_after=None
[2026-05-09T19:41:29.272+0000] {processor.py:183} INFO - Processing /home/airflow/.local/lib/python3.12/site-packages/airflow/example_dags/example_bash_decorator.py took 0.064 seconds
[2026-05-09T19:41:59.427+0000] {processor.py:161} INFO - Started process (PID=5180) to work on /home/airflow/.local/lib/python3.12/site-packages/airflow/example_dags/example_bash_decorator.py
[2026-05-09T19:41:59.428+0000] {processor.py:830} INFO - Processing file /home/airflow/.local/lib/python3.12/site-packages/airflow/example_dags/example_bash_decorator.py for tasks to queue
[2026-05-09T19:41:59.430+0000] {logging_mixin.py:188} INFO - [2026-05-09T19:41:59.429+0000] {dagbag.py:545} INFO - Filling up the DagBag from /home/airflow/.local/lib/python3.12/site-packages/airflow/example_dags/example_bash_decorator.py
[2026-05-09T19:41:59.440+0000] {processor.py:840} INFO - DAG(s) 'example_bash_decorator' retrieved from /home/airflow/.local/lib/python3.12/site-packages/airflow/example_dags/example_bash_decorator.py
[2026-05-09T19:41:59.459+0000] {logging_mixin.py:188} INFO - [2026-05-09T19:41:59.458+0000] {dag.py:3096} INFO - Sync 1 DAGs
[2026-05-09T19:41:59.468+0000] {logging_mixin.py:188} INFO - [2026-05-09T19:41:59.468+0000] {dag.py:3954} INFO - Setting next_dagrun for example_bash_decorator to None, run_after=None
[2026-05-09T19:41:59.484+0000] {processor.py:183} INFO - Processing /home/airflow/.local/lib/python3.12/site-packages/airflow/example_dags/example_bash_decorator.py took 0.062 seconds
[2026-05-09T19:42:29.714+0000] {processor.py:161} INFO - Started process (PID=5240) to work on /home/airflow/.local/lib/python3.12/site-packages/airflow/example_dags/example_bash_decorator.py
[2026-05-09T19:42:29.716+0000] {processor.py:830} INFO - Processing file /home/airflow/.local/lib/python3.12/site-packages/airflow/example_dags/example_bash_decorator.py for tasks to queue
[2026-05-09T19:42:29.718+0000] {logging_mixin.py:188} INFO - [2026-05-09T19:42:29.718+0000] {dagbag.py:545} INFO - Filling up the DagBag from /home/airflow/.local/lib/python3.12/site-packages/airflow/example_dags/example_bash_decorator.py
[2026-05-09T19:42:29.731+0000] {processor.py:840} INFO - DAG(s) 'example_bash_decorator' retrieved from /home/airflow/.local/lib/python3.12/site-packages/airflow/example_dags/example_bash_decorator.py
[2026-05-09T19:42:29.756+0000] {logging_mixin.py:188} INFO - [2026-05-09T19:42:29.756+0000] {dag.py:3096} INFO - Sync 1 DAGs
[2026-05-09T19:42:29.769+0000] {logging_mixin.py:188} INFO - [2026-05-09T19:42:29.768+0000] {dag.py:3954} INFO - Setting next_dagrun for example_bash_decorator to None, run_after=None
[2026-05-09T19:42:29.787+0000] {processor.py:183} INFO - Processing /home/airflow/.local/lib/python3.12/site-packages/airflow/example_dags/example_bash_decorator.py took 0.080 seconds
[2026-05-09T19:42:59.865+0000] {processor.py:161} INFO - Started process (PID=5300) to work on /home/airflow/.local/lib/python3.12/site-packages/airflow/example_dags/example_bash_decorator.py
[2026-05-09T19:42:59.866+0000] {processor.py:830} INFO - Processing file /home/airflow/.local/lib/python3.12/site-packages/airflow/example_dags/example_bash_decorator.py for tasks to queue
[2026-05-09T19:42:59.869+0000] {logging_mixin.py:188} INFO - [2026-05-09T19:42:59.868+0000] {dagbag.py:545} INFO - Filling up the DagBag from /home/airflow/.local/lib/python3.12/site-packages/airflow/example_dags/example_bash_decorator.py
[2026-05-09T19:42:59.880+0000] {processor.py:840} INFO - DAG(s) 'example_bash_decorator' retrieved from /home/airflow/.local/lib/python3.12/site-packages/airflow/example_dags/example_bash_decorator.py
[2026-05-09T19:42:59.899+0000] {logging_mixin.py:188} INFO - [2026-05-09T19:42:59.898+0000] {dag.py:3096} INFO - Sync 1 DAGs
[2026-05-09T19:42:59.910+0000] {logging_mixin.py:188} INFO - [2026-05-09T19:42:59.910+0000] {dag.py:3954} INFO - Setting next_dagrun for example_bash_decorator to None, run_after=None
[2026-05-09T19:42:59.926+0000] {processor.py:183} INFO - Processing /home/airflow/.local/lib/python3.12/site-packages/airflow/example_dags/example_bash_decorator.py took 0.067 seconds
[2026-05-09T19:43:30.051+0000] {processor.py:161} INFO - Started process (PID=5360) to work on /home/airflow/.local/lib/python3.12/site-packages/airflow/example_dags/example_bash_decorator.py
[2026-05-09T19:43:30.052+0000] {processor.py:830} INFO - Processing file /home/airflow/.local/lib/python3.12/site-packages/airflow/example_dags/example_bash_decorator.py for tasks to queue
[2026-05-09T19:43:30.055+0000] {logging_mixin.py:188} INFO - [2026-05-09T19:43:30.054+0000] {dagbag.py:545} INFO - Filling up the DagBag from /home/airflow/.local/lib/python3.12/site-packages/airflow/example_dags/example_bash_decorator.py
[2026-05-09T19:43:30.066+0000] {processor.py:840} INFO - DAG(s) 'example_bash_decorator' retrieved from /home/airflow/.local/lib/python3.12/site-packages/airflow/example_dags/example_bash_decorator.py
[2026-05-09T19:43:30.086+0000] {logging_mixin.py:188} INFO - [2026-05-09T19:43:30.086+0000] {dag.py:3096} INFO - Sync 1 DAGs
[2026-05-09T19:43:30.097+0000] {logging_mixin.py:188} INFO - [2026-05-09T19:43:30.096+0000] {dag.py:3954} INFO - Setting next_dagrun for example_bash_decorator to None, run_after=None
[2026-05-09T19:43:30.112+0000] {processor.py:183} INFO - Processing /home/airflow/.local/lib/python3.12/site-packages/airflow/example_dags/example_bash_decorator.py took 0.066 seconds
[2026-05-09T19:44:00.556+0000] {processor.py:161} INFO - Started process (PID=5420) to work on /home/airflow/.local/lib/python3.12/site-packages/airflow/example_dags/example_bash_decorator.py
[2026-05-09T19:44:00.558+0000] {processor.py:830} INFO - Processing file /home/airflow/.local/lib/python3.12/site-packages/airflow/example_dags/example_bash_decorator.py for tasks to queue
[2026-05-09T19:44:00.560+0000] {logging_mixin.py:188} INFO - [2026-05-09T19:44:00.560+0000] {dagbag.py:545} INFO - Filling up the DagBag from /home/airflow/.local/lib/python3.12/site-packages/airflow/example_dags/example_bash_decorator.py
[2026-05-09T19:44:00.571+0000] {processor.py:840} INFO - DAG(s) 'example_bash_decorator' retrieved from /home/airflow/.local/lib/python3.12/site-packages/airflow/example_dags/example_bash_decorator.py
[2026-05-09T19:44:00.595+0000] {logging_mixin.py:188} INFO - [2026-05-09T19:44:00.595+0000] {dag.py:3096} INFO - Sync 1 DAGs
[2026-05-09T19:44:00.607+0000] {logging_mixin.py:188} INFO - [2026-05-09T19:44:00.606+0000] {dag.py:3954} INFO - Setting next_dagrun for example_bash_decorator to None, run_after=None
[2026-05-09T19:44:00.626+0000] {processor.py:183} INFO - Processing /home/airflow/.local/lib/python3.12/site-packages/airflow/example_dags/example_bash_decorator.py took 0.076 seconds
[2026-05-09T19:44:31.222+0000] {processor.py:161} INFO - Started process (PID=5480) to work on /home/airflow/.local/lib/python3.12/site-packages/airflow/example_dags/example_bash_decorator.py
[2026-05-09T19:44:31.223+0000] {processor.py:830} INFO - Processing file /home/airflow/.local/lib/python3.12/site-packages/airflow/example_dags/example_bash_decorator.py for tasks to queue
[2026-05-09T19:44:31.226+0000] {logging_mixin.py:188} INFO - [2026-05-09T19:44:31.225+0000] {dagbag.py:545} INFO - Filling up the DagBag from /home/airflow/.local/lib/python3.12/site-packages/airflow/example_dags/example_bash_decorator.py
[2026-05-09T19:44:31.237+0000] {processor.py:840} INFO - DAG(s) 'example_bash_decorator' retrieved from /home/airflow/.local/lib/python3.12/site-packages/airflow/example_dags/example_bash_decorator.py
[2026-05-09T19:44:31.257+0000] {logging_mixin.py:188} INFO - [2026-05-09T19:44:31.257+0000] {dag.py:3096} INFO - Sync 1 DAGs
[2026-05-09T19:44:31.267+0000] {logging_mixin.py:188} INFO - [2026-05-09T19:44:31.267+0000] {dag.py:3954} INFO - Setting next_dagrun for example_bash_decorator to None, run_after=None
[2026-05-09T19:44:31.283+0000] {processor.py:183} INFO - Processing /home/airflow/.local/lib/python3.12/site-packages/airflow/example_dags/example_bash_decorator.py took 0.066 seconds
[2026-05-09T19:45:01.693+0000] {processor.py:161} INFO - Started process (PID=5540) to work on /home/airflow/.local/lib/python3.12/site-packages/airflow/example_dags/example_bash_decorator.py
[2026-05-09T19:45:01.695+0000] {processor.py:830} INFO - Processing file /home/airflow/.local/lib/python3.12/site-packages/airflow/example_dags/example_bash_decorator.py for tasks to queue
[2026-05-09T19:45:01.696+0000] {logging_mixin.py:188} INFO - [2026-05-09T19:45:01.696+0000] {dagbag.py:545} INFO - Filling up the DagBag from /home/airflow/.local/lib/python3.12/site-packages/airflow/example_dags/example_bash_decorator.py
[2026-05-09T19:45:01.710+0000] {processor.py:840} INFO - DAG(s) 'example_bash_decorator' retrieved from /home/airflow/.local/lib/python3.12/site-packages/airflow/example_dags/example_bash_decorator.py
[2026-05-09T19:45:01.731+0000] {logging_mixin.py:188} INFO - [2026-05-09T19:45:01.731+0000] {dag.py:3096} INFO - Sync 1 DAGs
[2026-05-09T19:45:01.741+0000] {logging_mixin.py:188} INFO - [2026-05-09T19:45:01.741+0000] {dag.py:3954} INFO - Setting next_dagrun for example_bash_decorator to None, run_after=None
[2026-05-09T19:45:01.758+0000] {processor.py:183} INFO - Processing /home/airflow/.local/lib/python3.12/site-packages/airflow/example_dags/example_bash_decorator.py took 0.071 seconds
[2026-05-09T19:45:32.067+0000] {processor.py:161} INFO - Started process (PID=5600) to work on /home/airflow/.local/lib/python3.12/site-packages/airflow/example_dags/example_bash_decorator.py
[2026-05-09T19:45:32.068+0000] {processor.py:830} INFO - Processing file /home/airflow/.local/lib/python3.12/site-packages/airflow/example_dags/example_bash_decorator.py for tasks to queue
[2026-05-09T19:45:32.069+0000] {logging_mixin.py:188} INFO - [2026-05-09T19:45:32.069+0000] {dagbag.py:545} INFO - Filling up the DagBag from /home/airflow/.local/lib/python3.12/site-packages/airflow/example_dags/example_bash_decorator.py
[2026-05-09T19:45:32.081+0000] {processor.py:840} INFO - DAG(s) 'example_bash_decorator' retrieved from /home/airflow/.local/lib/python3.12/site-packages/airflow/example_dags/example_bash_decorator.py
[2026-05-09T19:45:32.098+0000] {logging_mixin.py:188} INFO - [2026-05-09T19:45:32.098+0000] {dag.py:3096} INFO - Sync 1 DAGs
[2026-05-09T19:45:32.108+0000] {logging_mixin.py:188} INFO - [2026-05-09T19:45:32.108+0000] {dag.py:3954} INFO - Setting next_dagrun for example_bash_decorator to None, run_after=None
[2026-05-09T19:45:32.125+0000] {processor.py:183} INFO - Processing /home/airflow/.local/lib/python3.12/site-packages/airflow/example_dags/example_bash_decorator.py took 0.063 seconds
[2026-05-09T19:46:02.533+0000] {processor.py:161} INFO - Started process (PID=5660) to work on /home/airflow/.local/lib/python3.12/site-packages/airflow/example_dags/example_bash_decorator.py
[2026-05-09T19:46:02.534+0000] {processor.py:830} INFO - Processing file /home/airflow/.local/lib/python3.12/site-packages/airflow/example_dags/example_bash_decorator.py for tasks to queue
[2026-05-09T19:46:02.536+0000] {logging_mixin.py:188} INFO - [2026-05-09T19:46:02.536+0000] {dagbag.py:545} INFO - Filling up the DagBag from /home/airflow/.local/lib/python3.12/site-packages/airflow/example_dags/example_bash_decorator.py
[2026-05-09T19:46:02.552+0000] {processor.py:840} INFO - DAG(s) 'example_bash_decorator' retrieved from /home/airflow/.local/lib/python3.12/site-packages/airflow/example_dags/example_bash_decorator.py
[2026-05-09T19:46:02.598+0000] {logging_mixin.py:188} INFO - [2026-05-09T19:46:02.597+0000] {dag.py:3096} INFO - Sync 1 DAGs
[2026-05-09T19:46:02.612+0000] {logging_mixin.py:188} INFO - [2026-05-09T19:46:02.611+0000] {dag.py:3954} INFO - Setting next_dagrun for example_bash_decorator to None, run_after=None
[2026-05-09T19:46:02.635+0000] {processor.py:183} INFO - Processing /home/airflow/.local/lib/python3.12/site-packages/airflow/example_dags/example_bash_decorator.py took 0.108 seconds
[2026-05-09T19:46:32.760+0000] {processor.py:161} INFO - Started process (PID=5720) to work on /home/airflow/.local/lib/python3.12/site-packages/airflow/example_dags/example_bash_decorator.py
[2026-05-09T19:46:32.761+0000] {processor.py:830} INFO - Processing file /home/airflow/.local/lib/python3.12/site-packages/airflow/example_dags/example_bash_decorator.py for tasks to queue
[2026-05-09T19:46:32.764+0000] {logging_mixin.py:188} INFO - [2026-05-09T19:46:32.763+0000] {dagbag.py:545} INFO - Filling up the DagBag from /home/airflow/.local/lib/python3.12/site-packages/airflow/example_dags/example_bash_decorator.py
[2026-05-09T19:46:32.778+0000] {processor.py:840} INFO - DAG(s) 'example_bash_decorator' retrieved from /home/airflow/.local/lib/python3.12/site-packages/airflow/example_dags/example_bash_decorator.py
[2026-05-09T19:46:32.798+0000] {logging_mixin.py:188} INFO - [2026-05-09T19:46:32.797+0000] {dag.py:3096} INFO - Sync 1 DAGs
[2026-05-09T19:46:32.808+0000] {logging_mixin.py:188} INFO - [2026-05-09T19:46:32.808+0000] {dag.py:3954} INFO - Setting next_dagrun for example_bash_decorator to None, run_after=None
[2026-05-09T19:46:32.825+0000] {processor.py:183} INFO - Processing /home/airflow/.local/lib/python3.12/site-packages/airflow/example_dags/example_bash_decorator.py took 0.070 seconds
[2026-05-09T19:47:03.104+0000] {processor.py:161} INFO - Started process (PID=5780) to work on /home/airflow/.local/lib/python3.12/site-packages/airflow/example_dags/example_bash_decorator.py
[2026-05-09T19:47:03.105+0000] {processor.py:830} INFO - Processing file /home/airflow/.local/lib/python3.12/site-packages/airflow/example_dags/example_bash_decorator.py for tasks to queue
[2026-05-09T19:47:03.107+0000] {logging_mixin.py:188} INFO - [2026-05-09T19:47:03.107+0000] {dagbag.py:545} INFO - Filling up the DagBag from /home/airflow/.local/lib/python3.12/site-packages/airflow/example_dags/example_bash_decorator.py
[2026-05-09T19:47:03.121+0000] {processor.py:840} INFO - DAG(s) 'example_bash_decorator' retrieved from /home/airflow/.local/lib/python3.12/site-packages/airflow/example_dags/example_bash_decorator.py
[2026-05-09T19:47:03.151+0000] {logging_mixin.py:188} INFO - [2026-05-09T19:47:03.151+0000] {dag.py:3096} INFO - Sync 1 DAGs
[2026-05-09T19:47:03.165+0000] {logging_mixin.py:188} INFO - [2026-05-09T19:47:03.165+0000] {dag.py:3954} INFO - Setting next_dagrun for example_bash_decorator to None, run_after=None
[2026-05-09T19:47:03.188+0000] {processor.py:183} INFO - Processing /home/airflow/.local/lib/python3.12/site-packages/airflow/example_dags/example_bash_decorator.py took 0.090 seconds
[2026-05-09T19:47:33.334+0000] {processor.py:161} INFO - Started process (PID=5839) to work on /home/airflow/.local/lib/python3.12/site-packages/airflow/example_dags/example_bash_decorator.py
[2026-05-09T19:47:33.340+0000] {processor.py:830} INFO - Processing file /home/airflow/.local/lib/python3.12/site-packages/airflow/example_dags/example_bash_decorator.py for tasks to queue
[2026-05-09T19:47:33.353+0000] {logging_mixin.py:188} INFO - [2026-05-09T19:47:33.352+0000] {dagbag.py:545} INFO - Filling up the DagBag from /home/airflow/.local/lib/python3.12/site-packages/airflow/example_dags/example_bash_decorator.py
[2026-05-09T19:47:33.376+0000] {processor.py:840} INFO - DAG(s) 'example_bash_decorator' retrieved from /home/airflow/.local/lib/python3.12/site-packages/airflow/example_dags/example_bash_decorator.py
[2026-05-09T19:47:33.402+0000] {logging_mixin.py:188} INFO - [2026-05-09T19:47:33.402+0000] {dag.py:3096} INFO - Sync 1 DAGs
[2026-05-09T19:47:33.414+0000] {logging_mixin.py:188} INFO - [2026-05-09T19:47:33.413+0000] {dag.py:3954} INFO - Setting next_dagrun for example_bash_decorator to None, run_after=None
[2026-05-09T19:47:33.434+0000] {processor.py:183} INFO - Processing /home/airflow/.local/lib/python3.12/site-packages/airflow/example_dags/example_bash_decorator.py took 0.106 seconds
[2026-05-09T19:48:03.871+0000] {processor.py:161} INFO - Started process (PID=5899) to work on /home/airflow/.local/lib/python3.12/site-packages/airflow/example_dags/example_bash_decorator.py
[2026-05-09T19:48:03.873+0000] {processor.py:830} INFO - Processing file /home/airflow/.local/lib/python3.12/site-packages/airflow/example_dags/example_bash_decorator.py for tasks to queue
[2026-05-09T19:48:03.877+0000] {logging_mixin.py:188} INFO - [2026-05-09T19:48:03.877+0000] {dagbag.py:545} INFO - Filling up the DagBag from /home/airflow/.local/lib/python3.12/site-packages/airflow/example_dags/example_bash_decorator.py
[2026-05-09T19:48:03.892+0000] {processor.py:840} INFO - DAG(s) 'example_bash_decorator' retrieved from /home/airflow/.local/lib/python3.12/site-packages/airflow/example_dags/example_bash_decorator.py
[2026-05-09T19:48:03.913+0000] {logging_mixin.py:188} INFO - [2026-05-09T19:48:03.913+0000] {dag.py:3096} INFO - Sync 1 DAGs
[2026-05-09T19:48:03.924+0000] {logging_mixin.py:188} INFO - [2026-05-09T19:48:03.923+0000] {dag.py:3954} INFO - Setting next_dagrun for example_bash_decorator to None, run_after=None
[2026-05-09T19:48:03.946+0000] {processor.py:183} INFO - Processing /home/airflow/.local/lib/python3.12/site-packages/airflow/example_dags/example_bash_decorator.py took 0.082 seconds
[2026-05-09T19:48:34.377+0000] {processor.py:161} INFO - Started process (PID=5959) to work on /home/airflow/.local/lib/python3.12/site-packages/airflow/example_dags/example_bash_decorator.py
[2026-05-09T19:48:34.378+0000] {processor.py:830} INFO - Processing file /home/airflow/.local/lib/python3.12/site-packages/airflow/example_dags/example_bash_decorator.py for tasks to queue
[2026-05-09T19:48:34.380+0000] {logging_mixin.py:188} INFO - [2026-05-09T19:48:34.380+0000] {dagbag.py:545} INFO - Filling up the DagBag from /home/airflow/.local/lib/python3.12/site-packages/airflow/example_dags/example_bash_decorator.py
[2026-05-09T19:48:34.392+0000] {processor.py:840} INFO - DAG(s) 'example_bash_decorator' retrieved from /home/airflow/.local/lib/python3.12/site-packages/airflow/example_dags/example_bash_decorator.py
[2026-05-09T19:48:34.413+0000] {logging_mixin.py:188} INFO - [2026-05-09T19:48:34.413+0000] {dag.py:3096} INFO - Sync 1 DAGs
[2026-05-09T19:48:34.427+0000] {logging_mixin.py:188} INFO - [2026-05-09T19:48:34.426+0000] {dag.py:3954} INFO - Setting next_dagrun for example_bash_decorator to None, run_after=None
[2026-05-09T19:48:34.445+0000] {processor.py:183} INFO - Processing /home/airflow/.local/lib/python3.12/site-packages/airflow/example_dags/example_bash_decorator.py took 0.073 seconds
[2026-05-09T19:49:04.814+0000] {processor.py:161} INFO - Started process (PID=6019) to work on /home/airflow/.local/lib/python3.12/site-packages/airflow/example_dags/example_bash_decorator.py
[2026-05-09T19:49:04.815+0000] {processor.py:830} INFO - Processing file /home/airflow/.local/lib/python3.12/site-packages/airflow/example_dags/example_bash_decorator.py for tasks to queue
[2026-05-09T19:49:04.817+0000] {logging_mixin.py:188} INFO - [2026-05-09T19:49:04.817+0000] {dagbag.py:545} INFO - Filling up the DagBag from /home/airflow/.local/lib/python3.12/site-packages/airflow/example_dags/example_bash_decorator.py
[2026-05-09T19:49:04.827+0000] {processor.py:840} INFO - DAG(s) 'example_bash_decorator' retrieved from /home/airflow/.local/lib/python3.12/site-packages/airflow/example_dags/example_bash_decorator.py
[2026-05-09T19:49:04.846+0000] {logging_mixin.py:188} INFO - [2026-05-09T19:49:04.846+0000] {dag.py:3096} INFO - Sync 1 DAGs
[2026-05-09T19:49:04.857+0000] {logging_mixin.py:188} INFO - [2026-05-09T19:49:04.857+0000] {dag.py:3954} INFO - Setting next_dagrun for example_bash_decorator to None, run_after=None
[2026-05-09T19:49:04.874+0000] {processor.py:183} INFO - Processing /home/airflow/.local/lib/python3.12/site-packages/airflow/example_dags/example_bash_decorator.py took 0.066 seconds
[2026-05-09T19:49:35.049+0000] {processor.py:161} INFO - Started process (PID=6079) to work on /home/airflow/.local/lib/python3.12/site-packages/airflow/example_dags/example_bash_decorator.py
[2026-05-09T19:49:35.050+0000] {processor.py:830} INFO - Processing file /home/airflow/.local/lib/python3.12/site-packages/airflow/example_dags/example_bash_decorator.py for tasks to queue
[2026-05-09T19:49:35.055+0000] {logging_mixin.py:188} INFO - [2026-05-09T19:49:35.054+0000] {dagbag.py:545} INFO - Filling up the DagBag from /home/airflow/.local/lib/python3.12/site-packages/airflow/example_dags/example_bash_decorator.py
[2026-05-09T19:49:35.075+0000] {processor.py:840} INFO - DAG(s) 'example_bash_decorator' retrieved from /home/airflow/.local/lib/python3.12/site-packages/airflow/example_dags/example_bash_decorator.py
[2026-05-09T19:49:35.099+0000] {logging_mixin.py:188} INFO - [2026-05-09T19:49:35.098+0000] {dag.py:3096} INFO - Sync 1 DAGs
[2026-05-09T19:49:35.112+0000] {logging_mixin.py:188} INFO - [2026-05-09T19:49:35.112+0000] {dag.py:3954} INFO - Setting next_dagrun for example_bash_decorator to None, run_after=None
[2026-05-09T19:49:35.129+0000] {processor.py:183} INFO - Processing /home/airflow/.local/lib/python3.12/site-packages/airflow/example_dags/example_bash_decorator.py took 0.087 seconds
[2026-05-09T19:50:05.554+0000] {processor.py:161} INFO - Started process (PID=6139) to work on /home/airflow/.local/lib/python3.12/site-packages/airflow/example_dags/example_bash_decorator.py
[2026-05-09T19:50:05.559+0000] {processor.py:830} INFO - Processing file /home/airflow/.local/lib/python3.12/site-packages/airflow/example_dags/example_bash_decorator.py for tasks to queue
[2026-05-09T19:50:05.562+0000] {logging_mixin.py:188} INFO - [2026-05-09T19:50:05.562+0000] {dagbag.py:545} INFO - Filling up the DagBag from /home/airflow/.local/lib/python3.12/site-packages/airflow/example_dags/example_bash_decorator.py
[2026-05-09T19:50:05.575+0000] {processor.py:840} INFO - DAG(s) 'example_bash_decorator' retrieved from /home/airflow/.local/lib/python3.12/site-packages/airflow/example_dags/example_bash_decorator.py
[2026-05-09T19:50:05.596+0000] {logging_mixin.py:188} INFO - [2026-05-09T19:50:05.596+0000] {dag.py:3096} INFO - Sync 1 DAGs
[2026-05-09T19:50:05.609+0000] {logging_mixin.py:188} INFO - [2026-05-09T19:50:05.608+0000] {dag.py:3954} INFO - Setting next_dagrun for example_bash_decorator to None, run_after=None
[2026-05-09T19:50:05.626+0000] {processor.py:183} INFO - Processing /home/airflow/.local/lib/python3.12/site-packages/airflow/example_dags/example_bash_decorator.py took 0.076 seconds
[2026-05-09T19:50:36.426+0000] {processor.py:161} INFO - Started process (PID=6199) to work on /home/airflow/.local/lib/python3.12/site-packages/airflow/example_dags/example_bash_decorator.py
[2026-05-09T19:50:36.427+0000] {processor.py:830} INFO - Processing file /home/airflow/.local/lib/python3.12/site-packages/airflow/example_dags/example_bash_decorator.py for tasks to queue
[2026-05-09T19:50:36.430+0000] {logging_mixin.py:188} INFO - [2026-05-09T19:50:36.429+0000] {dagbag.py:545} INFO - Filling up the DagBag from /home/airflow/.local/lib/python3.12/site-packages/airflow/example_dags/example_bash_decorator.py
[2026-05-09T19:50:36.442+0000] {processor.py:840} INFO - DAG(s) 'example_bash_decorator' retrieved from /home/airflow/.local/lib/python3.12/site-packages/airflow/example_dags/example_bash_decorator.py
[2026-05-09T19:50:36.459+0000] {logging_mixin.py:188} INFO - [2026-05-09T19:50:36.459+0000] {dag.py:3096} INFO - Sync 1 DAGs
[2026-05-09T19:50:36.468+0000] {logging_mixin.py:188} INFO - [2026-05-09T19:50:36.468+0000] {dag.py:3954} INFO - Setting next_dagrun for example_bash_decorator to None, run_after=None
[2026-05-09T19:50:36.491+0000] {processor.py:183} INFO - Processing /home/airflow/.local/lib/python3.12/site-packages/airflow/example_dags/example_bash_decorator.py took 0.070 seconds
[2026-05-09T19:51:06.913+0000] {processor.py:161} INFO - Started process (PID=6259) to work on /home/airflow/.local/lib/python3.12/site-packages/airflow/example_dags/example_bash_decorator.py
[2026-05-09T19:51:06.914+0000] {processor.py:830} INFO - Processing file /home/airflow/.local/lib/python3.12/site-packages/airflow/example_dags/example_bash_decorator.py for tasks to queue
[2026-05-09T19:51:06.917+0000] {logging_mixin.py:188} INFO - [2026-05-09T19:51:06.916+0000] {dagbag.py:545} INFO - Filling up the DagBag from /home/airflow/.local/lib/python3.12/site-packages/airflow/example_dags/example_bash_decorator.py
[2026-05-09T19:51:06.929+0000] {processor.py:840} INFO - DAG(s) 'example_bash_decorator' retrieved from /home/airflow/.local/lib/python3.12/site-packages/airflow/example_dags/example_bash_decorator.py
[2026-05-09T19:51:06.950+0000] {logging_mixin.py:188} INFO - [2026-05-09T19:51:06.950+0000] {dag.py:3096} INFO - Sync 1 DAGs
[2026-05-09T19:51:06.960+0000] {logging_mixin.py:188} INFO - [2026-05-09T19:51:06.960+0000] {dag.py:3954} INFO - Setting next_dagrun for example_bash_decorator to None, run_after=None
[2026-05-09T19:51:06.979+0000] {processor.py:183} INFO - Processing /home/airflow/.local/lib/python3.12/site-packages/airflow/example_dags/example_bash_decorator.py took 0.072 seconds
[2026-05-09T19:51:37.251+0000] {processor.py:161} INFO - Started process (PID=6319) to work on /home/airflow/.local/lib/python3.12/site-packages/airflow/example_dags/example_bash_decorator.py
[2026-05-09T19:51:37.252+0000] {processor.py:830} INFO - Processing file /home/airflow/.local/lib/python3.12/site-packages/airflow/example_dags/example_bash_decorator.py for tasks to queue
[2026-05-09T19:51:37.254+0000] {logging_mixin.py:188} INFO - [2026-05-09T19:51:37.254+0000] {dagbag.py:545} INFO - Filling up the DagBag from /home/airflow/.local/lib/python3.12/site-packages/airflow/example_dags/example_bash_decorator.py
[2026-05-09T19:51:37.267+0000] {processor.py:840} INFO - DAG(s) 'example_bash_decorator' retrieved from /home/airflow/.local/lib/python3.12/site-packages/airflow/example_dags/example_bash_decorator.py
[2026-05-09T19:51:37.284+0000] {logging_mixin.py:188} INFO - [2026-05-09T19:51:37.284+0000] {dag.py:3096} INFO - Sync 1 DAGs
[2026-05-09T19:51:37.294+0000] {logging_mixin.py:188} INFO - [2026-05-09T19:51:37.294+0000] {dag.py:3954} INFO - Setting next_dagrun for example_bash_decorator to None, run_after=None
[2026-05-09T19:51:37.310+0000] {processor.py:183} INFO - Processing /home/airflow/.local/lib/python3.12/site-packages/airflow/example_dags/example_bash_decorator.py took 0.065 seconds
[2026-05-09T19:52:07.884+0000] {processor.py:161} INFO - Started process (PID=6379) to work on /home/airflow/.local/lib/python3.12/site-packages/airflow/example_dags/example_bash_decorator.py
[2026-05-09T19:52:07.885+0000] {processor.py:830} INFO - Processing file /home/airflow/.local/lib/python3.12/site-packages/airflow/example_dags/example_bash_decorator.py for tasks to queue
[2026-05-09T19:52:07.887+0000] {logging_mixin.py:188} INFO - [2026-05-09T19:52:07.887+0000] {dagbag.py:545} INFO - Filling up the DagBag from /home/airflow/.local/lib/python3.12/site-packages/airflow/example_dags/example_bash_decorator.py
[2026-05-09T19:52:07.898+0000] {processor.py:840} INFO - DAG(s) 'example_bash_decorator' retrieved from /home/airflow/.local/lib/python3.12/site-packages/airflow/example_dags/example_bash_decorator.py
[2026-05-09T19:52:07.917+0000] {logging_mixin.py:188} INFO - [2026-05-09T19:52:07.917+0000] {dag.py:3096} INFO - Sync 1 DAGs
[2026-05-09T19:52:07.927+0000] {logging_mixin.py:188} INFO - [2026-05-09T19:52:07.927+0000] {dag.py:3954} INFO - Setting next_dagrun for example_bash_decorator to None, run_after=None
[2026-05-09T19:52:07.942+0000] {processor.py:183} INFO - Processing /home/airflow/.local/lib/python3.12/site-packages/airflow/example_dags/example_bash_decorator.py took 0.064 seconds
[2026-05-09T19:52:38.072+0000] {processor.py:161} INFO - Started process (PID=6439) to work on /home/airflow/.local/lib/python3.12/site-packages/airflow/example_dags/example_bash_decorator.py
[2026-05-09T19:52:38.073+0000] {processor.py:830} INFO - Processing file /home/airflow/.local/lib/python3.12/site-packages/airflow/example_dags/example_bash_decorator.py for tasks to queue
[2026-05-09T19:52:38.076+0000] {logging_mixin.py:188} INFO - [2026-05-09T19:52:38.076+0000] {dagbag.py:545} INFO - Filling up the DagBag from /home/airflow/.local/lib/python3.12/site-packages/airflow/example_dags/example_bash_decorator.py
[2026-05-09T19:52:38.089+0000] {processor.py:840} INFO - DAG(s) 'example_bash_decorator' retrieved from /home/airflow/.local/lib/python3.12/site-packages/airflow/example_dags/example_bash_decorator.py
[2026-05-09T19:52:38.110+0000] {logging_mixin.py:188} INFO - [2026-05-09T19:52:38.110+0000] {dag.py:3096} INFO - Sync 1 DAGs
[2026-05-09T19:52:38.121+0000] {logging_mixin.py:188} INFO - [2026-05-09T19:52:38.120+0000] {dag.py:3954} INFO - Setting next_dagrun for example_bash_decorator to None, run_after=None
[2026-05-09T19:52:38.136+0000] {processor.py:183} INFO - Processing /home/airflow/.local/lib/python3.12/site-packages/airflow/example_dags/example_bash_decorator.py took 0.074 seconds
