[2026-05-09T04:36:30.299+0000] {processor.py:161} INFO - Started process (PID=105) to work on /home/airflow/.local/lib/python3.12/site-packages/airflow/example_dags/plugins/event_listener.py
[2026-05-09T04:36:30.301+0000] {processor.py:830} INFO - Processing file /home/airflow/.local/lib/python3.12/site-packages/airflow/example_dags/plugins/event_listener.py for tasks to queue
[2026-05-09T04:36:30.302+0000] {logging_mixin.py:188} INFO - [2026-05-09T04:36:30.302+0000] {dagbag.py:545} INFO - Filling up the DagBag from /home/airflow/.local/lib/python3.12/site-packages/airflow/example_dags/plugins/event_listener.py
[2026-05-09T04:36:30.304+0000] {processor.py:842} WARNING - No viable dags retrieved from /home/airflow/.local/lib/python3.12/site-packages/airflow/example_dags/plugins/event_listener.py
[2026-05-09T04:36:30.315+0000] {processor.py:183} INFO - Processing /home/airflow/.local/lib/python3.12/site-packages/airflow/example_dags/plugins/event_listener.py took 0.020 seconds
[2026-05-09T04:37:00.361+0000] {processor.py:161} INFO - Started process (PID=163) to work on /home/airflow/.local/lib/python3.12/site-packages/airflow/example_dags/plugins/event_listener.py
[2026-05-09T04:37:00.363+0000] {processor.py:830} INFO - Processing file /home/airflow/.local/lib/python3.12/site-packages/airflow/example_dags/plugins/event_listener.py for tasks to queue
[2026-05-09T04:37:00.365+0000] {logging_mixin.py:188} INFO - [2026-05-09T04:37:00.364+0000] {dagbag.py:545} INFO - Filling up the DagBag from /home/airflow/.local/lib/python3.12/site-packages/airflow/example_dags/plugins/event_listener.py
[2026-05-09T04:37:00.367+0000] {processor.py:842} WARNING - No viable dags retrieved from /home/airflow/.local/lib/python3.12/site-packages/airflow/example_dags/plugins/event_listener.py
[2026-05-09T04:37:00.379+0000] {processor.py:183} INFO - Processing /home/airflow/.local/lib/python3.12/site-packages/airflow/example_dags/plugins/event_listener.py took 0.022 seconds
[2026-05-09T04:37:30.917+0000] {processor.py:161} INFO - Started process (PID=223) to work on /home/airflow/.local/lib/python3.12/site-packages/airflow/example_dags/plugins/event_listener.py
[2026-05-09T04:37:30.918+0000] {processor.py:830} INFO - Processing file /home/airflow/.local/lib/python3.12/site-packages/airflow/example_dags/plugins/event_listener.py for tasks to queue
[2026-05-09T04:37:30.920+0000] {logging_mixin.py:188} INFO - [2026-05-09T04:37:30.920+0000] {dagbag.py:545} INFO - Filling up the DagBag from /home/airflow/.local/lib/python3.12/site-packages/airflow/example_dags/plugins/event_listener.py
[2026-05-09T04:37:30.921+0000] {processor.py:842} WARNING - No viable dags retrieved from /home/airflow/.local/lib/python3.12/site-packages/airflow/example_dags/plugins/event_listener.py
[2026-05-09T04:37:30.932+0000] {processor.py:183} INFO - Processing /home/airflow/.local/lib/python3.12/site-packages/airflow/example_dags/plugins/event_listener.py took 0.019 seconds
[2026-05-09T04:38:02.243+0000] {processor.py:161} INFO - Started process (PID=283) to work on /home/airflow/.local/lib/python3.12/site-packages/airflow/example_dags/plugins/event_listener.py
[2026-05-09T04:38:02.244+0000] {processor.py:830} INFO - Processing file /home/airflow/.local/lib/python3.12/site-packages/airflow/example_dags/plugins/event_listener.py for tasks to queue
[2026-05-09T04:38:02.246+0000] {logging_mixin.py:188} INFO - [2026-05-09T04:38:02.246+0000] {dagbag.py:545} INFO - Filling up the DagBag from /home/airflow/.local/lib/python3.12/site-packages/airflow/example_dags/plugins/event_listener.py
[2026-05-09T04:38:02.248+0000] {processor.py:842} WARNING - No viable dags retrieved from /home/airflow/.local/lib/python3.12/site-packages/airflow/example_dags/plugins/event_listener.py
[2026-05-09T04:38:02.258+0000] {processor.py:183} INFO - Processing /home/airflow/.local/lib/python3.12/site-packages/airflow/example_dags/plugins/event_listener.py took 0.020 seconds
[2026-05-09T04:38:32.920+0000] {processor.py:161} INFO - Started process (PID=343) to work on /home/airflow/.local/lib/python3.12/site-packages/airflow/example_dags/plugins/event_listener.py
[2026-05-09T04:38:32.920+0000] {processor.py:830} INFO - Processing file /home/airflow/.local/lib/python3.12/site-packages/airflow/example_dags/plugins/event_listener.py for tasks to queue
[2026-05-09T04:38:32.922+0000] {logging_mixin.py:188} INFO - [2026-05-09T04:38:32.922+0000] {dagbag.py:545} INFO - Filling up the DagBag from /home/airflow/.local/lib/python3.12/site-packages/airflow/example_dags/plugins/event_listener.py
[2026-05-09T04:38:32.924+0000] {processor.py:842} WARNING - No viable dags retrieved from /home/airflow/.local/lib/python3.12/site-packages/airflow/example_dags/plugins/event_listener.py
[2026-05-09T04:38:32.935+0000] {processor.py:183} INFO - Processing /home/airflow/.local/lib/python3.12/site-packages/airflow/example_dags/plugins/event_listener.py took 0.019 seconds
[2026-05-09T04:39:03.422+0000] {processor.py:161} INFO - Started process (PID=403) to work on /home/airflow/.local/lib/python3.12/site-packages/airflow/example_dags/plugins/event_listener.py
[2026-05-09T04:39:03.423+0000] {processor.py:830} INFO - Processing file /home/airflow/.local/lib/python3.12/site-packages/airflow/example_dags/plugins/event_listener.py for tasks to queue
[2026-05-09T04:39:03.425+0000] {logging_mixin.py:188} INFO - [2026-05-09T04:39:03.425+0000] {dagbag.py:545} INFO - Filling up the DagBag from /home/airflow/.local/lib/python3.12/site-packages/airflow/example_dags/plugins/event_listener.py
[2026-05-09T04:39:03.428+0000] {processor.py:842} WARNING - No viable dags retrieved from /home/airflow/.local/lib/python3.12/site-packages/airflow/example_dags/plugins/event_listener.py
[2026-05-09T04:39:03.441+0000] {processor.py:183} INFO - Processing /home/airflow/.local/lib/python3.12/site-packages/airflow/example_dags/plugins/event_listener.py took 0.025 seconds
[2026-05-09T04:39:33.649+0000] {processor.py:161} INFO - Started process (PID=463) to work on /home/airflow/.local/lib/python3.12/site-packages/airflow/example_dags/plugins/event_listener.py
[2026-05-09T04:39:33.650+0000] {processor.py:830} INFO - Processing file /home/airflow/.local/lib/python3.12/site-packages/airflow/example_dags/plugins/event_listener.py for tasks to queue
[2026-05-09T04:39:33.652+0000] {logging_mixin.py:188} INFO - [2026-05-09T04:39:33.652+0000] {dagbag.py:545} INFO - Filling up the DagBag from /home/airflow/.local/lib/python3.12/site-packages/airflow/example_dags/plugins/event_listener.py
[2026-05-09T04:39:33.654+0000] {processor.py:842} WARNING - No viable dags retrieved from /home/airflow/.local/lib/python3.12/site-packages/airflow/example_dags/plugins/event_listener.py
[2026-05-09T04:39:33.667+0000] {processor.py:183} INFO - Processing /home/airflow/.local/lib/python3.12/site-packages/airflow/example_dags/plugins/event_listener.py took 0.023 seconds
[2026-05-09T04:40:03.942+0000] {processor.py:161} INFO - Started process (PID=523) to work on /home/airflow/.local/lib/python3.12/site-packages/airflow/example_dags/plugins/event_listener.py
[2026-05-09T04:40:03.943+0000] {processor.py:830} INFO - Processing file /home/airflow/.local/lib/python3.12/site-packages/airflow/example_dags/plugins/event_listener.py for tasks to queue
[2026-05-09T04:40:03.945+0000] {logging_mixin.py:188} INFO - [2026-05-09T04:40:03.944+0000] {dagbag.py:545} INFO - Filling up the DagBag from /home/airflow/.local/lib/python3.12/site-packages/airflow/example_dags/plugins/event_listener.py
[2026-05-09T04:40:03.948+0000] {processor.py:842} WARNING - No viable dags retrieved from /home/airflow/.local/lib/python3.12/site-packages/airflow/example_dags/plugins/event_listener.py
[2026-05-09T04:40:03.959+0000] {processor.py:183} INFO - Processing /home/airflow/.local/lib/python3.12/site-packages/airflow/example_dags/plugins/event_listener.py took 0.021 seconds
[2026-05-09T04:40:35.050+0000] {processor.py:161} INFO - Started process (PID=583) to work on /home/airflow/.local/lib/python3.12/site-packages/airflow/example_dags/plugins/event_listener.py
[2026-05-09T04:40:35.051+0000] {processor.py:830} INFO - Processing file /home/airflow/.local/lib/python3.12/site-packages/airflow/example_dags/plugins/event_listener.py for tasks to queue
[2026-05-09T04:40:35.053+0000] {logging_mixin.py:188} INFO - [2026-05-09T04:40:35.052+0000] {dagbag.py:545} INFO - Filling up the DagBag from /home/airflow/.local/lib/python3.12/site-packages/airflow/example_dags/plugins/event_listener.py
[2026-05-09T04:40:35.054+0000] {processor.py:842} WARNING - No viable dags retrieved from /home/airflow/.local/lib/python3.12/site-packages/airflow/example_dags/plugins/event_listener.py
[2026-05-09T04:40:35.066+0000] {processor.py:183} INFO - Processing /home/airflow/.local/lib/python3.12/site-packages/airflow/example_dags/plugins/event_listener.py took 0.021 seconds
[2026-05-09T04:41:05.449+0000] {processor.py:161} INFO - Started process (PID=643) to work on /home/airflow/.local/lib/python3.12/site-packages/airflow/example_dags/plugins/event_listener.py
[2026-05-09T04:41:05.451+0000] {processor.py:830} INFO - Processing file /home/airflow/.local/lib/python3.12/site-packages/airflow/example_dags/plugins/event_listener.py for tasks to queue
[2026-05-09T04:41:05.452+0000] {logging_mixin.py:188} INFO - [2026-05-09T04:41:05.452+0000] {dagbag.py:545} INFO - Filling up the DagBag from /home/airflow/.local/lib/python3.12/site-packages/airflow/example_dags/plugins/event_listener.py
[2026-05-09T04:41:05.454+0000] {processor.py:842} WARNING - No viable dags retrieved from /home/airflow/.local/lib/python3.12/site-packages/airflow/example_dags/plugins/event_listener.py
[2026-05-09T04:41:05.466+0000] {processor.py:183} INFO - Processing /home/airflow/.local/lib/python3.12/site-packages/airflow/example_dags/plugins/event_listener.py took 0.022 seconds
[2026-05-09T04:41:36.869+0000] {processor.py:161} INFO - Started process (PID=703) to work on /home/airflow/.local/lib/python3.12/site-packages/airflow/example_dags/plugins/event_listener.py
[2026-05-09T04:41:36.870+0000] {processor.py:830} INFO - Processing file /home/airflow/.local/lib/python3.12/site-packages/airflow/example_dags/plugins/event_listener.py for tasks to queue
[2026-05-09T04:41:36.872+0000] {logging_mixin.py:188} INFO - [2026-05-09T04:41:36.872+0000] {dagbag.py:545} INFO - Filling up the DagBag from /home/airflow/.local/lib/python3.12/site-packages/airflow/example_dags/plugins/event_listener.py
[2026-05-09T04:41:36.874+0000] {processor.py:842} WARNING - No viable dags retrieved from /home/airflow/.local/lib/python3.12/site-packages/airflow/example_dags/plugins/event_listener.py
[2026-05-09T04:41:36.886+0000] {processor.py:183} INFO - Processing /home/airflow/.local/lib/python3.12/site-packages/airflow/example_dags/plugins/event_listener.py took 0.021 seconds
[2026-05-09T04:42:07.212+0000] {processor.py:161} INFO - Started process (PID=762) to work on /home/airflow/.local/lib/python3.12/site-packages/airflow/example_dags/plugins/event_listener.py
[2026-05-09T04:42:07.213+0000] {processor.py:830} INFO - Processing file /home/airflow/.local/lib/python3.12/site-packages/airflow/example_dags/plugins/event_listener.py for tasks to queue
[2026-05-09T04:42:07.219+0000] {logging_mixin.py:188} INFO - [2026-05-09T04:42:07.218+0000] {dagbag.py:545} INFO - Filling up the DagBag from /home/airflow/.local/lib/python3.12/site-packages/airflow/example_dags/plugins/event_listener.py
[2026-05-09T04:42:07.221+0000] {processor.py:842} WARNING - No viable dags retrieved from /home/airflow/.local/lib/python3.12/site-packages/airflow/example_dags/plugins/event_listener.py
[2026-05-09T04:42:07.237+0000] {processor.py:183} INFO - Processing /home/airflow/.local/lib/python3.12/site-packages/airflow/example_dags/plugins/event_listener.py took 0.032 seconds
[2026-05-09T04:42:37.622+0000] {processor.py:161} INFO - Started process (PID=823) to work on /home/airflow/.local/lib/python3.12/site-packages/airflow/example_dags/plugins/event_listener.py
[2026-05-09T04:42:37.623+0000] {processor.py:830} INFO - Processing file /home/airflow/.local/lib/python3.12/site-packages/airflow/example_dags/plugins/event_listener.py for tasks to queue
[2026-05-09T04:42:37.625+0000] {logging_mixin.py:188} INFO - [2026-05-09T04:42:37.625+0000] {dagbag.py:545} INFO - Filling up the DagBag from /home/airflow/.local/lib/python3.12/site-packages/airflow/example_dags/plugins/event_listener.py
[2026-05-09T04:42:37.627+0000] {processor.py:842} WARNING - No viable dags retrieved from /home/airflow/.local/lib/python3.12/site-packages/airflow/example_dags/plugins/event_listener.py
[2026-05-09T04:42:37.637+0000] {processor.py:183} INFO - Processing /home/airflow/.local/lib/python3.12/site-packages/airflow/example_dags/plugins/event_listener.py took 0.019 seconds
[2026-05-09T04:43:08.494+0000] {processor.py:161} INFO - Started process (PID=883) to work on /home/airflow/.local/lib/python3.12/site-packages/airflow/example_dags/plugins/event_listener.py
[2026-05-09T04:43:08.495+0000] {processor.py:830} INFO - Processing file /home/airflow/.local/lib/python3.12/site-packages/airflow/example_dags/plugins/event_listener.py for tasks to queue
[2026-05-09T04:43:08.497+0000] {logging_mixin.py:188} INFO - [2026-05-09T04:43:08.497+0000] {dagbag.py:545} INFO - Filling up the DagBag from /home/airflow/.local/lib/python3.12/site-packages/airflow/example_dags/plugins/event_listener.py
[2026-05-09T04:43:08.499+0000] {processor.py:842} WARNING - No viable dags retrieved from /home/airflow/.local/lib/python3.12/site-packages/airflow/example_dags/plugins/event_listener.py
[2026-05-09T04:43:08.509+0000] {processor.py:183} INFO - Processing /home/airflow/.local/lib/python3.12/site-packages/airflow/example_dags/plugins/event_listener.py took 0.021 seconds
[2026-05-09T04:43:39.382+0000] {processor.py:161} INFO - Started process (PID=943) to work on /home/airflow/.local/lib/python3.12/site-packages/airflow/example_dags/plugins/event_listener.py
[2026-05-09T04:43:39.383+0000] {processor.py:830} INFO - Processing file /home/airflow/.local/lib/python3.12/site-packages/airflow/example_dags/plugins/event_listener.py for tasks to queue
[2026-05-09T04:43:39.385+0000] {logging_mixin.py:188} INFO - [2026-05-09T04:43:39.384+0000] {dagbag.py:545} INFO - Filling up the DagBag from /home/airflow/.local/lib/python3.12/site-packages/airflow/example_dags/plugins/event_listener.py
[2026-05-09T04:43:39.386+0000] {processor.py:842} WARNING - No viable dags retrieved from /home/airflow/.local/lib/python3.12/site-packages/airflow/example_dags/plugins/event_listener.py
[2026-05-09T04:43:39.399+0000] {processor.py:183} INFO - Processing /home/airflow/.local/lib/python3.12/site-packages/airflow/example_dags/plugins/event_listener.py took 0.022 seconds
[2026-05-09T04:44:09.744+0000] {processor.py:161} INFO - Started process (PID=1003) to work on /home/airflow/.local/lib/python3.12/site-packages/airflow/example_dags/plugins/event_listener.py
[2026-05-09T04:44:09.745+0000] {processor.py:830} INFO - Processing file /home/airflow/.local/lib/python3.12/site-packages/airflow/example_dags/plugins/event_listener.py for tasks to queue
[2026-05-09T04:44:09.749+0000] {logging_mixin.py:188} INFO - [2026-05-09T04:44:09.748+0000] {dagbag.py:545} INFO - Filling up the DagBag from /home/airflow/.local/lib/python3.12/site-packages/airflow/example_dags/plugins/event_listener.py
[2026-05-09T04:44:09.750+0000] {processor.py:842} WARNING - No viable dags retrieved from /home/airflow/.local/lib/python3.12/site-packages/airflow/example_dags/plugins/event_listener.py
[2026-05-09T04:44:09.760+0000] {processor.py:183} INFO - Processing /home/airflow/.local/lib/python3.12/site-packages/airflow/example_dags/plugins/event_listener.py took 0.020 seconds
[2026-05-09T04:44:40.270+0000] {processor.py:161} INFO - Started process (PID=1063) to work on /home/airflow/.local/lib/python3.12/site-packages/airflow/example_dags/plugins/event_listener.py
[2026-05-09T04:44:40.271+0000] {processor.py:830} INFO - Processing file /home/airflow/.local/lib/python3.12/site-packages/airflow/example_dags/plugins/event_listener.py for tasks to queue
[2026-05-09T04:44:40.273+0000] {logging_mixin.py:188} INFO - [2026-05-09T04:44:40.273+0000] {dagbag.py:545} INFO - Filling up the DagBag from /home/airflow/.local/lib/python3.12/site-packages/airflow/example_dags/plugins/event_listener.py
[2026-05-09T04:44:40.275+0000] {processor.py:842} WARNING - No viable dags retrieved from /home/airflow/.local/lib/python3.12/site-packages/airflow/example_dags/plugins/event_listener.py
[2026-05-09T04:44:40.286+0000] {processor.py:183} INFO - Processing /home/airflow/.local/lib/python3.12/site-packages/airflow/example_dags/plugins/event_listener.py took 0.021 seconds
[2026-05-09T04:45:10.817+0000] {processor.py:161} INFO - Started process (PID=1123) to work on /home/airflow/.local/lib/python3.12/site-packages/airflow/example_dags/plugins/event_listener.py
[2026-05-09T04:45:10.820+0000] {processor.py:830} INFO - Processing file /home/airflow/.local/lib/python3.12/site-packages/airflow/example_dags/plugins/event_listener.py for tasks to queue
[2026-05-09T04:45:10.823+0000] {logging_mixin.py:188} INFO - [2026-05-09T04:45:10.822+0000] {dagbag.py:545} INFO - Filling up the DagBag from /home/airflow/.local/lib/python3.12/site-packages/airflow/example_dags/plugins/event_listener.py
[2026-05-09T04:45:10.826+0000] {processor.py:842} WARNING - No viable dags retrieved from /home/airflow/.local/lib/python3.12/site-packages/airflow/example_dags/plugins/event_listener.py
[2026-05-09T04:45:10.843+0000] {processor.py:183} INFO - Processing /home/airflow/.local/lib/python3.12/site-packages/airflow/example_dags/plugins/event_listener.py took 0.037 seconds
[2026-05-09T04:45:46.692+0000] {processor.py:161} INFO - Started process (PID=1183) to work on /home/airflow/.local/lib/python3.12/site-packages/airflow/example_dags/plugins/event_listener.py
[2026-05-09T04:45:46.693+0000] {processor.py:830} INFO - Processing file /home/airflow/.local/lib/python3.12/site-packages/airflow/example_dags/plugins/event_listener.py for tasks to queue
[2026-05-09T04:45:46.696+0000] {logging_mixin.py:188} INFO - [2026-05-09T04:45:46.696+0000] {dagbag.py:545} INFO - Filling up the DagBag from /home/airflow/.local/lib/python3.12/site-packages/airflow/example_dags/plugins/event_listener.py
[2026-05-09T04:45:46.699+0000] {processor.py:842} WARNING - No viable dags retrieved from /home/airflow/.local/lib/python3.12/site-packages/airflow/example_dags/plugins/event_listener.py
[2026-05-09T04:45:46.716+0000] {processor.py:183} INFO - Processing /home/airflow/.local/lib/python3.12/site-packages/airflow/example_dags/plugins/event_listener.py took 0.030 seconds
[2026-05-09T04:46:17.776+0000] {processor.py:161} INFO - Started process (PID=1243) to work on /home/airflow/.local/lib/python3.12/site-packages/airflow/example_dags/plugins/event_listener.py
[2026-05-09T04:46:17.778+0000] {processor.py:830} INFO - Processing file /home/airflow/.local/lib/python3.12/site-packages/airflow/example_dags/plugins/event_listener.py for tasks to queue
[2026-05-09T04:46:17.780+0000] {logging_mixin.py:188} INFO - [2026-05-09T04:46:17.780+0000] {dagbag.py:545} INFO - Filling up the DagBag from /home/airflow/.local/lib/python3.12/site-packages/airflow/example_dags/plugins/event_listener.py
[2026-05-09T04:46:17.783+0000] {processor.py:842} WARNING - No viable dags retrieved from /home/airflow/.local/lib/python3.12/site-packages/airflow/example_dags/plugins/event_listener.py
[2026-05-09T04:46:17.798+0000] {processor.py:183} INFO - Processing /home/airflow/.local/lib/python3.12/site-packages/airflow/example_dags/plugins/event_listener.py took 0.028 seconds
[2026-05-09T04:46:48.586+0000] {processor.py:161} INFO - Started process (PID=1303) to work on /home/airflow/.local/lib/python3.12/site-packages/airflow/example_dags/plugins/event_listener.py
[2026-05-09T04:46:48.588+0000] {processor.py:830} INFO - Processing file /home/airflow/.local/lib/python3.12/site-packages/airflow/example_dags/plugins/event_listener.py for tasks to queue
[2026-05-09T04:46:48.590+0000] {logging_mixin.py:188} INFO - [2026-05-09T04:46:48.590+0000] {dagbag.py:545} INFO - Filling up the DagBag from /home/airflow/.local/lib/python3.12/site-packages/airflow/example_dags/plugins/event_listener.py
[2026-05-09T04:46:48.592+0000] {processor.py:842} WARNING - No viable dags retrieved from /home/airflow/.local/lib/python3.12/site-packages/airflow/example_dags/plugins/event_listener.py
[2026-05-09T04:46:48.610+0000] {processor.py:183} INFO - Processing /home/airflow/.local/lib/python3.12/site-packages/airflow/example_dags/plugins/event_listener.py took 0.029 seconds
[2026-05-09T04:47:19.124+0000] {processor.py:161} INFO - Started process (PID=1363) to work on /home/airflow/.local/lib/python3.12/site-packages/airflow/example_dags/plugins/event_listener.py
[2026-05-09T04:47:19.126+0000] {processor.py:830} INFO - Processing file /home/airflow/.local/lib/python3.12/site-packages/airflow/example_dags/plugins/event_listener.py for tasks to queue
[2026-05-09T04:47:19.127+0000] {logging_mixin.py:188} INFO - [2026-05-09T04:47:19.127+0000] {dagbag.py:545} INFO - Filling up the DagBag from /home/airflow/.local/lib/python3.12/site-packages/airflow/example_dags/plugins/event_listener.py
[2026-05-09T04:47:19.130+0000] {processor.py:842} WARNING - No viable dags retrieved from /home/airflow/.local/lib/python3.12/site-packages/airflow/example_dags/plugins/event_listener.py
[2026-05-09T04:47:19.140+0000] {processor.py:183} INFO - Processing /home/airflow/.local/lib/python3.12/site-packages/airflow/example_dags/plugins/event_listener.py took 0.020 seconds
[2026-05-09T04:47:50.009+0000] {processor.py:161} INFO - Started process (PID=1423) to work on /home/airflow/.local/lib/python3.12/site-packages/airflow/example_dags/plugins/event_listener.py
[2026-05-09T04:47:50.011+0000] {processor.py:830} INFO - Processing file /home/airflow/.local/lib/python3.12/site-packages/airflow/example_dags/plugins/event_listener.py for tasks to queue
[2026-05-09T04:47:50.013+0000] {logging_mixin.py:188} INFO - [2026-05-09T04:47:50.013+0000] {dagbag.py:545} INFO - Filling up the DagBag from /home/airflow/.local/lib/python3.12/site-packages/airflow/example_dags/plugins/event_listener.py
[2026-05-09T04:47:50.015+0000] {processor.py:842} WARNING - No viable dags retrieved from /home/airflow/.local/lib/python3.12/site-packages/airflow/example_dags/plugins/event_listener.py
[2026-05-09T04:47:50.026+0000] {processor.py:183} INFO - Processing /home/airflow/.local/lib/python3.12/site-packages/airflow/example_dags/plugins/event_listener.py took 0.021 seconds
[2026-05-09T04:48:20.514+0000] {processor.py:161} INFO - Started process (PID=1483) to work on /home/airflow/.local/lib/python3.12/site-packages/airflow/example_dags/plugins/event_listener.py
[2026-05-09T04:48:20.515+0000] {processor.py:830} INFO - Processing file /home/airflow/.local/lib/python3.12/site-packages/airflow/example_dags/plugins/event_listener.py for tasks to queue
[2026-05-09T04:48:20.519+0000] {logging_mixin.py:188} INFO - [2026-05-09T04:48:20.519+0000] {dagbag.py:545} INFO - Filling up the DagBag from /home/airflow/.local/lib/python3.12/site-packages/airflow/example_dags/plugins/event_listener.py
[2026-05-09T04:48:20.521+0000] {processor.py:842} WARNING - No viable dags retrieved from /home/airflow/.local/lib/python3.12/site-packages/airflow/example_dags/plugins/event_listener.py
[2026-05-09T04:48:20.535+0000] {processor.py:183} INFO - Processing /home/airflow/.local/lib/python3.12/site-packages/airflow/example_dags/plugins/event_listener.py took 0.026 seconds
[2026-05-09T04:48:51.046+0000] {processor.py:161} INFO - Started process (PID=1543) to work on /home/airflow/.local/lib/python3.12/site-packages/airflow/example_dags/plugins/event_listener.py
[2026-05-09T04:48:51.048+0000] {processor.py:830} INFO - Processing file /home/airflow/.local/lib/python3.12/site-packages/airflow/example_dags/plugins/event_listener.py for tasks to queue
[2026-05-09T04:48:51.050+0000] {logging_mixin.py:188} INFO - [2026-05-09T04:48:51.050+0000] {dagbag.py:545} INFO - Filling up the DagBag from /home/airflow/.local/lib/python3.12/site-packages/airflow/example_dags/plugins/event_listener.py
[2026-05-09T04:48:51.052+0000] {processor.py:842} WARNING - No viable dags retrieved from /home/airflow/.local/lib/python3.12/site-packages/airflow/example_dags/plugins/event_listener.py
[2026-05-09T04:48:51.064+0000] {processor.py:183} INFO - Processing /home/airflow/.local/lib/python3.12/site-packages/airflow/example_dags/plugins/event_listener.py took 0.022 seconds
[2026-05-09T04:49:21.795+0000] {processor.py:161} INFO - Started process (PID=1603) to work on /home/airflow/.local/lib/python3.12/site-packages/airflow/example_dags/plugins/event_listener.py
[2026-05-09T04:49:21.796+0000] {processor.py:830} INFO - Processing file /home/airflow/.local/lib/python3.12/site-packages/airflow/example_dags/plugins/event_listener.py for tasks to queue
[2026-05-09T04:49:21.799+0000] {logging_mixin.py:188} INFO - [2026-05-09T04:49:21.798+0000] {dagbag.py:545} INFO - Filling up the DagBag from /home/airflow/.local/lib/python3.12/site-packages/airflow/example_dags/plugins/event_listener.py
[2026-05-09T04:49:21.802+0000] {processor.py:842} WARNING - No viable dags retrieved from /home/airflow/.local/lib/python3.12/site-packages/airflow/example_dags/plugins/event_listener.py
[2026-05-09T04:49:21.815+0000] {processor.py:183} INFO - Processing /home/airflow/.local/lib/python3.12/site-packages/airflow/example_dags/plugins/event_listener.py took 0.025 seconds
[2026-05-09T04:49:53.251+0000] {processor.py:161} INFO - Started process (PID=1664) to work on /home/airflow/.local/lib/python3.12/site-packages/airflow/example_dags/plugins/event_listener.py
[2026-05-09T04:49:53.252+0000] {processor.py:830} INFO - Processing file /home/airflow/.local/lib/python3.12/site-packages/airflow/example_dags/plugins/event_listener.py for tasks to queue
[2026-05-09T04:49:53.254+0000] {logging_mixin.py:188} INFO - [2026-05-09T04:49:53.254+0000] {dagbag.py:545} INFO - Filling up the DagBag from /home/airflow/.local/lib/python3.12/site-packages/airflow/example_dags/plugins/event_listener.py
[2026-05-09T04:49:53.256+0000] {processor.py:842} WARNING - No viable dags retrieved from /home/airflow/.local/lib/python3.12/site-packages/airflow/example_dags/plugins/event_listener.py
[2026-05-09T04:49:53.268+0000] {processor.py:183} INFO - Processing /home/airflow/.local/lib/python3.12/site-packages/airflow/example_dags/plugins/event_listener.py took 0.021 seconds
[2026-05-09T04:50:23.941+0000] {processor.py:161} INFO - Started process (PID=1725) to work on /home/airflow/.local/lib/python3.12/site-packages/airflow/example_dags/plugins/event_listener.py
[2026-05-09T04:50:23.943+0000] {processor.py:830} INFO - Processing file /home/airflow/.local/lib/python3.12/site-packages/airflow/example_dags/plugins/event_listener.py for tasks to queue
[2026-05-09T04:50:23.945+0000] {logging_mixin.py:188} INFO - [2026-05-09T04:50:23.945+0000] {dagbag.py:545} INFO - Filling up the DagBag from /home/airflow/.local/lib/python3.12/site-packages/airflow/example_dags/plugins/event_listener.py
[2026-05-09T04:50:23.947+0000] {processor.py:842} WARNING - No viable dags retrieved from /home/airflow/.local/lib/python3.12/site-packages/airflow/example_dags/plugins/event_listener.py
[2026-05-09T04:50:23.960+0000] {processor.py:183} INFO - Processing /home/airflow/.local/lib/python3.12/site-packages/airflow/example_dags/plugins/event_listener.py took 0.024 seconds
[2026-05-09T04:50:54.859+0000] {processor.py:161} INFO - Started process (PID=1783) to work on /home/airflow/.local/lib/python3.12/site-packages/airflow/example_dags/plugins/event_listener.py
[2026-05-09T04:50:54.860+0000] {processor.py:830} INFO - Processing file /home/airflow/.local/lib/python3.12/site-packages/airflow/example_dags/plugins/event_listener.py for tasks to queue
[2026-05-09T04:50:54.862+0000] {logging_mixin.py:188} INFO - [2026-05-09T04:50:54.861+0000] {dagbag.py:545} INFO - Filling up the DagBag from /home/airflow/.local/lib/python3.12/site-packages/airflow/example_dags/plugins/event_listener.py
[2026-05-09T04:50:54.864+0000] {processor.py:842} WARNING - No viable dags retrieved from /home/airflow/.local/lib/python3.12/site-packages/airflow/example_dags/plugins/event_listener.py
[2026-05-09T04:50:54.877+0000] {processor.py:183} INFO - Processing /home/airflow/.local/lib/python3.12/site-packages/airflow/example_dags/plugins/event_listener.py took 0.022 seconds
[2026-05-09T04:51:25.798+0000] {processor.py:161} INFO - Started process (PID=1843) to work on /home/airflow/.local/lib/python3.12/site-packages/airflow/example_dags/plugins/event_listener.py
[2026-05-09T04:51:25.799+0000] {processor.py:830} INFO - Processing file /home/airflow/.local/lib/python3.12/site-packages/airflow/example_dags/plugins/event_listener.py for tasks to queue
[2026-05-09T04:51:25.801+0000] {logging_mixin.py:188} INFO - [2026-05-09T04:51:25.801+0000] {dagbag.py:545} INFO - Filling up the DagBag from /home/airflow/.local/lib/python3.12/site-packages/airflow/example_dags/plugins/event_listener.py
[2026-05-09T04:51:25.804+0000] {processor.py:842} WARNING - No viable dags retrieved from /home/airflow/.local/lib/python3.12/site-packages/airflow/example_dags/plugins/event_listener.py
[2026-05-09T04:51:25.814+0000] {processor.py:183} INFO - Processing /home/airflow/.local/lib/python3.12/site-packages/airflow/example_dags/plugins/event_listener.py took 0.020 seconds
[2026-05-09T04:51:56.121+0000] {processor.py:161} INFO - Started process (PID=1903) to work on /home/airflow/.local/lib/python3.12/site-packages/airflow/example_dags/plugins/event_listener.py
[2026-05-09T04:51:56.122+0000] {processor.py:830} INFO - Processing file /home/airflow/.local/lib/python3.12/site-packages/airflow/example_dags/plugins/event_listener.py for tasks to queue
[2026-05-09T04:51:56.124+0000] {logging_mixin.py:188} INFO - [2026-05-09T04:51:56.123+0000] {dagbag.py:545} INFO - Filling up the DagBag from /home/airflow/.local/lib/python3.12/site-packages/airflow/example_dags/plugins/event_listener.py
[2026-05-09T04:51:56.126+0000] {processor.py:842} WARNING - No viable dags retrieved from /home/airflow/.local/lib/python3.12/site-packages/airflow/example_dags/plugins/event_listener.py
[2026-05-09T04:51:56.138+0000] {processor.py:183} INFO - Processing /home/airflow/.local/lib/python3.12/site-packages/airflow/example_dags/plugins/event_listener.py took 0.021 seconds
[2026-05-09T04:52:26.702+0000] {processor.py:161} INFO - Started process (PID=1963) to work on /home/airflow/.local/lib/python3.12/site-packages/airflow/example_dags/plugins/event_listener.py
[2026-05-09T04:52:26.706+0000] {processor.py:830} INFO - Processing file /home/airflow/.local/lib/python3.12/site-packages/airflow/example_dags/plugins/event_listener.py for tasks to queue
[2026-05-09T04:52:26.716+0000] {logging_mixin.py:188} INFO - [2026-05-09T04:52:26.715+0000] {dagbag.py:545} INFO - Filling up the DagBag from /home/airflow/.local/lib/python3.12/site-packages/airflow/example_dags/plugins/event_listener.py
[2026-05-09T04:52:26.720+0000] {processor.py:842} WARNING - No viable dags retrieved from /home/airflow/.local/lib/python3.12/site-packages/airflow/example_dags/plugins/event_listener.py
[2026-05-09T04:52:26.737+0000] {processor.py:183} INFO - Processing /home/airflow/.local/lib/python3.12/site-packages/airflow/example_dags/plugins/event_listener.py took 0.040 seconds
[2026-05-09T04:52:57.613+0000] {processor.py:161} INFO - Started process (PID=2023) to work on /home/airflow/.local/lib/python3.12/site-packages/airflow/example_dags/plugins/event_listener.py
[2026-05-09T04:52:57.615+0000] {processor.py:830} INFO - Processing file /home/airflow/.local/lib/python3.12/site-packages/airflow/example_dags/plugins/event_listener.py for tasks to queue
[2026-05-09T04:52:57.616+0000] {logging_mixin.py:188} INFO - [2026-05-09T04:52:57.616+0000] {dagbag.py:545} INFO - Filling up the DagBag from /home/airflow/.local/lib/python3.12/site-packages/airflow/example_dags/plugins/event_listener.py
[2026-05-09T04:52:57.618+0000] {processor.py:842} WARNING - No viable dags retrieved from /home/airflow/.local/lib/python3.12/site-packages/airflow/example_dags/plugins/event_listener.py
[2026-05-09T04:52:57.631+0000] {processor.py:183} INFO - Processing /home/airflow/.local/lib/python3.12/site-packages/airflow/example_dags/plugins/event_listener.py took 0.024 seconds
[2026-05-09T04:53:28.592+0000] {processor.py:161} INFO - Started process (PID=2083) to work on /home/airflow/.local/lib/python3.12/site-packages/airflow/example_dags/plugins/event_listener.py
[2026-05-09T04:53:28.594+0000] {processor.py:830} INFO - Processing file /home/airflow/.local/lib/python3.12/site-packages/airflow/example_dags/plugins/event_listener.py for tasks to queue
[2026-05-09T04:53:28.596+0000] {logging_mixin.py:188} INFO - [2026-05-09T04:53:28.596+0000] {dagbag.py:545} INFO - Filling up the DagBag from /home/airflow/.local/lib/python3.12/site-packages/airflow/example_dags/plugins/event_listener.py
[2026-05-09T04:53:28.598+0000] {processor.py:842} WARNING - No viable dags retrieved from /home/airflow/.local/lib/python3.12/site-packages/airflow/example_dags/plugins/event_listener.py
[2026-05-09T04:53:28.612+0000] {processor.py:183} INFO - Processing /home/airflow/.local/lib/python3.12/site-packages/airflow/example_dags/plugins/event_listener.py took 0.025 seconds
[2026-05-09T04:53:59.711+0000] {processor.py:161} INFO - Started process (PID=2143) to work on /home/airflow/.local/lib/python3.12/site-packages/airflow/example_dags/plugins/event_listener.py
[2026-05-09T04:53:59.712+0000] {processor.py:830} INFO - Processing file /home/airflow/.local/lib/python3.12/site-packages/airflow/example_dags/plugins/event_listener.py for tasks to queue
[2026-05-09T04:53:59.714+0000] {logging_mixin.py:188} INFO - [2026-05-09T04:53:59.714+0000] {dagbag.py:545} INFO - Filling up the DagBag from /home/airflow/.local/lib/python3.12/site-packages/airflow/example_dags/plugins/event_listener.py
[2026-05-09T04:53:59.716+0000] {processor.py:842} WARNING - No viable dags retrieved from /home/airflow/.local/lib/python3.12/site-packages/airflow/example_dags/plugins/event_listener.py
[2026-05-09T04:53:59.729+0000] {processor.py:183} INFO - Processing /home/airflow/.local/lib/python3.12/site-packages/airflow/example_dags/plugins/event_listener.py took 0.023 seconds
[2026-05-09T04:54:30.037+0000] {processor.py:161} INFO - Started process (PID=2202) to work on /home/airflow/.local/lib/python3.12/site-packages/airflow/example_dags/plugins/event_listener.py
[2026-05-09T04:54:30.038+0000] {processor.py:830} INFO - Processing file /home/airflow/.local/lib/python3.12/site-packages/airflow/example_dags/plugins/event_listener.py for tasks to queue
[2026-05-09T04:54:30.041+0000] {logging_mixin.py:188} INFO - [2026-05-09T04:54:30.041+0000] {dagbag.py:545} INFO - Filling up the DagBag from /home/airflow/.local/lib/python3.12/site-packages/airflow/example_dags/plugins/event_listener.py
[2026-05-09T04:54:30.044+0000] {processor.py:842} WARNING - No viable dags retrieved from /home/airflow/.local/lib/python3.12/site-packages/airflow/example_dags/plugins/event_listener.py
[2026-05-09T04:54:30.058+0000] {processor.py:183} INFO - Processing /home/airflow/.local/lib/python3.12/site-packages/airflow/example_dags/plugins/event_listener.py took 0.027 seconds
[2026-05-09T04:55:00.396+0000] {processor.py:161} INFO - Started process (PID=2262) to work on /home/airflow/.local/lib/python3.12/site-packages/airflow/example_dags/plugins/event_listener.py
[2026-05-09T04:55:00.398+0000] {processor.py:830} INFO - Processing file /home/airflow/.local/lib/python3.12/site-packages/airflow/example_dags/plugins/event_listener.py for tasks to queue
[2026-05-09T04:55:00.399+0000] {logging_mixin.py:188} INFO - [2026-05-09T04:55:00.399+0000] {dagbag.py:545} INFO - Filling up the DagBag from /home/airflow/.local/lib/python3.12/site-packages/airflow/example_dags/plugins/event_listener.py
[2026-05-09T04:55:00.401+0000] {processor.py:842} WARNING - No viable dags retrieved from /home/airflow/.local/lib/python3.12/site-packages/airflow/example_dags/plugins/event_listener.py
[2026-05-09T04:55:00.413+0000] {processor.py:183} INFO - Processing /home/airflow/.local/lib/python3.12/site-packages/airflow/example_dags/plugins/event_listener.py took 0.021 seconds
[2026-05-09T04:55:31.391+0000] {processor.py:161} INFO - Started process (PID=2322) to work on /home/airflow/.local/lib/python3.12/site-packages/airflow/example_dags/plugins/event_listener.py
[2026-05-09T04:55:31.392+0000] {processor.py:830} INFO - Processing file /home/airflow/.local/lib/python3.12/site-packages/airflow/example_dags/plugins/event_listener.py for tasks to queue
[2026-05-09T04:55:31.394+0000] {logging_mixin.py:188} INFO - [2026-05-09T04:55:31.394+0000] {dagbag.py:545} INFO - Filling up the DagBag from /home/airflow/.local/lib/python3.12/site-packages/airflow/example_dags/plugins/event_listener.py
[2026-05-09T04:55:31.396+0000] {processor.py:842} WARNING - No viable dags retrieved from /home/airflow/.local/lib/python3.12/site-packages/airflow/example_dags/plugins/event_listener.py
[2026-05-09T04:55:31.406+0000] {processor.py:183} INFO - Processing /home/airflow/.local/lib/python3.12/site-packages/airflow/example_dags/plugins/event_listener.py took 0.020 seconds
[2026-05-09T04:56:01.892+0000] {processor.py:161} INFO - Started process (PID=2388) to work on /home/airflow/.local/lib/python3.12/site-packages/airflow/example_dags/plugins/event_listener.py
[2026-05-09T04:56:01.893+0000] {processor.py:830} INFO - Processing file /home/airflow/.local/lib/python3.12/site-packages/airflow/example_dags/plugins/event_listener.py for tasks to queue
[2026-05-09T04:56:01.895+0000] {logging_mixin.py:188} INFO - [2026-05-09T04:56:01.895+0000] {dagbag.py:545} INFO - Filling up the DagBag from /home/airflow/.local/lib/python3.12/site-packages/airflow/example_dags/plugins/event_listener.py
[2026-05-09T04:56:01.897+0000] {processor.py:842} WARNING - No viable dags retrieved from /home/airflow/.local/lib/python3.12/site-packages/airflow/example_dags/plugins/event_listener.py
[2026-05-09T04:56:01.908+0000] {processor.py:183} INFO - Processing /home/airflow/.local/lib/python3.12/site-packages/airflow/example_dags/plugins/event_listener.py took 0.021 seconds
[2026-05-09T04:56:32.202+0000] {processor.py:161} INFO - Started process (PID=2447) to work on /home/airflow/.local/lib/python3.12/site-packages/airflow/example_dags/plugins/event_listener.py
[2026-05-09T04:56:32.203+0000] {processor.py:830} INFO - Processing file /home/airflow/.local/lib/python3.12/site-packages/airflow/example_dags/plugins/event_listener.py for tasks to queue
[2026-05-09T04:56:32.205+0000] {logging_mixin.py:188} INFO - [2026-05-09T04:56:32.205+0000] {dagbag.py:545} INFO - Filling up the DagBag from /home/airflow/.local/lib/python3.12/site-packages/airflow/example_dags/plugins/event_listener.py
[2026-05-09T04:56:32.207+0000] {processor.py:842} WARNING - No viable dags retrieved from /home/airflow/.local/lib/python3.12/site-packages/airflow/example_dags/plugins/event_listener.py
[2026-05-09T04:56:32.218+0000] {processor.py:183} INFO - Processing /home/airflow/.local/lib/python3.12/site-packages/airflow/example_dags/plugins/event_listener.py took 0.021 seconds
[2026-05-09T04:57:03.442+0000] {processor.py:161} INFO - Started process (PID=105) to work on /home/airflow/.local/lib/python3.12/site-packages/airflow/example_dags/plugins/event_listener.py
[2026-05-09T04:57:03.443+0000] {processor.py:830} INFO - Processing file /home/airflow/.local/lib/python3.12/site-packages/airflow/example_dags/plugins/event_listener.py for tasks to queue
[2026-05-09T04:57:03.445+0000] {logging_mixin.py:188} INFO - [2026-05-09T04:57:03.445+0000] {dagbag.py:545} INFO - Filling up the DagBag from /home/airflow/.local/lib/python3.12/site-packages/airflow/example_dags/plugins/event_listener.py
[2026-05-09T04:57:03.448+0000] {processor.py:842} WARNING - No viable dags retrieved from /home/airflow/.local/lib/python3.12/site-packages/airflow/example_dags/plugins/event_listener.py
[2026-05-09T04:57:03.462+0000] {processor.py:183} INFO - Processing /home/airflow/.local/lib/python3.12/site-packages/airflow/example_dags/plugins/event_listener.py took 0.027 seconds
[2026-05-09T04:57:45.406+0000] {processor.py:161} INFO - Started process (PID=106) to work on /home/airflow/.local/lib/python3.12/site-packages/airflow/example_dags/plugins/event_listener.py
[2026-05-09T04:57:45.407+0000] {processor.py:830} INFO - Processing file /home/airflow/.local/lib/python3.12/site-packages/airflow/example_dags/plugins/event_listener.py for tasks to queue
[2026-05-09T04:57:45.409+0000] {logging_mixin.py:188} INFO - [2026-05-09T04:57:45.409+0000] {dagbag.py:545} INFO - Filling up the DagBag from /home/airflow/.local/lib/python3.12/site-packages/airflow/example_dags/plugins/event_listener.py
[2026-05-09T04:57:45.411+0000] {processor.py:842} WARNING - No viable dags retrieved from /home/airflow/.local/lib/python3.12/site-packages/airflow/example_dags/plugins/event_listener.py
[2026-05-09T04:57:45.426+0000] {processor.py:183} INFO - Processing /home/airflow/.local/lib/python3.12/site-packages/airflow/example_dags/plugins/event_listener.py took 0.026 seconds
[2026-05-09T04:58:17.225+0000] {processor.py:161} INFO - Started process (PID=166) to work on /home/airflow/.local/lib/python3.12/site-packages/airflow/example_dags/plugins/event_listener.py
[2026-05-09T04:58:17.228+0000] {processor.py:830} INFO - Processing file /home/airflow/.local/lib/python3.12/site-packages/airflow/example_dags/plugins/event_listener.py for tasks to queue
[2026-05-09T04:58:17.230+0000] {logging_mixin.py:188} INFO - [2026-05-09T04:58:17.230+0000] {dagbag.py:545} INFO - Filling up the DagBag from /home/airflow/.local/lib/python3.12/site-packages/airflow/example_dags/plugins/event_listener.py
[2026-05-09T04:58:17.233+0000] {processor.py:842} WARNING - No viable dags retrieved from /home/airflow/.local/lib/python3.12/site-packages/airflow/example_dags/plugins/event_listener.py
[2026-05-09T04:58:17.248+0000] {processor.py:183} INFO - Processing /home/airflow/.local/lib/python3.12/site-packages/airflow/example_dags/plugins/event_listener.py took 0.031 seconds
[2026-05-09T04:58:48.016+0000] {processor.py:161} INFO - Started process (PID=224) to work on /home/airflow/.local/lib/python3.12/site-packages/airflow/example_dags/plugins/event_listener.py
[2026-05-09T04:58:48.021+0000] {processor.py:830} INFO - Processing file /home/airflow/.local/lib/python3.12/site-packages/airflow/example_dags/plugins/event_listener.py for tasks to queue
[2026-05-09T04:58:48.026+0000] {logging_mixin.py:188} INFO - [2026-05-09T04:58:48.025+0000] {dagbag.py:545} INFO - Filling up the DagBag from /home/airflow/.local/lib/python3.12/site-packages/airflow/example_dags/plugins/event_listener.py
[2026-05-09T04:58:48.028+0000] {processor.py:842} WARNING - No viable dags retrieved from /home/airflow/.local/lib/python3.12/site-packages/airflow/example_dags/plugins/event_listener.py
[2026-05-09T04:58:48.046+0000] {processor.py:183} INFO - Processing /home/airflow/.local/lib/python3.12/site-packages/airflow/example_dags/plugins/event_listener.py took 0.037 seconds
[2026-05-09T04:59:18.205+0000] {processor.py:161} INFO - Started process (PID=284) to work on /home/airflow/.local/lib/python3.12/site-packages/airflow/example_dags/plugins/event_listener.py
[2026-05-09T04:59:18.206+0000] {processor.py:830} INFO - Processing file /home/airflow/.local/lib/python3.12/site-packages/airflow/example_dags/plugins/event_listener.py for tasks to queue
[2026-05-09T04:59:18.207+0000] {logging_mixin.py:188} INFO - [2026-05-09T04:59:18.207+0000] {dagbag.py:545} INFO - Filling up the DagBag from /home/airflow/.local/lib/python3.12/site-packages/airflow/example_dags/plugins/event_listener.py
[2026-05-09T04:59:18.209+0000] {processor.py:842} WARNING - No viable dags retrieved from /home/airflow/.local/lib/python3.12/site-packages/airflow/example_dags/plugins/event_listener.py
[2026-05-09T04:59:18.219+0000] {processor.py:183} INFO - Processing /home/airflow/.local/lib/python3.12/site-packages/airflow/example_dags/plugins/event_listener.py took 0.019 seconds
[2026-05-09T04:59:48.447+0000] {processor.py:161} INFO - Started process (PID=344) to work on /home/airflow/.local/lib/python3.12/site-packages/airflow/example_dags/plugins/event_listener.py
[2026-05-09T04:59:48.448+0000] {processor.py:830} INFO - Processing file /home/airflow/.local/lib/python3.12/site-packages/airflow/example_dags/plugins/event_listener.py for tasks to queue
[2026-05-09T04:59:48.450+0000] {logging_mixin.py:188} INFO - [2026-05-09T04:59:48.450+0000] {dagbag.py:545} INFO - Filling up the DagBag from /home/airflow/.local/lib/python3.12/site-packages/airflow/example_dags/plugins/event_listener.py
[2026-05-09T04:59:48.452+0000] {processor.py:842} WARNING - No viable dags retrieved from /home/airflow/.local/lib/python3.12/site-packages/airflow/example_dags/plugins/event_listener.py
[2026-05-09T04:59:48.465+0000] {processor.py:183} INFO - Processing /home/airflow/.local/lib/python3.12/site-packages/airflow/example_dags/plugins/event_listener.py took 0.022 seconds
[2026-05-09T05:00:18.783+0000] {processor.py:161} INFO - Started process (PID=404) to work on /home/airflow/.local/lib/python3.12/site-packages/airflow/example_dags/plugins/event_listener.py
[2026-05-09T05:00:18.784+0000] {processor.py:830} INFO - Processing file /home/airflow/.local/lib/python3.12/site-packages/airflow/example_dags/plugins/event_listener.py for tasks to queue
[2026-05-09T05:00:18.786+0000] {logging_mixin.py:188} INFO - [2026-05-09T05:00:18.786+0000] {dagbag.py:545} INFO - Filling up the DagBag from /home/airflow/.local/lib/python3.12/site-packages/airflow/example_dags/plugins/event_listener.py
[2026-05-09T05:00:18.788+0000] {processor.py:842} WARNING - No viable dags retrieved from /home/airflow/.local/lib/python3.12/site-packages/airflow/example_dags/plugins/event_listener.py
[2026-05-09T05:00:18.799+0000] {processor.py:183} INFO - Processing /home/airflow/.local/lib/python3.12/site-packages/airflow/example_dags/plugins/event_listener.py took 0.019 seconds
[2026-05-09T05:00:49.867+0000] {processor.py:161} INFO - Started process (PID=464) to work on /home/airflow/.local/lib/python3.12/site-packages/airflow/example_dags/plugins/event_listener.py
[2026-05-09T05:00:49.868+0000] {processor.py:830} INFO - Processing file /home/airflow/.local/lib/python3.12/site-packages/airflow/example_dags/plugins/event_listener.py for tasks to queue
[2026-05-09T05:00:49.870+0000] {logging_mixin.py:188} INFO - [2026-05-09T05:00:49.870+0000] {dagbag.py:545} INFO - Filling up the DagBag from /home/airflow/.local/lib/python3.12/site-packages/airflow/example_dags/plugins/event_listener.py
[2026-05-09T05:00:49.872+0000] {processor.py:842} WARNING - No viable dags retrieved from /home/airflow/.local/lib/python3.12/site-packages/airflow/example_dags/plugins/event_listener.py
[2026-05-09T05:00:49.882+0000] {processor.py:183} INFO - Processing /home/airflow/.local/lib/python3.12/site-packages/airflow/example_dags/plugins/event_listener.py took 0.020 seconds
[2026-05-09T05:01:20.700+0000] {processor.py:161} INFO - Started process (PID=524) to work on /home/airflow/.local/lib/python3.12/site-packages/airflow/example_dags/plugins/event_listener.py
[2026-05-09T05:01:20.701+0000] {processor.py:830} INFO - Processing file /home/airflow/.local/lib/python3.12/site-packages/airflow/example_dags/plugins/event_listener.py for tasks to queue
[2026-05-09T05:01:20.702+0000] {logging_mixin.py:188} INFO - [2026-05-09T05:01:20.702+0000] {dagbag.py:545} INFO - Filling up the DagBag from /home/airflow/.local/lib/python3.12/site-packages/airflow/example_dags/plugins/event_listener.py
[2026-05-09T05:01:20.704+0000] {processor.py:842} WARNING - No viable dags retrieved from /home/airflow/.local/lib/python3.12/site-packages/airflow/example_dags/plugins/event_listener.py
[2026-05-09T05:01:20.718+0000] {processor.py:183} INFO - Processing /home/airflow/.local/lib/python3.12/site-packages/airflow/example_dags/plugins/event_listener.py took 0.023 seconds
[2026-05-09T05:01:50.940+0000] {processor.py:161} INFO - Started process (PID=584) to work on /home/airflow/.local/lib/python3.12/site-packages/airflow/example_dags/plugins/event_listener.py
[2026-05-09T05:01:50.941+0000] {processor.py:830} INFO - Processing file /home/airflow/.local/lib/python3.12/site-packages/airflow/example_dags/plugins/event_listener.py for tasks to queue
[2026-05-09T05:01:50.943+0000] {logging_mixin.py:188} INFO - [2026-05-09T05:01:50.943+0000] {dagbag.py:545} INFO - Filling up the DagBag from /home/airflow/.local/lib/python3.12/site-packages/airflow/example_dags/plugins/event_listener.py
[2026-05-09T05:01:50.945+0000] {processor.py:842} WARNING - No viable dags retrieved from /home/airflow/.local/lib/python3.12/site-packages/airflow/example_dags/plugins/event_listener.py
[2026-05-09T05:01:50.956+0000] {processor.py:183} INFO - Processing /home/airflow/.local/lib/python3.12/site-packages/airflow/example_dags/plugins/event_listener.py took 0.020 seconds
[2026-05-09T05:02:21.734+0000] {processor.py:161} INFO - Started process (PID=644) to work on /home/airflow/.local/lib/python3.12/site-packages/airflow/example_dags/plugins/event_listener.py
[2026-05-09T05:02:21.736+0000] {processor.py:830} INFO - Processing file /home/airflow/.local/lib/python3.12/site-packages/airflow/example_dags/plugins/event_listener.py for tasks to queue
[2026-05-09T05:02:21.739+0000] {logging_mixin.py:188} INFO - [2026-05-09T05:02:21.738+0000] {dagbag.py:545} INFO - Filling up the DagBag from /home/airflow/.local/lib/python3.12/site-packages/airflow/example_dags/plugins/event_listener.py
[2026-05-09T05:02:21.741+0000] {processor.py:842} WARNING - No viable dags retrieved from /home/airflow/.local/lib/python3.12/site-packages/airflow/example_dags/plugins/event_listener.py
[2026-05-09T05:02:21.756+0000] {processor.py:183} INFO - Processing /home/airflow/.local/lib/python3.12/site-packages/airflow/example_dags/plugins/event_listener.py took 0.030 seconds
[2026-05-09T05:02:52.128+0000] {processor.py:161} INFO - Started process (PID=704) to work on /home/airflow/.local/lib/python3.12/site-packages/airflow/example_dags/plugins/event_listener.py
[2026-05-09T05:02:52.129+0000] {processor.py:830} INFO - Processing file /home/airflow/.local/lib/python3.12/site-packages/airflow/example_dags/plugins/event_listener.py for tasks to queue
[2026-05-09T05:02:52.131+0000] {logging_mixin.py:188} INFO - [2026-05-09T05:02:52.130+0000] {dagbag.py:545} INFO - Filling up the DagBag from /home/airflow/.local/lib/python3.12/site-packages/airflow/example_dags/plugins/event_listener.py
[2026-05-09T05:02:52.133+0000] {processor.py:842} WARNING - No viable dags retrieved from /home/airflow/.local/lib/python3.12/site-packages/airflow/example_dags/plugins/event_listener.py
[2026-05-09T05:02:52.147+0000] {processor.py:183} INFO - Processing /home/airflow/.local/lib/python3.12/site-packages/airflow/example_dags/plugins/event_listener.py took 0.025 seconds
[2026-05-09T05:03:23.315+0000] {processor.py:161} INFO - Started process (PID=764) to work on /home/airflow/.local/lib/python3.12/site-packages/airflow/example_dags/plugins/event_listener.py
[2026-05-09T05:03:23.316+0000] {processor.py:830} INFO - Processing file /home/airflow/.local/lib/python3.12/site-packages/airflow/example_dags/plugins/event_listener.py for tasks to queue
[2026-05-09T05:03:23.318+0000] {logging_mixin.py:188} INFO - [2026-05-09T05:03:23.318+0000] {dagbag.py:545} INFO - Filling up the DagBag from /home/airflow/.local/lib/python3.12/site-packages/airflow/example_dags/plugins/event_listener.py
[2026-05-09T05:03:23.321+0000] {processor.py:842} WARNING - No viable dags retrieved from /home/airflow/.local/lib/python3.12/site-packages/airflow/example_dags/plugins/event_listener.py
[2026-05-09T05:03:23.337+0000] {processor.py:183} INFO - Processing /home/airflow/.local/lib/python3.12/site-packages/airflow/example_dags/plugins/event_listener.py took 0.029 seconds
[2026-05-09T05:03:58.863+0000] {processor.py:161} INFO - Started process (PID=825) to work on /home/airflow/.local/lib/python3.12/site-packages/airflow/example_dags/plugins/event_listener.py
[2026-05-09T05:03:58.864+0000] {processor.py:830} INFO - Processing file /home/airflow/.local/lib/python3.12/site-packages/airflow/example_dags/plugins/event_listener.py for tasks to queue
[2026-05-09T05:03:58.866+0000] {logging_mixin.py:188} INFO - [2026-05-09T05:03:58.866+0000] {dagbag.py:545} INFO - Filling up the DagBag from /home/airflow/.local/lib/python3.12/site-packages/airflow/example_dags/plugins/event_listener.py
[2026-05-09T05:03:58.869+0000] {processor.py:842} WARNING - No viable dags retrieved from /home/airflow/.local/lib/python3.12/site-packages/airflow/example_dags/plugins/event_listener.py
[2026-05-09T05:03:58.885+0000] {processor.py:183} INFO - Processing /home/airflow/.local/lib/python3.12/site-packages/airflow/example_dags/plugins/event_listener.py took 0.027 seconds
[2026-05-09T05:04:29.279+0000] {processor.py:161} INFO - Started process (PID=884) to work on /home/airflow/.local/lib/python3.12/site-packages/airflow/example_dags/plugins/event_listener.py
[2026-05-09T05:04:29.281+0000] {processor.py:830} INFO - Processing file /home/airflow/.local/lib/python3.12/site-packages/airflow/example_dags/plugins/event_listener.py for tasks to queue
[2026-05-09T05:04:29.283+0000] {logging_mixin.py:188} INFO - [2026-05-09T05:04:29.283+0000] {dagbag.py:545} INFO - Filling up the DagBag from /home/airflow/.local/lib/python3.12/site-packages/airflow/example_dags/plugins/event_listener.py
[2026-05-09T05:04:29.285+0000] {processor.py:842} WARNING - No viable dags retrieved from /home/airflow/.local/lib/python3.12/site-packages/airflow/example_dags/plugins/event_listener.py
[2026-05-09T05:04:29.300+0000] {processor.py:183} INFO - Processing /home/airflow/.local/lib/python3.12/site-packages/airflow/example_dags/plugins/event_listener.py took 0.026 seconds
[2026-05-09T05:04:59.468+0000] {processor.py:161} INFO - Started process (PID=944) to work on /home/airflow/.local/lib/python3.12/site-packages/airflow/example_dags/plugins/event_listener.py
[2026-05-09T05:04:59.469+0000] {processor.py:830} INFO - Processing file /home/airflow/.local/lib/python3.12/site-packages/airflow/example_dags/plugins/event_listener.py for tasks to queue
[2026-05-09T05:04:59.471+0000] {logging_mixin.py:188} INFO - [2026-05-09T05:04:59.471+0000] {dagbag.py:545} INFO - Filling up the DagBag from /home/airflow/.local/lib/python3.12/site-packages/airflow/example_dags/plugins/event_listener.py
[2026-05-09T05:04:59.473+0000] {processor.py:842} WARNING - No viable dags retrieved from /home/airflow/.local/lib/python3.12/site-packages/airflow/example_dags/plugins/event_listener.py
[2026-05-09T05:04:59.484+0000] {processor.py:183} INFO - Processing /home/airflow/.local/lib/python3.12/site-packages/airflow/example_dags/plugins/event_listener.py took 0.020 seconds
[2026-05-09T05:05:29.615+0000] {processor.py:161} INFO - Started process (PID=1004) to work on /home/airflow/.local/lib/python3.12/site-packages/airflow/example_dags/plugins/event_listener.py
[2026-05-09T05:05:29.616+0000] {processor.py:830} INFO - Processing file /home/airflow/.local/lib/python3.12/site-packages/airflow/example_dags/plugins/event_listener.py for tasks to queue
[2026-05-09T05:05:29.618+0000] {logging_mixin.py:188} INFO - [2026-05-09T05:05:29.618+0000] {dagbag.py:545} INFO - Filling up the DagBag from /home/airflow/.local/lib/python3.12/site-packages/airflow/example_dags/plugins/event_listener.py
[2026-05-09T05:05:29.620+0000] {processor.py:842} WARNING - No viable dags retrieved from /home/airflow/.local/lib/python3.12/site-packages/airflow/example_dags/plugins/event_listener.py
[2026-05-09T05:05:29.634+0000] {processor.py:183} INFO - Processing /home/airflow/.local/lib/python3.12/site-packages/airflow/example_dags/plugins/event_listener.py took 0.023 seconds
[2026-05-09T05:05:59.779+0000] {processor.py:161} INFO - Started process (PID=1063) to work on /home/airflow/.local/lib/python3.12/site-packages/airflow/example_dags/plugins/event_listener.py
[2026-05-09T05:05:59.781+0000] {processor.py:830} INFO - Processing file /home/airflow/.local/lib/python3.12/site-packages/airflow/example_dags/plugins/event_listener.py for tasks to queue
[2026-05-09T05:05:59.782+0000] {logging_mixin.py:188} INFO - [2026-05-09T05:05:59.782+0000] {dagbag.py:545} INFO - Filling up the DagBag from /home/airflow/.local/lib/python3.12/site-packages/airflow/example_dags/plugins/event_listener.py
[2026-05-09T05:05:59.784+0000] {processor.py:842} WARNING - No viable dags retrieved from /home/airflow/.local/lib/python3.12/site-packages/airflow/example_dags/plugins/event_listener.py
[2026-05-09T05:05:59.796+0000] {processor.py:183} INFO - Processing /home/airflow/.local/lib/python3.12/site-packages/airflow/example_dags/plugins/event_listener.py took 0.021 seconds
[2026-05-09T05:06:30.923+0000] {processor.py:161} INFO - Started process (PID=1123) to work on /home/airflow/.local/lib/python3.12/site-packages/airflow/example_dags/plugins/event_listener.py
[2026-05-09T05:06:30.924+0000] {processor.py:830} INFO - Processing file /home/airflow/.local/lib/python3.12/site-packages/airflow/example_dags/plugins/event_listener.py for tasks to queue
[2026-05-09T05:06:30.926+0000] {logging_mixin.py:188} INFO - [2026-05-09T05:06:30.925+0000] {dagbag.py:545} INFO - Filling up the DagBag from /home/airflow/.local/lib/python3.12/site-packages/airflow/example_dags/plugins/event_listener.py
[2026-05-09T05:06:30.928+0000] {processor.py:842} WARNING - No viable dags retrieved from /home/airflow/.local/lib/python3.12/site-packages/airflow/example_dags/plugins/event_listener.py
[2026-05-09T05:06:30.940+0000] {processor.py:183} INFO - Processing /home/airflow/.local/lib/python3.12/site-packages/airflow/example_dags/plugins/event_listener.py took 0.023 seconds
[2026-05-09T05:07:01.307+0000] {processor.py:161} INFO - Started process (PID=1183) to work on /home/airflow/.local/lib/python3.12/site-packages/airflow/example_dags/plugins/event_listener.py
[2026-05-09T05:07:01.308+0000] {processor.py:830} INFO - Processing file /home/airflow/.local/lib/python3.12/site-packages/airflow/example_dags/plugins/event_listener.py for tasks to queue
[2026-05-09T05:07:01.310+0000] {logging_mixin.py:188} INFO - [2026-05-09T05:07:01.310+0000] {dagbag.py:545} INFO - Filling up the DagBag from /home/airflow/.local/lib/python3.12/site-packages/airflow/example_dags/plugins/event_listener.py
[2026-05-09T05:07:01.312+0000] {processor.py:842} WARNING - No viable dags retrieved from /home/airflow/.local/lib/python3.12/site-packages/airflow/example_dags/plugins/event_listener.py
[2026-05-09T05:07:01.322+0000] {processor.py:183} INFO - Processing /home/airflow/.local/lib/python3.12/site-packages/airflow/example_dags/plugins/event_listener.py took 0.021 seconds
[2026-05-09T05:07:31.802+0000] {processor.py:161} INFO - Started process (PID=1243) to work on /home/airflow/.local/lib/python3.12/site-packages/airflow/example_dags/plugins/event_listener.py
[2026-05-09T05:07:31.803+0000] {processor.py:830} INFO - Processing file /home/airflow/.local/lib/python3.12/site-packages/airflow/example_dags/plugins/event_listener.py for tasks to queue
[2026-05-09T05:07:31.805+0000] {logging_mixin.py:188} INFO - [2026-05-09T05:07:31.805+0000] {dagbag.py:545} INFO - Filling up the DagBag from /home/airflow/.local/lib/python3.12/site-packages/airflow/example_dags/plugins/event_listener.py
[2026-05-09T05:07:31.810+0000] {processor.py:842} WARNING - No viable dags retrieved from /home/airflow/.local/lib/python3.12/site-packages/airflow/example_dags/plugins/event_listener.py
[2026-05-09T05:07:31.822+0000] {processor.py:183} INFO - Processing /home/airflow/.local/lib/python3.12/site-packages/airflow/example_dags/plugins/event_listener.py took 0.025 seconds
[2026-05-09T05:08:02.248+0000] {processor.py:161} INFO - Started process (PID=1303) to work on /home/airflow/.local/lib/python3.12/site-packages/airflow/example_dags/plugins/event_listener.py
[2026-05-09T05:08:02.248+0000] {processor.py:830} INFO - Processing file /home/airflow/.local/lib/python3.12/site-packages/airflow/example_dags/plugins/event_listener.py for tasks to queue
[2026-05-09T05:08:02.250+0000] {logging_mixin.py:188} INFO - [2026-05-09T05:08:02.250+0000] {dagbag.py:545} INFO - Filling up the DagBag from /home/airflow/.local/lib/python3.12/site-packages/airflow/example_dags/plugins/event_listener.py
[2026-05-09T05:08:02.252+0000] {processor.py:842} WARNING - No viable dags retrieved from /home/airflow/.local/lib/python3.12/site-packages/airflow/example_dags/plugins/event_listener.py
[2026-05-09T05:08:02.263+0000] {processor.py:183} INFO - Processing /home/airflow/.local/lib/python3.12/site-packages/airflow/example_dags/plugins/event_listener.py took 0.019 seconds
[2026-05-09T05:08:32.458+0000] {processor.py:161} INFO - Started process (PID=1363) to work on /home/airflow/.local/lib/python3.12/site-packages/airflow/example_dags/plugins/event_listener.py
[2026-05-09T05:08:32.459+0000] {processor.py:830} INFO - Processing file /home/airflow/.local/lib/python3.12/site-packages/airflow/example_dags/plugins/event_listener.py for tasks to queue
[2026-05-09T05:08:32.461+0000] {logging_mixin.py:188} INFO - [2026-05-09T05:08:32.460+0000] {dagbag.py:545} INFO - Filling up the DagBag from /home/airflow/.local/lib/python3.12/site-packages/airflow/example_dags/plugins/event_listener.py
[2026-05-09T05:08:32.463+0000] {processor.py:842} WARNING - No viable dags retrieved from /home/airflow/.local/lib/python3.12/site-packages/airflow/example_dags/plugins/event_listener.py
[2026-05-09T05:08:32.477+0000] {processor.py:183} INFO - Processing /home/airflow/.local/lib/python3.12/site-packages/airflow/example_dags/plugins/event_listener.py took 0.026 seconds
[2026-05-09T05:09:03.350+0000] {processor.py:161} INFO - Started process (PID=1423) to work on /home/airflow/.local/lib/python3.12/site-packages/airflow/example_dags/plugins/event_listener.py
[2026-05-09T05:09:03.351+0000] {processor.py:830} INFO - Processing file /home/airflow/.local/lib/python3.12/site-packages/airflow/example_dags/plugins/event_listener.py for tasks to queue
[2026-05-09T05:09:03.352+0000] {logging_mixin.py:188} INFO - [2026-05-09T05:09:03.352+0000] {dagbag.py:545} INFO - Filling up the DagBag from /home/airflow/.local/lib/python3.12/site-packages/airflow/example_dags/plugins/event_listener.py
[2026-05-09T05:09:03.354+0000] {processor.py:842} WARNING - No viable dags retrieved from /home/airflow/.local/lib/python3.12/site-packages/airflow/example_dags/plugins/event_listener.py
[2026-05-09T05:09:03.364+0000] {processor.py:183} INFO - Processing /home/airflow/.local/lib/python3.12/site-packages/airflow/example_dags/plugins/event_listener.py took 0.018 seconds
[2026-05-09T05:09:34.026+0000] {processor.py:161} INFO - Started process (PID=1483) to work on /home/airflow/.local/lib/python3.12/site-packages/airflow/example_dags/plugins/event_listener.py
[2026-05-09T05:09:34.027+0000] {processor.py:830} INFO - Processing file /home/airflow/.local/lib/python3.12/site-packages/airflow/example_dags/plugins/event_listener.py for tasks to queue
[2026-05-09T05:09:34.029+0000] {logging_mixin.py:188} INFO - [2026-05-09T05:09:34.029+0000] {dagbag.py:545} INFO - Filling up the DagBag from /home/airflow/.local/lib/python3.12/site-packages/airflow/example_dags/plugins/event_listener.py
[2026-05-09T05:09:34.032+0000] {processor.py:842} WARNING - No viable dags retrieved from /home/airflow/.local/lib/python3.12/site-packages/airflow/example_dags/plugins/event_listener.py
[2026-05-09T05:09:34.044+0000] {processor.py:183} INFO - Processing /home/airflow/.local/lib/python3.12/site-packages/airflow/example_dags/plugins/event_listener.py took 0.023 seconds
[2026-05-09T05:10:04.162+0000] {processor.py:161} INFO - Started process (PID=1542) to work on /home/airflow/.local/lib/python3.12/site-packages/airflow/example_dags/plugins/event_listener.py
[2026-05-09T05:10:04.163+0000] {processor.py:830} INFO - Processing file /home/airflow/.local/lib/python3.12/site-packages/airflow/example_dags/plugins/event_listener.py for tasks to queue
[2026-05-09T05:10:04.165+0000] {logging_mixin.py:188} INFO - [2026-05-09T05:10:04.164+0000] {dagbag.py:545} INFO - Filling up the DagBag from /home/airflow/.local/lib/python3.12/site-packages/airflow/example_dags/plugins/event_listener.py
[2026-05-09T05:10:04.166+0000] {processor.py:842} WARNING - No viable dags retrieved from /home/airflow/.local/lib/python3.12/site-packages/airflow/example_dags/plugins/event_listener.py
[2026-05-09T05:10:04.177+0000] {processor.py:183} INFO - Processing /home/airflow/.local/lib/python3.12/site-packages/airflow/example_dags/plugins/event_listener.py took 0.020 seconds
[2026-05-09T05:10:35.061+0000] {processor.py:161} INFO - Started process (PID=1602) to work on /home/airflow/.local/lib/python3.12/site-packages/airflow/example_dags/plugins/event_listener.py
[2026-05-09T05:10:35.062+0000] {processor.py:830} INFO - Processing file /home/airflow/.local/lib/python3.12/site-packages/airflow/example_dags/plugins/event_listener.py for tasks to queue
[2026-05-09T05:10:35.064+0000] {logging_mixin.py:188} INFO - [2026-05-09T05:10:35.064+0000] {dagbag.py:545} INFO - Filling up the DagBag from /home/airflow/.local/lib/python3.12/site-packages/airflow/example_dags/plugins/event_listener.py
[2026-05-09T05:10:35.066+0000] {processor.py:842} WARNING - No viable dags retrieved from /home/airflow/.local/lib/python3.12/site-packages/airflow/example_dags/plugins/event_listener.py
[2026-05-09T05:10:35.078+0000] {processor.py:183} INFO - Processing /home/airflow/.local/lib/python3.12/site-packages/airflow/example_dags/plugins/event_listener.py took 0.021 seconds
[2026-05-09T05:11:05.717+0000] {processor.py:161} INFO - Started process (PID=1663) to work on /home/airflow/.local/lib/python3.12/site-packages/airflow/example_dags/plugins/event_listener.py
[2026-05-09T05:11:05.719+0000] {processor.py:830} INFO - Processing file /home/airflow/.local/lib/python3.12/site-packages/airflow/example_dags/plugins/event_listener.py for tasks to queue
[2026-05-09T05:11:05.723+0000] {logging_mixin.py:188} INFO - [2026-05-09T05:11:05.722+0000] {dagbag.py:545} INFO - Filling up the DagBag from /home/airflow/.local/lib/python3.12/site-packages/airflow/example_dags/plugins/event_listener.py
[2026-05-09T05:11:05.726+0000] {processor.py:842} WARNING - No viable dags retrieved from /home/airflow/.local/lib/python3.12/site-packages/airflow/example_dags/plugins/event_listener.py
[2026-05-09T05:11:05.741+0000] {processor.py:183} INFO - Processing /home/airflow/.local/lib/python3.12/site-packages/airflow/example_dags/plugins/event_listener.py took 0.030 seconds
[2026-05-09T05:11:36.147+0000] {processor.py:161} INFO - Started process (PID=1723) to work on /home/airflow/.local/lib/python3.12/site-packages/airflow/example_dags/plugins/event_listener.py
[2026-05-09T05:11:36.148+0000] {processor.py:830} INFO - Processing file /home/airflow/.local/lib/python3.12/site-packages/airflow/example_dags/plugins/event_listener.py for tasks to queue
[2026-05-09T05:11:36.151+0000] {logging_mixin.py:188} INFO - [2026-05-09T05:11:36.151+0000] {dagbag.py:545} INFO - Filling up the DagBag from /home/airflow/.local/lib/python3.12/site-packages/airflow/example_dags/plugins/event_listener.py
[2026-05-09T05:11:36.153+0000] {processor.py:842} WARNING - No viable dags retrieved from /home/airflow/.local/lib/python3.12/site-packages/airflow/example_dags/plugins/event_listener.py
[2026-05-09T05:11:36.167+0000] {processor.py:183} INFO - Processing /home/airflow/.local/lib/python3.12/site-packages/airflow/example_dags/plugins/event_listener.py took 0.025 seconds
[2026-05-09T05:12:07.275+0000] {processor.py:161} INFO - Started process (PID=1783) to work on /home/airflow/.local/lib/python3.12/site-packages/airflow/example_dags/plugins/event_listener.py
[2026-05-09T05:12:07.276+0000] {processor.py:830} INFO - Processing file /home/airflow/.local/lib/python3.12/site-packages/airflow/example_dags/plugins/event_listener.py for tasks to queue
[2026-05-09T05:12:07.278+0000] {logging_mixin.py:188} INFO - [2026-05-09T05:12:07.278+0000] {dagbag.py:545} INFO - Filling up the DagBag from /home/airflow/.local/lib/python3.12/site-packages/airflow/example_dags/plugins/event_listener.py
[2026-05-09T05:12:07.280+0000] {processor.py:842} WARNING - No viable dags retrieved from /home/airflow/.local/lib/python3.12/site-packages/airflow/example_dags/plugins/event_listener.py
[2026-05-09T05:12:07.290+0000] {processor.py:183} INFO - Processing /home/airflow/.local/lib/python3.12/site-packages/airflow/example_dags/plugins/event_listener.py took 0.020 seconds
[2026-05-09T05:12:37.904+0000] {processor.py:161} INFO - Started process (PID=1843) to work on /home/airflow/.local/lib/python3.12/site-packages/airflow/example_dags/plugins/event_listener.py
[2026-05-09T05:12:37.905+0000] {processor.py:830} INFO - Processing file /home/airflow/.local/lib/python3.12/site-packages/airflow/example_dags/plugins/event_listener.py for tasks to queue
[2026-05-09T05:12:37.907+0000] {logging_mixin.py:188} INFO - [2026-05-09T05:12:37.907+0000] {dagbag.py:545} INFO - Filling up the DagBag from /home/airflow/.local/lib/python3.12/site-packages/airflow/example_dags/plugins/event_listener.py
[2026-05-09T05:12:37.909+0000] {processor.py:842} WARNING - No viable dags retrieved from /home/airflow/.local/lib/python3.12/site-packages/airflow/example_dags/plugins/event_listener.py
[2026-05-09T05:12:37.920+0000] {processor.py:183} INFO - Processing /home/airflow/.local/lib/python3.12/site-packages/airflow/example_dags/plugins/event_listener.py took 0.020 seconds
[2026-05-09T05:13:08.151+0000] {processor.py:161} INFO - Started process (PID=1903) to work on /home/airflow/.local/lib/python3.12/site-packages/airflow/example_dags/plugins/event_listener.py
[2026-05-09T05:13:08.152+0000] {processor.py:830} INFO - Processing file /home/airflow/.local/lib/python3.12/site-packages/airflow/example_dags/plugins/event_listener.py for tasks to queue
[2026-05-09T05:13:08.154+0000] {logging_mixin.py:188} INFO - [2026-05-09T05:13:08.154+0000] {dagbag.py:545} INFO - Filling up the DagBag from /home/airflow/.local/lib/python3.12/site-packages/airflow/example_dags/plugins/event_listener.py
[2026-05-09T05:13:08.156+0000] {processor.py:842} WARNING - No viable dags retrieved from /home/airflow/.local/lib/python3.12/site-packages/airflow/example_dags/plugins/event_listener.py
[2026-05-09T05:13:08.170+0000] {processor.py:183} INFO - Processing /home/airflow/.local/lib/python3.12/site-packages/airflow/example_dags/plugins/event_listener.py took 0.025 seconds
[2026-05-09T05:13:39.090+0000] {processor.py:161} INFO - Started process (PID=1963) to work on /home/airflow/.local/lib/python3.12/site-packages/airflow/example_dags/plugins/event_listener.py
[2026-05-09T05:13:39.091+0000] {processor.py:830} INFO - Processing file /home/airflow/.local/lib/python3.12/site-packages/airflow/example_dags/plugins/event_listener.py for tasks to queue
[2026-05-09T05:13:39.093+0000] {logging_mixin.py:188} INFO - [2026-05-09T05:13:39.093+0000] {dagbag.py:545} INFO - Filling up the DagBag from /home/airflow/.local/lib/python3.12/site-packages/airflow/example_dags/plugins/event_listener.py
[2026-05-09T05:13:39.095+0000] {processor.py:842} WARNING - No viable dags retrieved from /home/airflow/.local/lib/python3.12/site-packages/airflow/example_dags/plugins/event_listener.py
[2026-05-09T05:13:39.105+0000] {processor.py:183} INFO - Processing /home/airflow/.local/lib/python3.12/site-packages/airflow/example_dags/plugins/event_listener.py took 0.020 seconds
[2026-05-09T05:14:10.085+0000] {processor.py:161} INFO - Started process (PID=2023) to work on /home/airflow/.local/lib/python3.12/site-packages/airflow/example_dags/plugins/event_listener.py
[2026-05-09T05:14:10.086+0000] {processor.py:830} INFO - Processing file /home/airflow/.local/lib/python3.12/site-packages/airflow/example_dags/plugins/event_listener.py for tasks to queue
[2026-05-09T05:14:10.088+0000] {logging_mixin.py:188} INFO - [2026-05-09T05:14:10.088+0000] {dagbag.py:545} INFO - Filling up the DagBag from /home/airflow/.local/lib/python3.12/site-packages/airflow/example_dags/plugins/event_listener.py
[2026-05-09T05:14:10.089+0000] {processor.py:842} WARNING - No viable dags retrieved from /home/airflow/.local/lib/python3.12/site-packages/airflow/example_dags/plugins/event_listener.py
[2026-05-09T05:14:10.100+0000] {processor.py:183} INFO - Processing /home/airflow/.local/lib/python3.12/site-packages/airflow/example_dags/plugins/event_listener.py took 0.020 seconds
[2026-05-09T05:14:40.804+0000] {processor.py:161} INFO - Started process (PID=2083) to work on /home/airflow/.local/lib/python3.12/site-packages/airflow/example_dags/plugins/event_listener.py
[2026-05-09T05:14:40.805+0000] {processor.py:830} INFO - Processing file /home/airflow/.local/lib/python3.12/site-packages/airflow/example_dags/plugins/event_listener.py for tasks to queue
[2026-05-09T05:14:40.807+0000] {logging_mixin.py:188} INFO - [2026-05-09T05:14:40.807+0000] {dagbag.py:545} INFO - Filling up the DagBag from /home/airflow/.local/lib/python3.12/site-packages/airflow/example_dags/plugins/event_listener.py
[2026-05-09T05:14:40.809+0000] {processor.py:842} WARNING - No viable dags retrieved from /home/airflow/.local/lib/python3.12/site-packages/airflow/example_dags/plugins/event_listener.py
[2026-05-09T05:14:40.820+0000] {processor.py:183} INFO - Processing /home/airflow/.local/lib/python3.12/site-packages/airflow/example_dags/plugins/event_listener.py took 0.020 seconds
[2026-05-09T05:15:11.676+0000] {processor.py:161} INFO - Started process (PID=2143) to work on /home/airflow/.local/lib/python3.12/site-packages/airflow/example_dags/plugins/event_listener.py
[2026-05-09T05:15:11.677+0000] {processor.py:830} INFO - Processing file /home/airflow/.local/lib/python3.12/site-packages/airflow/example_dags/plugins/event_listener.py for tasks to queue
[2026-05-09T05:15:11.678+0000] {logging_mixin.py:188} INFO - [2026-05-09T05:15:11.678+0000] {dagbag.py:545} INFO - Filling up the DagBag from /home/airflow/.local/lib/python3.12/site-packages/airflow/example_dags/plugins/event_listener.py
[2026-05-09T05:15:11.680+0000] {processor.py:842} WARNING - No viable dags retrieved from /home/airflow/.local/lib/python3.12/site-packages/airflow/example_dags/plugins/event_listener.py
[2026-05-09T05:15:11.690+0000] {processor.py:183} INFO - Processing /home/airflow/.local/lib/python3.12/site-packages/airflow/example_dags/plugins/event_listener.py took 0.019 seconds
[2026-05-09T05:15:42.870+0000] {processor.py:161} INFO - Started process (PID=2203) to work on /home/airflow/.local/lib/python3.12/site-packages/airflow/example_dags/plugins/event_listener.py
[2026-05-09T05:15:42.872+0000] {processor.py:830} INFO - Processing file /home/airflow/.local/lib/python3.12/site-packages/airflow/example_dags/plugins/event_listener.py for tasks to queue
[2026-05-09T05:15:42.874+0000] {logging_mixin.py:188} INFO - [2026-05-09T05:15:42.873+0000] {dagbag.py:545} INFO - Filling up the DagBag from /home/airflow/.local/lib/python3.12/site-packages/airflow/example_dags/plugins/event_listener.py
[2026-05-09T05:15:42.876+0000] {processor.py:842} WARNING - No viable dags retrieved from /home/airflow/.local/lib/python3.12/site-packages/airflow/example_dags/plugins/event_listener.py
[2026-05-09T05:15:42.889+0000] {processor.py:183} INFO - Processing /home/airflow/.local/lib/python3.12/site-packages/airflow/example_dags/plugins/event_listener.py took 0.023 seconds
[2026-05-09T05:16:13.534+0000] {processor.py:161} INFO - Started process (PID=2263) to work on /home/airflow/.local/lib/python3.12/site-packages/airflow/example_dags/plugins/event_listener.py
[2026-05-09T05:16:13.535+0000] {processor.py:830} INFO - Processing file /home/airflow/.local/lib/python3.12/site-packages/airflow/example_dags/plugins/event_listener.py for tasks to queue
[2026-05-09T05:16:13.537+0000] {logging_mixin.py:188} INFO - [2026-05-09T05:16:13.537+0000] {dagbag.py:545} INFO - Filling up the DagBag from /home/airflow/.local/lib/python3.12/site-packages/airflow/example_dags/plugins/event_listener.py
[2026-05-09T05:16:13.539+0000] {processor.py:842} WARNING - No viable dags retrieved from /home/airflow/.local/lib/python3.12/site-packages/airflow/example_dags/plugins/event_listener.py
[2026-05-09T05:16:13.551+0000] {processor.py:183} INFO - Processing /home/airflow/.local/lib/python3.12/site-packages/airflow/example_dags/plugins/event_listener.py took 0.022 seconds
[2026-05-09T05:16:43.676+0000] {processor.py:161} INFO - Started process (PID=2323) to work on /home/airflow/.local/lib/python3.12/site-packages/airflow/example_dags/plugins/event_listener.py
[2026-05-09T05:16:43.678+0000] {processor.py:830} INFO - Processing file /home/airflow/.local/lib/python3.12/site-packages/airflow/example_dags/plugins/event_listener.py for tasks to queue
[2026-05-09T05:16:43.679+0000] {logging_mixin.py:188} INFO - [2026-05-09T05:16:43.679+0000] {dagbag.py:545} INFO - Filling up the DagBag from /home/airflow/.local/lib/python3.12/site-packages/airflow/example_dags/plugins/event_listener.py
[2026-05-09T05:16:43.681+0000] {processor.py:842} WARNING - No viable dags retrieved from /home/airflow/.local/lib/python3.12/site-packages/airflow/example_dags/plugins/event_listener.py
[2026-05-09T05:16:43.692+0000] {processor.py:183} INFO - Processing /home/airflow/.local/lib/python3.12/site-packages/airflow/example_dags/plugins/event_listener.py took 0.021 seconds
[2026-05-09T05:17:14.873+0000] {processor.py:161} INFO - Started process (PID=2383) to work on /home/airflow/.local/lib/python3.12/site-packages/airflow/example_dags/plugins/event_listener.py
[2026-05-09T05:17:14.874+0000] {processor.py:830} INFO - Processing file /home/airflow/.local/lib/python3.12/site-packages/airflow/example_dags/plugins/event_listener.py for tasks to queue
[2026-05-09T05:17:14.876+0000] {logging_mixin.py:188} INFO - [2026-05-09T05:17:14.876+0000] {dagbag.py:545} INFO - Filling up the DagBag from /home/airflow/.local/lib/python3.12/site-packages/airflow/example_dags/plugins/event_listener.py
[2026-05-09T05:17:14.879+0000] {processor.py:842} WARNING - No viable dags retrieved from /home/airflow/.local/lib/python3.12/site-packages/airflow/example_dags/plugins/event_listener.py
[2026-05-09T05:17:14.891+0000] {processor.py:183} INFO - Processing /home/airflow/.local/lib/python3.12/site-packages/airflow/example_dags/plugins/event_listener.py took 0.023 seconds
[2026-05-09T05:17:45.644+0000] {processor.py:161} INFO - Started process (PID=2443) to work on /home/airflow/.local/lib/python3.12/site-packages/airflow/example_dags/plugins/event_listener.py
[2026-05-09T05:17:45.645+0000] {processor.py:830} INFO - Processing file /home/airflow/.local/lib/python3.12/site-packages/airflow/example_dags/plugins/event_listener.py for tasks to queue
[2026-05-09T05:17:45.647+0000] {logging_mixin.py:188} INFO - [2026-05-09T05:17:45.647+0000] {dagbag.py:545} INFO - Filling up the DagBag from /home/airflow/.local/lib/python3.12/site-packages/airflow/example_dags/plugins/event_listener.py
[2026-05-09T05:17:45.649+0000] {processor.py:842} WARNING - No viable dags retrieved from /home/airflow/.local/lib/python3.12/site-packages/airflow/example_dags/plugins/event_listener.py
[2026-05-09T05:17:45.659+0000] {processor.py:183} INFO - Processing /home/airflow/.local/lib/python3.12/site-packages/airflow/example_dags/plugins/event_listener.py took 0.020 seconds
[2026-05-09T05:18:16.207+0000] {processor.py:161} INFO - Started process (PID=2503) to work on /home/airflow/.local/lib/python3.12/site-packages/airflow/example_dags/plugins/event_listener.py
[2026-05-09T05:18:16.209+0000] {processor.py:830} INFO - Processing file /home/airflow/.local/lib/python3.12/site-packages/airflow/example_dags/plugins/event_listener.py for tasks to queue
[2026-05-09T05:18:16.212+0000] {logging_mixin.py:188} INFO - [2026-05-09T05:18:16.211+0000] {dagbag.py:545} INFO - Filling up the DagBag from /home/airflow/.local/lib/python3.12/site-packages/airflow/example_dags/plugins/event_listener.py
[2026-05-09T05:18:16.214+0000] {processor.py:842} WARNING - No viable dags retrieved from /home/airflow/.local/lib/python3.12/site-packages/airflow/example_dags/plugins/event_listener.py
[2026-05-09T05:18:16.236+0000] {processor.py:183} INFO - Processing /home/airflow/.local/lib/python3.12/site-packages/airflow/example_dags/plugins/event_listener.py took 0.043 seconds
[2026-05-09T05:18:46.963+0000] {processor.py:161} INFO - Started process (PID=2563) to work on /home/airflow/.local/lib/python3.12/site-packages/airflow/example_dags/plugins/event_listener.py
[2026-05-09T05:18:46.965+0000] {processor.py:830} INFO - Processing file /home/airflow/.local/lib/python3.12/site-packages/airflow/example_dags/plugins/event_listener.py for tasks to queue
[2026-05-09T05:18:46.968+0000] {logging_mixin.py:188} INFO - [2026-05-09T05:18:46.967+0000] {dagbag.py:545} INFO - Filling up the DagBag from /home/airflow/.local/lib/python3.12/site-packages/airflow/example_dags/plugins/event_listener.py
[2026-05-09T05:18:46.971+0000] {processor.py:842} WARNING - No viable dags retrieved from /home/airflow/.local/lib/python3.12/site-packages/airflow/example_dags/plugins/event_listener.py
[2026-05-09T05:18:46.992+0000] {processor.py:183} INFO - Processing /home/airflow/.local/lib/python3.12/site-packages/airflow/example_dags/plugins/event_listener.py took 0.036 seconds
[2026-05-09T05:19:17.052+0000] {processor.py:161} INFO - Started process (PID=2622) to work on /home/airflow/.local/lib/python3.12/site-packages/airflow/example_dags/plugins/event_listener.py
[2026-05-09T05:19:17.053+0000] {processor.py:830} INFO - Processing file /home/airflow/.local/lib/python3.12/site-packages/airflow/example_dags/plugins/event_listener.py for tasks to queue
[2026-05-09T05:19:17.055+0000] {logging_mixin.py:188} INFO - [2026-05-09T05:19:17.055+0000] {dagbag.py:545} INFO - Filling up the DagBag from /home/airflow/.local/lib/python3.12/site-packages/airflow/example_dags/plugins/event_listener.py
[2026-05-09T05:19:17.057+0000] {processor.py:842} WARNING - No viable dags retrieved from /home/airflow/.local/lib/python3.12/site-packages/airflow/example_dags/plugins/event_listener.py
[2026-05-09T05:19:17.067+0000] {processor.py:183} INFO - Processing /home/airflow/.local/lib/python3.12/site-packages/airflow/example_dags/plugins/event_listener.py took 0.019 seconds
[2026-05-09T05:19:48.116+0000] {processor.py:161} INFO - Started process (PID=2682) to work on /home/airflow/.local/lib/python3.12/site-packages/airflow/example_dags/plugins/event_listener.py
[2026-05-09T05:19:48.117+0000] {processor.py:830} INFO - Processing file /home/airflow/.local/lib/python3.12/site-packages/airflow/example_dags/plugins/event_listener.py for tasks to queue
[2026-05-09T05:19:48.119+0000] {logging_mixin.py:188} INFO - [2026-05-09T05:19:48.119+0000] {dagbag.py:545} INFO - Filling up the DagBag from /home/airflow/.local/lib/python3.12/site-packages/airflow/example_dags/plugins/event_listener.py
[2026-05-09T05:19:48.122+0000] {processor.py:842} WARNING - No viable dags retrieved from /home/airflow/.local/lib/python3.12/site-packages/airflow/example_dags/plugins/event_listener.py
[2026-05-09T05:19:48.132+0000] {processor.py:183} INFO - Processing /home/airflow/.local/lib/python3.12/site-packages/airflow/example_dags/plugins/event_listener.py took 0.022 seconds
[2026-05-09T05:20:18.361+0000] {processor.py:161} INFO - Started process (PID=2742) to work on /home/airflow/.local/lib/python3.12/site-packages/airflow/example_dags/plugins/event_listener.py
[2026-05-09T05:20:18.362+0000] {processor.py:830} INFO - Processing file /home/airflow/.local/lib/python3.12/site-packages/airflow/example_dags/plugins/event_listener.py for tasks to queue
[2026-05-09T05:20:18.364+0000] {logging_mixin.py:188} INFO - [2026-05-09T05:20:18.364+0000] {dagbag.py:545} INFO - Filling up the DagBag from /home/airflow/.local/lib/python3.12/site-packages/airflow/example_dags/plugins/event_listener.py
[2026-05-09T05:20:18.366+0000] {processor.py:842} WARNING - No viable dags retrieved from /home/airflow/.local/lib/python3.12/site-packages/airflow/example_dags/plugins/event_listener.py
[2026-05-09T05:20:18.376+0000] {processor.py:183} INFO - Processing /home/airflow/.local/lib/python3.12/site-packages/airflow/example_dags/plugins/event_listener.py took 0.019 seconds
[2026-05-09T05:20:49.885+0000] {processor.py:161} INFO - Started process (PID=2810) to work on /home/airflow/.local/lib/python3.12/site-packages/airflow/example_dags/plugins/event_listener.py
[2026-05-09T05:20:49.887+0000] {processor.py:830} INFO - Processing file /home/airflow/.local/lib/python3.12/site-packages/airflow/example_dags/plugins/event_listener.py for tasks to queue
[2026-05-09T05:20:49.890+0000] {logging_mixin.py:188} INFO - [2026-05-09T05:20:49.889+0000] {dagbag.py:545} INFO - Filling up the DagBag from /home/airflow/.local/lib/python3.12/site-packages/airflow/example_dags/plugins/event_listener.py
[2026-05-09T05:20:49.893+0000] {processor.py:842} WARNING - No viable dags retrieved from /home/airflow/.local/lib/python3.12/site-packages/airflow/example_dags/plugins/event_listener.py
[2026-05-09T05:20:49.912+0000] {processor.py:183} INFO - Processing /home/airflow/.local/lib/python3.12/site-packages/airflow/example_dags/plugins/event_listener.py took 0.033 seconds
[2026-05-09T05:21:19.980+0000] {processor.py:161} INFO - Started process (PID=2870) to work on /home/airflow/.local/lib/python3.12/site-packages/airflow/example_dags/plugins/event_listener.py
[2026-05-09T05:21:19.981+0000] {processor.py:830} INFO - Processing file /home/airflow/.local/lib/python3.12/site-packages/airflow/example_dags/plugins/event_listener.py for tasks to queue
[2026-05-09T05:21:19.983+0000] {logging_mixin.py:188} INFO - [2026-05-09T05:21:19.982+0000] {dagbag.py:545} INFO - Filling up the DagBag from /home/airflow/.local/lib/python3.12/site-packages/airflow/example_dags/plugins/event_listener.py
[2026-05-09T05:21:19.984+0000] {processor.py:842} WARNING - No viable dags retrieved from /home/airflow/.local/lib/python3.12/site-packages/airflow/example_dags/plugins/event_listener.py
[2026-05-09T05:21:19.996+0000] {processor.py:183} INFO - Processing /home/airflow/.local/lib/python3.12/site-packages/airflow/example_dags/plugins/event_listener.py took 0.021 seconds
[2026-05-09T05:21:50.714+0000] {processor.py:161} INFO - Started process (PID=2930) to work on /home/airflow/.local/lib/python3.12/site-packages/airflow/example_dags/plugins/event_listener.py
[2026-05-09T05:21:50.715+0000] {processor.py:830} INFO - Processing file /home/airflow/.local/lib/python3.12/site-packages/airflow/example_dags/plugins/event_listener.py for tasks to queue
[2026-05-09T05:21:50.716+0000] {logging_mixin.py:188} INFO - [2026-05-09T05:21:50.716+0000] {dagbag.py:545} INFO - Filling up the DagBag from /home/airflow/.local/lib/python3.12/site-packages/airflow/example_dags/plugins/event_listener.py
[2026-05-09T05:21:50.719+0000] {processor.py:842} WARNING - No viable dags retrieved from /home/airflow/.local/lib/python3.12/site-packages/airflow/example_dags/plugins/event_listener.py
[2026-05-09T05:21:50.731+0000] {processor.py:183} INFO - Processing /home/airflow/.local/lib/python3.12/site-packages/airflow/example_dags/plugins/event_listener.py took 0.023 seconds
[2026-05-09T05:22:21.677+0000] {processor.py:161} INFO - Started process (PID=2990) to work on /home/airflow/.local/lib/python3.12/site-packages/airflow/example_dags/plugins/event_listener.py
[2026-05-09T05:22:21.678+0000] {processor.py:830} INFO - Processing file /home/airflow/.local/lib/python3.12/site-packages/airflow/example_dags/plugins/event_listener.py for tasks to queue
[2026-05-09T05:22:21.680+0000] {logging_mixin.py:188} INFO - [2026-05-09T05:22:21.680+0000] {dagbag.py:545} INFO - Filling up the DagBag from /home/airflow/.local/lib/python3.12/site-packages/airflow/example_dags/plugins/event_listener.py
[2026-05-09T05:22:21.684+0000] {processor.py:842} WARNING - No viable dags retrieved from /home/airflow/.local/lib/python3.12/site-packages/airflow/example_dags/plugins/event_listener.py
[2026-05-09T05:22:21.696+0000] {processor.py:183} INFO - Processing /home/airflow/.local/lib/python3.12/site-packages/airflow/example_dags/plugins/event_listener.py took 0.023 seconds
[2026-05-09T05:22:51.919+0000] {processor.py:161} INFO - Started process (PID=3050) to work on /home/airflow/.local/lib/python3.12/site-packages/airflow/example_dags/plugins/event_listener.py
[2026-05-09T05:22:51.921+0000] {processor.py:830} INFO - Processing file /home/airflow/.local/lib/python3.12/site-packages/airflow/example_dags/plugins/event_listener.py for tasks to queue
[2026-05-09T05:22:51.923+0000] {logging_mixin.py:188} INFO - [2026-05-09T05:22:51.923+0000] {dagbag.py:545} INFO - Filling up the DagBag from /home/airflow/.local/lib/python3.12/site-packages/airflow/example_dags/plugins/event_listener.py
[2026-05-09T05:22:51.925+0000] {processor.py:842} WARNING - No viable dags retrieved from /home/airflow/.local/lib/python3.12/site-packages/airflow/example_dags/plugins/event_listener.py
[2026-05-09T05:22:51.937+0000] {processor.py:183} INFO - Processing /home/airflow/.local/lib/python3.12/site-packages/airflow/example_dags/plugins/event_listener.py took 0.022 seconds
[2026-05-09T05:23:22.750+0000] {processor.py:161} INFO - Started process (PID=3110) to work on /home/airflow/.local/lib/python3.12/site-packages/airflow/example_dags/plugins/event_listener.py
[2026-05-09T05:23:22.751+0000] {processor.py:830} INFO - Processing file /home/airflow/.local/lib/python3.12/site-packages/airflow/example_dags/plugins/event_listener.py for tasks to queue
[2026-05-09T05:23:22.753+0000] {logging_mixin.py:188} INFO - [2026-05-09T05:23:22.753+0000] {dagbag.py:545} INFO - Filling up the DagBag from /home/airflow/.local/lib/python3.12/site-packages/airflow/example_dags/plugins/event_listener.py
[2026-05-09T05:23:22.755+0000] {processor.py:842} WARNING - No viable dags retrieved from /home/airflow/.local/lib/python3.12/site-packages/airflow/example_dags/plugins/event_listener.py
[2026-05-09T05:23:22.767+0000] {processor.py:183} INFO - Processing /home/airflow/.local/lib/python3.12/site-packages/airflow/example_dags/plugins/event_listener.py took 0.023 seconds
[2026-05-09T05:23:53.698+0000] {processor.py:161} INFO - Started process (PID=3170) to work on /home/airflow/.local/lib/python3.12/site-packages/airflow/example_dags/plugins/event_listener.py
[2026-05-09T05:23:53.699+0000] {processor.py:830} INFO - Processing file /home/airflow/.local/lib/python3.12/site-packages/airflow/example_dags/plugins/event_listener.py for tasks to queue
[2026-05-09T05:23:53.702+0000] {logging_mixin.py:188} INFO - [2026-05-09T05:23:53.701+0000] {dagbag.py:545} INFO - Filling up the DagBag from /home/airflow/.local/lib/python3.12/site-packages/airflow/example_dags/plugins/event_listener.py
[2026-05-09T05:23:53.704+0000] {processor.py:842} WARNING - No viable dags retrieved from /home/airflow/.local/lib/python3.12/site-packages/airflow/example_dags/plugins/event_listener.py
[2026-05-09T05:23:53.716+0000] {processor.py:183} INFO - Processing /home/airflow/.local/lib/python3.12/site-packages/airflow/example_dags/plugins/event_listener.py took 0.023 seconds
[2026-05-09T05:24:24.906+0000] {processor.py:161} INFO - Started process (PID=3230) to work on /home/airflow/.local/lib/python3.12/site-packages/airflow/example_dags/plugins/event_listener.py
[2026-05-09T05:24:24.908+0000] {processor.py:830} INFO - Processing file /home/airflow/.local/lib/python3.12/site-packages/airflow/example_dags/plugins/event_listener.py for tasks to queue
[2026-05-09T05:24:24.909+0000] {logging_mixin.py:188} INFO - [2026-05-09T05:24:24.909+0000] {dagbag.py:545} INFO - Filling up the DagBag from /home/airflow/.local/lib/python3.12/site-packages/airflow/example_dags/plugins/event_listener.py
[2026-05-09T05:24:24.913+0000] {processor.py:842} WARNING - No viable dags retrieved from /home/airflow/.local/lib/python3.12/site-packages/airflow/example_dags/plugins/event_listener.py
[2026-05-09T05:24:24.926+0000] {processor.py:183} INFO - Processing /home/airflow/.local/lib/python3.12/site-packages/airflow/example_dags/plugins/event_listener.py took 0.025 seconds
[2026-05-09T05:24:55.141+0000] {processor.py:161} INFO - Started process (PID=3290) to work on /home/airflow/.local/lib/python3.12/site-packages/airflow/example_dags/plugins/event_listener.py
[2026-05-09T05:24:55.142+0000] {processor.py:830} INFO - Processing file /home/airflow/.local/lib/python3.12/site-packages/airflow/example_dags/plugins/event_listener.py for tasks to queue
[2026-05-09T05:24:55.145+0000] {logging_mixin.py:188} INFO - [2026-05-09T05:24:55.144+0000] {dagbag.py:545} INFO - Filling up the DagBag from /home/airflow/.local/lib/python3.12/site-packages/airflow/example_dags/plugins/event_listener.py
[2026-05-09T05:24:55.147+0000] {processor.py:842} WARNING - No viable dags retrieved from /home/airflow/.local/lib/python3.12/site-packages/airflow/example_dags/plugins/event_listener.py
[2026-05-09T05:24:55.161+0000] {processor.py:183} INFO - Processing /home/airflow/.local/lib/python3.12/site-packages/airflow/example_dags/plugins/event_listener.py took 0.026 seconds
[2026-05-09T05:25:26.081+0000] {processor.py:161} INFO - Started process (PID=3350) to work on /home/airflow/.local/lib/python3.12/site-packages/airflow/example_dags/plugins/event_listener.py
[2026-05-09T05:25:26.083+0000] {processor.py:830} INFO - Processing file /home/airflow/.local/lib/python3.12/site-packages/airflow/example_dags/plugins/event_listener.py for tasks to queue
[2026-05-09T05:25:26.084+0000] {logging_mixin.py:188} INFO - [2026-05-09T05:25:26.084+0000] {dagbag.py:545} INFO - Filling up the DagBag from /home/airflow/.local/lib/python3.12/site-packages/airflow/example_dags/plugins/event_listener.py
[2026-05-09T05:25:26.086+0000] {processor.py:842} WARNING - No viable dags retrieved from /home/airflow/.local/lib/python3.12/site-packages/airflow/example_dags/plugins/event_listener.py
[2026-05-09T05:25:26.097+0000] {processor.py:183} INFO - Processing /home/airflow/.local/lib/python3.12/site-packages/airflow/example_dags/plugins/event_listener.py took 0.020 seconds
[2026-05-09T05:25:57.252+0000] {processor.py:161} INFO - Started process (PID=3410) to work on /home/airflow/.local/lib/python3.12/site-packages/airflow/example_dags/plugins/event_listener.py
[2026-05-09T05:25:57.254+0000] {processor.py:830} INFO - Processing file /home/airflow/.local/lib/python3.12/site-packages/airflow/example_dags/plugins/event_listener.py for tasks to queue
[2026-05-09T05:25:57.257+0000] {logging_mixin.py:188} INFO - [2026-05-09T05:25:57.257+0000] {dagbag.py:545} INFO - Filling up the DagBag from /home/airflow/.local/lib/python3.12/site-packages/airflow/example_dags/plugins/event_listener.py
[2026-05-09T05:25:57.260+0000] {processor.py:842} WARNING - No viable dags retrieved from /home/airflow/.local/lib/python3.12/site-packages/airflow/example_dags/plugins/event_listener.py
[2026-05-09T05:25:57.279+0000] {processor.py:183} INFO - Processing /home/airflow/.local/lib/python3.12/site-packages/airflow/example_dags/plugins/event_listener.py took 0.035 seconds
[2026-05-09T05:26:28.010+0000] {processor.py:161} INFO - Started process (PID=3470) to work on /home/airflow/.local/lib/python3.12/site-packages/airflow/example_dags/plugins/event_listener.py
[2026-05-09T05:26:28.011+0000] {processor.py:830} INFO - Processing file /home/airflow/.local/lib/python3.12/site-packages/airflow/example_dags/plugins/event_listener.py for tasks to queue
[2026-05-09T05:26:28.013+0000] {logging_mixin.py:188} INFO - [2026-05-09T05:26:28.013+0000] {dagbag.py:545} INFO - Filling up the DagBag from /home/airflow/.local/lib/python3.12/site-packages/airflow/example_dags/plugins/event_listener.py
[2026-05-09T05:26:28.015+0000] {processor.py:842} WARNING - No viable dags retrieved from /home/airflow/.local/lib/python3.12/site-packages/airflow/example_dags/plugins/event_listener.py
[2026-05-09T05:26:28.028+0000] {processor.py:183} INFO - Processing /home/airflow/.local/lib/python3.12/site-packages/airflow/example_dags/plugins/event_listener.py took 0.023 seconds
[2026-05-09T05:26:58.541+0000] {processor.py:161} INFO - Started process (PID=3530) to work on /home/airflow/.local/lib/python3.12/site-packages/airflow/example_dags/plugins/event_listener.py
[2026-05-09T05:26:58.542+0000] {processor.py:830} INFO - Processing file /home/airflow/.local/lib/python3.12/site-packages/airflow/example_dags/plugins/event_listener.py for tasks to queue
[2026-05-09T05:26:58.544+0000] {logging_mixin.py:188} INFO - [2026-05-09T05:26:58.543+0000] {dagbag.py:545} INFO - Filling up the DagBag from /home/airflow/.local/lib/python3.12/site-packages/airflow/example_dags/plugins/event_listener.py
[2026-05-09T05:26:58.545+0000] {processor.py:842} WARNING - No viable dags retrieved from /home/airflow/.local/lib/python3.12/site-packages/airflow/example_dags/plugins/event_listener.py
[2026-05-09T05:26:58.555+0000] {processor.py:183} INFO - Processing /home/airflow/.local/lib/python3.12/site-packages/airflow/example_dags/plugins/event_listener.py took 0.019 seconds
[2026-05-09T05:27:29.406+0000] {processor.py:161} INFO - Started process (PID=3590) to work on /home/airflow/.local/lib/python3.12/site-packages/airflow/example_dags/plugins/event_listener.py
[2026-05-09T05:27:29.407+0000] {processor.py:830} INFO - Processing file /home/airflow/.local/lib/python3.12/site-packages/airflow/example_dags/plugins/event_listener.py for tasks to queue
[2026-05-09T05:27:29.409+0000] {logging_mixin.py:188} INFO - [2026-05-09T05:27:29.408+0000] {dagbag.py:545} INFO - Filling up the DagBag from /home/airflow/.local/lib/python3.12/site-packages/airflow/example_dags/plugins/event_listener.py
[2026-05-09T05:27:29.411+0000] {processor.py:842} WARNING - No viable dags retrieved from /home/airflow/.local/lib/python3.12/site-packages/airflow/example_dags/plugins/event_listener.py
[2026-05-09T05:27:29.422+0000] {processor.py:183} INFO - Processing /home/airflow/.local/lib/python3.12/site-packages/airflow/example_dags/plugins/event_listener.py took 0.021 seconds
[2026-05-09T05:27:59.777+0000] {processor.py:161} INFO - Started process (PID=3650) to work on /home/airflow/.local/lib/python3.12/site-packages/airflow/example_dags/plugins/event_listener.py
[2026-05-09T05:27:59.778+0000] {processor.py:830} INFO - Processing file /home/airflow/.local/lib/python3.12/site-packages/airflow/example_dags/plugins/event_listener.py for tasks to queue
[2026-05-09T05:27:59.780+0000] {logging_mixin.py:188} INFO - [2026-05-09T05:27:59.780+0000] {dagbag.py:545} INFO - Filling up the DagBag from /home/airflow/.local/lib/python3.12/site-packages/airflow/example_dags/plugins/event_listener.py
[2026-05-09T05:27:59.782+0000] {processor.py:842} WARNING - No viable dags retrieved from /home/airflow/.local/lib/python3.12/site-packages/airflow/example_dags/plugins/event_listener.py
[2026-05-09T05:27:59.796+0000] {processor.py:183} INFO - Processing /home/airflow/.local/lib/python3.12/site-packages/airflow/example_dags/plugins/event_listener.py took 0.024 seconds
[2026-05-09T05:28:29.992+0000] {processor.py:161} INFO - Started process (PID=3710) to work on /home/airflow/.local/lib/python3.12/site-packages/airflow/example_dags/plugins/event_listener.py
[2026-05-09T05:28:29.993+0000] {processor.py:830} INFO - Processing file /home/airflow/.local/lib/python3.12/site-packages/airflow/example_dags/plugins/event_listener.py for tasks to queue
[2026-05-09T05:28:29.995+0000] {logging_mixin.py:188} INFO - [2026-05-09T05:28:29.994+0000] {dagbag.py:545} INFO - Filling up the DagBag from /home/airflow/.local/lib/python3.12/site-packages/airflow/example_dags/plugins/event_listener.py
[2026-05-09T05:28:29.997+0000] {processor.py:842} WARNING - No viable dags retrieved from /home/airflow/.local/lib/python3.12/site-packages/airflow/example_dags/plugins/event_listener.py
[2026-05-09T05:28:30.009+0000] {processor.py:183} INFO - Processing /home/airflow/.local/lib/python3.12/site-packages/airflow/example_dags/plugins/event_listener.py took 0.022 seconds
[2026-05-09T05:29:00.264+0000] {processor.py:161} INFO - Started process (PID=3770) to work on /home/airflow/.local/lib/python3.12/site-packages/airflow/example_dags/plugins/event_listener.py
[2026-05-09T05:29:00.266+0000] {processor.py:830} INFO - Processing file /home/airflow/.local/lib/python3.12/site-packages/airflow/example_dags/plugins/event_listener.py for tasks to queue
[2026-05-09T05:29:00.268+0000] {logging_mixin.py:188} INFO - [2026-05-09T05:29:00.268+0000] {dagbag.py:545} INFO - Filling up the DagBag from /home/airflow/.local/lib/python3.12/site-packages/airflow/example_dags/plugins/event_listener.py
[2026-05-09T05:29:00.270+0000] {processor.py:842} WARNING - No viable dags retrieved from /home/airflow/.local/lib/python3.12/site-packages/airflow/example_dags/plugins/event_listener.py
[2026-05-09T05:29:00.283+0000] {processor.py:183} INFO - Processing /home/airflow/.local/lib/python3.12/site-packages/airflow/example_dags/plugins/event_listener.py took 0.024 seconds
[2026-05-09T05:29:31.293+0000] {processor.py:161} INFO - Started process (PID=3830) to work on /home/airflow/.local/lib/python3.12/site-packages/airflow/example_dags/plugins/event_listener.py
[2026-05-09T05:29:31.294+0000] {processor.py:830} INFO - Processing file /home/airflow/.local/lib/python3.12/site-packages/airflow/example_dags/plugins/event_listener.py for tasks to queue
[2026-05-09T05:29:31.297+0000] {logging_mixin.py:188} INFO - [2026-05-09T05:29:31.297+0000] {dagbag.py:545} INFO - Filling up the DagBag from /home/airflow/.local/lib/python3.12/site-packages/airflow/example_dags/plugins/event_listener.py
[2026-05-09T05:29:31.299+0000] {processor.py:842} WARNING - No viable dags retrieved from /home/airflow/.local/lib/python3.12/site-packages/airflow/example_dags/plugins/event_listener.py
[2026-05-09T05:29:31.310+0000] {processor.py:183} INFO - Processing /home/airflow/.local/lib/python3.12/site-packages/airflow/example_dags/plugins/event_listener.py took 0.025 seconds
[2026-05-09T05:30:01.513+0000] {processor.py:161} INFO - Started process (PID=3889) to work on /home/airflow/.local/lib/python3.12/site-packages/airflow/example_dags/plugins/event_listener.py
[2026-05-09T05:30:01.514+0000] {processor.py:830} INFO - Processing file /home/airflow/.local/lib/python3.12/site-packages/airflow/example_dags/plugins/event_listener.py for tasks to queue
[2026-05-09T05:30:01.516+0000] {logging_mixin.py:188} INFO - [2026-05-09T05:30:01.516+0000] {dagbag.py:545} INFO - Filling up the DagBag from /home/airflow/.local/lib/python3.12/site-packages/airflow/example_dags/plugins/event_listener.py
[2026-05-09T05:30:01.519+0000] {processor.py:842} WARNING - No viable dags retrieved from /home/airflow/.local/lib/python3.12/site-packages/airflow/example_dags/plugins/event_listener.py
[2026-05-09T05:30:01.531+0000] {processor.py:183} INFO - Processing /home/airflow/.local/lib/python3.12/site-packages/airflow/example_dags/plugins/event_listener.py took 0.023 seconds
[2026-05-09T05:30:31.624+0000] {processor.py:161} INFO - Started process (PID=3949) to work on /home/airflow/.local/lib/python3.12/site-packages/airflow/example_dags/plugins/event_listener.py
[2026-05-09T05:30:31.626+0000] {processor.py:830} INFO - Processing file /home/airflow/.local/lib/python3.12/site-packages/airflow/example_dags/plugins/event_listener.py for tasks to queue
[2026-05-09T05:30:31.628+0000] {logging_mixin.py:188} INFO - [2026-05-09T05:30:31.627+0000] {dagbag.py:545} INFO - Filling up the DagBag from /home/airflow/.local/lib/python3.12/site-packages/airflow/example_dags/plugins/event_listener.py
[2026-05-09T05:30:31.630+0000] {processor.py:842} WARNING - No viable dags retrieved from /home/airflow/.local/lib/python3.12/site-packages/airflow/example_dags/plugins/event_listener.py
[2026-05-09T05:30:31.642+0000] {processor.py:183} INFO - Processing /home/airflow/.local/lib/python3.12/site-packages/airflow/example_dags/plugins/event_listener.py took 0.022 seconds
[2026-05-09T05:31:02.211+0000] {processor.py:161} INFO - Started process (PID=4009) to work on /home/airflow/.local/lib/python3.12/site-packages/airflow/example_dags/plugins/event_listener.py
[2026-05-09T05:31:02.212+0000] {processor.py:830} INFO - Processing file /home/airflow/.local/lib/python3.12/site-packages/airflow/example_dags/plugins/event_listener.py for tasks to queue
[2026-05-09T05:31:02.214+0000] {logging_mixin.py:188} INFO - [2026-05-09T05:31:02.214+0000] {dagbag.py:545} INFO - Filling up the DagBag from /home/airflow/.local/lib/python3.12/site-packages/airflow/example_dags/plugins/event_listener.py
[2026-05-09T05:31:02.216+0000] {processor.py:842} WARNING - No viable dags retrieved from /home/airflow/.local/lib/python3.12/site-packages/airflow/example_dags/plugins/event_listener.py
[2026-05-09T05:31:02.227+0000] {processor.py:183} INFO - Processing /home/airflow/.local/lib/python3.12/site-packages/airflow/example_dags/plugins/event_listener.py took 0.021 seconds
[2026-05-09T05:31:32.689+0000] {processor.py:161} INFO - Started process (PID=4069) to work on /home/airflow/.local/lib/python3.12/site-packages/airflow/example_dags/plugins/event_listener.py
[2026-05-09T05:31:32.690+0000] {processor.py:830} INFO - Processing file /home/airflow/.local/lib/python3.12/site-packages/airflow/example_dags/plugins/event_listener.py for tasks to queue
[2026-05-09T05:31:32.692+0000] {logging_mixin.py:188} INFO - [2026-05-09T05:31:32.692+0000] {dagbag.py:545} INFO - Filling up the DagBag from /home/airflow/.local/lib/python3.12/site-packages/airflow/example_dags/plugins/event_listener.py
[2026-05-09T05:31:32.694+0000] {processor.py:842} WARNING - No viable dags retrieved from /home/airflow/.local/lib/python3.12/site-packages/airflow/example_dags/plugins/event_listener.py
[2026-05-09T05:31:32.704+0000] {processor.py:183} INFO - Processing /home/airflow/.local/lib/python3.12/site-packages/airflow/example_dags/plugins/event_listener.py took 0.020 seconds
[2026-05-09T05:32:03.196+0000] {processor.py:161} INFO - Started process (PID=4129) to work on /home/airflow/.local/lib/python3.12/site-packages/airflow/example_dags/plugins/event_listener.py
[2026-05-09T05:32:03.197+0000] {processor.py:830} INFO - Processing file /home/airflow/.local/lib/python3.12/site-packages/airflow/example_dags/plugins/event_listener.py for tasks to queue
[2026-05-09T05:32:03.200+0000] {logging_mixin.py:188} INFO - [2026-05-09T05:32:03.200+0000] {dagbag.py:545} INFO - Filling up the DagBag from /home/airflow/.local/lib/python3.12/site-packages/airflow/example_dags/plugins/event_listener.py
[2026-05-09T05:32:03.204+0000] {processor.py:842} WARNING - No viable dags retrieved from /home/airflow/.local/lib/python3.12/site-packages/airflow/example_dags/plugins/event_listener.py
[2026-05-09T05:32:03.217+0000] {processor.py:183} INFO - Processing /home/airflow/.local/lib/python3.12/site-packages/airflow/example_dags/plugins/event_listener.py took 0.026 seconds
[2026-05-09T05:32:33.533+0000] {processor.py:161} INFO - Started process (PID=4189) to work on /home/airflow/.local/lib/python3.12/site-packages/airflow/example_dags/plugins/event_listener.py
[2026-05-09T05:32:33.534+0000] {processor.py:830} INFO - Processing file /home/airflow/.local/lib/python3.12/site-packages/airflow/example_dags/plugins/event_listener.py for tasks to queue
[2026-05-09T05:32:33.536+0000] {logging_mixin.py:188} INFO - [2026-05-09T05:32:33.535+0000] {dagbag.py:545} INFO - Filling up the DagBag from /home/airflow/.local/lib/python3.12/site-packages/airflow/example_dags/plugins/event_listener.py
[2026-05-09T05:32:33.537+0000] {processor.py:842} WARNING - No viable dags retrieved from /home/airflow/.local/lib/python3.12/site-packages/airflow/example_dags/plugins/event_listener.py
[2026-05-09T05:32:33.549+0000] {processor.py:183} INFO - Processing /home/airflow/.local/lib/python3.12/site-packages/airflow/example_dags/plugins/event_listener.py took 0.022 seconds
[2026-05-09T05:33:03.840+0000] {processor.py:161} INFO - Started process (PID=4249) to work on /home/airflow/.local/lib/python3.12/site-packages/airflow/example_dags/plugins/event_listener.py
[2026-05-09T05:33:03.842+0000] {processor.py:830} INFO - Processing file /home/airflow/.local/lib/python3.12/site-packages/airflow/example_dags/plugins/event_listener.py for tasks to queue
[2026-05-09T05:33:03.843+0000] {logging_mixin.py:188} INFO - [2026-05-09T05:33:03.843+0000] {dagbag.py:545} INFO - Filling up the DagBag from /home/airflow/.local/lib/python3.12/site-packages/airflow/example_dags/plugins/event_listener.py
[2026-05-09T05:33:03.845+0000] {processor.py:842} WARNING - No viable dags retrieved from /home/airflow/.local/lib/python3.12/site-packages/airflow/example_dags/plugins/event_listener.py
[2026-05-09T05:33:03.860+0000] {processor.py:183} INFO - Processing /home/airflow/.local/lib/python3.12/site-packages/airflow/example_dags/plugins/event_listener.py took 0.025 seconds
[2026-05-09T05:33:34.447+0000] {processor.py:161} INFO - Started process (PID=4309) to work on /home/airflow/.local/lib/python3.12/site-packages/airflow/example_dags/plugins/event_listener.py
[2026-05-09T05:33:34.448+0000] {processor.py:830} INFO - Processing file /home/airflow/.local/lib/python3.12/site-packages/airflow/example_dags/plugins/event_listener.py for tasks to queue
[2026-05-09T05:33:34.450+0000] {logging_mixin.py:188} INFO - [2026-05-09T05:33:34.449+0000] {dagbag.py:545} INFO - Filling up the DagBag from /home/airflow/.local/lib/python3.12/site-packages/airflow/example_dags/plugins/event_listener.py
[2026-05-09T05:33:34.453+0000] {processor.py:842} WARNING - No viable dags retrieved from /home/airflow/.local/lib/python3.12/site-packages/airflow/example_dags/plugins/event_listener.py
[2026-05-09T05:33:34.465+0000] {processor.py:183} INFO - Processing /home/airflow/.local/lib/python3.12/site-packages/airflow/example_dags/plugins/event_listener.py took 0.023 seconds
[2026-05-09T05:34:05.037+0000] {processor.py:161} INFO - Started process (PID=4369) to work on /home/airflow/.local/lib/python3.12/site-packages/airflow/example_dags/plugins/event_listener.py
[2026-05-09T05:34:05.038+0000] {processor.py:830} INFO - Processing file /home/airflow/.local/lib/python3.12/site-packages/airflow/example_dags/plugins/event_listener.py for tasks to queue
[2026-05-09T05:34:05.041+0000] {logging_mixin.py:188} INFO - [2026-05-09T05:34:05.041+0000] {dagbag.py:545} INFO - Filling up the DagBag from /home/airflow/.local/lib/python3.12/site-packages/airflow/example_dags/plugins/event_listener.py
[2026-05-09T05:34:05.043+0000] {processor.py:842} WARNING - No viable dags retrieved from /home/airflow/.local/lib/python3.12/site-packages/airflow/example_dags/plugins/event_listener.py
[2026-05-09T05:34:05.054+0000] {processor.py:183} INFO - Processing /home/airflow/.local/lib/python3.12/site-packages/airflow/example_dags/plugins/event_listener.py took 0.021 seconds
[2026-05-09T05:34:35.673+0000] {processor.py:161} INFO - Started process (PID=4429) to work on /home/airflow/.local/lib/python3.12/site-packages/airflow/example_dags/plugins/event_listener.py
[2026-05-09T05:34:35.674+0000] {processor.py:830} INFO - Processing file /home/airflow/.local/lib/python3.12/site-packages/airflow/example_dags/plugins/event_listener.py for tasks to queue
[2026-05-09T05:34:35.676+0000] {logging_mixin.py:188} INFO - [2026-05-09T05:34:35.676+0000] {dagbag.py:545} INFO - Filling up the DagBag from /home/airflow/.local/lib/python3.12/site-packages/airflow/example_dags/plugins/event_listener.py
[2026-05-09T05:34:35.678+0000] {processor.py:842} WARNING - No viable dags retrieved from /home/airflow/.local/lib/python3.12/site-packages/airflow/example_dags/plugins/event_listener.py
[2026-05-09T05:34:35.689+0000] {processor.py:183} INFO - Processing /home/airflow/.local/lib/python3.12/site-packages/airflow/example_dags/plugins/event_listener.py took 0.022 seconds
[2026-05-09T05:35:05.820+0000] {processor.py:161} INFO - Started process (PID=4489) to work on /home/airflow/.local/lib/python3.12/site-packages/airflow/example_dags/plugins/event_listener.py
[2026-05-09T05:35:05.822+0000] {processor.py:830} INFO - Processing file /home/airflow/.local/lib/python3.12/site-packages/airflow/example_dags/plugins/event_listener.py for tasks to queue
[2026-05-09T05:35:05.825+0000] {logging_mixin.py:188} INFO - [2026-05-09T05:35:05.824+0000] {dagbag.py:545} INFO - Filling up the DagBag from /home/airflow/.local/lib/python3.12/site-packages/airflow/example_dags/plugins/event_listener.py
[2026-05-09T05:35:05.828+0000] {processor.py:842} WARNING - No viable dags retrieved from /home/airflow/.local/lib/python3.12/site-packages/airflow/example_dags/plugins/event_listener.py
[2026-05-09T05:35:05.843+0000] {processor.py:183} INFO - Processing /home/airflow/.local/lib/python3.12/site-packages/airflow/example_dags/plugins/event_listener.py took 0.027 seconds
[2026-05-09T05:35:37.522+0000] {processor.py:161} INFO - Started process (PID=4549) to work on /home/airflow/.local/lib/python3.12/site-packages/airflow/example_dags/plugins/event_listener.py
[2026-05-09T05:35:37.524+0000] {processor.py:830} INFO - Processing file /home/airflow/.local/lib/python3.12/site-packages/airflow/example_dags/plugins/event_listener.py for tasks to queue
[2026-05-09T05:35:37.526+0000] {logging_mixin.py:188} INFO - [2026-05-09T05:35:37.525+0000] {dagbag.py:545} INFO - Filling up the DagBag from /home/airflow/.local/lib/python3.12/site-packages/airflow/example_dags/plugins/event_listener.py
[2026-05-09T05:35:37.527+0000] {processor.py:842} WARNING - No viable dags retrieved from /home/airflow/.local/lib/python3.12/site-packages/airflow/example_dags/plugins/event_listener.py
[2026-05-09T05:35:37.540+0000] {processor.py:183} INFO - Processing /home/airflow/.local/lib/python3.12/site-packages/airflow/example_dags/plugins/event_listener.py took 0.023 seconds
[2026-05-09T05:36:07.969+0000] {processor.py:161} INFO - Started process (PID=4609) to work on /home/airflow/.local/lib/python3.12/site-packages/airflow/example_dags/plugins/event_listener.py
[2026-05-09T05:36:07.970+0000] {processor.py:830} INFO - Processing file /home/airflow/.local/lib/python3.12/site-packages/airflow/example_dags/plugins/event_listener.py for tasks to queue
[2026-05-09T05:36:07.971+0000] {logging_mixin.py:188} INFO - [2026-05-09T05:36:07.971+0000] {dagbag.py:545} INFO - Filling up the DagBag from /home/airflow/.local/lib/python3.12/site-packages/airflow/example_dags/plugins/event_listener.py
[2026-05-09T05:36:07.973+0000] {processor.py:842} WARNING - No viable dags retrieved from /home/airflow/.local/lib/python3.12/site-packages/airflow/example_dags/plugins/event_listener.py
[2026-05-09T05:36:07.984+0000] {processor.py:183} INFO - Processing /home/airflow/.local/lib/python3.12/site-packages/airflow/example_dags/plugins/event_listener.py took 0.019 seconds
[2026-05-09T05:36:38.936+0000] {processor.py:161} INFO - Started process (PID=4669) to work on /home/airflow/.local/lib/python3.12/site-packages/airflow/example_dags/plugins/event_listener.py
[2026-05-09T05:36:38.937+0000] {processor.py:830} INFO - Processing file /home/airflow/.local/lib/python3.12/site-packages/airflow/example_dags/plugins/event_listener.py for tasks to queue
[2026-05-09T05:36:38.939+0000] {logging_mixin.py:188} INFO - [2026-05-09T05:36:38.939+0000] {dagbag.py:545} INFO - Filling up the DagBag from /home/airflow/.local/lib/python3.12/site-packages/airflow/example_dags/plugins/event_listener.py
[2026-05-09T05:36:38.944+0000] {processor.py:842} WARNING - No viable dags retrieved from /home/airflow/.local/lib/python3.12/site-packages/airflow/example_dags/plugins/event_listener.py
[2026-05-09T05:36:38.954+0000] {processor.py:183} INFO - Processing /home/airflow/.local/lib/python3.12/site-packages/airflow/example_dags/plugins/event_listener.py took 0.022 seconds
[2026-05-09T05:37:09.078+0000] {processor.py:161} INFO - Started process (PID=4729) to work on /home/airflow/.local/lib/python3.12/site-packages/airflow/example_dags/plugins/event_listener.py
[2026-05-09T05:37:09.079+0000] {processor.py:830} INFO - Processing file /home/airflow/.local/lib/python3.12/site-packages/airflow/example_dags/plugins/event_listener.py for tasks to queue
[2026-05-09T05:37:09.081+0000] {logging_mixin.py:188} INFO - [2026-05-09T05:37:09.081+0000] {dagbag.py:545} INFO - Filling up the DagBag from /home/airflow/.local/lib/python3.12/site-packages/airflow/example_dags/plugins/event_listener.py
[2026-05-09T05:37:09.083+0000] {processor.py:842} WARNING - No viable dags retrieved from /home/airflow/.local/lib/python3.12/site-packages/airflow/example_dags/plugins/event_listener.py
[2026-05-09T05:37:09.093+0000] {processor.py:183} INFO - Processing /home/airflow/.local/lib/python3.12/site-packages/airflow/example_dags/plugins/event_listener.py took 0.019 seconds
[2026-05-09T05:37:39.245+0000] {processor.py:161} INFO - Started process (PID=4789) to work on /home/airflow/.local/lib/python3.12/site-packages/airflow/example_dags/plugins/event_listener.py
[2026-05-09T05:37:39.246+0000] {processor.py:830} INFO - Processing file /home/airflow/.local/lib/python3.12/site-packages/airflow/example_dags/plugins/event_listener.py for tasks to queue
[2026-05-09T05:37:39.248+0000] {logging_mixin.py:188} INFO - [2026-05-09T05:37:39.247+0000] {dagbag.py:545} INFO - Filling up the DagBag from /home/airflow/.local/lib/python3.12/site-packages/airflow/example_dags/plugins/event_listener.py
[2026-05-09T05:37:39.250+0000] {processor.py:842} WARNING - No viable dags retrieved from /home/airflow/.local/lib/python3.12/site-packages/airflow/example_dags/plugins/event_listener.py
[2026-05-09T05:37:39.263+0000] {processor.py:183} INFO - Processing /home/airflow/.local/lib/python3.12/site-packages/airflow/example_dags/plugins/event_listener.py took 0.024 seconds
[2026-05-09T05:38:09.542+0000] {processor.py:161} INFO - Started process (PID=4849) to work on /home/airflow/.local/lib/python3.12/site-packages/airflow/example_dags/plugins/event_listener.py
[2026-05-09T05:38:09.543+0000] {processor.py:830} INFO - Processing file /home/airflow/.local/lib/python3.12/site-packages/airflow/example_dags/plugins/event_listener.py for tasks to queue
[2026-05-09T05:38:09.544+0000] {logging_mixin.py:188} INFO - [2026-05-09T05:38:09.544+0000] {dagbag.py:545} INFO - Filling up the DagBag from /home/airflow/.local/lib/python3.12/site-packages/airflow/example_dags/plugins/event_listener.py
[2026-05-09T05:38:09.546+0000] {processor.py:842} WARNING - No viable dags retrieved from /home/airflow/.local/lib/python3.12/site-packages/airflow/example_dags/plugins/event_listener.py
[2026-05-09T05:38:09.557+0000] {processor.py:183} INFO - Processing /home/airflow/.local/lib/python3.12/site-packages/airflow/example_dags/plugins/event_listener.py took 0.020 seconds
[2026-05-09T05:38:39.803+0000] {processor.py:161} INFO - Started process (PID=4909) to work on /home/airflow/.local/lib/python3.12/site-packages/airflow/example_dags/plugins/event_listener.py
[2026-05-09T05:38:39.804+0000] {processor.py:830} INFO - Processing file /home/airflow/.local/lib/python3.12/site-packages/airflow/example_dags/plugins/event_listener.py for tasks to queue
[2026-05-09T05:38:39.806+0000] {logging_mixin.py:188} INFO - [2026-05-09T05:38:39.806+0000] {dagbag.py:545} INFO - Filling up the DagBag from /home/airflow/.local/lib/python3.12/site-packages/airflow/example_dags/plugins/event_listener.py
[2026-05-09T05:38:39.809+0000] {processor.py:842} WARNING - No viable dags retrieved from /home/airflow/.local/lib/python3.12/site-packages/airflow/example_dags/plugins/event_listener.py
[2026-05-09T05:38:39.822+0000] {processor.py:183} INFO - Processing /home/airflow/.local/lib/python3.12/site-packages/airflow/example_dags/plugins/event_listener.py took 0.024 seconds
[2026-05-09T05:39:10.413+0000] {processor.py:161} INFO - Started process (PID=4969) to work on /home/airflow/.local/lib/python3.12/site-packages/airflow/example_dags/plugins/event_listener.py
[2026-05-09T05:39:10.415+0000] {processor.py:830} INFO - Processing file /home/airflow/.local/lib/python3.12/site-packages/airflow/example_dags/plugins/event_listener.py for tasks to queue
[2026-05-09T05:39:10.418+0000] {logging_mixin.py:188} INFO - [2026-05-09T05:39:10.417+0000] {dagbag.py:545} INFO - Filling up the DagBag from /home/airflow/.local/lib/python3.12/site-packages/airflow/example_dags/plugins/event_listener.py
[2026-05-09T05:39:10.420+0000] {processor.py:842} WARNING - No viable dags retrieved from /home/airflow/.local/lib/python3.12/site-packages/airflow/example_dags/plugins/event_listener.py
[2026-05-09T05:39:10.435+0000] {processor.py:183} INFO - Processing /home/airflow/.local/lib/python3.12/site-packages/airflow/example_dags/plugins/event_listener.py took 0.027 seconds
[2026-05-09T05:39:41.422+0000] {processor.py:161} INFO - Started process (PID=5030) to work on /home/airflow/.local/lib/python3.12/site-packages/airflow/example_dags/plugins/event_listener.py
[2026-05-09T05:39:41.423+0000] {processor.py:830} INFO - Processing file /home/airflow/.local/lib/python3.12/site-packages/airflow/example_dags/plugins/event_listener.py for tasks to queue
[2026-05-09T05:39:41.426+0000] {logging_mixin.py:188} INFO - [2026-05-09T05:39:41.425+0000] {dagbag.py:545} INFO - Filling up the DagBag from /home/airflow/.local/lib/python3.12/site-packages/airflow/example_dags/plugins/event_listener.py
[2026-05-09T05:39:41.428+0000] {processor.py:842} WARNING - No viable dags retrieved from /home/airflow/.local/lib/python3.12/site-packages/airflow/example_dags/plugins/event_listener.py
[2026-05-09T05:39:41.442+0000] {processor.py:183} INFO - Processing /home/airflow/.local/lib/python3.12/site-packages/airflow/example_dags/plugins/event_listener.py took 0.025 seconds
[2026-05-09T05:40:11.703+0000] {processor.py:161} INFO - Started process (PID=5090) to work on /home/airflow/.local/lib/python3.12/site-packages/airflow/example_dags/plugins/event_listener.py
[2026-05-09T05:40:11.704+0000] {processor.py:830} INFO - Processing file /home/airflow/.local/lib/python3.12/site-packages/airflow/example_dags/plugins/event_listener.py for tasks to queue
[2026-05-09T05:40:11.706+0000] {logging_mixin.py:188} INFO - [2026-05-09T05:40:11.706+0000] {dagbag.py:545} INFO - Filling up the DagBag from /home/airflow/.local/lib/python3.12/site-packages/airflow/example_dags/plugins/event_listener.py
[2026-05-09T05:40:11.708+0000] {processor.py:842} WARNING - No viable dags retrieved from /home/airflow/.local/lib/python3.12/site-packages/airflow/example_dags/plugins/event_listener.py
[2026-05-09T05:40:11.722+0000] {processor.py:183} INFO - Processing /home/airflow/.local/lib/python3.12/site-packages/airflow/example_dags/plugins/event_listener.py took 0.024 seconds
[2026-05-09T05:40:42.249+0000] {processor.py:161} INFO - Started process (PID=5150) to work on /home/airflow/.local/lib/python3.12/site-packages/airflow/example_dags/plugins/event_listener.py
[2026-05-09T05:40:42.250+0000] {processor.py:830} INFO - Processing file /home/airflow/.local/lib/python3.12/site-packages/airflow/example_dags/plugins/event_listener.py for tasks to queue
[2026-05-09T05:40:42.252+0000] {logging_mixin.py:188} INFO - [2026-05-09T05:40:42.252+0000] {dagbag.py:545} INFO - Filling up the DagBag from /home/airflow/.local/lib/python3.12/site-packages/airflow/example_dags/plugins/event_listener.py
[2026-05-09T05:40:42.254+0000] {processor.py:842} WARNING - No viable dags retrieved from /home/airflow/.local/lib/python3.12/site-packages/airflow/example_dags/plugins/event_listener.py
[2026-05-09T05:40:42.266+0000] {processor.py:183} INFO - Processing /home/airflow/.local/lib/python3.12/site-packages/airflow/example_dags/plugins/event_listener.py took 0.022 seconds
[2026-05-09T05:41:12.474+0000] {processor.py:161} INFO - Started process (PID=5210) to work on /home/airflow/.local/lib/python3.12/site-packages/airflow/example_dags/plugins/event_listener.py
[2026-05-09T05:41:12.475+0000] {processor.py:830} INFO - Processing file /home/airflow/.local/lib/python3.12/site-packages/airflow/example_dags/plugins/event_listener.py for tasks to queue
[2026-05-09T05:41:12.477+0000] {logging_mixin.py:188} INFO - [2026-05-09T05:41:12.477+0000] {dagbag.py:545} INFO - Filling up the DagBag from /home/airflow/.local/lib/python3.12/site-packages/airflow/example_dags/plugins/event_listener.py
[2026-05-09T05:41:12.479+0000] {processor.py:842} WARNING - No viable dags retrieved from /home/airflow/.local/lib/python3.12/site-packages/airflow/example_dags/plugins/event_listener.py
[2026-05-09T05:41:12.494+0000] {processor.py:183} INFO - Processing /home/airflow/.local/lib/python3.12/site-packages/airflow/example_dags/plugins/event_listener.py took 0.024 seconds
[2026-05-09T05:41:42.613+0000] {processor.py:161} INFO - Started process (PID=5270) to work on /home/airflow/.local/lib/python3.12/site-packages/airflow/example_dags/plugins/event_listener.py
[2026-05-09T05:41:42.614+0000] {processor.py:830} INFO - Processing file /home/airflow/.local/lib/python3.12/site-packages/airflow/example_dags/plugins/event_listener.py for tasks to queue
[2026-05-09T05:41:42.616+0000] {logging_mixin.py:188} INFO - [2026-05-09T05:41:42.615+0000] {dagbag.py:545} INFO - Filling up the DagBag from /home/airflow/.local/lib/python3.12/site-packages/airflow/example_dags/plugins/event_listener.py
[2026-05-09T05:41:42.618+0000] {processor.py:842} WARNING - No viable dags retrieved from /home/airflow/.local/lib/python3.12/site-packages/airflow/example_dags/plugins/event_listener.py
[2026-05-09T05:41:42.629+0000] {processor.py:183} INFO - Processing /home/airflow/.local/lib/python3.12/site-packages/airflow/example_dags/plugins/event_listener.py took 0.021 seconds
[2026-05-09T05:42:12.817+0000] {processor.py:161} INFO - Started process (PID=5330) to work on /home/airflow/.local/lib/python3.12/site-packages/airflow/example_dags/plugins/event_listener.py
[2026-05-09T05:42:12.818+0000] {processor.py:830} INFO - Processing file /home/airflow/.local/lib/python3.12/site-packages/airflow/example_dags/plugins/event_listener.py for tasks to queue
[2026-05-09T05:42:12.820+0000] {logging_mixin.py:188} INFO - [2026-05-09T05:42:12.820+0000] {dagbag.py:545} INFO - Filling up the DagBag from /home/airflow/.local/lib/python3.12/site-packages/airflow/example_dags/plugins/event_listener.py
[2026-05-09T05:42:12.822+0000] {processor.py:842} WARNING - No viable dags retrieved from /home/airflow/.local/lib/python3.12/site-packages/airflow/example_dags/plugins/event_listener.py
[2026-05-09T05:42:12.835+0000] {processor.py:183} INFO - Processing /home/airflow/.local/lib/python3.12/site-packages/airflow/example_dags/plugins/event_listener.py took 0.023 seconds
[2026-05-09T05:42:42.963+0000] {processor.py:161} INFO - Started process (PID=5390) to work on /home/airflow/.local/lib/python3.12/site-packages/airflow/example_dags/plugins/event_listener.py
[2026-05-09T05:42:42.964+0000] {processor.py:830} INFO - Processing file /home/airflow/.local/lib/python3.12/site-packages/airflow/example_dags/plugins/event_listener.py for tasks to queue
[2026-05-09T05:42:42.966+0000] {logging_mixin.py:188} INFO - [2026-05-09T05:42:42.966+0000] {dagbag.py:545} INFO - Filling up the DagBag from /home/airflow/.local/lib/python3.12/site-packages/airflow/example_dags/plugins/event_listener.py
[2026-05-09T05:42:42.968+0000] {processor.py:842} WARNING - No viable dags retrieved from /home/airflow/.local/lib/python3.12/site-packages/airflow/example_dags/plugins/event_listener.py
[2026-05-09T05:42:42.980+0000] {processor.py:183} INFO - Processing /home/airflow/.local/lib/python3.12/site-packages/airflow/example_dags/plugins/event_listener.py took 0.021 seconds
[2026-05-09T05:43:13.892+0000] {processor.py:161} INFO - Started process (PID=5450) to work on /home/airflow/.local/lib/python3.12/site-packages/airflow/example_dags/plugins/event_listener.py
[2026-05-09T05:43:13.893+0000] {processor.py:830} INFO - Processing file /home/airflow/.local/lib/python3.12/site-packages/airflow/example_dags/plugins/event_listener.py for tasks to queue
[2026-05-09T05:43:13.894+0000] {logging_mixin.py:188} INFO - [2026-05-09T05:43:13.894+0000] {dagbag.py:545} INFO - Filling up the DagBag from /home/airflow/.local/lib/python3.12/site-packages/airflow/example_dags/plugins/event_listener.py
[2026-05-09T05:43:13.896+0000] {processor.py:842} WARNING - No viable dags retrieved from /home/airflow/.local/lib/python3.12/site-packages/airflow/example_dags/plugins/event_listener.py
[2026-05-09T05:43:13.907+0000] {processor.py:183} INFO - Processing /home/airflow/.local/lib/python3.12/site-packages/airflow/example_dags/plugins/event_listener.py took 0.020 seconds
[2026-05-09T05:43:44.848+0000] {processor.py:161} INFO - Started process (PID=5510) to work on /home/airflow/.local/lib/python3.12/site-packages/airflow/example_dags/plugins/event_listener.py
[2026-05-09T05:43:44.852+0000] {processor.py:830} INFO - Processing file /home/airflow/.local/lib/python3.12/site-packages/airflow/example_dags/plugins/event_listener.py for tasks to queue
[2026-05-09T05:43:44.858+0000] {logging_mixin.py:188} INFO - [2026-05-09T05:43:44.857+0000] {dagbag.py:545} INFO - Filling up the DagBag from /home/airflow/.local/lib/python3.12/site-packages/airflow/example_dags/plugins/event_listener.py
[2026-05-09T05:43:44.863+0000] {processor.py:842} WARNING - No viable dags retrieved from /home/airflow/.local/lib/python3.12/site-packages/airflow/example_dags/plugins/event_listener.py
[2026-05-09T05:43:44.890+0000] {processor.py:183} INFO - Processing /home/airflow/.local/lib/python3.12/site-packages/airflow/example_dags/plugins/event_listener.py took 0.060 seconds
[2026-05-09T05:44:15.637+0000] {processor.py:161} INFO - Started process (PID=5570) to work on /home/airflow/.local/lib/python3.12/site-packages/airflow/example_dags/plugins/event_listener.py
[2026-05-09T05:44:15.638+0000] {processor.py:830} INFO - Processing file /home/airflow/.local/lib/python3.12/site-packages/airflow/example_dags/plugins/event_listener.py for tasks to queue
[2026-05-09T05:44:15.640+0000] {logging_mixin.py:188} INFO - [2026-05-09T05:44:15.639+0000] {dagbag.py:545} INFO - Filling up the DagBag from /home/airflow/.local/lib/python3.12/site-packages/airflow/example_dags/plugins/event_listener.py
[2026-05-09T05:44:15.643+0000] {processor.py:842} WARNING - No viable dags retrieved from /home/airflow/.local/lib/python3.12/site-packages/airflow/example_dags/plugins/event_listener.py
[2026-05-09T05:44:15.655+0000] {processor.py:183} INFO - Processing /home/airflow/.local/lib/python3.12/site-packages/airflow/example_dags/plugins/event_listener.py took 0.023 seconds
[2026-05-09T05:44:45.751+0000] {processor.py:161} INFO - Started process (PID=5630) to work on /home/airflow/.local/lib/python3.12/site-packages/airflow/example_dags/plugins/event_listener.py
[2026-05-09T05:44:45.752+0000] {processor.py:830} INFO - Processing file /home/airflow/.local/lib/python3.12/site-packages/airflow/example_dags/plugins/event_listener.py for tasks to queue
[2026-05-09T05:44:45.754+0000] {logging_mixin.py:188} INFO - [2026-05-09T05:44:45.754+0000] {dagbag.py:545} INFO - Filling up the DagBag from /home/airflow/.local/lib/python3.12/site-packages/airflow/example_dags/plugins/event_listener.py
[2026-05-09T05:44:45.756+0000] {processor.py:842} WARNING - No viable dags retrieved from /home/airflow/.local/lib/python3.12/site-packages/airflow/example_dags/plugins/event_listener.py
[2026-05-09T05:44:45.766+0000] {processor.py:183} INFO - Processing /home/airflow/.local/lib/python3.12/site-packages/airflow/example_dags/plugins/event_listener.py took 0.021 seconds
[2026-05-09T05:45:16.482+0000] {processor.py:161} INFO - Started process (PID=5690) to work on /home/airflow/.local/lib/python3.12/site-packages/airflow/example_dags/plugins/event_listener.py
[2026-05-09T05:45:16.483+0000] {processor.py:830} INFO - Processing file /home/airflow/.local/lib/python3.12/site-packages/airflow/example_dags/plugins/event_listener.py for tasks to queue
[2026-05-09T05:45:16.485+0000] {logging_mixin.py:188} INFO - [2026-05-09T05:45:16.485+0000] {dagbag.py:545} INFO - Filling up the DagBag from /home/airflow/.local/lib/python3.12/site-packages/airflow/example_dags/plugins/event_listener.py
[2026-05-09T05:45:16.487+0000] {processor.py:842} WARNING - No viable dags retrieved from /home/airflow/.local/lib/python3.12/site-packages/airflow/example_dags/plugins/event_listener.py
[2026-05-09T05:45:16.497+0000] {processor.py:183} INFO - Processing /home/airflow/.local/lib/python3.12/site-packages/airflow/example_dags/plugins/event_listener.py took 0.020 seconds
[2026-05-09T05:45:47.385+0000] {processor.py:161} INFO - Started process (PID=5750) to work on /home/airflow/.local/lib/python3.12/site-packages/airflow/example_dags/plugins/event_listener.py
[2026-05-09T05:45:47.386+0000] {processor.py:830} INFO - Processing file /home/airflow/.local/lib/python3.12/site-packages/airflow/example_dags/plugins/event_listener.py for tasks to queue
[2026-05-09T05:45:47.388+0000] {logging_mixin.py:188} INFO - [2026-05-09T05:45:47.387+0000] {dagbag.py:545} INFO - Filling up the DagBag from /home/airflow/.local/lib/python3.12/site-packages/airflow/example_dags/plugins/event_listener.py
[2026-05-09T05:45:47.389+0000] {processor.py:842} WARNING - No viable dags retrieved from /home/airflow/.local/lib/python3.12/site-packages/airflow/example_dags/plugins/event_listener.py
[2026-05-09T05:45:47.400+0000] {processor.py:183} INFO - Processing /home/airflow/.local/lib/python3.12/site-packages/airflow/example_dags/plugins/event_listener.py took 0.020 seconds
[2026-05-09T05:46:18.111+0000] {processor.py:161} INFO - Started process (PID=5810) to work on /home/airflow/.local/lib/python3.12/site-packages/airflow/example_dags/plugins/event_listener.py
[2026-05-09T05:46:18.113+0000] {processor.py:830} INFO - Processing file /home/airflow/.local/lib/python3.12/site-packages/airflow/example_dags/plugins/event_listener.py for tasks to queue
[2026-05-09T05:46:18.115+0000] {logging_mixin.py:188} INFO - [2026-05-09T05:46:18.114+0000] {dagbag.py:545} INFO - Filling up the DagBag from /home/airflow/.local/lib/python3.12/site-packages/airflow/example_dags/plugins/event_listener.py
[2026-05-09T05:46:18.117+0000] {processor.py:842} WARNING - No viable dags retrieved from /home/airflow/.local/lib/python3.12/site-packages/airflow/example_dags/plugins/event_listener.py
[2026-05-09T05:46:18.130+0000] {processor.py:183} INFO - Processing /home/airflow/.local/lib/python3.12/site-packages/airflow/example_dags/plugins/event_listener.py took 0.024 seconds
[2026-05-09T05:46:48.509+0000] {processor.py:161} INFO - Started process (PID=5870) to work on /home/airflow/.local/lib/python3.12/site-packages/airflow/example_dags/plugins/event_listener.py
[2026-05-09T05:46:48.511+0000] {processor.py:830} INFO - Processing file /home/airflow/.local/lib/python3.12/site-packages/airflow/example_dags/plugins/event_listener.py for tasks to queue
[2026-05-09T05:46:48.514+0000] {logging_mixin.py:188} INFO - [2026-05-09T05:46:48.514+0000] {dagbag.py:545} INFO - Filling up the DagBag from /home/airflow/.local/lib/python3.12/site-packages/airflow/example_dags/plugins/event_listener.py
[2026-05-09T05:46:48.516+0000] {processor.py:842} WARNING - No viable dags retrieved from /home/airflow/.local/lib/python3.12/site-packages/airflow/example_dags/plugins/event_listener.py
[2026-05-09T05:46:48.531+0000] {processor.py:183} INFO - Processing /home/airflow/.local/lib/python3.12/site-packages/airflow/example_dags/plugins/event_listener.py took 0.026 seconds
[2026-05-09T05:47:19.389+0000] {processor.py:161} INFO - Started process (PID=5930) to work on /home/airflow/.local/lib/python3.12/site-packages/airflow/example_dags/plugins/event_listener.py
[2026-05-09T05:47:19.390+0000] {processor.py:830} INFO - Processing file /home/airflow/.local/lib/python3.12/site-packages/airflow/example_dags/plugins/event_listener.py for tasks to queue
[2026-05-09T05:47:19.392+0000] {logging_mixin.py:188} INFO - [2026-05-09T05:47:19.392+0000] {dagbag.py:545} INFO - Filling up the DagBag from /home/airflow/.local/lib/python3.12/site-packages/airflow/example_dags/plugins/event_listener.py
[2026-05-09T05:47:19.394+0000] {processor.py:842} WARNING - No viable dags retrieved from /home/airflow/.local/lib/python3.12/site-packages/airflow/example_dags/plugins/event_listener.py
[2026-05-09T05:47:19.405+0000] {processor.py:183} INFO - Processing /home/airflow/.local/lib/python3.12/site-packages/airflow/example_dags/plugins/event_listener.py took 0.020 seconds
[2026-05-09T05:47:50.332+0000] {processor.py:161} INFO - Started process (PID=5990) to work on /home/airflow/.local/lib/python3.12/site-packages/airflow/example_dags/plugins/event_listener.py
[2026-05-09T05:47:50.333+0000] {processor.py:830} INFO - Processing file /home/airflow/.local/lib/python3.12/site-packages/airflow/example_dags/plugins/event_listener.py for tasks to queue
[2026-05-09T05:47:50.335+0000] {logging_mixin.py:188} INFO - [2026-05-09T05:47:50.335+0000] {dagbag.py:545} INFO - Filling up the DagBag from /home/airflow/.local/lib/python3.12/site-packages/airflow/example_dags/plugins/event_listener.py
[2026-05-09T05:47:50.337+0000] {processor.py:842} WARNING - No viable dags retrieved from /home/airflow/.local/lib/python3.12/site-packages/airflow/example_dags/plugins/event_listener.py
[2026-05-09T05:47:50.349+0000] {processor.py:183} INFO - Processing /home/airflow/.local/lib/python3.12/site-packages/airflow/example_dags/plugins/event_listener.py took 0.022 seconds
[2026-05-09T05:48:21.233+0000] {processor.py:161} INFO - Started process (PID=6050) to work on /home/airflow/.local/lib/python3.12/site-packages/airflow/example_dags/plugins/event_listener.py
[2026-05-09T05:48:21.234+0000] {processor.py:830} INFO - Processing file /home/airflow/.local/lib/python3.12/site-packages/airflow/example_dags/plugins/event_listener.py for tasks to queue
[2026-05-09T05:48:21.236+0000] {logging_mixin.py:188} INFO - [2026-05-09T05:48:21.236+0000] {dagbag.py:545} INFO - Filling up the DagBag from /home/airflow/.local/lib/python3.12/site-packages/airflow/example_dags/plugins/event_listener.py
[2026-05-09T05:48:21.238+0000] {processor.py:842} WARNING - No viable dags retrieved from /home/airflow/.local/lib/python3.12/site-packages/airflow/example_dags/plugins/event_listener.py
[2026-05-09T05:48:21.250+0000] {processor.py:183} INFO - Processing /home/airflow/.local/lib/python3.12/site-packages/airflow/example_dags/plugins/event_listener.py took 0.022 seconds
[2026-05-09T05:48:52.025+0000] {processor.py:161} INFO - Started process (PID=6110) to work on /home/airflow/.local/lib/python3.12/site-packages/airflow/example_dags/plugins/event_listener.py
[2026-05-09T05:48:52.026+0000] {processor.py:830} INFO - Processing file /home/airflow/.local/lib/python3.12/site-packages/airflow/example_dags/plugins/event_listener.py for tasks to queue
[2026-05-09T05:48:52.028+0000] {logging_mixin.py:188} INFO - [2026-05-09T05:48:52.028+0000] {dagbag.py:545} INFO - Filling up the DagBag from /home/airflow/.local/lib/python3.12/site-packages/airflow/example_dags/plugins/event_listener.py
[2026-05-09T05:48:52.030+0000] {processor.py:842} WARNING - No viable dags retrieved from /home/airflow/.local/lib/python3.12/site-packages/airflow/example_dags/plugins/event_listener.py
[2026-05-09T05:48:52.042+0000] {processor.py:183} INFO - Processing /home/airflow/.local/lib/python3.12/site-packages/airflow/example_dags/plugins/event_listener.py took 0.022 seconds
[2026-05-09T05:49:22.337+0000] {processor.py:161} INFO - Started process (PID=6170) to work on /home/airflow/.local/lib/python3.12/site-packages/airflow/example_dags/plugins/event_listener.py
[2026-05-09T05:49:22.339+0000] {processor.py:830} INFO - Processing file /home/airflow/.local/lib/python3.12/site-packages/airflow/example_dags/plugins/event_listener.py for tasks to queue
[2026-05-09T05:49:22.341+0000] {logging_mixin.py:188} INFO - [2026-05-09T05:49:22.341+0000] {dagbag.py:545} INFO - Filling up the DagBag from /home/airflow/.local/lib/python3.12/site-packages/airflow/example_dags/plugins/event_listener.py
[2026-05-09T05:49:22.344+0000] {processor.py:842} WARNING - No viable dags retrieved from /home/airflow/.local/lib/python3.12/site-packages/airflow/example_dags/plugins/event_listener.py
[2026-05-09T05:49:22.358+0000] {processor.py:183} INFO - Processing /home/airflow/.local/lib/python3.12/site-packages/airflow/example_dags/plugins/event_listener.py took 0.027 seconds
[2026-05-09T05:49:53.014+0000] {processor.py:161} INFO - Started process (PID=6236) to work on /home/airflow/.local/lib/python3.12/site-packages/airflow/example_dags/plugins/event_listener.py
[2026-05-09T05:49:53.017+0000] {processor.py:830} INFO - Processing file /home/airflow/.local/lib/python3.12/site-packages/airflow/example_dags/plugins/event_listener.py for tasks to queue
[2026-05-09T05:49:53.020+0000] {logging_mixin.py:188} INFO - [2026-05-09T05:49:53.020+0000] {dagbag.py:545} INFO - Filling up the DagBag from /home/airflow/.local/lib/python3.12/site-packages/airflow/example_dags/plugins/event_listener.py
[2026-05-09T05:49:53.027+0000] {processor.py:842} WARNING - No viable dags retrieved from /home/airflow/.local/lib/python3.12/site-packages/airflow/example_dags/plugins/event_listener.py
[2026-05-09T05:49:53.049+0000] {processor.py:183} INFO - Processing /home/airflow/.local/lib/python3.12/site-packages/airflow/example_dags/plugins/event_listener.py took 0.045 seconds
[2026-05-09T05:50:23.347+0000] {processor.py:161} INFO - Started process (PID=6296) to work on /home/airflow/.local/lib/python3.12/site-packages/airflow/example_dags/plugins/event_listener.py
[2026-05-09T05:50:23.350+0000] {processor.py:830} INFO - Processing file /home/airflow/.local/lib/python3.12/site-packages/airflow/example_dags/plugins/event_listener.py for tasks to queue
[2026-05-09T05:50:23.355+0000] {logging_mixin.py:188} INFO - [2026-05-09T05:50:23.354+0000] {dagbag.py:545} INFO - Filling up the DagBag from /home/airflow/.local/lib/python3.12/site-packages/airflow/example_dags/plugins/event_listener.py
[2026-05-09T05:50:23.358+0000] {processor.py:842} WARNING - No viable dags retrieved from /home/airflow/.local/lib/python3.12/site-packages/airflow/example_dags/plugins/event_listener.py
[2026-05-09T05:50:23.378+0000] {processor.py:183} INFO - Processing /home/airflow/.local/lib/python3.12/site-packages/airflow/example_dags/plugins/event_listener.py took 0.042 seconds
[2026-05-09T05:50:53.629+0000] {processor.py:161} INFO - Started process (PID=6356) to work on /home/airflow/.local/lib/python3.12/site-packages/airflow/example_dags/plugins/event_listener.py
[2026-05-09T05:50:53.631+0000] {processor.py:830} INFO - Processing file /home/airflow/.local/lib/python3.12/site-packages/airflow/example_dags/plugins/event_listener.py for tasks to queue
[2026-05-09T05:50:53.638+0000] {logging_mixin.py:188} INFO - [2026-05-09T05:50:53.637+0000] {dagbag.py:545} INFO - Filling up the DagBag from /home/airflow/.local/lib/python3.12/site-packages/airflow/example_dags/plugins/event_listener.py
[2026-05-09T05:50:53.646+0000] {processor.py:842} WARNING - No viable dags retrieved from /home/airflow/.local/lib/python3.12/site-packages/airflow/example_dags/plugins/event_listener.py
[2026-05-09T05:50:53.706+0000] {processor.py:183} INFO - Processing /home/airflow/.local/lib/python3.12/site-packages/airflow/example_dags/plugins/event_listener.py took 0.086 seconds
[2026-05-09T05:51:24.546+0000] {processor.py:161} INFO - Started process (PID=6415) to work on /home/airflow/.local/lib/python3.12/site-packages/airflow/example_dags/plugins/event_listener.py
[2026-05-09T05:51:24.547+0000] {processor.py:830} INFO - Processing file /home/airflow/.local/lib/python3.12/site-packages/airflow/example_dags/plugins/event_listener.py for tasks to queue
[2026-05-09T05:51:24.549+0000] {logging_mixin.py:188} INFO - [2026-05-09T05:51:24.548+0000] {dagbag.py:545} INFO - Filling up the DagBag from /home/airflow/.local/lib/python3.12/site-packages/airflow/example_dags/plugins/event_listener.py
[2026-05-09T05:51:24.551+0000] {processor.py:842} WARNING - No viable dags retrieved from /home/airflow/.local/lib/python3.12/site-packages/airflow/example_dags/plugins/event_listener.py
[2026-05-09T05:51:24.563+0000] {processor.py:183} INFO - Processing /home/airflow/.local/lib/python3.12/site-packages/airflow/example_dags/plugins/event_listener.py took 0.022 seconds
[2026-05-09T05:51:55.424+0000] {processor.py:161} INFO - Started process (PID=6475) to work on /home/airflow/.local/lib/python3.12/site-packages/airflow/example_dags/plugins/event_listener.py
[2026-05-09T05:51:55.425+0000] {processor.py:830} INFO - Processing file /home/airflow/.local/lib/python3.12/site-packages/airflow/example_dags/plugins/event_listener.py for tasks to queue
[2026-05-09T05:51:55.427+0000] {logging_mixin.py:188} INFO - [2026-05-09T05:51:55.427+0000] {dagbag.py:545} INFO - Filling up the DagBag from /home/airflow/.local/lib/python3.12/site-packages/airflow/example_dags/plugins/event_listener.py
[2026-05-09T05:51:55.429+0000] {processor.py:842} WARNING - No viable dags retrieved from /home/airflow/.local/lib/python3.12/site-packages/airflow/example_dags/plugins/event_listener.py
[2026-05-09T05:51:55.440+0000] {processor.py:183} INFO - Processing /home/airflow/.local/lib/python3.12/site-packages/airflow/example_dags/plugins/event_listener.py took 0.021 seconds
[2026-05-09T05:52:25.676+0000] {processor.py:161} INFO - Started process (PID=6535) to work on /home/airflow/.local/lib/python3.12/site-packages/airflow/example_dags/plugins/event_listener.py
[2026-05-09T05:52:25.679+0000] {processor.py:830} INFO - Processing file /home/airflow/.local/lib/python3.12/site-packages/airflow/example_dags/plugins/event_listener.py for tasks to queue
[2026-05-09T05:52:25.681+0000] {logging_mixin.py:188} INFO - [2026-05-09T05:52:25.681+0000] {dagbag.py:545} INFO - Filling up the DagBag from /home/airflow/.local/lib/python3.12/site-packages/airflow/example_dags/plugins/event_listener.py
[2026-05-09T05:52:25.684+0000] {processor.py:842} WARNING - No viable dags retrieved from /home/airflow/.local/lib/python3.12/site-packages/airflow/example_dags/plugins/event_listener.py
[2026-05-09T05:52:25.695+0000] {processor.py:183} INFO - Processing /home/airflow/.local/lib/python3.12/site-packages/airflow/example_dags/plugins/event_listener.py took 0.024 seconds
[2026-05-09T05:52:56.416+0000] {processor.py:161} INFO - Started process (PID=6595) to work on /home/airflow/.local/lib/python3.12/site-packages/airflow/example_dags/plugins/event_listener.py
[2026-05-09T05:52:56.417+0000] {processor.py:830} INFO - Processing file /home/airflow/.local/lib/python3.12/site-packages/airflow/example_dags/plugins/event_listener.py for tasks to queue
[2026-05-09T05:52:56.419+0000] {logging_mixin.py:188} INFO - [2026-05-09T05:52:56.419+0000] {dagbag.py:545} INFO - Filling up the DagBag from /home/airflow/.local/lib/python3.12/site-packages/airflow/example_dags/plugins/event_listener.py
[2026-05-09T05:52:56.421+0000] {processor.py:842} WARNING - No viable dags retrieved from /home/airflow/.local/lib/python3.12/site-packages/airflow/example_dags/plugins/event_listener.py
[2026-05-09T05:52:56.434+0000] {processor.py:183} INFO - Processing /home/airflow/.local/lib/python3.12/site-packages/airflow/example_dags/plugins/event_listener.py took 0.024 seconds
[2026-05-09T05:53:26.480+0000] {processor.py:161} INFO - Started process (PID=6654) to work on /home/airflow/.local/lib/python3.12/site-packages/airflow/example_dags/plugins/event_listener.py
[2026-05-09T05:53:26.481+0000] {processor.py:830} INFO - Processing file /home/airflow/.local/lib/python3.12/site-packages/airflow/example_dags/plugins/event_listener.py for tasks to queue
[2026-05-09T05:53:26.483+0000] {logging_mixin.py:188} INFO - [2026-05-09T05:53:26.483+0000] {dagbag.py:545} INFO - Filling up the DagBag from /home/airflow/.local/lib/python3.12/site-packages/airflow/example_dags/plugins/event_listener.py
[2026-05-09T05:53:26.486+0000] {processor.py:842} WARNING - No viable dags retrieved from /home/airflow/.local/lib/python3.12/site-packages/airflow/example_dags/plugins/event_listener.py
[2026-05-09T05:53:26.498+0000] {processor.py:183} INFO - Processing /home/airflow/.local/lib/python3.12/site-packages/airflow/example_dags/plugins/event_listener.py took 0.023 seconds
[2026-05-09T05:53:56.712+0000] {processor.py:161} INFO - Started process (PID=6714) to work on /home/airflow/.local/lib/python3.12/site-packages/airflow/example_dags/plugins/event_listener.py
[2026-05-09T05:53:56.714+0000] {processor.py:830} INFO - Processing file /home/airflow/.local/lib/python3.12/site-packages/airflow/example_dags/plugins/event_listener.py for tasks to queue
[2026-05-09T05:53:56.716+0000] {logging_mixin.py:188} INFO - [2026-05-09T05:53:56.716+0000] {dagbag.py:545} INFO - Filling up the DagBag from /home/airflow/.local/lib/python3.12/site-packages/airflow/example_dags/plugins/event_listener.py
[2026-05-09T05:53:56.718+0000] {processor.py:842} WARNING - No viable dags retrieved from /home/airflow/.local/lib/python3.12/site-packages/airflow/example_dags/plugins/event_listener.py
[2026-05-09T05:53:56.732+0000] {processor.py:183} INFO - Processing /home/airflow/.local/lib/python3.12/site-packages/airflow/example_dags/plugins/event_listener.py took 0.026 seconds
[2026-05-09T05:54:27.003+0000] {processor.py:161} INFO - Started process (PID=6774) to work on /home/airflow/.local/lib/python3.12/site-packages/airflow/example_dags/plugins/event_listener.py
[2026-05-09T05:54:27.004+0000] {processor.py:830} INFO - Processing file /home/airflow/.local/lib/python3.12/site-packages/airflow/example_dags/plugins/event_listener.py for tasks to queue
[2026-05-09T05:54:27.007+0000] {logging_mixin.py:188} INFO - [2026-05-09T05:54:27.006+0000] {dagbag.py:545} INFO - Filling up the DagBag from /home/airflow/.local/lib/python3.12/site-packages/airflow/example_dags/plugins/event_listener.py
[2026-05-09T05:54:27.009+0000] {processor.py:842} WARNING - No viable dags retrieved from /home/airflow/.local/lib/python3.12/site-packages/airflow/example_dags/plugins/event_listener.py
[2026-05-09T05:54:27.023+0000] {processor.py:183} INFO - Processing /home/airflow/.local/lib/python3.12/site-packages/airflow/example_dags/plugins/event_listener.py took 0.025 seconds
[2026-05-09T05:54:57.170+0000] {processor.py:161} INFO - Started process (PID=6834) to work on /home/airflow/.local/lib/python3.12/site-packages/airflow/example_dags/plugins/event_listener.py
[2026-05-09T05:54:57.171+0000] {processor.py:830} INFO - Processing file /home/airflow/.local/lib/python3.12/site-packages/airflow/example_dags/plugins/event_listener.py for tasks to queue
[2026-05-09T05:54:57.173+0000] {logging_mixin.py:188} INFO - [2026-05-09T05:54:57.172+0000] {dagbag.py:545} INFO - Filling up the DagBag from /home/airflow/.local/lib/python3.12/site-packages/airflow/example_dags/plugins/event_listener.py
[2026-05-09T05:54:57.175+0000] {processor.py:842} WARNING - No viable dags retrieved from /home/airflow/.local/lib/python3.12/site-packages/airflow/example_dags/plugins/event_listener.py
[2026-05-09T05:54:57.187+0000] {processor.py:183} INFO - Processing /home/airflow/.local/lib/python3.12/site-packages/airflow/example_dags/plugins/event_listener.py took 0.022 seconds
[2026-05-09T05:55:27.672+0000] {processor.py:161} INFO - Started process (PID=6895) to work on /home/airflow/.local/lib/python3.12/site-packages/airflow/example_dags/plugins/event_listener.py
[2026-05-09T05:55:27.673+0000] {processor.py:830} INFO - Processing file /home/airflow/.local/lib/python3.12/site-packages/airflow/example_dags/plugins/event_listener.py for tasks to queue
[2026-05-09T05:55:27.675+0000] {logging_mixin.py:188} INFO - [2026-05-09T05:55:27.675+0000] {dagbag.py:545} INFO - Filling up the DagBag from /home/airflow/.local/lib/python3.12/site-packages/airflow/example_dags/plugins/event_listener.py
[2026-05-09T05:55:27.678+0000] {processor.py:842} WARNING - No viable dags retrieved from /home/airflow/.local/lib/python3.12/site-packages/airflow/example_dags/plugins/event_listener.py
[2026-05-09T05:55:27.689+0000] {processor.py:183} INFO - Processing /home/airflow/.local/lib/python3.12/site-packages/airflow/example_dags/plugins/event_listener.py took 0.022 seconds
[2026-05-09T05:55:58.876+0000] {processor.py:161} INFO - Started process (PID=6955) to work on /home/airflow/.local/lib/python3.12/site-packages/airflow/example_dags/plugins/event_listener.py
[2026-05-09T05:55:58.878+0000] {processor.py:830} INFO - Processing file /home/airflow/.local/lib/python3.12/site-packages/airflow/example_dags/plugins/event_listener.py for tasks to queue
[2026-05-09T05:55:58.881+0000] {logging_mixin.py:188} INFO - [2026-05-09T05:55:58.881+0000] {dagbag.py:545} INFO - Filling up the DagBag from /home/airflow/.local/lib/python3.12/site-packages/airflow/example_dags/plugins/event_listener.py
[2026-05-09T05:55:58.883+0000] {processor.py:842} WARNING - No viable dags retrieved from /home/airflow/.local/lib/python3.12/site-packages/airflow/example_dags/plugins/event_listener.py
[2026-05-09T05:55:58.901+0000] {processor.py:183} INFO - Processing /home/airflow/.local/lib/python3.12/site-packages/airflow/example_dags/plugins/event_listener.py took 0.036 seconds
[2026-05-09T05:56:29.146+0000] {processor.py:161} INFO - Started process (PID=7015) to work on /home/airflow/.local/lib/python3.12/site-packages/airflow/example_dags/plugins/event_listener.py
[2026-05-09T05:56:29.148+0000] {processor.py:830} INFO - Processing file /home/airflow/.local/lib/python3.12/site-packages/airflow/example_dags/plugins/event_listener.py for tasks to queue
[2026-05-09T05:56:29.152+0000] {logging_mixin.py:188} INFO - [2026-05-09T05:56:29.151+0000] {dagbag.py:545} INFO - Filling up the DagBag from /home/airflow/.local/lib/python3.12/site-packages/airflow/example_dags/plugins/event_listener.py
[2026-05-09T05:56:29.155+0000] {processor.py:842} WARNING - No viable dags retrieved from /home/airflow/.local/lib/python3.12/site-packages/airflow/example_dags/plugins/event_listener.py
[2026-05-09T05:56:29.176+0000] {processor.py:183} INFO - Processing /home/airflow/.local/lib/python3.12/site-packages/airflow/example_dags/plugins/event_listener.py took 0.038 seconds
[2026-05-09T05:56:59.778+0000] {processor.py:161} INFO - Started process (PID=7075) to work on /home/airflow/.local/lib/python3.12/site-packages/airflow/example_dags/plugins/event_listener.py
[2026-05-09T05:56:59.780+0000] {processor.py:830} INFO - Processing file /home/airflow/.local/lib/python3.12/site-packages/airflow/example_dags/plugins/event_listener.py for tasks to queue
[2026-05-09T05:56:59.784+0000] {logging_mixin.py:188} INFO - [2026-05-09T05:56:59.784+0000] {dagbag.py:545} INFO - Filling up the DagBag from /home/airflow/.local/lib/python3.12/site-packages/airflow/example_dags/plugins/event_listener.py
[2026-05-09T05:56:59.788+0000] {processor.py:842} WARNING - No viable dags retrieved from /home/airflow/.local/lib/python3.12/site-packages/airflow/example_dags/plugins/event_listener.py
[2026-05-09T05:56:59.812+0000] {processor.py:183} INFO - Processing /home/airflow/.local/lib/python3.12/site-packages/airflow/example_dags/plugins/event_listener.py took 0.044 seconds
[2026-05-09T05:57:30.168+0000] {processor.py:161} INFO - Started process (PID=7135) to work on /home/airflow/.local/lib/python3.12/site-packages/airflow/example_dags/plugins/event_listener.py
[2026-05-09T05:57:30.170+0000] {processor.py:830} INFO - Processing file /home/airflow/.local/lib/python3.12/site-packages/airflow/example_dags/plugins/event_listener.py for tasks to queue
[2026-05-09T05:57:30.172+0000] {logging_mixin.py:188} INFO - [2026-05-09T05:57:30.172+0000] {dagbag.py:545} INFO - Filling up the DagBag from /home/airflow/.local/lib/python3.12/site-packages/airflow/example_dags/plugins/event_listener.py
[2026-05-09T05:57:30.174+0000] {processor.py:842} WARNING - No viable dags retrieved from /home/airflow/.local/lib/python3.12/site-packages/airflow/example_dags/plugins/event_listener.py
[2026-05-09T05:57:30.186+0000] {processor.py:183} INFO - Processing /home/airflow/.local/lib/python3.12/site-packages/airflow/example_dags/plugins/event_listener.py took 0.022 seconds
[2026-05-09T05:58:01.221+0000] {processor.py:161} INFO - Started process (PID=7195) to work on /home/airflow/.local/lib/python3.12/site-packages/airflow/example_dags/plugins/event_listener.py
[2026-05-09T05:58:01.222+0000] {processor.py:830} INFO - Processing file /home/airflow/.local/lib/python3.12/site-packages/airflow/example_dags/plugins/event_listener.py for tasks to queue
[2026-05-09T05:58:01.224+0000] {logging_mixin.py:188} INFO - [2026-05-09T05:58:01.224+0000] {dagbag.py:545} INFO - Filling up the DagBag from /home/airflow/.local/lib/python3.12/site-packages/airflow/example_dags/plugins/event_listener.py
[2026-05-09T05:58:01.226+0000] {processor.py:842} WARNING - No viable dags retrieved from /home/airflow/.local/lib/python3.12/site-packages/airflow/example_dags/plugins/event_listener.py
[2026-05-09T05:58:01.237+0000] {processor.py:183} INFO - Processing /home/airflow/.local/lib/python3.12/site-packages/airflow/example_dags/plugins/event_listener.py took 0.021 seconds
[2026-05-09T05:58:31.443+0000] {processor.py:161} INFO - Started process (PID=7255) to work on /home/airflow/.local/lib/python3.12/site-packages/airflow/example_dags/plugins/event_listener.py
[2026-05-09T05:58:31.444+0000] {processor.py:830} INFO - Processing file /home/airflow/.local/lib/python3.12/site-packages/airflow/example_dags/plugins/event_listener.py for tasks to queue
[2026-05-09T05:58:31.446+0000] {logging_mixin.py:188} INFO - [2026-05-09T05:58:31.446+0000] {dagbag.py:545} INFO - Filling up the DagBag from /home/airflow/.local/lib/python3.12/site-packages/airflow/example_dags/plugins/event_listener.py
[2026-05-09T05:58:31.448+0000] {processor.py:842} WARNING - No viable dags retrieved from /home/airflow/.local/lib/python3.12/site-packages/airflow/example_dags/plugins/event_listener.py
[2026-05-09T05:58:31.459+0000] {processor.py:183} INFO - Processing /home/airflow/.local/lib/python3.12/site-packages/airflow/example_dags/plugins/event_listener.py took 0.020 seconds
[2026-05-09T05:59:01.919+0000] {processor.py:161} INFO - Started process (PID=7315) to work on /home/airflow/.local/lib/python3.12/site-packages/airflow/example_dags/plugins/event_listener.py
[2026-05-09T05:59:01.920+0000] {processor.py:830} INFO - Processing file /home/airflow/.local/lib/python3.12/site-packages/airflow/example_dags/plugins/event_listener.py for tasks to queue
[2026-05-09T05:59:01.922+0000] {logging_mixin.py:188} INFO - [2026-05-09T05:59:01.922+0000] {dagbag.py:545} INFO - Filling up the DagBag from /home/airflow/.local/lib/python3.12/site-packages/airflow/example_dags/plugins/event_listener.py
[2026-05-09T05:59:01.928+0000] {processor.py:842} WARNING - No viable dags retrieved from /home/airflow/.local/lib/python3.12/site-packages/airflow/example_dags/plugins/event_listener.py
[2026-05-09T05:59:01.940+0000] {processor.py:183} INFO - Processing /home/airflow/.local/lib/python3.12/site-packages/airflow/example_dags/plugins/event_listener.py took 0.025 seconds
[2026-05-09T05:59:32.589+0000] {processor.py:161} INFO - Started process (PID=7375) to work on /home/airflow/.local/lib/python3.12/site-packages/airflow/example_dags/plugins/event_listener.py
[2026-05-09T05:59:32.590+0000] {processor.py:830} INFO - Processing file /home/airflow/.local/lib/python3.12/site-packages/airflow/example_dags/plugins/event_listener.py for tasks to queue
[2026-05-09T05:59:32.592+0000] {logging_mixin.py:188} INFO - [2026-05-09T05:59:32.592+0000] {dagbag.py:545} INFO - Filling up the DagBag from /home/airflow/.local/lib/python3.12/site-packages/airflow/example_dags/plugins/event_listener.py
[2026-05-09T05:59:32.594+0000] {processor.py:842} WARNING - No viable dags retrieved from /home/airflow/.local/lib/python3.12/site-packages/airflow/example_dags/plugins/event_listener.py
[2026-05-09T05:59:32.606+0000] {processor.py:183} INFO - Processing /home/airflow/.local/lib/python3.12/site-packages/airflow/example_dags/plugins/event_listener.py took 0.022 seconds
[2026-05-09T06:00:03.007+0000] {processor.py:161} INFO - Started process (PID=7435) to work on /home/airflow/.local/lib/python3.12/site-packages/airflow/example_dags/plugins/event_listener.py
[2026-05-09T06:00:03.009+0000] {processor.py:830} INFO - Processing file /home/airflow/.local/lib/python3.12/site-packages/airflow/example_dags/plugins/event_listener.py for tasks to queue
[2026-05-09T06:00:03.011+0000] {logging_mixin.py:188} INFO - [2026-05-09T06:00:03.011+0000] {dagbag.py:545} INFO - Filling up the DagBag from /home/airflow/.local/lib/python3.12/site-packages/airflow/example_dags/plugins/event_listener.py
[2026-05-09T06:00:03.013+0000] {processor.py:842} WARNING - No viable dags retrieved from /home/airflow/.local/lib/python3.12/site-packages/airflow/example_dags/plugins/event_listener.py
[2026-05-09T06:00:03.028+0000] {processor.py:183} INFO - Processing /home/airflow/.local/lib/python3.12/site-packages/airflow/example_dags/plugins/event_listener.py took 0.026 seconds
[2026-05-09T06:00:33.954+0000] {processor.py:161} INFO - Started process (PID=7495) to work on /home/airflow/.local/lib/python3.12/site-packages/airflow/example_dags/plugins/event_listener.py
[2026-05-09T06:00:33.955+0000] {processor.py:830} INFO - Processing file /home/airflow/.local/lib/python3.12/site-packages/airflow/example_dags/plugins/event_listener.py for tasks to queue
[2026-05-09T06:00:33.958+0000] {logging_mixin.py:188} INFO - [2026-05-09T06:00:33.957+0000] {dagbag.py:545} INFO - Filling up the DagBag from /home/airflow/.local/lib/python3.12/site-packages/airflow/example_dags/plugins/event_listener.py
[2026-05-09T06:00:33.960+0000] {processor.py:842} WARNING - No viable dags retrieved from /home/airflow/.local/lib/python3.12/site-packages/airflow/example_dags/plugins/event_listener.py
[2026-05-09T06:00:33.973+0000] {processor.py:183} INFO - Processing /home/airflow/.local/lib/python3.12/site-packages/airflow/example_dags/plugins/event_listener.py took 0.024 seconds
[2026-05-09T06:01:04.075+0000] {processor.py:161} INFO - Started process (PID=7554) to work on /home/airflow/.local/lib/python3.12/site-packages/airflow/example_dags/plugins/event_listener.py
[2026-05-09T06:01:04.076+0000] {processor.py:830} INFO - Processing file /home/airflow/.local/lib/python3.12/site-packages/airflow/example_dags/plugins/event_listener.py for tasks to queue
[2026-05-09T06:01:04.078+0000] {logging_mixin.py:188} INFO - [2026-05-09T06:01:04.077+0000] {dagbag.py:545} INFO - Filling up the DagBag from /home/airflow/.local/lib/python3.12/site-packages/airflow/example_dags/plugins/event_listener.py
[2026-05-09T06:01:04.080+0000] {processor.py:842} WARNING - No viable dags retrieved from /home/airflow/.local/lib/python3.12/site-packages/airflow/example_dags/plugins/event_listener.py
[2026-05-09T06:01:04.091+0000] {processor.py:183} INFO - Processing /home/airflow/.local/lib/python3.12/site-packages/airflow/example_dags/plugins/event_listener.py took 0.021 seconds
[2026-05-09T06:01:34.732+0000] {processor.py:161} INFO - Started process (PID=7615) to work on /home/airflow/.local/lib/python3.12/site-packages/airflow/example_dags/plugins/event_listener.py
[2026-05-09T06:01:34.734+0000] {processor.py:830} INFO - Processing file /home/airflow/.local/lib/python3.12/site-packages/airflow/example_dags/plugins/event_listener.py for tasks to queue
[2026-05-09T06:01:34.738+0000] {logging_mixin.py:188} INFO - [2026-05-09T06:01:34.738+0000] {dagbag.py:545} INFO - Filling up the DagBag from /home/airflow/.local/lib/python3.12/site-packages/airflow/example_dags/plugins/event_listener.py
[2026-05-09T06:01:34.741+0000] {processor.py:842} WARNING - No viable dags retrieved from /home/airflow/.local/lib/python3.12/site-packages/airflow/example_dags/plugins/event_listener.py
[2026-05-09T06:01:34.759+0000] {processor.py:183} INFO - Processing /home/airflow/.local/lib/python3.12/site-packages/airflow/example_dags/plugins/event_listener.py took 0.037 seconds
[2026-05-09T06:02:05.421+0000] {processor.py:161} INFO - Started process (PID=7675) to work on /home/airflow/.local/lib/python3.12/site-packages/airflow/example_dags/plugins/event_listener.py
[2026-05-09T06:02:05.422+0000] {processor.py:830} INFO - Processing file /home/airflow/.local/lib/python3.12/site-packages/airflow/example_dags/plugins/event_listener.py for tasks to queue
[2026-05-09T06:02:05.424+0000] {logging_mixin.py:188} INFO - [2026-05-09T06:02:05.423+0000] {dagbag.py:545} INFO - Filling up the DagBag from /home/airflow/.local/lib/python3.12/site-packages/airflow/example_dags/plugins/event_listener.py
[2026-05-09T06:02:05.426+0000] {processor.py:842} WARNING - No viable dags retrieved from /home/airflow/.local/lib/python3.12/site-packages/airflow/example_dags/plugins/event_listener.py
[2026-05-09T06:02:05.442+0000] {processor.py:183} INFO - Processing /home/airflow/.local/lib/python3.12/site-packages/airflow/example_dags/plugins/event_listener.py took 0.029 seconds
[2026-05-09T06:02:35.890+0000] {processor.py:161} INFO - Started process (PID=7735) to work on /home/airflow/.local/lib/python3.12/site-packages/airflow/example_dags/plugins/event_listener.py
[2026-05-09T06:02:35.891+0000] {processor.py:830} INFO - Processing file /home/airflow/.local/lib/python3.12/site-packages/airflow/example_dags/plugins/event_listener.py for tasks to queue
[2026-05-09T06:02:35.895+0000] {logging_mixin.py:188} INFO - [2026-05-09T06:02:35.894+0000] {dagbag.py:545} INFO - Filling up the DagBag from /home/airflow/.local/lib/python3.12/site-packages/airflow/example_dags/plugins/event_listener.py
[2026-05-09T06:02:35.897+0000] {processor.py:842} WARNING - No viable dags retrieved from /home/airflow/.local/lib/python3.12/site-packages/airflow/example_dags/plugins/event_listener.py
[2026-05-09T06:02:35.915+0000] {processor.py:183} INFO - Processing /home/airflow/.local/lib/python3.12/site-packages/airflow/example_dags/plugins/event_listener.py took 0.032 seconds
[2026-05-09T06:03:06.398+0000] {processor.py:161} INFO - Started process (PID=7795) to work on /home/airflow/.local/lib/python3.12/site-packages/airflow/example_dags/plugins/event_listener.py
[2026-05-09T06:03:06.400+0000] {processor.py:830} INFO - Processing file /home/airflow/.local/lib/python3.12/site-packages/airflow/example_dags/plugins/event_listener.py for tasks to queue
[2026-05-09T06:03:06.403+0000] {logging_mixin.py:188} INFO - [2026-05-09T06:03:06.402+0000] {dagbag.py:545} INFO - Filling up the DagBag from /home/airflow/.local/lib/python3.12/site-packages/airflow/example_dags/plugins/event_listener.py
[2026-05-09T06:03:06.406+0000] {processor.py:842} WARNING - No viable dags retrieved from /home/airflow/.local/lib/python3.12/site-packages/airflow/example_dags/plugins/event_listener.py
[2026-05-09T06:03:06.426+0000] {processor.py:183} INFO - Processing /home/airflow/.local/lib/python3.12/site-packages/airflow/example_dags/plugins/event_listener.py took 0.038 seconds
[2026-05-09T06:03:36.786+0000] {processor.py:161} INFO - Started process (PID=7854) to work on /home/airflow/.local/lib/python3.12/site-packages/airflow/example_dags/plugins/event_listener.py
[2026-05-09T06:03:36.787+0000] {processor.py:830} INFO - Processing file /home/airflow/.local/lib/python3.12/site-packages/airflow/example_dags/plugins/event_listener.py for tasks to queue
[2026-05-09T06:03:36.789+0000] {logging_mixin.py:188} INFO - [2026-05-09T06:03:36.789+0000] {dagbag.py:545} INFO - Filling up the DagBag from /home/airflow/.local/lib/python3.12/site-packages/airflow/example_dags/plugins/event_listener.py
[2026-05-09T06:03:36.791+0000] {processor.py:842} WARNING - No viable dags retrieved from /home/airflow/.local/lib/python3.12/site-packages/airflow/example_dags/plugins/event_listener.py
[2026-05-09T06:03:36.804+0000] {processor.py:183} INFO - Processing /home/airflow/.local/lib/python3.12/site-packages/airflow/example_dags/plugins/event_listener.py took 0.023 seconds
[2026-05-09T06:04:07.769+0000] {processor.py:161} INFO - Started process (PID=7914) to work on /home/airflow/.local/lib/python3.12/site-packages/airflow/example_dags/plugins/event_listener.py
[2026-05-09T06:04:07.771+0000] {processor.py:830} INFO - Processing file /home/airflow/.local/lib/python3.12/site-packages/airflow/example_dags/plugins/event_listener.py for tasks to queue
[2026-05-09T06:04:07.773+0000] {logging_mixin.py:188} INFO - [2026-05-09T06:04:07.773+0000] {dagbag.py:545} INFO - Filling up the DagBag from /home/airflow/.local/lib/python3.12/site-packages/airflow/example_dags/plugins/event_listener.py
[2026-05-09T06:04:07.775+0000] {processor.py:842} WARNING - No viable dags retrieved from /home/airflow/.local/lib/python3.12/site-packages/airflow/example_dags/plugins/event_listener.py
[2026-05-09T06:04:07.786+0000] {processor.py:183} INFO - Processing /home/airflow/.local/lib/python3.12/site-packages/airflow/example_dags/plugins/event_listener.py took 0.021 seconds
[2026-05-09T06:04:39.002+0000] {processor.py:161} INFO - Started process (PID=7974) to work on /home/airflow/.local/lib/python3.12/site-packages/airflow/example_dags/plugins/event_listener.py
[2026-05-09T06:04:39.004+0000] {processor.py:830} INFO - Processing file /home/airflow/.local/lib/python3.12/site-packages/airflow/example_dags/plugins/event_listener.py for tasks to queue
[2026-05-09T06:04:39.009+0000] {logging_mixin.py:188} INFO - [2026-05-09T06:04:39.008+0000] {dagbag.py:545} INFO - Filling up the DagBag from /home/airflow/.local/lib/python3.12/site-packages/airflow/example_dags/plugins/event_listener.py
[2026-05-09T06:04:39.013+0000] {processor.py:842} WARNING - No viable dags retrieved from /home/airflow/.local/lib/python3.12/site-packages/airflow/example_dags/plugins/event_listener.py
[2026-05-09T06:04:39.033+0000] {processor.py:183} INFO - Processing /home/airflow/.local/lib/python3.12/site-packages/airflow/example_dags/plugins/event_listener.py took 0.039 seconds
[2026-05-09T06:05:09.764+0000] {processor.py:161} INFO - Started process (PID=8034) to work on /home/airflow/.local/lib/python3.12/site-packages/airflow/example_dags/plugins/event_listener.py
[2026-05-09T06:05:09.771+0000] {processor.py:830} INFO - Processing file /home/airflow/.local/lib/python3.12/site-packages/airflow/example_dags/plugins/event_listener.py for tasks to queue
[2026-05-09T06:05:09.776+0000] {logging_mixin.py:188} INFO - [2026-05-09T06:05:09.775+0000] {dagbag.py:545} INFO - Filling up the DagBag from /home/airflow/.local/lib/python3.12/site-packages/airflow/example_dags/plugins/event_listener.py
[2026-05-09T06:05:09.779+0000] {processor.py:842} WARNING - No viable dags retrieved from /home/airflow/.local/lib/python3.12/site-packages/airflow/example_dags/plugins/event_listener.py
[2026-05-09T06:05:09.806+0000] {processor.py:183} INFO - Processing /home/airflow/.local/lib/python3.12/site-packages/airflow/example_dags/plugins/event_listener.py took 0.051 seconds
[2026-05-09T06:05:40.516+0000] {processor.py:161} INFO - Started process (PID=8094) to work on /home/airflow/.local/lib/python3.12/site-packages/airflow/example_dags/plugins/event_listener.py
[2026-05-09T06:05:40.517+0000] {processor.py:830} INFO - Processing file /home/airflow/.local/lib/python3.12/site-packages/airflow/example_dags/plugins/event_listener.py for tasks to queue
[2026-05-09T06:05:40.519+0000] {logging_mixin.py:188} INFO - [2026-05-09T06:05:40.518+0000] {dagbag.py:545} INFO - Filling up the DagBag from /home/airflow/.local/lib/python3.12/site-packages/airflow/example_dags/plugins/event_listener.py
[2026-05-09T06:05:40.521+0000] {processor.py:842} WARNING - No viable dags retrieved from /home/airflow/.local/lib/python3.12/site-packages/airflow/example_dags/plugins/event_listener.py
[2026-05-09T06:05:40.532+0000] {processor.py:183} INFO - Processing /home/airflow/.local/lib/python3.12/site-packages/airflow/example_dags/plugins/event_listener.py took 0.021 seconds
[2026-05-09T06:06:11.044+0000] {processor.py:161} INFO - Started process (PID=8154) to work on /home/airflow/.local/lib/python3.12/site-packages/airflow/example_dags/plugins/event_listener.py
[2026-05-09T06:06:11.045+0000] {processor.py:830} INFO - Processing file /home/airflow/.local/lib/python3.12/site-packages/airflow/example_dags/plugins/event_listener.py for tasks to queue
[2026-05-09T06:06:11.047+0000] {logging_mixin.py:188} INFO - [2026-05-09T06:06:11.046+0000] {dagbag.py:545} INFO - Filling up the DagBag from /home/airflow/.local/lib/python3.12/site-packages/airflow/example_dags/plugins/event_listener.py
[2026-05-09T06:06:11.049+0000] {processor.py:842} WARNING - No viable dags retrieved from /home/airflow/.local/lib/python3.12/site-packages/airflow/example_dags/plugins/event_listener.py
[2026-05-09T06:06:11.060+0000] {processor.py:183} INFO - Processing /home/airflow/.local/lib/python3.12/site-packages/airflow/example_dags/plugins/event_listener.py took 0.021 seconds
[2026-05-09T06:06:41.668+0000] {processor.py:161} INFO - Started process (PID=8213) to work on /home/airflow/.local/lib/python3.12/site-packages/airflow/example_dags/plugins/event_listener.py
[2026-05-09T06:06:41.669+0000] {processor.py:830} INFO - Processing file /home/airflow/.local/lib/python3.12/site-packages/airflow/example_dags/plugins/event_listener.py for tasks to queue
[2026-05-09T06:06:41.671+0000] {logging_mixin.py:188} INFO - [2026-05-09T06:06:41.671+0000] {dagbag.py:545} INFO - Filling up the DagBag from /home/airflow/.local/lib/python3.12/site-packages/airflow/example_dags/plugins/event_listener.py
[2026-05-09T06:06:41.673+0000] {processor.py:842} WARNING - No viable dags retrieved from /home/airflow/.local/lib/python3.12/site-packages/airflow/example_dags/plugins/event_listener.py
[2026-05-09T06:06:41.684+0000] {processor.py:183} INFO - Processing /home/airflow/.local/lib/python3.12/site-packages/airflow/example_dags/plugins/event_listener.py took 0.021 seconds
[2026-05-09T06:07:12.460+0000] {processor.py:161} INFO - Started process (PID=8273) to work on /home/airflow/.local/lib/python3.12/site-packages/airflow/example_dags/plugins/event_listener.py
[2026-05-09T06:07:12.461+0000] {processor.py:830} INFO - Processing file /home/airflow/.local/lib/python3.12/site-packages/airflow/example_dags/plugins/event_listener.py for tasks to queue
[2026-05-09T06:07:12.463+0000] {logging_mixin.py:188} INFO - [2026-05-09T06:07:12.463+0000] {dagbag.py:545} INFO - Filling up the DagBag from /home/airflow/.local/lib/python3.12/site-packages/airflow/example_dags/plugins/event_listener.py
[2026-05-09T06:07:12.465+0000] {processor.py:842} WARNING - No viable dags retrieved from /home/airflow/.local/lib/python3.12/site-packages/airflow/example_dags/plugins/event_listener.py
[2026-05-09T06:07:12.476+0000] {processor.py:183} INFO - Processing /home/airflow/.local/lib/python3.12/site-packages/airflow/example_dags/plugins/event_listener.py took 0.021 seconds
[2026-05-09T06:07:43.072+0000] {processor.py:161} INFO - Started process (PID=8333) to work on /home/airflow/.local/lib/python3.12/site-packages/airflow/example_dags/plugins/event_listener.py
[2026-05-09T06:07:43.074+0000] {processor.py:830} INFO - Processing file /home/airflow/.local/lib/python3.12/site-packages/airflow/example_dags/plugins/event_listener.py for tasks to queue
[2026-05-09T06:07:43.080+0000] {logging_mixin.py:188} INFO - [2026-05-09T06:07:43.079+0000] {dagbag.py:545} INFO - Filling up the DagBag from /home/airflow/.local/lib/python3.12/site-packages/airflow/example_dags/plugins/event_listener.py
[2026-05-09T06:07:43.082+0000] {processor.py:842} WARNING - No viable dags retrieved from /home/airflow/.local/lib/python3.12/site-packages/airflow/example_dags/plugins/event_listener.py
[2026-05-09T06:07:43.101+0000] {processor.py:183} INFO - Processing /home/airflow/.local/lib/python3.12/site-packages/airflow/example_dags/plugins/event_listener.py took 0.038 seconds
[2026-05-09T06:08:14.008+0000] {processor.py:161} INFO - Started process (PID=8393) to work on /home/airflow/.local/lib/python3.12/site-packages/airflow/example_dags/plugins/event_listener.py
[2026-05-09T06:08:14.014+0000] {processor.py:830} INFO - Processing file /home/airflow/.local/lib/python3.12/site-packages/airflow/example_dags/plugins/event_listener.py for tasks to queue
[2026-05-09T06:08:14.017+0000] {logging_mixin.py:188} INFO - [2026-05-09T06:08:14.017+0000] {dagbag.py:545} INFO - Filling up the DagBag from /home/airflow/.local/lib/python3.12/site-packages/airflow/example_dags/plugins/event_listener.py
[2026-05-09T06:08:14.020+0000] {processor.py:842} WARNING - No viable dags retrieved from /home/airflow/.local/lib/python3.12/site-packages/airflow/example_dags/plugins/event_listener.py
[2026-05-09T06:08:14.047+0000] {processor.py:183} INFO - Processing /home/airflow/.local/lib/python3.12/site-packages/airflow/example_dags/plugins/event_listener.py took 0.050 seconds
[2026-05-09T06:08:44.215+0000] {processor.py:161} INFO - Started process (PID=8453) to work on /home/airflow/.local/lib/python3.12/site-packages/airflow/example_dags/plugins/event_listener.py
[2026-05-09T06:08:44.217+0000] {processor.py:830} INFO - Processing file /home/airflow/.local/lib/python3.12/site-packages/airflow/example_dags/plugins/event_listener.py for tasks to queue
[2026-05-09T06:08:44.221+0000] {logging_mixin.py:188} INFO - [2026-05-09T06:08:44.220+0000] {dagbag.py:545} INFO - Filling up the DagBag from /home/airflow/.local/lib/python3.12/site-packages/airflow/example_dags/plugins/event_listener.py
[2026-05-09T06:08:44.225+0000] {processor.py:842} WARNING - No viable dags retrieved from /home/airflow/.local/lib/python3.12/site-packages/airflow/example_dags/plugins/event_listener.py
[2026-05-09T06:08:44.246+0000] {processor.py:183} INFO - Processing /home/airflow/.local/lib/python3.12/site-packages/airflow/example_dags/plugins/event_listener.py took 0.039 seconds
[2026-05-09T06:09:15.317+0000] {processor.py:161} INFO - Started process (PID=8512) to work on /home/airflow/.local/lib/python3.12/site-packages/airflow/example_dags/plugins/event_listener.py
[2026-05-09T06:09:15.318+0000] {processor.py:830} INFO - Processing file /home/airflow/.local/lib/python3.12/site-packages/airflow/example_dags/plugins/event_listener.py for tasks to queue
[2026-05-09T06:09:15.320+0000] {logging_mixin.py:188} INFO - [2026-05-09T06:09:15.320+0000] {dagbag.py:545} INFO - Filling up the DagBag from /home/airflow/.local/lib/python3.12/site-packages/airflow/example_dags/plugins/event_listener.py
[2026-05-09T06:09:15.322+0000] {processor.py:842} WARNING - No viable dags retrieved from /home/airflow/.local/lib/python3.12/site-packages/airflow/example_dags/plugins/event_listener.py
[2026-05-09T06:09:15.332+0000] {processor.py:183} INFO - Processing /home/airflow/.local/lib/python3.12/site-packages/airflow/example_dags/plugins/event_listener.py took 0.020 seconds
[2026-05-09T06:09:46.114+0000] {processor.py:161} INFO - Started process (PID=8572) to work on /home/airflow/.local/lib/python3.12/site-packages/airflow/example_dags/plugins/event_listener.py
[2026-05-09T06:09:46.116+0000] {processor.py:830} INFO - Processing file /home/airflow/.local/lib/python3.12/site-packages/airflow/example_dags/plugins/event_listener.py for tasks to queue
[2026-05-09T06:09:46.117+0000] {logging_mixin.py:188} INFO - [2026-05-09T06:09:46.117+0000] {dagbag.py:545} INFO - Filling up the DagBag from /home/airflow/.local/lib/python3.12/site-packages/airflow/example_dags/plugins/event_listener.py
[2026-05-09T06:09:46.120+0000] {processor.py:842} WARNING - No viable dags retrieved from /home/airflow/.local/lib/python3.12/site-packages/airflow/example_dags/plugins/event_listener.py
[2026-05-09T06:09:46.133+0000] {processor.py:183} INFO - Processing /home/airflow/.local/lib/python3.12/site-packages/airflow/example_dags/plugins/event_listener.py took 0.024 seconds
[2026-05-09T06:10:16.779+0000] {processor.py:161} INFO - Started process (PID=8632) to work on /home/airflow/.local/lib/python3.12/site-packages/airflow/example_dags/plugins/event_listener.py
[2026-05-09T06:10:16.780+0000] {processor.py:830} INFO - Processing file /home/airflow/.local/lib/python3.12/site-packages/airflow/example_dags/plugins/event_listener.py for tasks to queue
[2026-05-09T06:10:16.782+0000] {logging_mixin.py:188} INFO - [2026-05-09T06:10:16.781+0000] {dagbag.py:545} INFO - Filling up the DagBag from /home/airflow/.local/lib/python3.12/site-packages/airflow/example_dags/plugins/event_listener.py
[2026-05-09T06:10:16.784+0000] {processor.py:842} WARNING - No viable dags retrieved from /home/airflow/.local/lib/python3.12/site-packages/airflow/example_dags/plugins/event_listener.py
[2026-05-09T06:10:16.795+0000] {processor.py:183} INFO - Processing /home/airflow/.local/lib/python3.12/site-packages/airflow/example_dags/plugins/event_listener.py took 0.021 seconds
[2026-05-09T06:10:47.795+0000] {processor.py:161} INFO - Started process (PID=8692) to work on /home/airflow/.local/lib/python3.12/site-packages/airflow/example_dags/plugins/event_listener.py
[2026-05-09T06:10:47.804+0000] {processor.py:830} INFO - Processing file /home/airflow/.local/lib/python3.12/site-packages/airflow/example_dags/plugins/event_listener.py for tasks to queue
[2026-05-09T06:10:47.807+0000] {logging_mixin.py:188} INFO - [2026-05-09T06:10:47.806+0000] {dagbag.py:545} INFO - Filling up the DagBag from /home/airflow/.local/lib/python3.12/site-packages/airflow/example_dags/plugins/event_listener.py
[2026-05-09T06:10:47.811+0000] {processor.py:842} WARNING - No viable dags retrieved from /home/airflow/.local/lib/python3.12/site-packages/airflow/example_dags/plugins/event_listener.py
[2026-05-09T06:10:47.837+0000] {processor.py:183} INFO - Processing /home/airflow/.local/lib/python3.12/site-packages/airflow/example_dags/plugins/event_listener.py took 0.047 seconds
[2026-05-09T06:11:18.293+0000] {processor.py:161} INFO - Started process (PID=8752) to work on /home/airflow/.local/lib/python3.12/site-packages/airflow/example_dags/plugins/event_listener.py
[2026-05-09T06:11:18.295+0000] {processor.py:830} INFO - Processing file /home/airflow/.local/lib/python3.12/site-packages/airflow/example_dags/plugins/event_listener.py for tasks to queue
[2026-05-09T06:11:18.297+0000] {logging_mixin.py:188} INFO - [2026-05-09T06:11:18.297+0000] {dagbag.py:545} INFO - Filling up the DagBag from /home/airflow/.local/lib/python3.12/site-packages/airflow/example_dags/plugins/event_listener.py
[2026-05-09T06:11:18.299+0000] {processor.py:842} WARNING - No viable dags retrieved from /home/airflow/.local/lib/python3.12/site-packages/airflow/example_dags/plugins/event_listener.py
[2026-05-09T06:11:18.312+0000] {processor.py:183} INFO - Processing /home/airflow/.local/lib/python3.12/site-packages/airflow/example_dags/plugins/event_listener.py took 0.023 seconds
[2026-05-09T06:11:49.014+0000] {processor.py:161} INFO - Started process (PID=8812) to work on /home/airflow/.local/lib/python3.12/site-packages/airflow/example_dags/plugins/event_listener.py
[2026-05-09T06:11:49.016+0000] {processor.py:830} INFO - Processing file /home/airflow/.local/lib/python3.12/site-packages/airflow/example_dags/plugins/event_listener.py for tasks to queue
[2026-05-09T06:11:49.018+0000] {logging_mixin.py:188} INFO - [2026-05-09T06:11:49.018+0000] {dagbag.py:545} INFO - Filling up the DagBag from /home/airflow/.local/lib/python3.12/site-packages/airflow/example_dags/plugins/event_listener.py
[2026-05-09T06:11:49.022+0000] {processor.py:842} WARNING - No viable dags retrieved from /home/airflow/.local/lib/python3.12/site-packages/airflow/example_dags/plugins/event_listener.py
[2026-05-09T06:11:49.040+0000] {processor.py:183} INFO - Processing /home/airflow/.local/lib/python3.12/site-packages/airflow/example_dags/plugins/event_listener.py took 0.034 seconds
[2026-05-09T06:12:19.305+0000] {processor.py:161} INFO - Started process (PID=8873) to work on /home/airflow/.local/lib/python3.12/site-packages/airflow/example_dags/plugins/event_listener.py
[2026-05-09T06:12:19.307+0000] {processor.py:830} INFO - Processing file /home/airflow/.local/lib/python3.12/site-packages/airflow/example_dags/plugins/event_listener.py for tasks to queue
[2026-05-09T06:12:19.309+0000] {logging_mixin.py:188} INFO - [2026-05-09T06:12:19.309+0000] {dagbag.py:545} INFO - Filling up the DagBag from /home/airflow/.local/lib/python3.12/site-packages/airflow/example_dags/plugins/event_listener.py
[2026-05-09T06:12:19.311+0000] {processor.py:842} WARNING - No viable dags retrieved from /home/airflow/.local/lib/python3.12/site-packages/airflow/example_dags/plugins/event_listener.py
[2026-05-09T06:12:19.329+0000] {processor.py:183} INFO - Processing /home/airflow/.local/lib/python3.12/site-packages/airflow/example_dags/plugins/event_listener.py took 0.031 seconds
[2026-05-09T06:12:50.051+0000] {processor.py:161} INFO - Started process (PID=8933) to work on /home/airflow/.local/lib/python3.12/site-packages/airflow/example_dags/plugins/event_listener.py
[2026-05-09T06:12:50.053+0000] {processor.py:830} INFO - Processing file /home/airflow/.local/lib/python3.12/site-packages/airflow/example_dags/plugins/event_listener.py for tasks to queue
[2026-05-09T06:12:50.056+0000] {logging_mixin.py:188} INFO - [2026-05-09T06:12:50.055+0000] {dagbag.py:545} INFO - Filling up the DagBag from /home/airflow/.local/lib/python3.12/site-packages/airflow/example_dags/plugins/event_listener.py
[2026-05-09T06:12:50.059+0000] {processor.py:842} WARNING - No viable dags retrieved from /home/airflow/.local/lib/python3.12/site-packages/airflow/example_dags/plugins/event_listener.py
[2026-05-09T06:12:50.076+0000] {processor.py:183} INFO - Processing /home/airflow/.local/lib/python3.12/site-packages/airflow/example_dags/plugins/event_listener.py took 0.034 seconds
[2026-05-09T06:13:20.316+0000] {processor.py:161} INFO - Started process (PID=8993) to work on /home/airflow/.local/lib/python3.12/site-packages/airflow/example_dags/plugins/event_listener.py
[2026-05-09T06:13:20.318+0000] {processor.py:830} INFO - Processing file /home/airflow/.local/lib/python3.12/site-packages/airflow/example_dags/plugins/event_listener.py for tasks to queue
[2026-05-09T06:13:20.322+0000] {logging_mixin.py:188} INFO - [2026-05-09T06:13:20.321+0000] {dagbag.py:545} INFO - Filling up the DagBag from /home/airflow/.local/lib/python3.12/site-packages/airflow/example_dags/plugins/event_listener.py
[2026-05-09T06:13:20.326+0000] {processor.py:842} WARNING - No viable dags retrieved from /home/airflow/.local/lib/python3.12/site-packages/airflow/example_dags/plugins/event_listener.py
[2026-05-09T06:13:20.345+0000] {processor.py:183} INFO - Processing /home/airflow/.local/lib/python3.12/site-packages/airflow/example_dags/plugins/event_listener.py took 0.035 seconds
[2026-05-09T06:13:50.988+0000] {processor.py:161} INFO - Started process (PID=9053) to work on /home/airflow/.local/lib/python3.12/site-packages/airflow/example_dags/plugins/event_listener.py
[2026-05-09T06:13:50.990+0000] {processor.py:830} INFO - Processing file /home/airflow/.local/lib/python3.12/site-packages/airflow/example_dags/plugins/event_listener.py for tasks to queue
[2026-05-09T06:13:50.993+0000] {logging_mixin.py:188} INFO - [2026-05-09T06:13:50.993+0000] {dagbag.py:545} INFO - Filling up the DagBag from /home/airflow/.local/lib/python3.12/site-packages/airflow/example_dags/plugins/event_listener.py
[2026-05-09T06:13:50.997+0000] {processor.py:842} WARNING - No viable dags retrieved from /home/airflow/.local/lib/python3.12/site-packages/airflow/example_dags/plugins/event_listener.py
[2026-05-09T06:13:51.015+0000] {processor.py:183} INFO - Processing /home/airflow/.local/lib/python3.12/site-packages/airflow/example_dags/plugins/event_listener.py took 0.032 seconds
[2026-05-09T06:14:21.283+0000] {processor.py:161} INFO - Started process (PID=9113) to work on /home/airflow/.local/lib/python3.12/site-packages/airflow/example_dags/plugins/event_listener.py
[2026-05-09T06:14:21.285+0000] {processor.py:830} INFO - Processing file /home/airflow/.local/lib/python3.12/site-packages/airflow/example_dags/plugins/event_listener.py for tasks to queue
[2026-05-09T06:14:21.288+0000] {logging_mixin.py:188} INFO - [2026-05-09T06:14:21.288+0000] {dagbag.py:545} INFO - Filling up the DagBag from /home/airflow/.local/lib/python3.12/site-packages/airflow/example_dags/plugins/event_listener.py
[2026-05-09T06:14:21.292+0000] {processor.py:842} WARNING - No viable dags retrieved from /home/airflow/.local/lib/python3.12/site-packages/airflow/example_dags/plugins/event_listener.py
[2026-05-09T06:14:21.313+0000] {processor.py:183} INFO - Processing /home/airflow/.local/lib/python3.12/site-packages/airflow/example_dags/plugins/event_listener.py took 0.039 seconds
[2026-05-09T06:14:52.205+0000] {processor.py:161} INFO - Started process (PID=9173) to work on /home/airflow/.local/lib/python3.12/site-packages/airflow/example_dags/plugins/event_listener.py
[2026-05-09T06:14:52.206+0000] {processor.py:830} INFO - Processing file /home/airflow/.local/lib/python3.12/site-packages/airflow/example_dags/plugins/event_listener.py for tasks to queue
[2026-05-09T06:14:52.208+0000] {logging_mixin.py:188} INFO - [2026-05-09T06:14:52.207+0000] {dagbag.py:545} INFO - Filling up the DagBag from /home/airflow/.local/lib/python3.12/site-packages/airflow/example_dags/plugins/event_listener.py
[2026-05-09T06:14:52.210+0000] {processor.py:842} WARNING - No viable dags retrieved from /home/airflow/.local/lib/python3.12/site-packages/airflow/example_dags/plugins/event_listener.py
[2026-05-09T06:14:52.223+0000] {processor.py:183} INFO - Processing /home/airflow/.local/lib/python3.12/site-packages/airflow/example_dags/plugins/event_listener.py took 0.023 seconds
[2026-05-09T06:15:23.004+0000] {processor.py:161} INFO - Started process (PID=9233) to work on /home/airflow/.local/lib/python3.12/site-packages/airflow/example_dags/plugins/event_listener.py
[2026-05-09T06:15:23.005+0000] {processor.py:830} INFO - Processing file /home/airflow/.local/lib/python3.12/site-packages/airflow/example_dags/plugins/event_listener.py for tasks to queue
[2026-05-09T06:15:23.008+0000] {logging_mixin.py:188} INFO - [2026-05-09T06:15:23.008+0000] {dagbag.py:545} INFO - Filling up the DagBag from /home/airflow/.local/lib/python3.12/site-packages/airflow/example_dags/plugins/event_listener.py
[2026-05-09T06:15:23.010+0000] {processor.py:842} WARNING - No viable dags retrieved from /home/airflow/.local/lib/python3.12/site-packages/airflow/example_dags/plugins/event_listener.py
[2026-05-09T06:15:23.023+0000] {processor.py:183} INFO - Processing /home/airflow/.local/lib/python3.12/site-packages/airflow/example_dags/plugins/event_listener.py took 0.024 seconds
[2026-05-09T06:15:53.810+0000] {processor.py:161} INFO - Started process (PID=9293) to work on /home/airflow/.local/lib/python3.12/site-packages/airflow/example_dags/plugins/event_listener.py
[2026-05-09T06:15:53.811+0000] {processor.py:830} INFO - Processing file /home/airflow/.local/lib/python3.12/site-packages/airflow/example_dags/plugins/event_listener.py for tasks to queue
[2026-05-09T06:15:53.813+0000] {logging_mixin.py:188} INFO - [2026-05-09T06:15:53.813+0000] {dagbag.py:545} INFO - Filling up the DagBag from /home/airflow/.local/lib/python3.12/site-packages/airflow/example_dags/plugins/event_listener.py
[2026-05-09T06:15:53.815+0000] {processor.py:842} WARNING - No viable dags retrieved from /home/airflow/.local/lib/python3.12/site-packages/airflow/example_dags/plugins/event_listener.py
[2026-05-09T06:15:53.827+0000] {processor.py:183} INFO - Processing /home/airflow/.local/lib/python3.12/site-packages/airflow/example_dags/plugins/event_listener.py took 0.021 seconds
[2026-05-09T06:16:24.534+0000] {processor.py:161} INFO - Started process (PID=9354) to work on /home/airflow/.local/lib/python3.12/site-packages/airflow/example_dags/plugins/event_listener.py
[2026-05-09T06:16:24.535+0000] {processor.py:830} INFO - Processing file /home/airflow/.local/lib/python3.12/site-packages/airflow/example_dags/plugins/event_listener.py for tasks to queue
[2026-05-09T06:16:24.536+0000] {logging_mixin.py:188} INFO - [2026-05-09T06:16:24.536+0000] {dagbag.py:545} INFO - Filling up the DagBag from /home/airflow/.local/lib/python3.12/site-packages/airflow/example_dags/plugins/event_listener.py
[2026-05-09T06:16:24.538+0000] {processor.py:842} WARNING - No viable dags retrieved from /home/airflow/.local/lib/python3.12/site-packages/airflow/example_dags/plugins/event_listener.py
[2026-05-09T06:16:24.550+0000] {processor.py:183} INFO - Processing /home/airflow/.local/lib/python3.12/site-packages/airflow/example_dags/plugins/event_listener.py took 0.021 seconds
[2026-05-09T06:16:55.213+0000] {processor.py:161} INFO - Started process (PID=9414) to work on /home/airflow/.local/lib/python3.12/site-packages/airflow/example_dags/plugins/event_listener.py
[2026-05-09T06:16:55.215+0000] {processor.py:830} INFO - Processing file /home/airflow/.local/lib/python3.12/site-packages/airflow/example_dags/plugins/event_listener.py for tasks to queue
[2026-05-09T06:16:55.217+0000] {logging_mixin.py:188} INFO - [2026-05-09T06:16:55.217+0000] {dagbag.py:545} INFO - Filling up the DagBag from /home/airflow/.local/lib/python3.12/site-packages/airflow/example_dags/plugins/event_listener.py
[2026-05-09T06:16:55.219+0000] {processor.py:842} WARNING - No viable dags retrieved from /home/airflow/.local/lib/python3.12/site-packages/airflow/example_dags/plugins/event_listener.py
[2026-05-09T06:16:55.231+0000] {processor.py:183} INFO - Processing /home/airflow/.local/lib/python3.12/site-packages/airflow/example_dags/plugins/event_listener.py took 0.024 seconds
[2026-05-09T06:17:25.637+0000] {processor.py:161} INFO - Started process (PID=9474) to work on /home/airflow/.local/lib/python3.12/site-packages/airflow/example_dags/plugins/event_listener.py
[2026-05-09T06:17:25.639+0000] {processor.py:830} INFO - Processing file /home/airflow/.local/lib/python3.12/site-packages/airflow/example_dags/plugins/event_listener.py for tasks to queue
[2026-05-09T06:17:25.645+0000] {logging_mixin.py:188} INFO - [2026-05-09T06:17:25.644+0000] {dagbag.py:545} INFO - Filling up the DagBag from /home/airflow/.local/lib/python3.12/site-packages/airflow/example_dags/plugins/event_listener.py
[2026-05-09T06:17:25.649+0000] {processor.py:842} WARNING - No viable dags retrieved from /home/airflow/.local/lib/python3.12/site-packages/airflow/example_dags/plugins/event_listener.py
[2026-05-09T06:17:25.669+0000] {processor.py:183} INFO - Processing /home/airflow/.local/lib/python3.12/site-packages/airflow/example_dags/plugins/event_listener.py took 0.039 seconds
[2026-05-09T06:17:56.471+0000] {processor.py:161} INFO - Started process (PID=9534) to work on /home/airflow/.local/lib/python3.12/site-packages/airflow/example_dags/plugins/event_listener.py
[2026-05-09T06:17:56.474+0000] {processor.py:830} INFO - Processing file /home/airflow/.local/lib/python3.12/site-packages/airflow/example_dags/plugins/event_listener.py for tasks to queue
[2026-05-09T06:17:56.476+0000] {logging_mixin.py:188} INFO - [2026-05-09T06:17:56.476+0000] {dagbag.py:545} INFO - Filling up the DagBag from /home/airflow/.local/lib/python3.12/site-packages/airflow/example_dags/plugins/event_listener.py
[2026-05-09T06:17:56.479+0000] {processor.py:842} WARNING - No viable dags retrieved from /home/airflow/.local/lib/python3.12/site-packages/airflow/example_dags/plugins/event_listener.py
[2026-05-09T06:17:56.491+0000] {processor.py:183} INFO - Processing /home/airflow/.local/lib/python3.12/site-packages/airflow/example_dags/plugins/event_listener.py took 0.025 seconds
[2026-05-09T06:18:26.767+0000] {processor.py:161} INFO - Started process (PID=9594) to work on /home/airflow/.local/lib/python3.12/site-packages/airflow/example_dags/plugins/event_listener.py
[2026-05-09T06:18:26.768+0000] {processor.py:830} INFO - Processing file /home/airflow/.local/lib/python3.12/site-packages/airflow/example_dags/plugins/event_listener.py for tasks to queue
[2026-05-09T06:18:26.770+0000] {logging_mixin.py:188} INFO - [2026-05-09T06:18:26.770+0000] {dagbag.py:545} INFO - Filling up the DagBag from /home/airflow/.local/lib/python3.12/site-packages/airflow/example_dags/plugins/event_listener.py
[2026-05-09T06:18:26.772+0000] {processor.py:842} WARNING - No viable dags retrieved from /home/airflow/.local/lib/python3.12/site-packages/airflow/example_dags/plugins/event_listener.py
[2026-05-09T06:18:26.784+0000] {processor.py:183} INFO - Processing /home/airflow/.local/lib/python3.12/site-packages/airflow/example_dags/plugins/event_listener.py took 0.021 seconds
[2026-05-09T06:18:57.291+0000] {processor.py:161} INFO - Started process (PID=9660) to work on /home/airflow/.local/lib/python3.12/site-packages/airflow/example_dags/plugins/event_listener.py
[2026-05-09T06:18:57.293+0000] {processor.py:830} INFO - Processing file /home/airflow/.local/lib/python3.12/site-packages/airflow/example_dags/plugins/event_listener.py for tasks to queue
[2026-05-09T06:18:57.295+0000] {logging_mixin.py:188} INFO - [2026-05-09T06:18:57.294+0000] {dagbag.py:545} INFO - Filling up the DagBag from /home/airflow/.local/lib/python3.12/site-packages/airflow/example_dags/plugins/event_listener.py
[2026-05-09T06:18:57.297+0000] {processor.py:842} WARNING - No viable dags retrieved from /home/airflow/.local/lib/python3.12/site-packages/airflow/example_dags/plugins/event_listener.py
[2026-05-09T06:18:57.309+0000] {processor.py:183} INFO - Processing /home/airflow/.local/lib/python3.12/site-packages/airflow/example_dags/plugins/event_listener.py took 0.023 seconds
[2026-05-09T06:19:27.791+0000] {processor.py:161} INFO - Started process (PID=9720) to work on /home/airflow/.local/lib/python3.12/site-packages/airflow/example_dags/plugins/event_listener.py
[2026-05-09T06:19:27.792+0000] {processor.py:830} INFO - Processing file /home/airflow/.local/lib/python3.12/site-packages/airflow/example_dags/plugins/event_listener.py for tasks to queue
[2026-05-09T06:19:27.794+0000] {logging_mixin.py:188} INFO - [2026-05-09T06:19:27.794+0000] {dagbag.py:545} INFO - Filling up the DagBag from /home/airflow/.local/lib/python3.12/site-packages/airflow/example_dags/plugins/event_listener.py
[2026-05-09T06:19:27.796+0000] {processor.py:842} WARNING - No viable dags retrieved from /home/airflow/.local/lib/python3.12/site-packages/airflow/example_dags/plugins/event_listener.py
[2026-05-09T06:19:27.808+0000] {processor.py:183} INFO - Processing /home/airflow/.local/lib/python3.12/site-packages/airflow/example_dags/plugins/event_listener.py took 0.022 seconds
[2026-05-09T06:19:58.498+0000] {processor.py:161} INFO - Started process (PID=9780) to work on /home/airflow/.local/lib/python3.12/site-packages/airflow/example_dags/plugins/event_listener.py
[2026-05-09T06:19:58.501+0000] {processor.py:830} INFO - Processing file /home/airflow/.local/lib/python3.12/site-packages/airflow/example_dags/plugins/event_listener.py for tasks to queue
[2026-05-09T06:19:58.505+0000] {logging_mixin.py:188} INFO - [2026-05-09T06:19:58.505+0000] {dagbag.py:545} INFO - Filling up the DagBag from /home/airflow/.local/lib/python3.12/site-packages/airflow/example_dags/plugins/event_listener.py
[2026-05-09T06:19:58.511+0000] {processor.py:842} WARNING - No viable dags retrieved from /home/airflow/.local/lib/python3.12/site-packages/airflow/example_dags/plugins/event_listener.py
[2026-05-09T06:19:58.523+0000] {processor.py:183} INFO - Processing /home/airflow/.local/lib/python3.12/site-packages/airflow/example_dags/plugins/event_listener.py took 0.030 seconds
[2026-05-09T06:20:29.283+0000] {processor.py:161} INFO - Started process (PID=9840) to work on /home/airflow/.local/lib/python3.12/site-packages/airflow/example_dags/plugins/event_listener.py
[2026-05-09T06:20:29.285+0000] {processor.py:830} INFO - Processing file /home/airflow/.local/lib/python3.12/site-packages/airflow/example_dags/plugins/event_listener.py for tasks to queue
[2026-05-09T06:20:29.287+0000] {logging_mixin.py:188} INFO - [2026-05-09T06:20:29.286+0000] {dagbag.py:545} INFO - Filling up the DagBag from /home/airflow/.local/lib/python3.12/site-packages/airflow/example_dags/plugins/event_listener.py
[2026-05-09T06:20:29.289+0000] {processor.py:842} WARNING - No viable dags retrieved from /home/airflow/.local/lib/python3.12/site-packages/airflow/example_dags/plugins/event_listener.py
[2026-05-09T06:20:29.302+0000] {processor.py:183} INFO - Processing /home/airflow/.local/lib/python3.12/site-packages/airflow/example_dags/plugins/event_listener.py took 0.023 seconds
[2026-05-09T06:20:59.595+0000] {processor.py:161} INFO - Started process (PID=9900) to work on /home/airflow/.local/lib/python3.12/site-packages/airflow/example_dags/plugins/event_listener.py
[2026-05-09T06:20:59.596+0000] {processor.py:830} INFO - Processing file /home/airflow/.local/lib/python3.12/site-packages/airflow/example_dags/plugins/event_listener.py for tasks to queue
[2026-05-09T06:20:59.598+0000] {logging_mixin.py:188} INFO - [2026-05-09T06:20:59.598+0000] {dagbag.py:545} INFO - Filling up the DagBag from /home/airflow/.local/lib/python3.12/site-packages/airflow/example_dags/plugins/event_listener.py
[2026-05-09T06:20:59.600+0000] {processor.py:842} WARNING - No viable dags retrieved from /home/airflow/.local/lib/python3.12/site-packages/airflow/example_dags/plugins/event_listener.py
[2026-05-09T06:20:59.612+0000] {processor.py:183} INFO - Processing /home/airflow/.local/lib/python3.12/site-packages/airflow/example_dags/plugins/event_listener.py took 0.021 seconds
[2026-05-09T06:21:30.111+0000] {processor.py:161} INFO - Started process (PID=9960) to work on /home/airflow/.local/lib/python3.12/site-packages/airflow/example_dags/plugins/event_listener.py
[2026-05-09T06:21:30.113+0000] {processor.py:830} INFO - Processing file /home/airflow/.local/lib/python3.12/site-packages/airflow/example_dags/plugins/event_listener.py for tasks to queue
[2026-05-09T06:21:30.115+0000] {logging_mixin.py:188} INFO - [2026-05-09T06:21:30.115+0000] {dagbag.py:545} INFO - Filling up the DagBag from /home/airflow/.local/lib/python3.12/site-packages/airflow/example_dags/plugins/event_listener.py
[2026-05-09T06:21:30.118+0000] {processor.py:842} WARNING - No viable dags retrieved from /home/airflow/.local/lib/python3.12/site-packages/airflow/example_dags/plugins/event_listener.py
[2026-05-09T06:21:30.130+0000] {processor.py:183} INFO - Processing /home/airflow/.local/lib/python3.12/site-packages/airflow/example_dags/plugins/event_listener.py took 0.024 seconds
[2026-05-09T06:22:00.427+0000] {processor.py:161} INFO - Started process (PID=10020) to work on /home/airflow/.local/lib/python3.12/site-packages/airflow/example_dags/plugins/event_listener.py
[2026-05-09T06:22:00.429+0000] {processor.py:830} INFO - Processing file /home/airflow/.local/lib/python3.12/site-packages/airflow/example_dags/plugins/event_listener.py for tasks to queue
[2026-05-09T06:22:00.432+0000] {logging_mixin.py:188} INFO - [2026-05-09T06:22:00.432+0000] {dagbag.py:545} INFO - Filling up the DagBag from /home/airflow/.local/lib/python3.12/site-packages/airflow/example_dags/plugins/event_listener.py
[2026-05-09T06:22:00.435+0000] {processor.py:842} WARNING - No viable dags retrieved from /home/airflow/.local/lib/python3.12/site-packages/airflow/example_dags/plugins/event_listener.py
[2026-05-09T06:22:00.450+0000] {processor.py:183} INFO - Processing /home/airflow/.local/lib/python3.12/site-packages/airflow/example_dags/plugins/event_listener.py took 0.028 seconds
[2026-05-09T06:22:30.664+0000] {processor.py:161} INFO - Started process (PID=10080) to work on /home/airflow/.local/lib/python3.12/site-packages/airflow/example_dags/plugins/event_listener.py
[2026-05-09T06:22:30.665+0000] {processor.py:830} INFO - Processing file /home/airflow/.local/lib/python3.12/site-packages/airflow/example_dags/plugins/event_listener.py for tasks to queue
[2026-05-09T06:22:30.666+0000] {logging_mixin.py:188} INFO - [2026-05-09T06:22:30.666+0000] {dagbag.py:545} INFO - Filling up the DagBag from /home/airflow/.local/lib/python3.12/site-packages/airflow/example_dags/plugins/event_listener.py
[2026-05-09T06:22:30.668+0000] {processor.py:842} WARNING - No viable dags retrieved from /home/airflow/.local/lib/python3.12/site-packages/airflow/example_dags/plugins/event_listener.py
[2026-05-09T06:22:30.679+0000] {processor.py:183} INFO - Processing /home/airflow/.local/lib/python3.12/site-packages/airflow/example_dags/plugins/event_listener.py took 0.021 seconds
[2026-05-09T06:23:01.266+0000] {processor.py:161} INFO - Started process (PID=10140) to work on /home/airflow/.local/lib/python3.12/site-packages/airflow/example_dags/plugins/event_listener.py
[2026-05-09T06:23:01.268+0000] {processor.py:830} INFO - Processing file /home/airflow/.local/lib/python3.12/site-packages/airflow/example_dags/plugins/event_listener.py for tasks to queue
[2026-05-09T06:23:01.270+0000] {logging_mixin.py:188} INFO - [2026-05-09T06:23:01.269+0000] {dagbag.py:545} INFO - Filling up the DagBag from /home/airflow/.local/lib/python3.12/site-packages/airflow/example_dags/plugins/event_listener.py
[2026-05-09T06:23:01.273+0000] {processor.py:842} WARNING - No viable dags retrieved from /home/airflow/.local/lib/python3.12/site-packages/airflow/example_dags/plugins/event_listener.py
[2026-05-09T06:23:01.288+0000] {processor.py:183} INFO - Processing /home/airflow/.local/lib/python3.12/site-packages/airflow/example_dags/plugins/event_listener.py took 0.026 seconds
[2026-05-09T06:23:31.395+0000] {processor.py:161} INFO - Started process (PID=10200) to work on /home/airflow/.local/lib/python3.12/site-packages/airflow/example_dags/plugins/event_listener.py
[2026-05-09T06:23:31.397+0000] {processor.py:830} INFO - Processing file /home/airflow/.local/lib/python3.12/site-packages/airflow/example_dags/plugins/event_listener.py for tasks to queue
[2026-05-09T06:23:31.399+0000] {logging_mixin.py:188} INFO - [2026-05-09T06:23:31.398+0000] {dagbag.py:545} INFO - Filling up the DagBag from /home/airflow/.local/lib/python3.12/site-packages/airflow/example_dags/plugins/event_listener.py
[2026-05-09T06:23:31.401+0000] {processor.py:842} WARNING - No viable dags retrieved from /home/airflow/.local/lib/python3.12/site-packages/airflow/example_dags/plugins/event_listener.py
[2026-05-09T06:23:31.415+0000] {processor.py:183} INFO - Processing /home/airflow/.local/lib/python3.12/site-packages/airflow/example_dags/plugins/event_listener.py took 0.024 seconds
[2026-05-09T06:24:01.802+0000] {processor.py:161} INFO - Started process (PID=10260) to work on /home/airflow/.local/lib/python3.12/site-packages/airflow/example_dags/plugins/event_listener.py
[2026-05-09T06:24:01.804+0000] {processor.py:830} INFO - Processing file /home/airflow/.local/lib/python3.12/site-packages/airflow/example_dags/plugins/event_listener.py for tasks to queue
[2026-05-09T06:24:01.809+0000] {logging_mixin.py:188} INFO - [2026-05-09T06:24:01.809+0000] {dagbag.py:545} INFO - Filling up the DagBag from /home/airflow/.local/lib/python3.12/site-packages/airflow/example_dags/plugins/event_listener.py
[2026-05-09T06:24:01.814+0000] {processor.py:842} WARNING - No viable dags retrieved from /home/airflow/.local/lib/python3.12/site-packages/airflow/example_dags/plugins/event_listener.py
[2026-05-09T06:24:01.826+0000] {processor.py:183} INFO - Processing /home/airflow/.local/lib/python3.12/site-packages/airflow/example_dags/plugins/event_listener.py took 0.029 seconds
[2026-05-09T06:24:32.480+0000] {processor.py:161} INFO - Started process (PID=10320) to work on /home/airflow/.local/lib/python3.12/site-packages/airflow/example_dags/plugins/event_listener.py
[2026-05-09T06:24:32.482+0000] {processor.py:830} INFO - Processing file /home/airflow/.local/lib/python3.12/site-packages/airflow/example_dags/plugins/event_listener.py for tasks to queue
[2026-05-09T06:24:32.484+0000] {logging_mixin.py:188} INFO - [2026-05-09T06:24:32.484+0000] {dagbag.py:545} INFO - Filling up the DagBag from /home/airflow/.local/lib/python3.12/site-packages/airflow/example_dags/plugins/event_listener.py
[2026-05-09T06:24:32.488+0000] {processor.py:842} WARNING - No viable dags retrieved from /home/airflow/.local/lib/python3.12/site-packages/airflow/example_dags/plugins/event_listener.py
[2026-05-09T06:24:32.503+0000] {processor.py:183} INFO - Processing /home/airflow/.local/lib/python3.12/site-packages/airflow/example_dags/plugins/event_listener.py took 0.027 seconds
[2026-05-09T06:25:03.035+0000] {processor.py:161} INFO - Started process (PID=10380) to work on /home/airflow/.local/lib/python3.12/site-packages/airflow/example_dags/plugins/event_listener.py
[2026-05-09T06:25:03.037+0000] {processor.py:830} INFO - Processing file /home/airflow/.local/lib/python3.12/site-packages/airflow/example_dags/plugins/event_listener.py for tasks to queue
[2026-05-09T06:25:03.039+0000] {logging_mixin.py:188} INFO - [2026-05-09T06:25:03.039+0000] {dagbag.py:545} INFO - Filling up the DagBag from /home/airflow/.local/lib/python3.12/site-packages/airflow/example_dags/plugins/event_listener.py
[2026-05-09T06:25:03.041+0000] {processor.py:842} WARNING - No viable dags retrieved from /home/airflow/.local/lib/python3.12/site-packages/airflow/example_dags/plugins/event_listener.py
[2026-05-09T06:25:03.054+0000] {processor.py:183} INFO - Processing /home/airflow/.local/lib/python3.12/site-packages/airflow/example_dags/plugins/event_listener.py took 0.023 seconds
[2026-05-09T06:25:33.337+0000] {processor.py:161} INFO - Started process (PID=10441) to work on /home/airflow/.local/lib/python3.12/site-packages/airflow/example_dags/plugins/event_listener.py
[2026-05-09T06:25:33.338+0000] {processor.py:830} INFO - Processing file /home/airflow/.local/lib/python3.12/site-packages/airflow/example_dags/plugins/event_listener.py for tasks to queue
[2026-05-09T06:25:33.340+0000] {logging_mixin.py:188} INFO - [2026-05-09T06:25:33.340+0000] {dagbag.py:545} INFO - Filling up the DagBag from /home/airflow/.local/lib/python3.12/site-packages/airflow/example_dags/plugins/event_listener.py
[2026-05-09T06:25:33.342+0000] {processor.py:842} WARNING - No viable dags retrieved from /home/airflow/.local/lib/python3.12/site-packages/airflow/example_dags/plugins/event_listener.py
[2026-05-09T06:25:33.355+0000] {processor.py:183} INFO - Processing /home/airflow/.local/lib/python3.12/site-packages/airflow/example_dags/plugins/event_listener.py took 0.022 seconds
[2026-05-09T06:26:03.981+0000] {processor.py:161} INFO - Started process (PID=10501) to work on /home/airflow/.local/lib/python3.12/site-packages/airflow/example_dags/plugins/event_listener.py
[2026-05-09T06:26:03.983+0000] {processor.py:830} INFO - Processing file /home/airflow/.local/lib/python3.12/site-packages/airflow/example_dags/plugins/event_listener.py for tasks to queue
[2026-05-09T06:26:03.986+0000] {logging_mixin.py:188} INFO - [2026-05-09T06:26:03.986+0000] {dagbag.py:545} INFO - Filling up the DagBag from /home/airflow/.local/lib/python3.12/site-packages/airflow/example_dags/plugins/event_listener.py
[2026-05-09T06:26:03.989+0000] {processor.py:842} WARNING - No viable dags retrieved from /home/airflow/.local/lib/python3.12/site-packages/airflow/example_dags/plugins/event_listener.py
[2026-05-09T06:26:04.001+0000] {processor.py:183} INFO - Processing /home/airflow/.local/lib/python3.12/site-packages/airflow/example_dags/plugins/event_listener.py took 0.025 seconds
[2026-05-09T06:26:34.507+0000] {processor.py:161} INFO - Started process (PID=10562) to work on /home/airflow/.local/lib/python3.12/site-packages/airflow/example_dags/plugins/event_listener.py
[2026-05-09T06:26:34.509+0000] {processor.py:830} INFO - Processing file /home/airflow/.local/lib/python3.12/site-packages/airflow/example_dags/plugins/event_listener.py for tasks to queue
[2026-05-09T06:26:34.511+0000] {logging_mixin.py:188} INFO - [2026-05-09T06:26:34.511+0000] {dagbag.py:545} INFO - Filling up the DagBag from /home/airflow/.local/lib/python3.12/site-packages/airflow/example_dags/plugins/event_listener.py
[2026-05-09T06:26:34.514+0000] {processor.py:842} WARNING - No viable dags retrieved from /home/airflow/.local/lib/python3.12/site-packages/airflow/example_dags/plugins/event_listener.py
[2026-05-09T06:26:34.526+0000] {processor.py:183} INFO - Processing /home/airflow/.local/lib/python3.12/site-packages/airflow/example_dags/plugins/event_listener.py took 0.024 seconds
[2026-05-09T06:27:05.051+0000] {processor.py:161} INFO - Started process (PID=10622) to work on /home/airflow/.local/lib/python3.12/site-packages/airflow/example_dags/plugins/event_listener.py
[2026-05-09T06:27:05.052+0000] {processor.py:830} INFO - Processing file /home/airflow/.local/lib/python3.12/site-packages/airflow/example_dags/plugins/event_listener.py for tasks to queue
[2026-05-09T06:27:05.054+0000] {logging_mixin.py:188} INFO - [2026-05-09T06:27:05.054+0000] {dagbag.py:545} INFO - Filling up the DagBag from /home/airflow/.local/lib/python3.12/site-packages/airflow/example_dags/plugins/event_listener.py
[2026-05-09T06:27:05.056+0000] {processor.py:842} WARNING - No viable dags retrieved from /home/airflow/.local/lib/python3.12/site-packages/airflow/example_dags/plugins/event_listener.py
[2026-05-09T06:27:05.069+0000] {processor.py:183} INFO - Processing /home/airflow/.local/lib/python3.12/site-packages/airflow/example_dags/plugins/event_listener.py took 0.023 seconds
[2026-05-09T06:27:35.443+0000] {processor.py:161} INFO - Started process (PID=10683) to work on /home/airflow/.local/lib/python3.12/site-packages/airflow/example_dags/plugins/event_listener.py
[2026-05-09T06:27:35.445+0000] {processor.py:830} INFO - Processing file /home/airflow/.local/lib/python3.12/site-packages/airflow/example_dags/plugins/event_listener.py for tasks to queue
[2026-05-09T06:27:35.447+0000] {logging_mixin.py:188} INFO - [2026-05-09T06:27:35.446+0000] {dagbag.py:545} INFO - Filling up the DagBag from /home/airflow/.local/lib/python3.12/site-packages/airflow/example_dags/plugins/event_listener.py
[2026-05-09T06:27:35.450+0000] {processor.py:842} WARNING - No viable dags retrieved from /home/airflow/.local/lib/python3.12/site-packages/airflow/example_dags/plugins/event_listener.py
[2026-05-09T06:27:35.466+0000] {processor.py:183} INFO - Processing /home/airflow/.local/lib/python3.12/site-packages/airflow/example_dags/plugins/event_listener.py took 0.029 seconds
[2026-05-09T06:28:05.948+0000] {processor.py:161} INFO - Started process (PID=10743) to work on /home/airflow/.local/lib/python3.12/site-packages/airflow/example_dags/plugins/event_listener.py
[2026-05-09T06:28:05.949+0000] {processor.py:830} INFO - Processing file /home/airflow/.local/lib/python3.12/site-packages/airflow/example_dags/plugins/event_listener.py for tasks to queue
[2026-05-09T06:28:05.952+0000] {logging_mixin.py:188} INFO - [2026-05-09T06:28:05.951+0000] {dagbag.py:545} INFO - Filling up the DagBag from /home/airflow/.local/lib/python3.12/site-packages/airflow/example_dags/plugins/event_listener.py
[2026-05-09T06:28:05.954+0000] {processor.py:842} WARNING - No viable dags retrieved from /home/airflow/.local/lib/python3.12/site-packages/airflow/example_dags/plugins/event_listener.py
[2026-05-09T06:28:05.966+0000] {processor.py:183} INFO - Processing /home/airflow/.local/lib/python3.12/site-packages/airflow/example_dags/plugins/event_listener.py took 0.023 seconds
[2026-05-09T06:28:36.324+0000] {processor.py:161} INFO - Started process (PID=10803) to work on /home/airflow/.local/lib/python3.12/site-packages/airflow/example_dags/plugins/event_listener.py
[2026-05-09T06:28:36.325+0000] {processor.py:830} INFO - Processing file /home/airflow/.local/lib/python3.12/site-packages/airflow/example_dags/plugins/event_listener.py for tasks to queue
[2026-05-09T06:28:36.327+0000] {logging_mixin.py:188} INFO - [2026-05-09T06:28:36.326+0000] {dagbag.py:545} INFO - Filling up the DagBag from /home/airflow/.local/lib/python3.12/site-packages/airflow/example_dags/plugins/event_listener.py
[2026-05-09T06:28:36.328+0000] {processor.py:842} WARNING - No viable dags retrieved from /home/airflow/.local/lib/python3.12/site-packages/airflow/example_dags/plugins/event_listener.py
[2026-05-09T06:28:36.340+0000] {processor.py:183} INFO - Processing /home/airflow/.local/lib/python3.12/site-packages/airflow/example_dags/plugins/event_listener.py took 0.021 seconds
[2026-05-09T06:29:06.912+0000] {processor.py:161} INFO - Started process (PID=10863) to work on /home/airflow/.local/lib/python3.12/site-packages/airflow/example_dags/plugins/event_listener.py
[2026-05-09T06:29:06.914+0000] {processor.py:830} INFO - Processing file /home/airflow/.local/lib/python3.12/site-packages/airflow/example_dags/plugins/event_listener.py for tasks to queue
[2026-05-09T06:29:06.916+0000] {logging_mixin.py:188} INFO - [2026-05-09T06:29:06.916+0000] {dagbag.py:545} INFO - Filling up the DagBag from /home/airflow/.local/lib/python3.12/site-packages/airflow/example_dags/plugins/event_listener.py
[2026-05-09T06:29:06.919+0000] {processor.py:842} WARNING - No viable dags retrieved from /home/airflow/.local/lib/python3.12/site-packages/airflow/example_dags/plugins/event_listener.py
[2026-05-09T06:29:06.933+0000] {processor.py:183} INFO - Processing /home/airflow/.local/lib/python3.12/site-packages/airflow/example_dags/plugins/event_listener.py took 0.026 seconds
[2026-05-09T06:29:37.186+0000] {processor.py:161} INFO - Started process (PID=10921) to work on /home/airflow/.local/lib/python3.12/site-packages/airflow/example_dags/plugins/event_listener.py
[2026-05-09T06:29:37.188+0000] {processor.py:830} INFO - Processing file /home/airflow/.local/lib/python3.12/site-packages/airflow/example_dags/plugins/event_listener.py for tasks to queue
[2026-05-09T06:29:37.194+0000] {logging_mixin.py:188} INFO - [2026-05-09T06:29:37.194+0000] {dagbag.py:545} INFO - Filling up the DagBag from /home/airflow/.local/lib/python3.12/site-packages/airflow/example_dags/plugins/event_listener.py
[2026-05-09T06:29:37.196+0000] {processor.py:842} WARNING - No viable dags retrieved from /home/airflow/.local/lib/python3.12/site-packages/airflow/example_dags/plugins/event_listener.py
[2026-05-09T06:29:37.208+0000] {processor.py:183} INFO - Processing /home/airflow/.local/lib/python3.12/site-packages/airflow/example_dags/plugins/event_listener.py took 0.027 seconds
[2026-05-09T06:30:07.770+0000] {processor.py:161} INFO - Started process (PID=10981) to work on /home/airflow/.local/lib/python3.12/site-packages/airflow/example_dags/plugins/event_listener.py
[2026-05-09T06:30:07.788+0000] {processor.py:830} INFO - Processing file /home/airflow/.local/lib/python3.12/site-packages/airflow/example_dags/plugins/event_listener.py for tasks to queue
[2026-05-09T06:30:07.818+0000] {logging_mixin.py:188} INFO - [2026-05-09T06:30:07.818+0000] {dagbag.py:545} INFO - Filling up the DagBag from /home/airflow/.local/lib/python3.12/site-packages/airflow/example_dags/plugins/event_listener.py
[2026-05-09T06:30:07.834+0000] {processor.py:842} WARNING - No viable dags retrieved from /home/airflow/.local/lib/python3.12/site-packages/airflow/example_dags/plugins/event_listener.py
[2026-05-09T06:30:07.845+0000] {processor.py:183} INFO - Processing /home/airflow/.local/lib/python3.12/site-packages/airflow/example_dags/plugins/event_listener.py took 0.080 seconds
[2026-05-09T06:30:38.990+0000] {processor.py:161} INFO - Started process (PID=11043) to work on /home/airflow/.local/lib/python3.12/site-packages/airflow/example_dags/plugins/event_listener.py
[2026-05-09T06:30:38.992+0000] {processor.py:830} INFO - Processing file /home/airflow/.local/lib/python3.12/site-packages/airflow/example_dags/plugins/event_listener.py for tasks to queue
[2026-05-09T06:30:38.994+0000] {logging_mixin.py:188} INFO - [2026-05-09T06:30:38.994+0000] {dagbag.py:545} INFO - Filling up the DagBag from /home/airflow/.local/lib/python3.12/site-packages/airflow/example_dags/plugins/event_listener.py
[2026-05-09T06:30:38.998+0000] {processor.py:842} WARNING - No viable dags retrieved from /home/airflow/.local/lib/python3.12/site-packages/airflow/example_dags/plugins/event_listener.py
[2026-05-09T06:30:39.012+0000] {processor.py:183} INFO - Processing /home/airflow/.local/lib/python3.12/site-packages/airflow/example_dags/plugins/event_listener.py took 0.028 seconds
[2026-05-09T06:31:09.438+0000] {processor.py:161} INFO - Started process (PID=11103) to work on /home/airflow/.local/lib/python3.12/site-packages/airflow/example_dags/plugins/event_listener.py
[2026-05-09T06:31:09.440+0000] {processor.py:830} INFO - Processing file /home/airflow/.local/lib/python3.12/site-packages/airflow/example_dags/plugins/event_listener.py for tasks to queue
[2026-05-09T06:31:09.442+0000] {logging_mixin.py:188} INFO - [2026-05-09T06:31:09.442+0000] {dagbag.py:545} INFO - Filling up the DagBag from /home/airflow/.local/lib/python3.12/site-packages/airflow/example_dags/plugins/event_listener.py
[2026-05-09T06:31:09.444+0000] {processor.py:842} WARNING - No viable dags retrieved from /home/airflow/.local/lib/python3.12/site-packages/airflow/example_dags/plugins/event_listener.py
[2026-05-09T06:31:09.457+0000] {processor.py:183} INFO - Processing /home/airflow/.local/lib/python3.12/site-packages/airflow/example_dags/plugins/event_listener.py took 0.024 seconds
[2026-05-09T06:31:39.721+0000] {processor.py:161} INFO - Started process (PID=11161) to work on /home/airflow/.local/lib/python3.12/site-packages/airflow/example_dags/plugins/event_listener.py
[2026-05-09T06:31:39.723+0000] {processor.py:830} INFO - Processing file /home/airflow/.local/lib/python3.12/site-packages/airflow/example_dags/plugins/event_listener.py for tasks to queue
[2026-05-09T06:31:39.724+0000] {logging_mixin.py:188} INFO - [2026-05-09T06:31:39.724+0000] {dagbag.py:545} INFO - Filling up the DagBag from /home/airflow/.local/lib/python3.12/site-packages/airflow/example_dags/plugins/event_listener.py
[2026-05-09T06:31:39.726+0000] {processor.py:842} WARNING - No viable dags retrieved from /home/airflow/.local/lib/python3.12/site-packages/airflow/example_dags/plugins/event_listener.py
[2026-05-09T06:31:39.739+0000] {processor.py:183} INFO - Processing /home/airflow/.local/lib/python3.12/site-packages/airflow/example_dags/plugins/event_listener.py took 0.022 seconds
[2026-05-09T06:32:10.002+0000] {processor.py:161} INFO - Started process (PID=11221) to work on /home/airflow/.local/lib/python3.12/site-packages/airflow/example_dags/plugins/event_listener.py
[2026-05-09T06:32:10.003+0000] {processor.py:830} INFO - Processing file /home/airflow/.local/lib/python3.12/site-packages/airflow/example_dags/plugins/event_listener.py for tasks to queue
[2026-05-09T06:32:10.006+0000] {logging_mixin.py:188} INFO - [2026-05-09T06:32:10.005+0000] {dagbag.py:545} INFO - Filling up the DagBag from /home/airflow/.local/lib/python3.12/site-packages/airflow/example_dags/plugins/event_listener.py
[2026-05-09T06:32:10.008+0000] {processor.py:842} WARNING - No viable dags retrieved from /home/airflow/.local/lib/python3.12/site-packages/airflow/example_dags/plugins/event_listener.py
[2026-05-09T06:32:10.023+0000] {processor.py:183} INFO - Processing /home/airflow/.local/lib/python3.12/site-packages/airflow/example_dags/plugins/event_listener.py took 0.027 seconds
[2026-05-09T06:32:41.047+0000] {processor.py:161} INFO - Started process (PID=11282) to work on /home/airflow/.local/lib/python3.12/site-packages/airflow/example_dags/plugins/event_listener.py
[2026-05-09T06:32:41.049+0000] {processor.py:830} INFO - Processing file /home/airflow/.local/lib/python3.12/site-packages/airflow/example_dags/plugins/event_listener.py for tasks to queue
[2026-05-09T06:32:41.053+0000] {logging_mixin.py:188} INFO - [2026-05-09T06:32:41.052+0000] {dagbag.py:545} INFO - Filling up the DagBag from /home/airflow/.local/lib/python3.12/site-packages/airflow/example_dags/plugins/event_listener.py
[2026-05-09T06:32:41.055+0000] {processor.py:842} WARNING - No viable dags retrieved from /home/airflow/.local/lib/python3.12/site-packages/airflow/example_dags/plugins/event_listener.py
[2026-05-09T06:32:41.065+0000] {processor.py:183} INFO - Processing /home/airflow/.local/lib/python3.12/site-packages/airflow/example_dags/plugins/event_listener.py took 0.023 seconds
[2026-05-09T06:33:11.362+0000] {processor.py:161} INFO - Started process (PID=11342) to work on /home/airflow/.local/lib/python3.12/site-packages/airflow/example_dags/plugins/event_listener.py
[2026-05-09T06:33:11.364+0000] {processor.py:830} INFO - Processing file /home/airflow/.local/lib/python3.12/site-packages/airflow/example_dags/plugins/event_listener.py for tasks to queue
[2026-05-09T06:33:11.366+0000] {logging_mixin.py:188} INFO - [2026-05-09T06:33:11.366+0000] {dagbag.py:545} INFO - Filling up the DagBag from /home/airflow/.local/lib/python3.12/site-packages/airflow/example_dags/plugins/event_listener.py
[2026-05-09T06:33:11.368+0000] {processor.py:842} WARNING - No viable dags retrieved from /home/airflow/.local/lib/python3.12/site-packages/airflow/example_dags/plugins/event_listener.py
[2026-05-09T06:33:11.382+0000] {processor.py:183} INFO - Processing /home/airflow/.local/lib/python3.12/site-packages/airflow/example_dags/plugins/event_listener.py took 0.024 seconds
[2026-05-09T06:33:42.058+0000] {processor.py:161} INFO - Started process (PID=11402) to work on /home/airflow/.local/lib/python3.12/site-packages/airflow/example_dags/plugins/event_listener.py
[2026-05-09T06:33:42.060+0000] {processor.py:830} INFO - Processing file /home/airflow/.local/lib/python3.12/site-packages/airflow/example_dags/plugins/event_listener.py for tasks to queue
[2026-05-09T06:33:42.063+0000] {logging_mixin.py:188} INFO - [2026-05-09T06:33:42.063+0000] {dagbag.py:545} INFO - Filling up the DagBag from /home/airflow/.local/lib/python3.12/site-packages/airflow/example_dags/plugins/event_listener.py
[2026-05-09T06:33:42.067+0000] {processor.py:842} WARNING - No viable dags retrieved from /home/airflow/.local/lib/python3.12/site-packages/airflow/example_dags/plugins/event_listener.py
[2026-05-09T06:33:42.087+0000] {processor.py:183} INFO - Processing /home/airflow/.local/lib/python3.12/site-packages/airflow/example_dags/plugins/event_listener.py took 0.038 seconds
[2026-05-09T06:34:12.267+0000] {processor.py:161} INFO - Started process (PID=11461) to work on /home/airflow/.local/lib/python3.12/site-packages/airflow/example_dags/plugins/event_listener.py
[2026-05-09T06:34:12.270+0000] {processor.py:830} INFO - Processing file /home/airflow/.local/lib/python3.12/site-packages/airflow/example_dags/plugins/event_listener.py for tasks to queue
[2026-05-09T06:34:12.276+0000] {logging_mixin.py:188} INFO - [2026-05-09T06:34:12.275+0000] {dagbag.py:545} INFO - Filling up the DagBag from /home/airflow/.local/lib/python3.12/site-packages/airflow/example_dags/plugins/event_listener.py
[2026-05-09T06:34:12.279+0000] {processor.py:842} WARNING - No viable dags retrieved from /home/airflow/.local/lib/python3.12/site-packages/airflow/example_dags/plugins/event_listener.py
[2026-05-09T06:34:12.311+0000] {processor.py:183} INFO - Processing /home/airflow/.local/lib/python3.12/site-packages/airflow/example_dags/plugins/event_listener.py took 0.051 seconds
[2026-05-09T06:34:43.198+0000] {processor.py:161} INFO - Started process (PID=11522) to work on /home/airflow/.local/lib/python3.12/site-packages/airflow/example_dags/plugins/event_listener.py
[2026-05-09T06:34:43.199+0000] {processor.py:830} INFO - Processing file /home/airflow/.local/lib/python3.12/site-packages/airflow/example_dags/plugins/event_listener.py for tasks to queue
[2026-05-09T06:34:43.202+0000] {logging_mixin.py:188} INFO - [2026-05-09T06:34:43.202+0000] {dagbag.py:545} INFO - Filling up the DagBag from /home/airflow/.local/lib/python3.12/site-packages/airflow/example_dags/plugins/event_listener.py
[2026-05-09T06:34:43.206+0000] {processor.py:842} WARNING - No viable dags retrieved from /home/airflow/.local/lib/python3.12/site-packages/airflow/example_dags/plugins/event_listener.py
[2026-05-09T06:34:43.226+0000] {processor.py:183} INFO - Processing /home/airflow/.local/lib/python3.12/site-packages/airflow/example_dags/plugins/event_listener.py took 0.036 seconds
[2026-05-09T06:35:14.280+0000] {processor.py:161} INFO - Started process (PID=11582) to work on /home/airflow/.local/lib/python3.12/site-packages/airflow/example_dags/plugins/event_listener.py
[2026-05-09T06:35:14.282+0000] {processor.py:830} INFO - Processing file /home/airflow/.local/lib/python3.12/site-packages/airflow/example_dags/plugins/event_listener.py for tasks to queue
[2026-05-09T06:35:14.289+0000] {logging_mixin.py:188} INFO - [2026-05-09T06:35:14.288+0000] {dagbag.py:545} INFO - Filling up the DagBag from /home/airflow/.local/lib/python3.12/site-packages/airflow/example_dags/plugins/event_listener.py
[2026-05-09T06:35:14.295+0000] {processor.py:842} WARNING - No viable dags retrieved from /home/airflow/.local/lib/python3.12/site-packages/airflow/example_dags/plugins/event_listener.py
[2026-05-09T06:35:14.327+0000] {processor.py:183} INFO - Processing /home/airflow/.local/lib/python3.12/site-packages/airflow/example_dags/plugins/event_listener.py took 0.056 seconds
[2026-05-09T06:35:44.775+0000] {processor.py:161} INFO - Started process (PID=11640) to work on /home/airflow/.local/lib/python3.12/site-packages/airflow/example_dags/plugins/event_listener.py
[2026-05-09T06:35:44.777+0000] {processor.py:830} INFO - Processing file /home/airflow/.local/lib/python3.12/site-packages/airflow/example_dags/plugins/event_listener.py for tasks to queue
[2026-05-09T06:35:44.781+0000] {logging_mixin.py:188} INFO - [2026-05-09T06:35:44.780+0000] {dagbag.py:545} INFO - Filling up the DagBag from /home/airflow/.local/lib/python3.12/site-packages/airflow/example_dags/plugins/event_listener.py
[2026-05-09T06:35:44.784+0000] {processor.py:842} WARNING - No viable dags retrieved from /home/airflow/.local/lib/python3.12/site-packages/airflow/example_dags/plugins/event_listener.py
[2026-05-09T06:35:44.804+0000] {processor.py:183} INFO - Processing /home/airflow/.local/lib/python3.12/site-packages/airflow/example_dags/plugins/event_listener.py took 0.036 seconds
[2026-05-09T06:36:14.987+0000] {processor.py:161} INFO - Started process (PID=11700) to work on /home/airflow/.local/lib/python3.12/site-packages/airflow/example_dags/plugins/event_listener.py
[2026-05-09T06:36:14.989+0000] {processor.py:830} INFO - Processing file /home/airflow/.local/lib/python3.12/site-packages/airflow/example_dags/plugins/event_listener.py for tasks to queue
[2026-05-09T06:36:15.001+0000] {logging_mixin.py:188} INFO - [2026-05-09T06:36:15.000+0000] {dagbag.py:545} INFO - Filling up the DagBag from /home/airflow/.local/lib/python3.12/site-packages/airflow/example_dags/plugins/event_listener.py
[2026-05-09T06:36:15.005+0000] {processor.py:842} WARNING - No viable dags retrieved from /home/airflow/.local/lib/python3.12/site-packages/airflow/example_dags/plugins/event_listener.py
[2026-05-09T06:36:15.027+0000] {processor.py:183} INFO - Processing /home/airflow/.local/lib/python3.12/site-packages/airflow/example_dags/plugins/event_listener.py took 0.047 seconds
[2026-05-09T06:36:45.168+0000] {processor.py:161} INFO - Started process (PID=11759) to work on /home/airflow/.local/lib/python3.12/site-packages/airflow/example_dags/plugins/event_listener.py
[2026-05-09T06:36:45.170+0000] {processor.py:830} INFO - Processing file /home/airflow/.local/lib/python3.12/site-packages/airflow/example_dags/plugins/event_listener.py for tasks to queue
[2026-05-09T06:36:45.174+0000] {logging_mixin.py:188} INFO - [2026-05-09T06:36:45.173+0000] {dagbag.py:545} INFO - Filling up the DagBag from /home/airflow/.local/lib/python3.12/site-packages/airflow/example_dags/plugins/event_listener.py
[2026-05-09T06:36:45.178+0000] {processor.py:842} WARNING - No viable dags retrieved from /home/airflow/.local/lib/python3.12/site-packages/airflow/example_dags/plugins/event_listener.py
[2026-05-09T06:36:45.199+0000] {processor.py:183} INFO - Processing /home/airflow/.local/lib/python3.12/site-packages/airflow/example_dags/plugins/event_listener.py took 0.041 seconds
[2026-05-09T06:37:15.924+0000] {processor.py:161} INFO - Started process (PID=11820) to work on /home/airflow/.local/lib/python3.12/site-packages/airflow/example_dags/plugins/event_listener.py
[2026-05-09T06:37:15.927+0000] {processor.py:830} INFO - Processing file /home/airflow/.local/lib/python3.12/site-packages/airflow/example_dags/plugins/event_listener.py for tasks to queue
[2026-05-09T06:37:15.930+0000] {logging_mixin.py:188} INFO - [2026-05-09T06:37:15.930+0000] {dagbag.py:545} INFO - Filling up the DagBag from /home/airflow/.local/lib/python3.12/site-packages/airflow/example_dags/plugins/event_listener.py
[2026-05-09T06:37:15.934+0000] {processor.py:842} WARNING - No viable dags retrieved from /home/airflow/.local/lib/python3.12/site-packages/airflow/example_dags/plugins/event_listener.py
[2026-05-09T06:37:15.957+0000] {processor.py:183} INFO - Processing /home/airflow/.local/lib/python3.12/site-packages/airflow/example_dags/plugins/event_listener.py took 0.045 seconds
[2026-05-09T06:37:46.577+0000] {processor.py:161} INFO - Started process (PID=11880) to work on /home/airflow/.local/lib/python3.12/site-packages/airflow/example_dags/plugins/event_listener.py
[2026-05-09T06:37:46.579+0000] {processor.py:830} INFO - Processing file /home/airflow/.local/lib/python3.12/site-packages/airflow/example_dags/plugins/event_listener.py for tasks to queue
[2026-05-09T06:37:46.583+0000] {logging_mixin.py:188} INFO - [2026-05-09T06:37:46.582+0000] {dagbag.py:545} INFO - Filling up the DagBag from /home/airflow/.local/lib/python3.12/site-packages/airflow/example_dags/plugins/event_listener.py
[2026-05-09T06:37:46.586+0000] {processor.py:842} WARNING - No viable dags retrieved from /home/airflow/.local/lib/python3.12/site-packages/airflow/example_dags/plugins/event_listener.py
[2026-05-09T06:37:46.607+0000] {processor.py:183} INFO - Processing /home/airflow/.local/lib/python3.12/site-packages/airflow/example_dags/plugins/event_listener.py took 0.039 seconds
[2026-05-09T06:38:17.268+0000] {processor.py:161} INFO - Started process (PID=11940) to work on /home/airflow/.local/lib/python3.12/site-packages/airflow/example_dags/plugins/event_listener.py
[2026-05-09T06:38:17.270+0000] {processor.py:830} INFO - Processing file /home/airflow/.local/lib/python3.12/site-packages/airflow/example_dags/plugins/event_listener.py for tasks to queue
[2026-05-09T06:38:17.273+0000] {logging_mixin.py:188} INFO - [2026-05-09T06:38:17.273+0000] {dagbag.py:545} INFO - Filling up the DagBag from /home/airflow/.local/lib/python3.12/site-packages/airflow/example_dags/plugins/event_listener.py
[2026-05-09T06:38:17.277+0000] {processor.py:842} WARNING - No viable dags retrieved from /home/airflow/.local/lib/python3.12/site-packages/airflow/example_dags/plugins/event_listener.py
[2026-05-09T06:38:17.297+0000] {processor.py:183} INFO - Processing /home/airflow/.local/lib/python3.12/site-packages/airflow/example_dags/plugins/event_listener.py took 0.038 seconds
[2026-05-09T06:38:48.016+0000] {processor.py:161} INFO - Started process (PID=12000) to work on /home/airflow/.local/lib/python3.12/site-packages/airflow/example_dags/plugins/event_listener.py
[2026-05-09T06:38:48.018+0000] {processor.py:830} INFO - Processing file /home/airflow/.local/lib/python3.12/site-packages/airflow/example_dags/plugins/event_listener.py for tasks to queue
[2026-05-09T06:38:48.022+0000] {logging_mixin.py:188} INFO - [2026-05-09T06:38:48.021+0000] {dagbag.py:545} INFO - Filling up the DagBag from /home/airflow/.local/lib/python3.12/site-packages/airflow/example_dags/plugins/event_listener.py
[2026-05-09T06:38:48.026+0000] {processor.py:842} WARNING - No viable dags retrieved from /home/airflow/.local/lib/python3.12/site-packages/airflow/example_dags/plugins/event_listener.py
[2026-05-09T06:38:48.046+0000] {processor.py:183} INFO - Processing /home/airflow/.local/lib/python3.12/site-packages/airflow/example_dags/plugins/event_listener.py took 0.041 seconds
[2026-05-09T06:39:18.905+0000] {processor.py:161} INFO - Started process (PID=12060) to work on /home/airflow/.local/lib/python3.12/site-packages/airflow/example_dags/plugins/event_listener.py
[2026-05-09T06:39:18.911+0000] {processor.py:830} INFO - Processing file /home/airflow/.local/lib/python3.12/site-packages/airflow/example_dags/plugins/event_listener.py for tasks to queue
[2026-05-09T06:39:18.917+0000] {logging_mixin.py:188} INFO - [2026-05-09T06:39:18.916+0000] {dagbag.py:545} INFO - Filling up the DagBag from /home/airflow/.local/lib/python3.12/site-packages/airflow/example_dags/plugins/event_listener.py
[2026-05-09T06:39:18.924+0000] {processor.py:842} WARNING - No viable dags retrieved from /home/airflow/.local/lib/python3.12/site-packages/airflow/example_dags/plugins/event_listener.py
[2026-05-09T06:39:18.949+0000] {processor.py:183} INFO - Processing /home/airflow/.local/lib/python3.12/site-packages/airflow/example_dags/plugins/event_listener.py took 0.052 seconds
[2026-05-09T06:39:49.411+0000] {processor.py:161} INFO - Started process (PID=12120) to work on /home/airflow/.local/lib/python3.12/site-packages/airflow/example_dags/plugins/event_listener.py
[2026-05-09T06:39:49.415+0000] {processor.py:830} INFO - Processing file /home/airflow/.local/lib/python3.12/site-packages/airflow/example_dags/plugins/event_listener.py for tasks to queue
[2026-05-09T06:39:49.421+0000] {logging_mixin.py:188} INFO - [2026-05-09T06:39:49.420+0000] {dagbag.py:545} INFO - Filling up the DagBag from /home/airflow/.local/lib/python3.12/site-packages/airflow/example_dags/plugins/event_listener.py
[2026-05-09T06:39:49.427+0000] {processor.py:842} WARNING - No viable dags retrieved from /home/airflow/.local/lib/python3.12/site-packages/airflow/example_dags/plugins/event_listener.py
[2026-05-09T06:39:49.463+0000] {processor.py:183} INFO - Processing /home/airflow/.local/lib/python3.12/site-packages/airflow/example_dags/plugins/event_listener.py took 0.064 seconds
[2026-05-09T06:40:20.477+0000] {processor.py:161} INFO - Started process (PID=12180) to work on /home/airflow/.local/lib/python3.12/site-packages/airflow/example_dags/plugins/event_listener.py
[2026-05-09T06:40:20.479+0000] {processor.py:830} INFO - Processing file /home/airflow/.local/lib/python3.12/site-packages/airflow/example_dags/plugins/event_listener.py for tasks to queue
[2026-05-09T06:40:20.482+0000] {logging_mixin.py:188} INFO - [2026-05-09T06:40:20.482+0000] {dagbag.py:545} INFO - Filling up the DagBag from /home/airflow/.local/lib/python3.12/site-packages/airflow/example_dags/plugins/event_listener.py
[2026-05-09T06:40:20.486+0000] {processor.py:842} WARNING - No viable dags retrieved from /home/airflow/.local/lib/python3.12/site-packages/airflow/example_dags/plugins/event_listener.py
[2026-05-09T06:40:20.505+0000] {processor.py:183} INFO - Processing /home/airflow/.local/lib/python3.12/site-packages/airflow/example_dags/plugins/event_listener.py took 0.038 seconds
[2026-05-09T06:40:51.122+0000] {processor.py:161} INFO - Started process (PID=12240) to work on /home/airflow/.local/lib/python3.12/site-packages/airflow/example_dags/plugins/event_listener.py
[2026-05-09T06:40:51.124+0000] {processor.py:830} INFO - Processing file /home/airflow/.local/lib/python3.12/site-packages/airflow/example_dags/plugins/event_listener.py for tasks to queue
[2026-05-09T06:40:51.128+0000] {logging_mixin.py:188} INFO - [2026-05-09T06:40:51.127+0000] {dagbag.py:545} INFO - Filling up the DagBag from /home/airflow/.local/lib/python3.12/site-packages/airflow/example_dags/plugins/event_listener.py
[2026-05-09T06:40:51.131+0000] {processor.py:842} WARNING - No viable dags retrieved from /home/airflow/.local/lib/python3.12/site-packages/airflow/example_dags/plugins/event_listener.py
[2026-05-09T06:40:51.151+0000] {processor.py:183} INFO - Processing /home/airflow/.local/lib/python3.12/site-packages/airflow/example_dags/plugins/event_listener.py took 0.041 seconds
[2026-05-09T06:41:21.781+0000] {processor.py:161} INFO - Started process (PID=12300) to work on /home/airflow/.local/lib/python3.12/site-packages/airflow/example_dags/plugins/event_listener.py
[2026-05-09T06:41:21.782+0000] {processor.py:830} INFO - Processing file /home/airflow/.local/lib/python3.12/site-packages/airflow/example_dags/plugins/event_listener.py for tasks to queue
[2026-05-09T06:41:21.785+0000] {logging_mixin.py:188} INFO - [2026-05-09T06:41:21.785+0000] {dagbag.py:545} INFO - Filling up the DagBag from /home/airflow/.local/lib/python3.12/site-packages/airflow/example_dags/plugins/event_listener.py
[2026-05-09T06:41:21.790+0000] {processor.py:842} WARNING - No viable dags retrieved from /home/airflow/.local/lib/python3.12/site-packages/airflow/example_dags/plugins/event_listener.py
[2026-05-09T06:41:21.809+0000] {processor.py:183} INFO - Processing /home/airflow/.local/lib/python3.12/site-packages/airflow/example_dags/plugins/event_listener.py took 0.036 seconds
[2026-05-09T06:41:52.691+0000] {processor.py:161} INFO - Started process (PID=12360) to work on /home/airflow/.local/lib/python3.12/site-packages/airflow/example_dags/plugins/event_listener.py
[2026-05-09T06:41:52.693+0000] {processor.py:830} INFO - Processing file /home/airflow/.local/lib/python3.12/site-packages/airflow/example_dags/plugins/event_listener.py for tasks to queue
[2026-05-09T06:41:52.696+0000] {logging_mixin.py:188} INFO - [2026-05-09T06:41:52.696+0000] {dagbag.py:545} INFO - Filling up the DagBag from /home/airflow/.local/lib/python3.12/site-packages/airflow/example_dags/plugins/event_listener.py
[2026-05-09T06:41:52.700+0000] {processor.py:842} WARNING - No viable dags retrieved from /home/airflow/.local/lib/python3.12/site-packages/airflow/example_dags/plugins/event_listener.py
[2026-05-09T06:41:52.720+0000] {processor.py:183} INFO - Processing /home/airflow/.local/lib/python3.12/site-packages/airflow/example_dags/plugins/event_listener.py took 0.039 seconds
[2026-05-09T06:42:23.616+0000] {processor.py:161} INFO - Started process (PID=12420) to work on /home/airflow/.local/lib/python3.12/site-packages/airflow/example_dags/plugins/event_listener.py
[2026-05-09T06:42:23.619+0000] {processor.py:830} INFO - Processing file /home/airflow/.local/lib/python3.12/site-packages/airflow/example_dags/plugins/event_listener.py for tasks to queue
[2026-05-09T06:42:23.624+0000] {logging_mixin.py:188} INFO - [2026-05-09T06:42:23.623+0000] {dagbag.py:545} INFO - Filling up the DagBag from /home/airflow/.local/lib/python3.12/site-packages/airflow/example_dags/plugins/event_listener.py
[2026-05-09T06:42:23.628+0000] {processor.py:842} WARNING - No viable dags retrieved from /home/airflow/.local/lib/python3.12/site-packages/airflow/example_dags/plugins/event_listener.py
[2026-05-09T06:42:23.657+0000] {processor.py:183} INFO - Processing /home/airflow/.local/lib/python3.12/site-packages/airflow/example_dags/plugins/event_listener.py took 0.054 seconds
[2026-05-09T06:42:53.995+0000] {processor.py:161} INFO - Started process (PID=12480) to work on /home/airflow/.local/lib/python3.12/site-packages/airflow/example_dags/plugins/event_listener.py
[2026-05-09T06:42:53.997+0000] {processor.py:830} INFO - Processing file /home/airflow/.local/lib/python3.12/site-packages/airflow/example_dags/plugins/event_listener.py for tasks to queue
[2026-05-09T06:42:53.999+0000] {logging_mixin.py:188} INFO - [2026-05-09T06:42:53.999+0000] {dagbag.py:545} INFO - Filling up the DagBag from /home/airflow/.local/lib/python3.12/site-packages/airflow/example_dags/plugins/event_listener.py
[2026-05-09T06:42:54.002+0000] {processor.py:842} WARNING - No viable dags retrieved from /home/airflow/.local/lib/python3.12/site-packages/airflow/example_dags/plugins/event_listener.py
[2026-05-09T06:42:54.022+0000] {processor.py:183} INFO - Processing /home/airflow/.local/lib/python3.12/site-packages/airflow/example_dags/plugins/event_listener.py took 0.035 seconds
[2026-05-09T06:43:24.381+0000] {processor.py:161} INFO - Started process (PID=12540) to work on /home/airflow/.local/lib/python3.12/site-packages/airflow/example_dags/plugins/event_listener.py
[2026-05-09T06:43:24.383+0000] {processor.py:830} INFO - Processing file /home/airflow/.local/lib/python3.12/site-packages/airflow/example_dags/plugins/event_listener.py for tasks to queue
[2026-05-09T06:43:24.387+0000] {logging_mixin.py:188} INFO - [2026-05-09T06:43:24.387+0000] {dagbag.py:545} INFO - Filling up the DagBag from /home/airflow/.local/lib/python3.12/site-packages/airflow/example_dags/plugins/event_listener.py
[2026-05-09T06:43:24.391+0000] {processor.py:842} WARNING - No viable dags retrieved from /home/airflow/.local/lib/python3.12/site-packages/airflow/example_dags/plugins/event_listener.py
[2026-05-09T06:43:24.407+0000] {processor.py:183} INFO - Processing /home/airflow/.local/lib/python3.12/site-packages/airflow/example_dags/plugins/event_listener.py took 0.035 seconds
[2026-05-09T06:43:54.863+0000] {processor.py:161} INFO - Started process (PID=12600) to work on /home/airflow/.local/lib/python3.12/site-packages/airflow/example_dags/plugins/event_listener.py
[2026-05-09T06:43:54.865+0000] {processor.py:830} INFO - Processing file /home/airflow/.local/lib/python3.12/site-packages/airflow/example_dags/plugins/event_listener.py for tasks to queue
[2026-05-09T06:43:54.868+0000] {logging_mixin.py:188} INFO - [2026-05-09T06:43:54.868+0000] {dagbag.py:545} INFO - Filling up the DagBag from /home/airflow/.local/lib/python3.12/site-packages/airflow/example_dags/plugins/event_listener.py
[2026-05-09T06:43:54.871+0000] {processor.py:842} WARNING - No viable dags retrieved from /home/airflow/.local/lib/python3.12/site-packages/airflow/example_dags/plugins/event_listener.py
[2026-05-09T06:43:54.889+0000] {processor.py:183} INFO - Processing /home/airflow/.local/lib/python3.12/site-packages/airflow/example_dags/plugins/event_listener.py took 0.034 seconds
[2026-05-09T06:44:25.531+0000] {processor.py:161} INFO - Started process (PID=12660) to work on /home/airflow/.local/lib/python3.12/site-packages/airflow/example_dags/plugins/event_listener.py
[2026-05-09T06:44:25.534+0000] {processor.py:830} INFO - Processing file /home/airflow/.local/lib/python3.12/site-packages/airflow/example_dags/plugins/event_listener.py for tasks to queue
[2026-05-09T06:44:25.537+0000] {logging_mixin.py:188} INFO - [2026-05-09T06:44:25.537+0000] {dagbag.py:545} INFO - Filling up the DagBag from /home/airflow/.local/lib/python3.12/site-packages/airflow/example_dags/plugins/event_listener.py
[2026-05-09T06:44:25.540+0000] {processor.py:842} WARNING - No viable dags retrieved from /home/airflow/.local/lib/python3.12/site-packages/airflow/example_dags/plugins/event_listener.py
[2026-05-09T06:44:25.560+0000] {processor.py:183} INFO - Processing /home/airflow/.local/lib/python3.12/site-packages/airflow/example_dags/plugins/event_listener.py took 0.036 seconds
[2026-05-09T06:44:55.923+0000] {processor.py:161} INFO - Started process (PID=12720) to work on /home/airflow/.local/lib/python3.12/site-packages/airflow/example_dags/plugins/event_listener.py
[2026-05-09T06:44:55.927+0000] {processor.py:830} INFO - Processing file /home/airflow/.local/lib/python3.12/site-packages/airflow/example_dags/plugins/event_listener.py for tasks to queue
[2026-05-09T06:44:55.933+0000] {logging_mixin.py:188} INFO - [2026-05-09T06:44:55.932+0000] {dagbag.py:545} INFO - Filling up the DagBag from /home/airflow/.local/lib/python3.12/site-packages/airflow/example_dags/plugins/event_listener.py
[2026-05-09T06:44:55.940+0000] {processor.py:842} WARNING - No viable dags retrieved from /home/airflow/.local/lib/python3.12/site-packages/airflow/example_dags/plugins/event_listener.py
[2026-05-09T06:44:55.981+0000] {processor.py:183} INFO - Processing /home/airflow/.local/lib/python3.12/site-packages/airflow/example_dags/plugins/event_listener.py took 0.073 seconds
[2026-05-09T06:45:26.111+0000] {processor.py:161} INFO - Started process (PID=12780) to work on /home/airflow/.local/lib/python3.12/site-packages/airflow/example_dags/plugins/event_listener.py
[2026-05-09T06:45:26.113+0000] {processor.py:830} INFO - Processing file /home/airflow/.local/lib/python3.12/site-packages/airflow/example_dags/plugins/event_listener.py for tasks to queue
[2026-05-09T06:45:26.116+0000] {logging_mixin.py:188} INFO - [2026-05-09T06:45:26.116+0000] {dagbag.py:545} INFO - Filling up the DagBag from /home/airflow/.local/lib/python3.12/site-packages/airflow/example_dags/plugins/event_listener.py
[2026-05-09T06:45:26.120+0000] {processor.py:842} WARNING - No viable dags retrieved from /home/airflow/.local/lib/python3.12/site-packages/airflow/example_dags/plugins/event_listener.py
[2026-05-09T06:45:26.139+0000] {processor.py:183} INFO - Processing /home/airflow/.local/lib/python3.12/site-packages/airflow/example_dags/plugins/event_listener.py took 0.037 seconds
[2026-05-09T06:45:56.408+0000] {processor.py:161} INFO - Started process (PID=12839) to work on /home/airflow/.local/lib/python3.12/site-packages/airflow/example_dags/plugins/event_listener.py
[2026-05-09T06:45:56.410+0000] {processor.py:830} INFO - Processing file /home/airflow/.local/lib/python3.12/site-packages/airflow/example_dags/plugins/event_listener.py for tasks to queue
[2026-05-09T06:45:56.413+0000] {logging_mixin.py:188} INFO - [2026-05-09T06:45:56.412+0000] {dagbag.py:545} INFO - Filling up the DagBag from /home/airflow/.local/lib/python3.12/site-packages/airflow/example_dags/plugins/event_listener.py
[2026-05-09T06:45:56.416+0000] {processor.py:842} WARNING - No viable dags retrieved from /home/airflow/.local/lib/python3.12/site-packages/airflow/example_dags/plugins/event_listener.py
[2026-05-09T06:45:56.435+0000] {processor.py:183} INFO - Processing /home/airflow/.local/lib/python3.12/site-packages/airflow/example_dags/plugins/event_listener.py took 0.035 seconds
[2026-05-09T06:46:27.416+0000] {processor.py:161} INFO - Started process (PID=12900) to work on /home/airflow/.local/lib/python3.12/site-packages/airflow/example_dags/plugins/event_listener.py
[2026-05-09T06:46:27.418+0000] {processor.py:830} INFO - Processing file /home/airflow/.local/lib/python3.12/site-packages/airflow/example_dags/plugins/event_listener.py for tasks to queue
[2026-05-09T06:46:27.422+0000] {logging_mixin.py:188} INFO - [2026-05-09T06:46:27.421+0000] {dagbag.py:545} INFO - Filling up the DagBag from /home/airflow/.local/lib/python3.12/site-packages/airflow/example_dags/plugins/event_listener.py
[2026-05-09T06:46:27.426+0000] {processor.py:842} WARNING - No viable dags retrieved from /home/airflow/.local/lib/python3.12/site-packages/airflow/example_dags/plugins/event_listener.py
[2026-05-09T06:46:27.445+0000] {processor.py:183} INFO - Processing /home/airflow/.local/lib/python3.12/site-packages/airflow/example_dags/plugins/event_listener.py took 0.038 seconds
[2026-05-09T06:46:58.120+0000] {processor.py:161} INFO - Started process (PID=12960) to work on /home/airflow/.local/lib/python3.12/site-packages/airflow/example_dags/plugins/event_listener.py
[2026-05-09T06:46:58.122+0000] {processor.py:830} INFO - Processing file /home/airflow/.local/lib/python3.12/site-packages/airflow/example_dags/plugins/event_listener.py for tasks to queue
[2026-05-09T06:46:58.126+0000] {logging_mixin.py:188} INFO - [2026-05-09T06:46:58.125+0000] {dagbag.py:545} INFO - Filling up the DagBag from /home/airflow/.local/lib/python3.12/site-packages/airflow/example_dags/plugins/event_listener.py
[2026-05-09T06:46:58.129+0000] {processor.py:842} WARNING - No viable dags retrieved from /home/airflow/.local/lib/python3.12/site-packages/airflow/example_dags/plugins/event_listener.py
[2026-05-09T06:46:58.147+0000] {processor.py:183} INFO - Processing /home/airflow/.local/lib/python3.12/site-packages/airflow/example_dags/plugins/event_listener.py took 0.035 seconds
[2026-05-09T06:47:28.743+0000] {processor.py:161} INFO - Started process (PID=13020) to work on /home/airflow/.local/lib/python3.12/site-packages/airflow/example_dags/plugins/event_listener.py
[2026-05-09T06:47:28.745+0000] {processor.py:830} INFO - Processing file /home/airflow/.local/lib/python3.12/site-packages/airflow/example_dags/plugins/event_listener.py for tasks to queue
[2026-05-09T06:47:28.750+0000] {logging_mixin.py:188} INFO - [2026-05-09T06:47:28.750+0000] {dagbag.py:545} INFO - Filling up the DagBag from /home/airflow/.local/lib/python3.12/site-packages/airflow/example_dags/plugins/event_listener.py
[2026-05-09T06:47:28.755+0000] {processor.py:842} WARNING - No viable dags retrieved from /home/airflow/.local/lib/python3.12/site-packages/airflow/example_dags/plugins/event_listener.py
[2026-05-09T06:47:28.775+0000] {processor.py:183} INFO - Processing /home/airflow/.local/lib/python3.12/site-packages/airflow/example_dags/plugins/event_listener.py took 0.040 seconds
[2026-05-09T06:47:59.251+0000] {processor.py:161} INFO - Started process (PID=13080) to work on /home/airflow/.local/lib/python3.12/site-packages/airflow/example_dags/plugins/event_listener.py
[2026-05-09T06:47:59.253+0000] {processor.py:830} INFO - Processing file /home/airflow/.local/lib/python3.12/site-packages/airflow/example_dags/plugins/event_listener.py for tasks to queue
[2026-05-09T06:47:59.257+0000] {logging_mixin.py:188} INFO - [2026-05-09T06:47:59.256+0000] {dagbag.py:545} INFO - Filling up the DagBag from /home/airflow/.local/lib/python3.12/site-packages/airflow/example_dags/plugins/event_listener.py
[2026-05-09T06:47:59.260+0000] {processor.py:842} WARNING - No viable dags retrieved from /home/airflow/.local/lib/python3.12/site-packages/airflow/example_dags/plugins/event_listener.py
[2026-05-09T06:47:59.282+0000] {processor.py:183} INFO - Processing /home/airflow/.local/lib/python3.12/site-packages/airflow/example_dags/plugins/event_listener.py took 0.042 seconds
[2026-05-09T06:48:29.495+0000] {processor.py:161} INFO - Started process (PID=13140) to work on /home/airflow/.local/lib/python3.12/site-packages/airflow/example_dags/plugins/event_listener.py
[2026-05-09T06:48:29.497+0000] {processor.py:830} INFO - Processing file /home/airflow/.local/lib/python3.12/site-packages/airflow/example_dags/plugins/event_listener.py for tasks to queue
[2026-05-09T06:48:29.501+0000] {logging_mixin.py:188} INFO - [2026-05-09T06:48:29.500+0000] {dagbag.py:545} INFO - Filling up the DagBag from /home/airflow/.local/lib/python3.12/site-packages/airflow/example_dags/plugins/event_listener.py
[2026-05-09T06:48:29.504+0000] {processor.py:842} WARNING - No viable dags retrieved from /home/airflow/.local/lib/python3.12/site-packages/airflow/example_dags/plugins/event_listener.py
[2026-05-09T06:48:29.523+0000] {processor.py:183} INFO - Processing /home/airflow/.local/lib/python3.12/site-packages/airflow/example_dags/plugins/event_listener.py took 0.037 seconds
[2026-05-09T06:48:59.837+0000] {processor.py:161} INFO - Started process (PID=13200) to work on /home/airflow/.local/lib/python3.12/site-packages/airflow/example_dags/plugins/event_listener.py
[2026-05-09T06:48:59.839+0000] {processor.py:830} INFO - Processing file /home/airflow/.local/lib/python3.12/site-packages/airflow/example_dags/plugins/event_listener.py for tasks to queue
[2026-05-09T06:48:59.843+0000] {logging_mixin.py:188} INFO - [2026-05-09T06:48:59.843+0000] {dagbag.py:545} INFO - Filling up the DagBag from /home/airflow/.local/lib/python3.12/site-packages/airflow/example_dags/plugins/event_listener.py
[2026-05-09T06:48:59.847+0000] {processor.py:842} WARNING - No viable dags retrieved from /home/airflow/.local/lib/python3.12/site-packages/airflow/example_dags/plugins/event_listener.py
[2026-05-09T06:48:59.872+0000] {processor.py:183} INFO - Processing /home/airflow/.local/lib/python3.12/site-packages/airflow/example_dags/plugins/event_listener.py took 0.049 seconds
[2026-05-09T06:49:31.097+0000] {processor.py:161} INFO - Started process (PID=13261) to work on /home/airflow/.local/lib/python3.12/site-packages/airflow/example_dags/plugins/event_listener.py
[2026-05-09T06:49:31.100+0000] {processor.py:830} INFO - Processing file /home/airflow/.local/lib/python3.12/site-packages/airflow/example_dags/plugins/event_listener.py for tasks to queue
[2026-05-09T06:49:31.104+0000] {logging_mixin.py:188} INFO - [2026-05-09T06:49:31.103+0000] {dagbag.py:545} INFO - Filling up the DagBag from /home/airflow/.local/lib/python3.12/site-packages/airflow/example_dags/plugins/event_listener.py
[2026-05-09T06:49:31.110+0000] {processor.py:842} WARNING - No viable dags retrieved from /home/airflow/.local/lib/python3.12/site-packages/airflow/example_dags/plugins/event_listener.py
[2026-05-09T06:49:31.132+0000] {processor.py:183} INFO - Processing /home/airflow/.local/lib/python3.12/site-packages/airflow/example_dags/plugins/event_listener.py took 0.045 seconds
[2026-05-09T06:50:01.830+0000] {processor.py:161} INFO - Started process (PID=13321) to work on /home/airflow/.local/lib/python3.12/site-packages/airflow/example_dags/plugins/event_listener.py
[2026-05-09T06:50:01.835+0000] {processor.py:830} INFO - Processing file /home/airflow/.local/lib/python3.12/site-packages/airflow/example_dags/plugins/event_listener.py for tasks to queue
[2026-05-09T06:50:01.841+0000] {logging_mixin.py:188} INFO - [2026-05-09T06:50:01.840+0000] {dagbag.py:545} INFO - Filling up the DagBag from /home/airflow/.local/lib/python3.12/site-packages/airflow/example_dags/plugins/event_listener.py
[2026-05-09T06:50:01.846+0000] {processor.py:842} WARNING - No viable dags retrieved from /home/airflow/.local/lib/python3.12/site-packages/airflow/example_dags/plugins/event_listener.py
[2026-05-09T06:50:01.878+0000] {processor.py:183} INFO - Processing /home/airflow/.local/lib/python3.12/site-packages/airflow/example_dags/plugins/event_listener.py took 0.058 seconds
[2026-05-09T06:50:32.289+0000] {processor.py:161} INFO - Started process (PID=13381) to work on /home/airflow/.local/lib/python3.12/site-packages/airflow/example_dags/plugins/event_listener.py
[2026-05-09T06:50:32.291+0000] {processor.py:830} INFO - Processing file /home/airflow/.local/lib/python3.12/site-packages/airflow/example_dags/plugins/event_listener.py for tasks to queue
[2026-05-09T06:50:32.294+0000] {logging_mixin.py:188} INFO - [2026-05-09T06:50:32.293+0000] {dagbag.py:545} INFO - Filling up the DagBag from /home/airflow/.local/lib/python3.12/site-packages/airflow/example_dags/plugins/event_listener.py
[2026-05-09T06:50:32.300+0000] {processor.py:842} WARNING - No viable dags retrieved from /home/airflow/.local/lib/python3.12/site-packages/airflow/example_dags/plugins/event_listener.py
[2026-05-09T06:50:32.342+0000] {processor.py:183} INFO - Processing /home/airflow/.local/lib/python3.12/site-packages/airflow/example_dags/plugins/event_listener.py took 0.064 seconds
[2026-05-09T06:51:02.877+0000] {processor.py:161} INFO - Started process (PID=13447) to work on /home/airflow/.local/lib/python3.12/site-packages/airflow/example_dags/plugins/event_listener.py
[2026-05-09T06:51:02.879+0000] {processor.py:830} INFO - Processing file /home/airflow/.local/lib/python3.12/site-packages/airflow/example_dags/plugins/event_listener.py for tasks to queue
[2026-05-09T06:51:02.882+0000] {logging_mixin.py:188} INFO - [2026-05-09T06:51:02.882+0000] {dagbag.py:545} INFO - Filling up the DagBag from /home/airflow/.local/lib/python3.12/site-packages/airflow/example_dags/plugins/event_listener.py
[2026-05-09T06:51:02.886+0000] {processor.py:842} WARNING - No viable dags retrieved from /home/airflow/.local/lib/python3.12/site-packages/airflow/example_dags/plugins/event_listener.py
[2026-05-09T06:51:02.906+0000] {processor.py:183} INFO - Processing /home/airflow/.local/lib/python3.12/site-packages/airflow/example_dags/plugins/event_listener.py took 0.037 seconds
[2026-05-09T06:51:33.315+0000] {processor.py:161} INFO - Started process (PID=13507) to work on /home/airflow/.local/lib/python3.12/site-packages/airflow/example_dags/plugins/event_listener.py
[2026-05-09T06:51:33.317+0000] {processor.py:830} INFO - Processing file /home/airflow/.local/lib/python3.12/site-packages/airflow/example_dags/plugins/event_listener.py for tasks to queue
[2026-05-09T06:51:33.320+0000] {logging_mixin.py:188} INFO - [2026-05-09T06:51:33.319+0000] {dagbag.py:545} INFO - Filling up the DagBag from /home/airflow/.local/lib/python3.12/site-packages/airflow/example_dags/plugins/event_listener.py
[2026-05-09T06:51:33.324+0000] {processor.py:842} WARNING - No viable dags retrieved from /home/airflow/.local/lib/python3.12/site-packages/airflow/example_dags/plugins/event_listener.py
[2026-05-09T06:51:33.343+0000] {processor.py:183} INFO - Processing /home/airflow/.local/lib/python3.12/site-packages/airflow/example_dags/plugins/event_listener.py took 0.035 seconds
[2026-05-09T06:52:04.064+0000] {processor.py:161} INFO - Started process (PID=13567) to work on /home/airflow/.local/lib/python3.12/site-packages/airflow/example_dags/plugins/event_listener.py
[2026-05-09T06:52:04.066+0000] {processor.py:830} INFO - Processing file /home/airflow/.local/lib/python3.12/site-packages/airflow/example_dags/plugins/event_listener.py for tasks to queue
[2026-05-09T06:52:04.069+0000] {logging_mixin.py:188} INFO - [2026-05-09T06:52:04.068+0000] {dagbag.py:545} INFO - Filling up the DagBag from /home/airflow/.local/lib/python3.12/site-packages/airflow/example_dags/plugins/event_listener.py
[2026-05-09T06:52:04.072+0000] {processor.py:842} WARNING - No viable dags retrieved from /home/airflow/.local/lib/python3.12/site-packages/airflow/example_dags/plugins/event_listener.py
[2026-05-09T06:52:04.104+0000] {processor.py:183} INFO - Processing /home/airflow/.local/lib/python3.12/site-packages/airflow/example_dags/plugins/event_listener.py took 0.049 seconds
[2026-05-09T06:52:34.226+0000] {processor.py:161} INFO - Started process (PID=13626) to work on /home/airflow/.local/lib/python3.12/site-packages/airflow/example_dags/plugins/event_listener.py
[2026-05-09T06:52:34.228+0000] {processor.py:830} INFO - Processing file /home/airflow/.local/lib/python3.12/site-packages/airflow/example_dags/plugins/event_listener.py for tasks to queue
[2026-05-09T06:52:34.231+0000] {logging_mixin.py:188} INFO - [2026-05-09T06:52:34.230+0000] {dagbag.py:545} INFO - Filling up the DagBag from /home/airflow/.local/lib/python3.12/site-packages/airflow/example_dags/plugins/event_listener.py
[2026-05-09T06:52:34.234+0000] {processor.py:842} WARNING - No viable dags retrieved from /home/airflow/.local/lib/python3.12/site-packages/airflow/example_dags/plugins/event_listener.py
[2026-05-09T06:52:34.255+0000] {processor.py:183} INFO - Processing /home/airflow/.local/lib/python3.12/site-packages/airflow/example_dags/plugins/event_listener.py took 0.037 seconds
[2026-05-09T06:53:04.851+0000] {processor.py:161} INFO - Started process (PID=13686) to work on /home/airflow/.local/lib/python3.12/site-packages/airflow/example_dags/plugins/event_listener.py
[2026-05-09T06:53:04.853+0000] {processor.py:830} INFO - Processing file /home/airflow/.local/lib/python3.12/site-packages/airflow/example_dags/plugins/event_listener.py for tasks to queue
[2026-05-09T06:53:04.856+0000] {logging_mixin.py:188} INFO - [2026-05-09T06:53:04.855+0000] {dagbag.py:545} INFO - Filling up the DagBag from /home/airflow/.local/lib/python3.12/site-packages/airflow/example_dags/plugins/event_listener.py
[2026-05-09T06:53:04.859+0000] {processor.py:842} WARNING - No viable dags retrieved from /home/airflow/.local/lib/python3.12/site-packages/airflow/example_dags/plugins/event_listener.py
[2026-05-09T06:53:04.877+0000] {processor.py:183} INFO - Processing /home/airflow/.local/lib/python3.12/site-packages/airflow/example_dags/plugins/event_listener.py took 0.034 seconds
[2026-05-09T06:53:35.357+0000] {processor.py:161} INFO - Started process (PID=13746) to work on /home/airflow/.local/lib/python3.12/site-packages/airflow/example_dags/plugins/event_listener.py
[2026-05-09T06:53:35.360+0000] {processor.py:830} INFO - Processing file /home/airflow/.local/lib/python3.12/site-packages/airflow/example_dags/plugins/event_listener.py for tasks to queue
[2026-05-09T06:53:35.372+0000] {logging_mixin.py:188} INFO - [2026-05-09T06:53:35.372+0000] {dagbag.py:545} INFO - Filling up the DagBag from /home/airflow/.local/lib/python3.12/site-packages/airflow/example_dags/plugins/event_listener.py
[2026-05-09T06:53:35.377+0000] {processor.py:842} WARNING - No viable dags retrieved from /home/airflow/.local/lib/python3.12/site-packages/airflow/example_dags/plugins/event_listener.py
[2026-05-09T06:53:35.403+0000] {processor.py:183} INFO - Processing /home/airflow/.local/lib/python3.12/site-packages/airflow/example_dags/plugins/event_listener.py took 0.054 seconds
[2026-05-09T06:54:05.994+0000] {processor.py:161} INFO - Started process (PID=13806) to work on /home/airflow/.local/lib/python3.12/site-packages/airflow/example_dags/plugins/event_listener.py
[2026-05-09T06:54:05.995+0000] {processor.py:830} INFO - Processing file /home/airflow/.local/lib/python3.12/site-packages/airflow/example_dags/plugins/event_listener.py for tasks to queue
[2026-05-09T06:54:05.999+0000] {logging_mixin.py:188} INFO - [2026-05-09T06:54:05.998+0000] {dagbag.py:545} INFO - Filling up the DagBag from /home/airflow/.local/lib/python3.12/site-packages/airflow/example_dags/plugins/event_listener.py
[2026-05-09T06:54:06.002+0000] {processor.py:842} WARNING - No viable dags retrieved from /home/airflow/.local/lib/python3.12/site-packages/airflow/example_dags/plugins/event_listener.py
[2026-05-09T06:54:06.023+0000] {processor.py:183} INFO - Processing /home/airflow/.local/lib/python3.12/site-packages/airflow/example_dags/plugins/event_listener.py took 0.037 seconds
[2026-05-09T06:54:36.775+0000] {processor.py:161} INFO - Started process (PID=13866) to work on /home/airflow/.local/lib/python3.12/site-packages/airflow/example_dags/plugins/event_listener.py
[2026-05-09T06:54:36.778+0000] {processor.py:830} INFO - Processing file /home/airflow/.local/lib/python3.12/site-packages/airflow/example_dags/plugins/event_listener.py for tasks to queue
[2026-05-09T06:54:36.782+0000] {logging_mixin.py:188} INFO - [2026-05-09T06:54:36.781+0000] {dagbag.py:545} INFO - Filling up the DagBag from /home/airflow/.local/lib/python3.12/site-packages/airflow/example_dags/plugins/event_listener.py
[2026-05-09T06:54:36.789+0000] {processor.py:842} WARNING - No viable dags retrieved from /home/airflow/.local/lib/python3.12/site-packages/airflow/example_dags/plugins/event_listener.py
[2026-05-09T06:54:36.820+0000] {processor.py:183} INFO - Processing /home/airflow/.local/lib/python3.12/site-packages/airflow/example_dags/plugins/event_listener.py took 0.064 seconds
[2026-05-09T06:55:07.137+0000] {processor.py:161} INFO - Started process (PID=13926) to work on /home/airflow/.local/lib/python3.12/site-packages/airflow/example_dags/plugins/event_listener.py
[2026-05-09T06:55:07.141+0000] {processor.py:830} INFO - Processing file /home/airflow/.local/lib/python3.12/site-packages/airflow/example_dags/plugins/event_listener.py for tasks to queue
[2026-05-09T06:55:07.145+0000] {logging_mixin.py:188} INFO - [2026-05-09T06:55:07.144+0000] {dagbag.py:545} INFO - Filling up the DagBag from /home/airflow/.local/lib/python3.12/site-packages/airflow/example_dags/plugins/event_listener.py
[2026-05-09T06:55:07.149+0000] {processor.py:842} WARNING - No viable dags retrieved from /home/airflow/.local/lib/python3.12/site-packages/airflow/example_dags/plugins/event_listener.py
[2026-05-09T06:55:07.172+0000] {processor.py:183} INFO - Processing /home/airflow/.local/lib/python3.12/site-packages/airflow/example_dags/plugins/event_listener.py took 0.045 seconds
[2026-05-09T06:55:37.429+0000] {processor.py:161} INFO - Started process (PID=13986) to work on /home/airflow/.local/lib/python3.12/site-packages/airflow/example_dags/plugins/event_listener.py
[2026-05-09T06:55:37.431+0000] {processor.py:830} INFO - Processing file /home/airflow/.local/lib/python3.12/site-packages/airflow/example_dags/plugins/event_listener.py for tasks to queue
[2026-05-09T06:55:37.435+0000] {logging_mixin.py:188} INFO - [2026-05-09T06:55:37.434+0000] {dagbag.py:545} INFO - Filling up the DagBag from /home/airflow/.local/lib/python3.12/site-packages/airflow/example_dags/plugins/event_listener.py
[2026-05-09T06:55:37.439+0000] {processor.py:842} WARNING - No viable dags retrieved from /home/airflow/.local/lib/python3.12/site-packages/airflow/example_dags/plugins/event_listener.py
[2026-05-09T06:55:37.464+0000] {processor.py:183} INFO - Processing /home/airflow/.local/lib/python3.12/site-packages/airflow/example_dags/plugins/event_listener.py took 0.046 seconds
[2026-05-09T06:56:07.959+0000] {processor.py:161} INFO - Started process (PID=14047) to work on /home/airflow/.local/lib/python3.12/site-packages/airflow/example_dags/plugins/event_listener.py
[2026-05-09T06:56:07.962+0000] {processor.py:830} INFO - Processing file /home/airflow/.local/lib/python3.12/site-packages/airflow/example_dags/plugins/event_listener.py for tasks to queue
[2026-05-09T06:56:07.967+0000] {logging_mixin.py:188} INFO - [2026-05-09T06:56:07.966+0000] {dagbag.py:545} INFO - Filling up the DagBag from /home/airflow/.local/lib/python3.12/site-packages/airflow/example_dags/plugins/event_listener.py
[2026-05-09T06:56:07.970+0000] {processor.py:842} WARNING - No viable dags retrieved from /home/airflow/.local/lib/python3.12/site-packages/airflow/example_dags/plugins/event_listener.py
[2026-05-09T06:56:07.988+0000] {processor.py:183} INFO - Processing /home/airflow/.local/lib/python3.12/site-packages/airflow/example_dags/plugins/event_listener.py took 0.038 seconds
[2026-05-09T06:56:38.264+0000] {processor.py:161} INFO - Started process (PID=14107) to work on /home/airflow/.local/lib/python3.12/site-packages/airflow/example_dags/plugins/event_listener.py
[2026-05-09T06:56:38.267+0000] {processor.py:830} INFO - Processing file /home/airflow/.local/lib/python3.12/site-packages/airflow/example_dags/plugins/event_listener.py for tasks to queue
[2026-05-09T06:56:38.272+0000] {logging_mixin.py:188} INFO - [2026-05-09T06:56:38.272+0000] {dagbag.py:545} INFO - Filling up the DagBag from /home/airflow/.local/lib/python3.12/site-packages/airflow/example_dags/plugins/event_listener.py
[2026-05-09T06:56:38.279+0000] {processor.py:842} WARNING - No viable dags retrieved from /home/airflow/.local/lib/python3.12/site-packages/airflow/example_dags/plugins/event_listener.py
[2026-05-09T06:56:38.313+0000] {processor.py:183} INFO - Processing /home/airflow/.local/lib/python3.12/site-packages/airflow/example_dags/plugins/event_listener.py took 0.059 seconds
[2026-05-09T07:43:34.253+0000] {processor.py:161} INFO - Started process (PID=14168) to work on /home/airflow/.local/lib/python3.12/site-packages/airflow/example_dags/plugins/event_listener.py
[2026-05-09T07:43:34.281+0000] {processor.py:830} INFO - Processing file /home/airflow/.local/lib/python3.12/site-packages/airflow/example_dags/plugins/event_listener.py for tasks to queue
[2026-05-09T07:43:34.342+0000] {logging_mixin.py:188} INFO - [2026-05-09T07:43:34.341+0000] {dagbag.py:545} INFO - Filling up the DagBag from /home/airflow/.local/lib/python3.12/site-packages/airflow/example_dags/plugins/event_listener.py
[2026-05-09T07:43:34.369+0000] {processor.py:842} WARNING - No viable dags retrieved from /home/airflow/.local/lib/python3.12/site-packages/airflow/example_dags/plugins/event_listener.py
[2026-05-09T07:43:34.428+0000] {processor.py:183} INFO - Processing /home/airflow/.local/lib/python3.12/site-packages/airflow/example_dags/plugins/event_listener.py took 0.180 seconds
[2026-05-09T07:44:04.586+0000] {processor.py:161} INFO - Started process (PID=14228) to work on /home/airflow/.local/lib/python3.12/site-packages/airflow/example_dags/plugins/event_listener.py
[2026-05-09T07:44:04.587+0000] {processor.py:830} INFO - Processing file /home/airflow/.local/lib/python3.12/site-packages/airflow/example_dags/plugins/event_listener.py for tasks to queue
[2026-05-09T07:44:04.588+0000] {logging_mixin.py:188} INFO - [2026-05-09T07:44:04.588+0000] {dagbag.py:545} INFO - Filling up the DagBag from /home/airflow/.local/lib/python3.12/site-packages/airflow/example_dags/plugins/event_listener.py
[2026-05-09T07:44:04.590+0000] {processor.py:842} WARNING - No viable dags retrieved from /home/airflow/.local/lib/python3.12/site-packages/airflow/example_dags/plugins/event_listener.py
[2026-05-09T07:44:04.603+0000] {processor.py:183} INFO - Processing /home/airflow/.local/lib/python3.12/site-packages/airflow/example_dags/plugins/event_listener.py took 0.022 seconds
[2026-05-09T07:44:34.824+0000] {processor.py:161} INFO - Started process (PID=14288) to work on /home/airflow/.local/lib/python3.12/site-packages/airflow/example_dags/plugins/event_listener.py
[2026-05-09T07:44:34.827+0000] {processor.py:830} INFO - Processing file /home/airflow/.local/lib/python3.12/site-packages/airflow/example_dags/plugins/event_listener.py for tasks to queue
[2026-05-09T07:44:34.830+0000] {logging_mixin.py:188} INFO - [2026-05-09T07:44:34.829+0000] {dagbag.py:545} INFO - Filling up the DagBag from /home/airflow/.local/lib/python3.12/site-packages/airflow/example_dags/plugins/event_listener.py
[2026-05-09T07:44:34.832+0000] {processor.py:842} WARNING - No viable dags retrieved from /home/airflow/.local/lib/python3.12/site-packages/airflow/example_dags/plugins/event_listener.py
[2026-05-09T07:44:34.844+0000] {processor.py:183} INFO - Processing /home/airflow/.local/lib/python3.12/site-packages/airflow/example_dags/plugins/event_listener.py took 0.025 seconds
[2026-05-09T07:45:05.180+0000] {processor.py:161} INFO - Started process (PID=14348) to work on /home/airflow/.local/lib/python3.12/site-packages/airflow/example_dags/plugins/event_listener.py
[2026-05-09T07:45:05.182+0000] {processor.py:830} INFO - Processing file /home/airflow/.local/lib/python3.12/site-packages/airflow/example_dags/plugins/event_listener.py for tasks to queue
[2026-05-09T07:45:05.184+0000] {logging_mixin.py:188} INFO - [2026-05-09T07:45:05.184+0000] {dagbag.py:545} INFO - Filling up the DagBag from /home/airflow/.local/lib/python3.12/site-packages/airflow/example_dags/plugins/event_listener.py
[2026-05-09T07:45:05.186+0000] {processor.py:842} WARNING - No viable dags retrieved from /home/airflow/.local/lib/python3.12/site-packages/airflow/example_dags/plugins/event_listener.py
[2026-05-09T07:45:05.197+0000] {processor.py:183} INFO - Processing /home/airflow/.local/lib/python3.12/site-packages/airflow/example_dags/plugins/event_listener.py took 0.021 seconds
[2026-05-09T07:45:35.351+0000] {processor.py:161} INFO - Started process (PID=14408) to work on /home/airflow/.local/lib/python3.12/site-packages/airflow/example_dags/plugins/event_listener.py
[2026-05-09T07:45:35.353+0000] {processor.py:830} INFO - Processing file /home/airflow/.local/lib/python3.12/site-packages/airflow/example_dags/plugins/event_listener.py for tasks to queue
[2026-05-09T07:45:35.355+0000] {logging_mixin.py:188} INFO - [2026-05-09T07:45:35.354+0000] {dagbag.py:545} INFO - Filling up the DagBag from /home/airflow/.local/lib/python3.12/site-packages/airflow/example_dags/plugins/event_listener.py
[2026-05-09T07:45:35.357+0000] {processor.py:842} WARNING - No viable dags retrieved from /home/airflow/.local/lib/python3.12/site-packages/airflow/example_dags/plugins/event_listener.py
[2026-05-09T07:45:35.367+0000] {processor.py:183} INFO - Processing /home/airflow/.local/lib/python3.12/site-packages/airflow/example_dags/plugins/event_listener.py took 0.021 seconds
[2026-05-09T07:46:05.643+0000] {processor.py:161} INFO - Started process (PID=14468) to work on /home/airflow/.local/lib/python3.12/site-packages/airflow/example_dags/plugins/event_listener.py
[2026-05-09T07:46:05.644+0000] {processor.py:830} INFO - Processing file /home/airflow/.local/lib/python3.12/site-packages/airflow/example_dags/plugins/event_listener.py for tasks to queue
[2026-05-09T07:46:05.646+0000] {logging_mixin.py:188} INFO - [2026-05-09T07:46:05.646+0000] {dagbag.py:545} INFO - Filling up the DagBag from /home/airflow/.local/lib/python3.12/site-packages/airflow/example_dags/plugins/event_listener.py
[2026-05-09T07:46:05.648+0000] {processor.py:842} WARNING - No viable dags retrieved from /home/airflow/.local/lib/python3.12/site-packages/airflow/example_dags/plugins/event_listener.py
[2026-05-09T07:46:05.661+0000] {processor.py:183} INFO - Processing /home/airflow/.local/lib/python3.12/site-packages/airflow/example_dags/plugins/event_listener.py took 0.023 seconds
[2026-05-09T07:46:36.088+0000] {processor.py:161} INFO - Started process (PID=14528) to work on /home/airflow/.local/lib/python3.12/site-packages/airflow/example_dags/plugins/event_listener.py
[2026-05-09T07:46:36.090+0000] {processor.py:830} INFO - Processing file /home/airflow/.local/lib/python3.12/site-packages/airflow/example_dags/plugins/event_listener.py for tasks to queue
[2026-05-09T07:46:36.092+0000] {logging_mixin.py:188} INFO - [2026-05-09T07:46:36.092+0000] {dagbag.py:545} INFO - Filling up the DagBag from /home/airflow/.local/lib/python3.12/site-packages/airflow/example_dags/plugins/event_listener.py
[2026-05-09T07:46:36.094+0000] {processor.py:842} WARNING - No viable dags retrieved from /home/airflow/.local/lib/python3.12/site-packages/airflow/example_dags/plugins/event_listener.py
[2026-05-09T07:46:36.106+0000] {processor.py:183} INFO - Processing /home/airflow/.local/lib/python3.12/site-packages/airflow/example_dags/plugins/event_listener.py took 0.023 seconds
[2026-05-09T07:47:06.466+0000] {processor.py:161} INFO - Started process (PID=14588) to work on /home/airflow/.local/lib/python3.12/site-packages/airflow/example_dags/plugins/event_listener.py
[2026-05-09T07:47:06.469+0000] {processor.py:830} INFO - Processing file /home/airflow/.local/lib/python3.12/site-packages/airflow/example_dags/plugins/event_listener.py for tasks to queue
[2026-05-09T07:47:06.472+0000] {logging_mixin.py:188} INFO - [2026-05-09T07:47:06.472+0000] {dagbag.py:545} INFO - Filling up the DagBag from /home/airflow/.local/lib/python3.12/site-packages/airflow/example_dags/plugins/event_listener.py
[2026-05-09T07:47:06.476+0000] {processor.py:842} WARNING - No viable dags retrieved from /home/airflow/.local/lib/python3.12/site-packages/airflow/example_dags/plugins/event_listener.py
[2026-05-09T07:47:06.489+0000] {processor.py:183} INFO - Processing /home/airflow/.local/lib/python3.12/site-packages/airflow/example_dags/plugins/event_listener.py took 0.028 seconds
[2026-05-09T07:47:36.959+0000] {processor.py:161} INFO - Started process (PID=14648) to work on /home/airflow/.local/lib/python3.12/site-packages/airflow/example_dags/plugins/event_listener.py
[2026-05-09T07:47:36.961+0000] {processor.py:830} INFO - Processing file /home/airflow/.local/lib/python3.12/site-packages/airflow/example_dags/plugins/event_listener.py for tasks to queue
[2026-05-09T07:47:36.963+0000] {logging_mixin.py:188} INFO - [2026-05-09T07:47:36.962+0000] {dagbag.py:545} INFO - Filling up the DagBag from /home/airflow/.local/lib/python3.12/site-packages/airflow/example_dags/plugins/event_listener.py
[2026-05-09T07:47:36.965+0000] {processor.py:842} WARNING - No viable dags retrieved from /home/airflow/.local/lib/python3.12/site-packages/airflow/example_dags/plugins/event_listener.py
[2026-05-09T07:47:36.976+0000] {processor.py:183} INFO - Processing /home/airflow/.local/lib/python3.12/site-packages/airflow/example_dags/plugins/event_listener.py took 0.022 seconds
[2026-05-09T07:48:07.486+0000] {processor.py:161} INFO - Started process (PID=14708) to work on /home/airflow/.local/lib/python3.12/site-packages/airflow/example_dags/plugins/event_listener.py
[2026-05-09T07:48:07.489+0000] {processor.py:830} INFO - Processing file /home/airflow/.local/lib/python3.12/site-packages/airflow/example_dags/plugins/event_listener.py for tasks to queue
[2026-05-09T07:48:07.491+0000] {logging_mixin.py:188} INFO - [2026-05-09T07:48:07.491+0000] {dagbag.py:545} INFO - Filling up the DagBag from /home/airflow/.local/lib/python3.12/site-packages/airflow/example_dags/plugins/event_listener.py
[2026-05-09T07:48:07.494+0000] {processor.py:842} WARNING - No viable dags retrieved from /home/airflow/.local/lib/python3.12/site-packages/airflow/example_dags/plugins/event_listener.py
[2026-05-09T07:48:07.507+0000] {processor.py:183} INFO - Processing /home/airflow/.local/lib/python3.12/site-packages/airflow/example_dags/plugins/event_listener.py took 0.026 seconds
[2026-05-09T07:48:38.095+0000] {processor.py:161} INFO - Started process (PID=14768) to work on /home/airflow/.local/lib/python3.12/site-packages/airflow/example_dags/plugins/event_listener.py
[2026-05-09T07:48:38.096+0000] {processor.py:830} INFO - Processing file /home/airflow/.local/lib/python3.12/site-packages/airflow/example_dags/plugins/event_listener.py for tasks to queue
[2026-05-09T07:48:38.098+0000] {logging_mixin.py:188} INFO - [2026-05-09T07:48:38.097+0000] {dagbag.py:545} INFO - Filling up the DagBag from /home/airflow/.local/lib/python3.12/site-packages/airflow/example_dags/plugins/event_listener.py
[2026-05-09T07:48:38.100+0000] {processor.py:842} WARNING - No viable dags retrieved from /home/airflow/.local/lib/python3.12/site-packages/airflow/example_dags/plugins/event_listener.py
[2026-05-09T07:48:38.110+0000] {processor.py:183} INFO - Processing /home/airflow/.local/lib/python3.12/site-packages/airflow/example_dags/plugins/event_listener.py took 0.020 seconds
[2026-05-09T07:49:08.317+0000] {processor.py:161} INFO - Started process (PID=14828) to work on /home/airflow/.local/lib/python3.12/site-packages/airflow/example_dags/plugins/event_listener.py
[2026-05-09T07:49:08.318+0000] {processor.py:830} INFO - Processing file /home/airflow/.local/lib/python3.12/site-packages/airflow/example_dags/plugins/event_listener.py for tasks to queue
[2026-05-09T07:49:08.320+0000] {logging_mixin.py:188} INFO - [2026-05-09T07:49:08.320+0000] {dagbag.py:545} INFO - Filling up the DagBag from /home/airflow/.local/lib/python3.12/site-packages/airflow/example_dags/plugins/event_listener.py
[2026-05-09T07:49:08.322+0000] {processor.py:842} WARNING - No viable dags retrieved from /home/airflow/.local/lib/python3.12/site-packages/airflow/example_dags/plugins/event_listener.py
[2026-05-09T07:49:08.335+0000] {processor.py:183} INFO - Processing /home/airflow/.local/lib/python3.12/site-packages/airflow/example_dags/plugins/event_listener.py took 0.022 seconds
[2026-05-09T07:49:38.419+0000] {processor.py:161} INFO - Started process (PID=14888) to work on /home/airflow/.local/lib/python3.12/site-packages/airflow/example_dags/plugins/event_listener.py
[2026-05-09T07:49:38.420+0000] {processor.py:830} INFO - Processing file /home/airflow/.local/lib/python3.12/site-packages/airflow/example_dags/plugins/event_listener.py for tasks to queue
[2026-05-09T07:49:38.423+0000] {logging_mixin.py:188} INFO - [2026-05-09T07:49:38.423+0000] {dagbag.py:545} INFO - Filling up the DagBag from /home/airflow/.local/lib/python3.12/site-packages/airflow/example_dags/plugins/event_listener.py
[2026-05-09T07:49:38.425+0000] {processor.py:842} WARNING - No viable dags retrieved from /home/airflow/.local/lib/python3.12/site-packages/airflow/example_dags/plugins/event_listener.py
[2026-05-09T07:49:38.436+0000] {processor.py:183} INFO - Processing /home/airflow/.local/lib/python3.12/site-packages/airflow/example_dags/plugins/event_listener.py took 0.022 seconds
[2026-05-09T07:50:08.592+0000] {processor.py:161} INFO - Started process (PID=14948) to work on /home/airflow/.local/lib/python3.12/site-packages/airflow/example_dags/plugins/event_listener.py
[2026-05-09T07:50:08.593+0000] {processor.py:830} INFO - Processing file /home/airflow/.local/lib/python3.12/site-packages/airflow/example_dags/plugins/event_listener.py for tasks to queue
[2026-05-09T07:50:08.595+0000] {logging_mixin.py:188} INFO - [2026-05-09T07:50:08.595+0000] {dagbag.py:545} INFO - Filling up the DagBag from /home/airflow/.local/lib/python3.12/site-packages/airflow/example_dags/plugins/event_listener.py
[2026-05-09T07:50:08.597+0000] {processor.py:842} WARNING - No viable dags retrieved from /home/airflow/.local/lib/python3.12/site-packages/airflow/example_dags/plugins/event_listener.py
[2026-05-09T07:50:08.608+0000] {processor.py:183} INFO - Processing /home/airflow/.local/lib/python3.12/site-packages/airflow/example_dags/plugins/event_listener.py took 0.022 seconds
[2026-05-09T07:50:38.693+0000] {processor.py:161} INFO - Started process (PID=15008) to work on /home/airflow/.local/lib/python3.12/site-packages/airflow/example_dags/plugins/event_listener.py
[2026-05-09T07:50:38.694+0000] {processor.py:830} INFO - Processing file /home/airflow/.local/lib/python3.12/site-packages/airflow/example_dags/plugins/event_listener.py for tasks to queue
[2026-05-09T07:50:38.696+0000] {logging_mixin.py:188} INFO - [2026-05-09T07:50:38.696+0000] {dagbag.py:545} INFO - Filling up the DagBag from /home/airflow/.local/lib/python3.12/site-packages/airflow/example_dags/plugins/event_listener.py
[2026-05-09T07:50:38.698+0000] {processor.py:842} WARNING - No viable dags retrieved from /home/airflow/.local/lib/python3.12/site-packages/airflow/example_dags/plugins/event_listener.py
[2026-05-09T07:50:38.711+0000] {processor.py:183} INFO - Processing /home/airflow/.local/lib/python3.12/site-packages/airflow/example_dags/plugins/event_listener.py took 0.022 seconds
[2026-05-09T07:51:09.264+0000] {processor.py:161} INFO - Started process (PID=15068) to work on /home/airflow/.local/lib/python3.12/site-packages/airflow/example_dags/plugins/event_listener.py
[2026-05-09T07:51:09.265+0000] {processor.py:830} INFO - Processing file /home/airflow/.local/lib/python3.12/site-packages/airflow/example_dags/plugins/event_listener.py for tasks to queue
[2026-05-09T07:51:09.267+0000] {logging_mixin.py:188} INFO - [2026-05-09T07:51:09.267+0000] {dagbag.py:545} INFO - Filling up the DagBag from /home/airflow/.local/lib/python3.12/site-packages/airflow/example_dags/plugins/event_listener.py
[2026-05-09T07:51:09.271+0000] {processor.py:842} WARNING - No viable dags retrieved from /home/airflow/.local/lib/python3.12/site-packages/airflow/example_dags/plugins/event_listener.py
[2026-05-09T07:51:09.284+0000] {processor.py:183} INFO - Processing /home/airflow/.local/lib/python3.12/site-packages/airflow/example_dags/plugins/event_listener.py took 0.025 seconds
[2026-05-09T07:51:39.356+0000] {processor.py:161} INFO - Started process (PID=15127) to work on /home/airflow/.local/lib/python3.12/site-packages/airflow/example_dags/plugins/event_listener.py
[2026-05-09T07:51:39.358+0000] {processor.py:830} INFO - Processing file /home/airflow/.local/lib/python3.12/site-packages/airflow/example_dags/plugins/event_listener.py for tasks to queue
[2026-05-09T07:51:39.360+0000] {logging_mixin.py:188} INFO - [2026-05-09T07:51:39.360+0000] {dagbag.py:545} INFO - Filling up the DagBag from /home/airflow/.local/lib/python3.12/site-packages/airflow/example_dags/plugins/event_listener.py
[2026-05-09T07:51:39.363+0000] {processor.py:842} WARNING - No viable dags retrieved from /home/airflow/.local/lib/python3.12/site-packages/airflow/example_dags/plugins/event_listener.py
[2026-05-09T07:51:39.376+0000] {processor.py:183} INFO - Processing /home/airflow/.local/lib/python3.12/site-packages/airflow/example_dags/plugins/event_listener.py took 0.026 seconds
[2026-05-09T07:52:09.937+0000] {processor.py:161} INFO - Started process (PID=15188) to work on /home/airflow/.local/lib/python3.12/site-packages/airflow/example_dags/plugins/event_listener.py
[2026-05-09T07:52:09.938+0000] {processor.py:830} INFO - Processing file /home/airflow/.local/lib/python3.12/site-packages/airflow/example_dags/plugins/event_listener.py for tasks to queue
[2026-05-09T07:52:09.940+0000] {logging_mixin.py:188} INFO - [2026-05-09T07:52:09.940+0000] {dagbag.py:545} INFO - Filling up the DagBag from /home/airflow/.local/lib/python3.12/site-packages/airflow/example_dags/plugins/event_listener.py
[2026-05-09T07:52:09.942+0000] {processor.py:842} WARNING - No viable dags retrieved from /home/airflow/.local/lib/python3.12/site-packages/airflow/example_dags/plugins/event_listener.py
[2026-05-09T07:52:09.954+0000] {processor.py:183} INFO - Processing /home/airflow/.local/lib/python3.12/site-packages/airflow/example_dags/plugins/event_listener.py took 0.022 seconds
[2026-05-09T07:52:40.354+0000] {processor.py:161} INFO - Started process (PID=15248) to work on /home/airflow/.local/lib/python3.12/site-packages/airflow/example_dags/plugins/event_listener.py
[2026-05-09T07:52:40.356+0000] {processor.py:830} INFO - Processing file /home/airflow/.local/lib/python3.12/site-packages/airflow/example_dags/plugins/event_listener.py for tasks to queue
[2026-05-09T07:52:40.358+0000] {logging_mixin.py:188} INFO - [2026-05-09T07:52:40.357+0000] {dagbag.py:545} INFO - Filling up the DagBag from /home/airflow/.local/lib/python3.12/site-packages/airflow/example_dags/plugins/event_listener.py
[2026-05-09T07:52:40.360+0000] {processor.py:842} WARNING - No viable dags retrieved from /home/airflow/.local/lib/python3.12/site-packages/airflow/example_dags/plugins/event_listener.py
[2026-05-09T07:52:40.373+0000] {processor.py:183} INFO - Processing /home/airflow/.local/lib/python3.12/site-packages/airflow/example_dags/plugins/event_listener.py took 0.023 seconds
[2026-05-09T07:53:10.808+0000] {processor.py:161} INFO - Started process (PID=15307) to work on /home/airflow/.local/lib/python3.12/site-packages/airflow/example_dags/plugins/event_listener.py
[2026-05-09T07:53:10.809+0000] {processor.py:830} INFO - Processing file /home/airflow/.local/lib/python3.12/site-packages/airflow/example_dags/plugins/event_listener.py for tasks to queue
[2026-05-09T07:53:10.810+0000] {logging_mixin.py:188} INFO - [2026-05-09T07:53:10.810+0000] {dagbag.py:545} INFO - Filling up the DagBag from /home/airflow/.local/lib/python3.12/site-packages/airflow/example_dags/plugins/event_listener.py
[2026-05-09T07:53:10.812+0000] {processor.py:842} WARNING - No viable dags retrieved from /home/airflow/.local/lib/python3.12/site-packages/airflow/example_dags/plugins/event_listener.py
[2026-05-09T07:53:10.823+0000] {processor.py:183} INFO - Processing /home/airflow/.local/lib/python3.12/site-packages/airflow/example_dags/plugins/event_listener.py took 0.022 seconds
[2026-05-09T07:53:41.183+0000] {processor.py:161} INFO - Started process (PID=15367) to work on /home/airflow/.local/lib/python3.12/site-packages/airflow/example_dags/plugins/event_listener.py
[2026-05-09T07:53:41.184+0000] {processor.py:830} INFO - Processing file /home/airflow/.local/lib/python3.12/site-packages/airflow/example_dags/plugins/event_listener.py for tasks to queue
[2026-05-09T07:53:41.186+0000] {logging_mixin.py:188} INFO - [2026-05-09T07:53:41.186+0000] {dagbag.py:545} INFO - Filling up the DagBag from /home/airflow/.local/lib/python3.12/site-packages/airflow/example_dags/plugins/event_listener.py
[2026-05-09T07:53:41.188+0000] {processor.py:842} WARNING - No viable dags retrieved from /home/airflow/.local/lib/python3.12/site-packages/airflow/example_dags/plugins/event_listener.py
[2026-05-09T07:53:41.200+0000] {processor.py:183} INFO - Processing /home/airflow/.local/lib/python3.12/site-packages/airflow/example_dags/plugins/event_listener.py took 0.023 seconds
[2026-05-09T07:54:11.347+0000] {processor.py:161} INFO - Started process (PID=15427) to work on /home/airflow/.local/lib/python3.12/site-packages/airflow/example_dags/plugins/event_listener.py
[2026-05-09T07:54:11.348+0000] {processor.py:830} INFO - Processing file /home/airflow/.local/lib/python3.12/site-packages/airflow/example_dags/plugins/event_listener.py for tasks to queue
[2026-05-09T07:54:11.350+0000] {logging_mixin.py:188} INFO - [2026-05-09T07:54:11.350+0000] {dagbag.py:545} INFO - Filling up the DagBag from /home/airflow/.local/lib/python3.12/site-packages/airflow/example_dags/plugins/event_listener.py
[2026-05-09T07:54:11.352+0000] {processor.py:842} WARNING - No viable dags retrieved from /home/airflow/.local/lib/python3.12/site-packages/airflow/example_dags/plugins/event_listener.py
[2026-05-09T07:54:11.362+0000] {processor.py:183} INFO - Processing /home/airflow/.local/lib/python3.12/site-packages/airflow/example_dags/plugins/event_listener.py took 0.019 seconds
[2026-05-09T07:54:41.557+0000] {processor.py:161} INFO - Started process (PID=15487) to work on /home/airflow/.local/lib/python3.12/site-packages/airflow/example_dags/plugins/event_listener.py
[2026-05-09T07:54:41.558+0000] {processor.py:830} INFO - Processing file /home/airflow/.local/lib/python3.12/site-packages/airflow/example_dags/plugins/event_listener.py for tasks to queue
[2026-05-09T07:54:41.560+0000] {logging_mixin.py:188} INFO - [2026-05-09T07:54:41.560+0000] {dagbag.py:545} INFO - Filling up the DagBag from /home/airflow/.local/lib/python3.12/site-packages/airflow/example_dags/plugins/event_listener.py
[2026-05-09T07:54:41.562+0000] {processor.py:842} WARNING - No viable dags retrieved from /home/airflow/.local/lib/python3.12/site-packages/airflow/example_dags/plugins/event_listener.py
[2026-05-09T07:54:41.573+0000] {processor.py:183} INFO - Processing /home/airflow/.local/lib/python3.12/site-packages/airflow/example_dags/plugins/event_listener.py took 0.020 seconds
[2026-05-09T07:55:11.764+0000] {processor.py:161} INFO - Started process (PID=15547) to work on /home/airflow/.local/lib/python3.12/site-packages/airflow/example_dags/plugins/event_listener.py
[2026-05-09T07:55:11.765+0000] {processor.py:830} INFO - Processing file /home/airflow/.local/lib/python3.12/site-packages/airflow/example_dags/plugins/event_listener.py for tasks to queue
[2026-05-09T07:55:11.766+0000] {logging_mixin.py:188} INFO - [2026-05-09T07:55:11.766+0000] {dagbag.py:545} INFO - Filling up the DagBag from /home/airflow/.local/lib/python3.12/site-packages/airflow/example_dags/plugins/event_listener.py
[2026-05-09T07:55:11.768+0000] {processor.py:842} WARNING - No viable dags retrieved from /home/airflow/.local/lib/python3.12/site-packages/airflow/example_dags/plugins/event_listener.py
[2026-05-09T07:55:11.780+0000] {processor.py:183} INFO - Processing /home/airflow/.local/lib/python3.12/site-packages/airflow/example_dags/plugins/event_listener.py took 0.021 seconds
[2026-05-09T07:55:42.183+0000] {processor.py:161} INFO - Started process (PID=15607) to work on /home/airflow/.local/lib/python3.12/site-packages/airflow/example_dags/plugins/event_listener.py
[2026-05-09T07:55:42.185+0000] {processor.py:830} INFO - Processing file /home/airflow/.local/lib/python3.12/site-packages/airflow/example_dags/plugins/event_listener.py for tasks to queue
[2026-05-09T07:55:42.187+0000] {logging_mixin.py:188} INFO - [2026-05-09T07:55:42.186+0000] {dagbag.py:545} INFO - Filling up the DagBag from /home/airflow/.local/lib/python3.12/site-packages/airflow/example_dags/plugins/event_listener.py
[2026-05-09T07:55:42.189+0000] {processor.py:842} WARNING - No viable dags retrieved from /home/airflow/.local/lib/python3.12/site-packages/airflow/example_dags/plugins/event_listener.py
[2026-05-09T07:55:42.200+0000] {processor.py:183} INFO - Processing /home/airflow/.local/lib/python3.12/site-packages/airflow/example_dags/plugins/event_listener.py took 0.021 seconds
[2026-05-09T07:56:12.311+0000] {processor.py:161} INFO - Started process (PID=15667) to work on /home/airflow/.local/lib/python3.12/site-packages/airflow/example_dags/plugins/event_listener.py
[2026-05-09T07:56:12.312+0000] {processor.py:830} INFO - Processing file /home/airflow/.local/lib/python3.12/site-packages/airflow/example_dags/plugins/event_listener.py for tasks to queue
[2026-05-09T07:56:12.314+0000] {logging_mixin.py:188} INFO - [2026-05-09T07:56:12.314+0000] {dagbag.py:545} INFO - Filling up the DagBag from /home/airflow/.local/lib/python3.12/site-packages/airflow/example_dags/plugins/event_listener.py
[2026-05-09T07:56:12.316+0000] {processor.py:842} WARNING - No viable dags retrieved from /home/airflow/.local/lib/python3.12/site-packages/airflow/example_dags/plugins/event_listener.py
[2026-05-09T07:56:12.327+0000] {processor.py:183} INFO - Processing /home/airflow/.local/lib/python3.12/site-packages/airflow/example_dags/plugins/event_listener.py took 0.021 seconds
[2026-05-09T07:56:42.392+0000] {processor.py:161} INFO - Started process (PID=15726) to work on /home/airflow/.local/lib/python3.12/site-packages/airflow/example_dags/plugins/event_listener.py
[2026-05-09T07:56:42.394+0000] {processor.py:830} INFO - Processing file /home/airflow/.local/lib/python3.12/site-packages/airflow/example_dags/plugins/event_listener.py for tasks to queue
[2026-05-09T07:56:42.398+0000] {logging_mixin.py:188} INFO - [2026-05-09T07:56:42.397+0000] {dagbag.py:545} INFO - Filling up the DagBag from /home/airflow/.local/lib/python3.12/site-packages/airflow/example_dags/plugins/event_listener.py
[2026-05-09T07:56:42.401+0000] {processor.py:842} WARNING - No viable dags retrieved from /home/airflow/.local/lib/python3.12/site-packages/airflow/example_dags/plugins/event_listener.py
[2026-05-09T07:56:42.419+0000] {processor.py:183} INFO - Processing /home/airflow/.local/lib/python3.12/site-packages/airflow/example_dags/plugins/event_listener.py took 0.035 seconds
[2026-05-09T07:57:12.511+0000] {processor.py:161} INFO - Started process (PID=15786) to work on /home/airflow/.local/lib/python3.12/site-packages/airflow/example_dags/plugins/event_listener.py
[2026-05-09T07:57:12.512+0000] {processor.py:830} INFO - Processing file /home/airflow/.local/lib/python3.12/site-packages/airflow/example_dags/plugins/event_listener.py for tasks to queue
[2026-05-09T07:57:12.514+0000] {logging_mixin.py:188} INFO - [2026-05-09T07:57:12.514+0000] {dagbag.py:545} INFO - Filling up the DagBag from /home/airflow/.local/lib/python3.12/site-packages/airflow/example_dags/plugins/event_listener.py
[2026-05-09T07:57:12.516+0000] {processor.py:842} WARNING - No viable dags retrieved from /home/airflow/.local/lib/python3.12/site-packages/airflow/example_dags/plugins/event_listener.py
[2026-05-09T07:57:12.528+0000] {processor.py:183} INFO - Processing /home/airflow/.local/lib/python3.12/site-packages/airflow/example_dags/plugins/event_listener.py took 0.022 seconds
[2026-05-09T07:57:42.728+0000] {processor.py:161} INFO - Started process (PID=15846) to work on /home/airflow/.local/lib/python3.12/site-packages/airflow/example_dags/plugins/event_listener.py
[2026-05-09T07:57:42.731+0000] {processor.py:830} INFO - Processing file /home/airflow/.local/lib/python3.12/site-packages/airflow/example_dags/plugins/event_listener.py for tasks to queue
[2026-05-09T07:57:42.734+0000] {logging_mixin.py:188} INFO - [2026-05-09T07:57:42.733+0000] {dagbag.py:545} INFO - Filling up the DagBag from /home/airflow/.local/lib/python3.12/site-packages/airflow/example_dags/plugins/event_listener.py
[2026-05-09T07:57:42.736+0000] {processor.py:842} WARNING - No viable dags retrieved from /home/airflow/.local/lib/python3.12/site-packages/airflow/example_dags/plugins/event_listener.py
[2026-05-09T07:57:42.750+0000] {processor.py:183} INFO - Processing /home/airflow/.local/lib/python3.12/site-packages/airflow/example_dags/plugins/event_listener.py took 0.026 seconds
[2026-05-09T07:58:13.018+0000] {processor.py:161} INFO - Started process (PID=15907) to work on /home/airflow/.local/lib/python3.12/site-packages/airflow/example_dags/plugins/event_listener.py
[2026-05-09T07:58:13.020+0000] {processor.py:830} INFO - Processing file /home/airflow/.local/lib/python3.12/site-packages/airflow/example_dags/plugins/event_listener.py for tasks to queue
[2026-05-09T07:58:13.022+0000] {logging_mixin.py:188} INFO - [2026-05-09T07:58:13.021+0000] {dagbag.py:545} INFO - Filling up the DagBag from /home/airflow/.local/lib/python3.12/site-packages/airflow/example_dags/plugins/event_listener.py
[2026-05-09T07:58:13.024+0000] {processor.py:842} WARNING - No viable dags retrieved from /home/airflow/.local/lib/python3.12/site-packages/airflow/example_dags/plugins/event_listener.py
[2026-05-09T07:58:13.036+0000] {processor.py:183} INFO - Processing /home/airflow/.local/lib/python3.12/site-packages/airflow/example_dags/plugins/event_listener.py took 0.023 seconds
[2026-05-09T07:58:43.556+0000] {processor.py:161} INFO - Started process (PID=15967) to work on /home/airflow/.local/lib/python3.12/site-packages/airflow/example_dags/plugins/event_listener.py
[2026-05-09T07:58:43.557+0000] {processor.py:830} INFO - Processing file /home/airflow/.local/lib/python3.12/site-packages/airflow/example_dags/plugins/event_listener.py for tasks to queue
[2026-05-09T07:58:43.559+0000] {logging_mixin.py:188} INFO - [2026-05-09T07:58:43.559+0000] {dagbag.py:545} INFO - Filling up the DagBag from /home/airflow/.local/lib/python3.12/site-packages/airflow/example_dags/plugins/event_listener.py
[2026-05-09T07:58:43.561+0000] {processor.py:842} WARNING - No viable dags retrieved from /home/airflow/.local/lib/python3.12/site-packages/airflow/example_dags/plugins/event_listener.py
[2026-05-09T07:58:43.573+0000] {processor.py:183} INFO - Processing /home/airflow/.local/lib/python3.12/site-packages/airflow/example_dags/plugins/event_listener.py took 0.022 seconds
[2026-05-09T07:59:14.024+0000] {processor.py:161} INFO - Started process (PID=16027) to work on /home/airflow/.local/lib/python3.12/site-packages/airflow/example_dags/plugins/event_listener.py
[2026-05-09T07:59:14.025+0000] {processor.py:830} INFO - Processing file /home/airflow/.local/lib/python3.12/site-packages/airflow/example_dags/plugins/event_listener.py for tasks to queue
[2026-05-09T07:59:14.027+0000] {logging_mixin.py:188} INFO - [2026-05-09T07:59:14.026+0000] {dagbag.py:545} INFO - Filling up the DagBag from /home/airflow/.local/lib/python3.12/site-packages/airflow/example_dags/plugins/event_listener.py
[2026-05-09T07:59:14.029+0000] {processor.py:842} WARNING - No viable dags retrieved from /home/airflow/.local/lib/python3.12/site-packages/airflow/example_dags/plugins/event_listener.py
[2026-05-09T07:59:14.039+0000] {processor.py:183} INFO - Processing /home/airflow/.local/lib/python3.12/site-packages/airflow/example_dags/plugins/event_listener.py took 0.020 seconds
[2026-05-09T07:59:44.439+0000] {processor.py:161} INFO - Started process (PID=16087) to work on /home/airflow/.local/lib/python3.12/site-packages/airflow/example_dags/plugins/event_listener.py
[2026-05-09T07:59:44.441+0000] {processor.py:830} INFO - Processing file /home/airflow/.local/lib/python3.12/site-packages/airflow/example_dags/plugins/event_listener.py for tasks to queue
[2026-05-09T07:59:44.443+0000] {logging_mixin.py:188} INFO - [2026-05-09T07:59:44.442+0000] {dagbag.py:545} INFO - Filling up the DagBag from /home/airflow/.local/lib/python3.12/site-packages/airflow/example_dags/plugins/event_listener.py
[2026-05-09T07:59:44.444+0000] {processor.py:842} WARNING - No viable dags retrieved from /home/airflow/.local/lib/python3.12/site-packages/airflow/example_dags/plugins/event_listener.py
[2026-05-09T07:59:44.457+0000] {processor.py:183} INFO - Processing /home/airflow/.local/lib/python3.12/site-packages/airflow/example_dags/plugins/event_listener.py took 0.022 seconds
[2026-05-09T08:00:14.973+0000] {processor.py:161} INFO - Started process (PID=16147) to work on /home/airflow/.local/lib/python3.12/site-packages/airflow/example_dags/plugins/event_listener.py
[2026-05-09T08:00:14.976+0000] {processor.py:830} INFO - Processing file /home/airflow/.local/lib/python3.12/site-packages/airflow/example_dags/plugins/event_listener.py for tasks to queue
[2026-05-09T08:00:14.978+0000] {logging_mixin.py:188} INFO - [2026-05-09T08:00:14.978+0000] {dagbag.py:545} INFO - Filling up the DagBag from /home/airflow/.local/lib/python3.12/site-packages/airflow/example_dags/plugins/event_listener.py
[2026-05-09T08:00:14.981+0000] {processor.py:842} WARNING - No viable dags retrieved from /home/airflow/.local/lib/python3.12/site-packages/airflow/example_dags/plugins/event_listener.py
[2026-05-09T08:00:14.993+0000] {processor.py:183} INFO - Processing /home/airflow/.local/lib/python3.12/site-packages/airflow/example_dags/plugins/event_listener.py took 0.026 seconds
[2026-05-09T08:00:45.297+0000] {processor.py:161} INFO - Started process (PID=16207) to work on /home/airflow/.local/lib/python3.12/site-packages/airflow/example_dags/plugins/event_listener.py
[2026-05-09T08:00:45.298+0000] {processor.py:830} INFO - Processing file /home/airflow/.local/lib/python3.12/site-packages/airflow/example_dags/plugins/event_listener.py for tasks to queue
[2026-05-09T08:00:45.300+0000] {logging_mixin.py:188} INFO - [2026-05-09T08:00:45.300+0000] {dagbag.py:545} INFO - Filling up the DagBag from /home/airflow/.local/lib/python3.12/site-packages/airflow/example_dags/plugins/event_listener.py
[2026-05-09T08:00:45.302+0000] {processor.py:842} WARNING - No viable dags retrieved from /home/airflow/.local/lib/python3.12/site-packages/airflow/example_dags/plugins/event_listener.py
[2026-05-09T08:00:45.316+0000] {processor.py:183} INFO - Processing /home/airflow/.local/lib/python3.12/site-packages/airflow/example_dags/plugins/event_listener.py took 0.024 seconds
[2026-05-09T08:01:15.657+0000] {processor.py:161} INFO - Started process (PID=16267) to work on /home/airflow/.local/lib/python3.12/site-packages/airflow/example_dags/plugins/event_listener.py
[2026-05-09T08:01:15.658+0000] {processor.py:830} INFO - Processing file /home/airflow/.local/lib/python3.12/site-packages/airflow/example_dags/plugins/event_listener.py for tasks to queue
[2026-05-09T08:01:15.662+0000] {logging_mixin.py:188} INFO - [2026-05-09T08:01:15.662+0000] {dagbag.py:545} INFO - Filling up the DagBag from /home/airflow/.local/lib/python3.12/site-packages/airflow/example_dags/plugins/event_listener.py
[2026-05-09T08:01:15.664+0000] {processor.py:842} WARNING - No viable dags retrieved from /home/airflow/.local/lib/python3.12/site-packages/airflow/example_dags/plugins/event_listener.py
[2026-05-09T08:01:15.677+0000] {processor.py:183} INFO - Processing /home/airflow/.local/lib/python3.12/site-packages/airflow/example_dags/plugins/event_listener.py took 0.025 seconds
[2026-05-09T08:01:45.961+0000] {processor.py:161} INFO - Started process (PID=16327) to work on /home/airflow/.local/lib/python3.12/site-packages/airflow/example_dags/plugins/event_listener.py
[2026-05-09T08:01:45.962+0000] {processor.py:830} INFO - Processing file /home/airflow/.local/lib/python3.12/site-packages/airflow/example_dags/plugins/event_listener.py for tasks to queue
[2026-05-09T08:01:45.964+0000] {logging_mixin.py:188} INFO - [2026-05-09T08:01:45.964+0000] {dagbag.py:545} INFO - Filling up the DagBag from /home/airflow/.local/lib/python3.12/site-packages/airflow/example_dags/plugins/event_listener.py
[2026-05-09T08:01:45.966+0000] {processor.py:842} WARNING - No viable dags retrieved from /home/airflow/.local/lib/python3.12/site-packages/airflow/example_dags/plugins/event_listener.py
[2026-05-09T08:01:45.977+0000] {processor.py:183} INFO - Processing /home/airflow/.local/lib/python3.12/site-packages/airflow/example_dags/plugins/event_listener.py took 0.021 seconds
[2026-05-09T08:02:16.476+0000] {processor.py:161} INFO - Started process (PID=16387) to work on /home/airflow/.local/lib/python3.12/site-packages/airflow/example_dags/plugins/event_listener.py
[2026-05-09T08:02:16.477+0000] {processor.py:830} INFO - Processing file /home/airflow/.local/lib/python3.12/site-packages/airflow/example_dags/plugins/event_listener.py for tasks to queue
[2026-05-09T08:02:16.479+0000] {logging_mixin.py:188} INFO - [2026-05-09T08:02:16.479+0000] {dagbag.py:545} INFO - Filling up the DagBag from /home/airflow/.local/lib/python3.12/site-packages/airflow/example_dags/plugins/event_listener.py
[2026-05-09T08:02:16.481+0000] {processor.py:842} WARNING - No viable dags retrieved from /home/airflow/.local/lib/python3.12/site-packages/airflow/example_dags/plugins/event_listener.py
[2026-05-09T08:02:16.494+0000] {processor.py:183} INFO - Processing /home/airflow/.local/lib/python3.12/site-packages/airflow/example_dags/plugins/event_listener.py took 0.024 seconds
[2026-05-09T08:02:47.343+0000] {processor.py:161} INFO - Started process (PID=16447) to work on /home/airflow/.local/lib/python3.12/site-packages/airflow/example_dags/plugins/event_listener.py
[2026-05-09T08:02:47.344+0000] {processor.py:830} INFO - Processing file /home/airflow/.local/lib/python3.12/site-packages/airflow/example_dags/plugins/event_listener.py for tasks to queue
[2026-05-09T08:02:47.347+0000] {logging_mixin.py:188} INFO - [2026-05-09T08:02:47.347+0000] {dagbag.py:545} INFO - Filling up the DagBag from /home/airflow/.local/lib/python3.12/site-packages/airflow/example_dags/plugins/event_listener.py
[2026-05-09T08:02:47.350+0000] {processor.py:842} WARNING - No viable dags retrieved from /home/airflow/.local/lib/python3.12/site-packages/airflow/example_dags/plugins/event_listener.py
[2026-05-09T08:02:47.363+0000] {processor.py:183} INFO - Processing /home/airflow/.local/lib/python3.12/site-packages/airflow/example_dags/plugins/event_listener.py took 0.025 seconds
[2026-05-09T08:03:18.194+0000] {processor.py:161} INFO - Started process (PID=16507) to work on /home/airflow/.local/lib/python3.12/site-packages/airflow/example_dags/plugins/event_listener.py
[2026-05-09T08:03:18.195+0000] {processor.py:830} INFO - Processing file /home/airflow/.local/lib/python3.12/site-packages/airflow/example_dags/plugins/event_listener.py for tasks to queue
[2026-05-09T08:03:18.197+0000] {logging_mixin.py:188} INFO - [2026-05-09T08:03:18.197+0000] {dagbag.py:545} INFO - Filling up the DagBag from /home/airflow/.local/lib/python3.12/site-packages/airflow/example_dags/plugins/event_listener.py
[2026-05-09T08:03:18.200+0000] {processor.py:842} WARNING - No viable dags retrieved from /home/airflow/.local/lib/python3.12/site-packages/airflow/example_dags/plugins/event_listener.py
[2026-05-09T08:03:18.213+0000] {processor.py:183} INFO - Processing /home/airflow/.local/lib/python3.12/site-packages/airflow/example_dags/plugins/event_listener.py took 0.023 seconds
[2026-05-09T08:03:48.922+0000] {processor.py:161} INFO - Started process (PID=16567) to work on /home/airflow/.local/lib/python3.12/site-packages/airflow/example_dags/plugins/event_listener.py
[2026-05-09T08:03:48.924+0000] {processor.py:830} INFO - Processing file /home/airflow/.local/lib/python3.12/site-packages/airflow/example_dags/plugins/event_listener.py for tasks to queue
[2026-05-09T08:03:48.927+0000] {logging_mixin.py:188} INFO - [2026-05-09T08:03:48.926+0000] {dagbag.py:545} INFO - Filling up the DagBag from /home/airflow/.local/lib/python3.12/site-packages/airflow/example_dags/plugins/event_listener.py
[2026-05-09T08:03:48.930+0000] {processor.py:842} WARNING - No viable dags retrieved from /home/airflow/.local/lib/python3.12/site-packages/airflow/example_dags/plugins/event_listener.py
[2026-05-09T08:03:48.941+0000] {processor.py:183} INFO - Processing /home/airflow/.local/lib/python3.12/site-packages/airflow/example_dags/plugins/event_listener.py took 0.024 seconds
[2026-05-09T08:04:19.091+0000] {processor.py:161} INFO - Started process (PID=16627) to work on /home/airflow/.local/lib/python3.12/site-packages/airflow/example_dags/plugins/event_listener.py
[2026-05-09T08:04:19.092+0000] {processor.py:830} INFO - Processing file /home/airflow/.local/lib/python3.12/site-packages/airflow/example_dags/plugins/event_listener.py for tasks to queue
[2026-05-09T08:04:19.094+0000] {logging_mixin.py:188} INFO - [2026-05-09T08:04:19.094+0000] {dagbag.py:545} INFO - Filling up the DagBag from /home/airflow/.local/lib/python3.12/site-packages/airflow/example_dags/plugins/event_listener.py
[2026-05-09T08:04:19.096+0000] {processor.py:842} WARNING - No viable dags retrieved from /home/airflow/.local/lib/python3.12/site-packages/airflow/example_dags/plugins/event_listener.py
[2026-05-09T08:04:19.109+0000] {processor.py:183} INFO - Processing /home/airflow/.local/lib/python3.12/site-packages/airflow/example_dags/plugins/event_listener.py took 0.023 seconds
[2026-05-09T08:04:49.292+0000] {processor.py:161} INFO - Started process (PID=16687) to work on /home/airflow/.local/lib/python3.12/site-packages/airflow/example_dags/plugins/event_listener.py
[2026-05-09T08:04:49.293+0000] {processor.py:830} INFO - Processing file /home/airflow/.local/lib/python3.12/site-packages/airflow/example_dags/plugins/event_listener.py for tasks to queue
[2026-05-09T08:04:49.296+0000] {logging_mixin.py:188} INFO - [2026-05-09T08:04:49.295+0000] {dagbag.py:545} INFO - Filling up the DagBag from /home/airflow/.local/lib/python3.12/site-packages/airflow/example_dags/plugins/event_listener.py
[2026-05-09T08:04:49.298+0000] {processor.py:842} WARNING - No viable dags retrieved from /home/airflow/.local/lib/python3.12/site-packages/airflow/example_dags/plugins/event_listener.py
[2026-05-09T08:04:49.314+0000] {processor.py:183} INFO - Processing /home/airflow/.local/lib/python3.12/site-packages/airflow/example_dags/plugins/event_listener.py took 0.028 seconds
[2026-05-09T08:05:19.804+0000] {processor.py:161} INFO - Started process (PID=16747) to work on /home/airflow/.local/lib/python3.12/site-packages/airflow/example_dags/plugins/event_listener.py
[2026-05-09T08:05:19.806+0000] {processor.py:830} INFO - Processing file /home/airflow/.local/lib/python3.12/site-packages/airflow/example_dags/plugins/event_listener.py for tasks to queue
[2026-05-09T08:05:19.808+0000] {logging_mixin.py:188} INFO - [2026-05-09T08:05:19.808+0000] {dagbag.py:545} INFO - Filling up the DagBag from /home/airflow/.local/lib/python3.12/site-packages/airflow/example_dags/plugins/event_listener.py
[2026-05-09T08:05:19.810+0000] {processor.py:842} WARNING - No viable dags retrieved from /home/airflow/.local/lib/python3.12/site-packages/airflow/example_dags/plugins/event_listener.py
[2026-05-09T08:05:19.823+0000] {processor.py:183} INFO - Processing /home/airflow/.local/lib/python3.12/site-packages/airflow/example_dags/plugins/event_listener.py took 0.023 seconds
[2026-05-09T08:05:50.304+0000] {processor.py:161} INFO - Started process (PID=16813) to work on /home/airflow/.local/lib/python3.12/site-packages/airflow/example_dags/plugins/event_listener.py
[2026-05-09T08:05:50.305+0000] {processor.py:830} INFO - Processing file /home/airflow/.local/lib/python3.12/site-packages/airflow/example_dags/plugins/event_listener.py for tasks to queue
[2026-05-09T08:05:50.307+0000] {logging_mixin.py:188} INFO - [2026-05-09T08:05:50.306+0000] {dagbag.py:545} INFO - Filling up the DagBag from /home/airflow/.local/lib/python3.12/site-packages/airflow/example_dags/plugins/event_listener.py
[2026-05-09T08:05:50.308+0000] {processor.py:842} WARNING - No viable dags retrieved from /home/airflow/.local/lib/python3.12/site-packages/airflow/example_dags/plugins/event_listener.py
[2026-05-09T08:05:50.319+0000] {processor.py:183} INFO - Processing /home/airflow/.local/lib/python3.12/site-packages/airflow/example_dags/plugins/event_listener.py took 0.019 seconds
[2026-05-09T08:06:20.370+0000] {processor.py:161} INFO - Started process (PID=16872) to work on /home/airflow/.local/lib/python3.12/site-packages/airflow/example_dags/plugins/event_listener.py
[2026-05-09T08:06:20.371+0000] {processor.py:830} INFO - Processing file /home/airflow/.local/lib/python3.12/site-packages/airflow/example_dags/plugins/event_listener.py for tasks to queue
[2026-05-09T08:06:20.373+0000] {logging_mixin.py:188} INFO - [2026-05-09T08:06:20.373+0000] {dagbag.py:545} INFO - Filling up the DagBag from /home/airflow/.local/lib/python3.12/site-packages/airflow/example_dags/plugins/event_listener.py
[2026-05-09T08:06:20.375+0000] {processor.py:842} WARNING - No viable dags retrieved from /home/airflow/.local/lib/python3.12/site-packages/airflow/example_dags/plugins/event_listener.py
[2026-05-09T08:06:20.387+0000] {processor.py:183} INFO - Processing /home/airflow/.local/lib/python3.12/site-packages/airflow/example_dags/plugins/event_listener.py took 0.022 seconds
[2026-05-09T08:06:50.696+0000] {processor.py:161} INFO - Started process (PID=16933) to work on /home/airflow/.local/lib/python3.12/site-packages/airflow/example_dags/plugins/event_listener.py
[2026-05-09T08:06:50.697+0000] {processor.py:830} INFO - Processing file /home/airflow/.local/lib/python3.12/site-packages/airflow/example_dags/plugins/event_listener.py for tasks to queue
[2026-05-09T08:06:50.699+0000] {logging_mixin.py:188} INFO - [2026-05-09T08:06:50.699+0000] {dagbag.py:545} INFO - Filling up the DagBag from /home/airflow/.local/lib/python3.12/site-packages/airflow/example_dags/plugins/event_listener.py
[2026-05-09T08:06:50.701+0000] {processor.py:842} WARNING - No viable dags retrieved from /home/airflow/.local/lib/python3.12/site-packages/airflow/example_dags/plugins/event_listener.py
[2026-05-09T08:06:50.713+0000] {processor.py:183} INFO - Processing /home/airflow/.local/lib/python3.12/site-packages/airflow/example_dags/plugins/event_listener.py took 0.022 seconds
[2026-05-09T08:07:21.160+0000] {processor.py:161} INFO - Started process (PID=16993) to work on /home/airflow/.local/lib/python3.12/site-packages/airflow/example_dags/plugins/event_listener.py
[2026-05-09T08:07:21.161+0000] {processor.py:830} INFO - Processing file /home/airflow/.local/lib/python3.12/site-packages/airflow/example_dags/plugins/event_listener.py for tasks to queue
[2026-05-09T08:07:21.163+0000] {logging_mixin.py:188} INFO - [2026-05-09T08:07:21.163+0000] {dagbag.py:545} INFO - Filling up the DagBag from /home/airflow/.local/lib/python3.12/site-packages/airflow/example_dags/plugins/event_listener.py
[2026-05-09T08:07:21.165+0000] {processor.py:842} WARNING - No viable dags retrieved from /home/airflow/.local/lib/python3.12/site-packages/airflow/example_dags/plugins/event_listener.py
[2026-05-09T08:07:21.177+0000] {processor.py:183} INFO - Processing /home/airflow/.local/lib/python3.12/site-packages/airflow/example_dags/plugins/event_listener.py took 0.021 seconds
[2026-05-09T08:07:51.516+0000] {processor.py:161} INFO - Started process (PID=17053) to work on /home/airflow/.local/lib/python3.12/site-packages/airflow/example_dags/plugins/event_listener.py
[2026-05-09T08:07:51.518+0000] {processor.py:830} INFO - Processing file /home/airflow/.local/lib/python3.12/site-packages/airflow/example_dags/plugins/event_listener.py for tasks to queue
[2026-05-09T08:07:51.521+0000] {logging_mixin.py:188} INFO - [2026-05-09T08:07:51.520+0000] {dagbag.py:545} INFO - Filling up the DagBag from /home/airflow/.local/lib/python3.12/site-packages/airflow/example_dags/plugins/event_listener.py
[2026-05-09T08:07:51.523+0000] {processor.py:842} WARNING - No viable dags retrieved from /home/airflow/.local/lib/python3.12/site-packages/airflow/example_dags/plugins/event_listener.py
[2026-05-09T08:07:51.537+0000] {processor.py:183} INFO - Processing /home/airflow/.local/lib/python3.12/site-packages/airflow/example_dags/plugins/event_listener.py took 0.025 seconds
[2026-05-09T08:08:22.081+0000] {processor.py:161} INFO - Started process (PID=17113) to work on /home/airflow/.local/lib/python3.12/site-packages/airflow/example_dags/plugins/event_listener.py
[2026-05-09T08:08:22.083+0000] {processor.py:830} INFO - Processing file /home/airflow/.local/lib/python3.12/site-packages/airflow/example_dags/plugins/event_listener.py for tasks to queue
[2026-05-09T08:08:22.085+0000] {logging_mixin.py:188} INFO - [2026-05-09T08:08:22.084+0000] {dagbag.py:545} INFO - Filling up the DagBag from /home/airflow/.local/lib/python3.12/site-packages/airflow/example_dags/plugins/event_listener.py
[2026-05-09T08:08:22.087+0000] {processor.py:842} WARNING - No viable dags retrieved from /home/airflow/.local/lib/python3.12/site-packages/airflow/example_dags/plugins/event_listener.py
[2026-05-09T08:08:22.099+0000] {processor.py:183} INFO - Processing /home/airflow/.local/lib/python3.12/site-packages/airflow/example_dags/plugins/event_listener.py took 0.022 seconds
[2026-05-09T08:08:53.107+0000] {processor.py:161} INFO - Started process (PID=17173) to work on /home/airflow/.local/lib/python3.12/site-packages/airflow/example_dags/plugins/event_listener.py
[2026-05-09T08:08:53.109+0000] {processor.py:830} INFO - Processing file /home/airflow/.local/lib/python3.12/site-packages/airflow/example_dags/plugins/event_listener.py for tasks to queue
[2026-05-09T08:08:53.111+0000] {logging_mixin.py:188} INFO - [2026-05-09T08:08:53.111+0000] {dagbag.py:545} INFO - Filling up the DagBag from /home/airflow/.local/lib/python3.12/site-packages/airflow/example_dags/plugins/event_listener.py
[2026-05-09T08:08:53.113+0000] {processor.py:842} WARNING - No viable dags retrieved from /home/airflow/.local/lib/python3.12/site-packages/airflow/example_dags/plugins/event_listener.py
[2026-05-09T08:08:53.125+0000] {processor.py:183} INFO - Processing /home/airflow/.local/lib/python3.12/site-packages/airflow/example_dags/plugins/event_listener.py took 0.023 seconds
[2026-05-09T08:09:23.245+0000] {processor.py:161} INFO - Started process (PID=17231) to work on /home/airflow/.local/lib/python3.12/site-packages/airflow/example_dags/plugins/event_listener.py
[2026-05-09T08:09:23.247+0000] {processor.py:830} INFO - Processing file /home/airflow/.local/lib/python3.12/site-packages/airflow/example_dags/plugins/event_listener.py for tasks to queue
[2026-05-09T08:09:23.249+0000] {logging_mixin.py:188} INFO - [2026-05-09T08:09:23.249+0000] {dagbag.py:545} INFO - Filling up the DagBag from /home/airflow/.local/lib/python3.12/site-packages/airflow/example_dags/plugins/event_listener.py
[2026-05-09T08:09:23.252+0000] {processor.py:842} WARNING - No viable dags retrieved from /home/airflow/.local/lib/python3.12/site-packages/airflow/example_dags/plugins/event_listener.py
[2026-05-09T08:09:23.264+0000] {processor.py:183} INFO - Processing /home/airflow/.local/lib/python3.12/site-packages/airflow/example_dags/plugins/event_listener.py took 0.023 seconds
[2026-05-09T08:09:53.444+0000] {processor.py:161} INFO - Started process (PID=17290) to work on /home/airflow/.local/lib/python3.12/site-packages/airflow/example_dags/plugins/event_listener.py
[2026-05-09T08:09:53.448+0000] {processor.py:830} INFO - Processing file /home/airflow/.local/lib/python3.12/site-packages/airflow/example_dags/plugins/event_listener.py for tasks to queue
[2026-05-09T08:09:53.451+0000] {logging_mixin.py:188} INFO - [2026-05-09T08:09:53.451+0000] {dagbag.py:545} INFO - Filling up the DagBag from /home/airflow/.local/lib/python3.12/site-packages/airflow/example_dags/plugins/event_listener.py
[2026-05-09T08:09:53.455+0000] {processor.py:842} WARNING - No viable dags retrieved from /home/airflow/.local/lib/python3.12/site-packages/airflow/example_dags/plugins/event_listener.py
[2026-05-09T08:09:53.468+0000] {processor.py:183} INFO - Processing /home/airflow/.local/lib/python3.12/site-packages/airflow/example_dags/plugins/event_listener.py took 0.028 seconds
[2026-05-09T08:10:23.971+0000] {processor.py:161} INFO - Started process (PID=17351) to work on /home/airflow/.local/lib/python3.12/site-packages/airflow/example_dags/plugins/event_listener.py
[2026-05-09T08:10:23.972+0000] {processor.py:830} INFO - Processing file /home/airflow/.local/lib/python3.12/site-packages/airflow/example_dags/plugins/event_listener.py for tasks to queue
[2026-05-09T08:10:23.974+0000] {logging_mixin.py:188} INFO - [2026-05-09T08:10:23.974+0000] {dagbag.py:545} INFO - Filling up the DagBag from /home/airflow/.local/lib/python3.12/site-packages/airflow/example_dags/plugins/event_listener.py
[2026-05-09T08:10:23.977+0000] {processor.py:842} WARNING - No viable dags retrieved from /home/airflow/.local/lib/python3.12/site-packages/airflow/example_dags/plugins/event_listener.py
[2026-05-09T08:10:23.988+0000] {processor.py:183} INFO - Processing /home/airflow/.local/lib/python3.12/site-packages/airflow/example_dags/plugins/event_listener.py took 0.021 seconds
[2026-05-09T08:10:54.460+0000] {processor.py:161} INFO - Started process (PID=17413) to work on /home/airflow/.local/lib/python3.12/site-packages/airflow/example_dags/plugins/event_listener.py
[2026-05-09T08:10:54.461+0000] {processor.py:830} INFO - Processing file /home/airflow/.local/lib/python3.12/site-packages/airflow/example_dags/plugins/event_listener.py for tasks to queue
[2026-05-09T08:10:54.463+0000] {logging_mixin.py:188} INFO - [2026-05-09T08:10:54.462+0000] {dagbag.py:545} INFO - Filling up the DagBag from /home/airflow/.local/lib/python3.12/site-packages/airflow/example_dags/plugins/event_listener.py
[2026-05-09T08:10:54.464+0000] {processor.py:842} WARNING - No viable dags retrieved from /home/airflow/.local/lib/python3.12/site-packages/airflow/example_dags/plugins/event_listener.py
[2026-05-09T08:10:54.475+0000] {processor.py:183} INFO - Processing /home/airflow/.local/lib/python3.12/site-packages/airflow/example_dags/plugins/event_listener.py took 0.020 seconds
[2026-05-09T08:11:24.996+0000] {processor.py:161} INFO - Started process (PID=17473) to work on /home/airflow/.local/lib/python3.12/site-packages/airflow/example_dags/plugins/event_listener.py
[2026-05-09T08:11:24.997+0000] {processor.py:830} INFO - Processing file /home/airflow/.local/lib/python3.12/site-packages/airflow/example_dags/plugins/event_listener.py for tasks to queue
[2026-05-09T08:11:24.999+0000] {logging_mixin.py:188} INFO - [2026-05-09T08:11:24.998+0000] {dagbag.py:545} INFO - Filling up the DagBag from /home/airflow/.local/lib/python3.12/site-packages/airflow/example_dags/plugins/event_listener.py
[2026-05-09T08:11:25.001+0000] {processor.py:842} WARNING - No viable dags retrieved from /home/airflow/.local/lib/python3.12/site-packages/airflow/example_dags/plugins/event_listener.py
[2026-05-09T08:11:25.013+0000] {processor.py:183} INFO - Processing /home/airflow/.local/lib/python3.12/site-packages/airflow/example_dags/plugins/event_listener.py took 0.022 seconds
[2026-05-09T08:11:55.721+0000] {processor.py:161} INFO - Started process (PID=17533) to work on /home/airflow/.local/lib/python3.12/site-packages/airflow/example_dags/plugins/event_listener.py
[2026-05-09T08:11:55.722+0000] {processor.py:830} INFO - Processing file /home/airflow/.local/lib/python3.12/site-packages/airflow/example_dags/plugins/event_listener.py for tasks to queue
[2026-05-09T08:11:55.724+0000] {logging_mixin.py:188} INFO - [2026-05-09T08:11:55.724+0000] {dagbag.py:545} INFO - Filling up the DagBag from /home/airflow/.local/lib/python3.12/site-packages/airflow/example_dags/plugins/event_listener.py
[2026-05-09T08:11:55.726+0000] {processor.py:842} WARNING - No viable dags retrieved from /home/airflow/.local/lib/python3.12/site-packages/airflow/example_dags/plugins/event_listener.py
[2026-05-09T08:11:55.738+0000] {processor.py:183} INFO - Processing /home/airflow/.local/lib/python3.12/site-packages/airflow/example_dags/plugins/event_listener.py took 0.022 seconds
[2026-05-09T08:12:26.269+0000] {processor.py:161} INFO - Started process (PID=17593) to work on /home/airflow/.local/lib/python3.12/site-packages/airflow/example_dags/plugins/event_listener.py
[2026-05-09T08:12:26.270+0000] {processor.py:830} INFO - Processing file /home/airflow/.local/lib/python3.12/site-packages/airflow/example_dags/plugins/event_listener.py for tasks to queue
[2026-05-09T08:12:26.272+0000] {logging_mixin.py:188} INFO - [2026-05-09T08:12:26.272+0000] {dagbag.py:545} INFO - Filling up the DagBag from /home/airflow/.local/lib/python3.12/site-packages/airflow/example_dags/plugins/event_listener.py
[2026-05-09T08:12:26.274+0000] {processor.py:842} WARNING - No viable dags retrieved from /home/airflow/.local/lib/python3.12/site-packages/airflow/example_dags/plugins/event_listener.py
[2026-05-09T08:12:26.287+0000] {processor.py:183} INFO - Processing /home/airflow/.local/lib/python3.12/site-packages/airflow/example_dags/plugins/event_listener.py took 0.023 seconds
[2026-05-09T08:12:56.952+0000] {processor.py:161} INFO - Started process (PID=17653) to work on /home/airflow/.local/lib/python3.12/site-packages/airflow/example_dags/plugins/event_listener.py
[2026-05-09T08:12:56.953+0000] {processor.py:830} INFO - Processing file /home/airflow/.local/lib/python3.12/site-packages/airflow/example_dags/plugins/event_listener.py for tasks to queue
[2026-05-09T08:12:56.956+0000] {logging_mixin.py:188} INFO - [2026-05-09T08:12:56.955+0000] {dagbag.py:545} INFO - Filling up the DagBag from /home/airflow/.local/lib/python3.12/site-packages/airflow/example_dags/plugins/event_listener.py
[2026-05-09T08:12:56.958+0000] {processor.py:842} WARNING - No viable dags retrieved from /home/airflow/.local/lib/python3.12/site-packages/airflow/example_dags/plugins/event_listener.py
[2026-05-09T08:12:56.971+0000] {processor.py:183} INFO - Processing /home/airflow/.local/lib/python3.12/site-packages/airflow/example_dags/plugins/event_listener.py took 0.026 seconds
[2026-05-09T08:13:27.593+0000] {processor.py:161} INFO - Started process (PID=17713) to work on /home/airflow/.local/lib/python3.12/site-packages/airflow/example_dags/plugins/event_listener.py
[2026-05-09T08:13:27.594+0000] {processor.py:830} INFO - Processing file /home/airflow/.local/lib/python3.12/site-packages/airflow/example_dags/plugins/event_listener.py for tasks to queue
[2026-05-09T08:13:27.596+0000] {logging_mixin.py:188} INFO - [2026-05-09T08:13:27.596+0000] {dagbag.py:545} INFO - Filling up the DagBag from /home/airflow/.local/lib/python3.12/site-packages/airflow/example_dags/plugins/event_listener.py
[2026-05-09T08:13:27.598+0000] {processor.py:842} WARNING - No viable dags retrieved from /home/airflow/.local/lib/python3.12/site-packages/airflow/example_dags/plugins/event_listener.py
[2026-05-09T08:13:27.610+0000] {processor.py:183} INFO - Processing /home/airflow/.local/lib/python3.12/site-packages/airflow/example_dags/plugins/event_listener.py took 0.022 seconds
[2026-05-09T08:13:58.402+0000] {processor.py:161} INFO - Started process (PID=17773) to work on /home/airflow/.local/lib/python3.12/site-packages/airflow/example_dags/plugins/event_listener.py
[2026-05-09T08:13:58.404+0000] {processor.py:830} INFO - Processing file /home/airflow/.local/lib/python3.12/site-packages/airflow/example_dags/plugins/event_listener.py for tasks to queue
[2026-05-09T08:13:58.406+0000] {logging_mixin.py:188} INFO - [2026-05-09T08:13:58.405+0000] {dagbag.py:545} INFO - Filling up the DagBag from /home/airflow/.local/lib/python3.12/site-packages/airflow/example_dags/plugins/event_listener.py
[2026-05-09T08:13:58.408+0000] {processor.py:842} WARNING - No viable dags retrieved from /home/airflow/.local/lib/python3.12/site-packages/airflow/example_dags/plugins/event_listener.py
[2026-05-09T08:13:58.420+0000] {processor.py:183} INFO - Processing /home/airflow/.local/lib/python3.12/site-packages/airflow/example_dags/plugins/event_listener.py took 0.022 seconds
[2026-05-09T08:14:28.984+0000] {processor.py:161} INFO - Started process (PID=17833) to work on /home/airflow/.local/lib/python3.12/site-packages/airflow/example_dags/plugins/event_listener.py
[2026-05-09T08:14:28.985+0000] {processor.py:830} INFO - Processing file /home/airflow/.local/lib/python3.12/site-packages/airflow/example_dags/plugins/event_listener.py for tasks to queue
[2026-05-09T08:14:28.987+0000] {logging_mixin.py:188} INFO - [2026-05-09T08:14:28.987+0000] {dagbag.py:545} INFO - Filling up the DagBag from /home/airflow/.local/lib/python3.12/site-packages/airflow/example_dags/plugins/event_listener.py
[2026-05-09T08:14:28.990+0000] {processor.py:842} WARNING - No viable dags retrieved from /home/airflow/.local/lib/python3.12/site-packages/airflow/example_dags/plugins/event_listener.py
[2026-05-09T08:14:29.001+0000] {processor.py:183} INFO - Processing /home/airflow/.local/lib/python3.12/site-packages/airflow/example_dags/plugins/event_listener.py took 0.022 seconds
[2026-05-09T08:14:59.477+0000] {processor.py:161} INFO - Started process (PID=17893) to work on /home/airflow/.local/lib/python3.12/site-packages/airflow/example_dags/plugins/event_listener.py
[2026-05-09T08:14:59.478+0000] {processor.py:830} INFO - Processing file /home/airflow/.local/lib/python3.12/site-packages/airflow/example_dags/plugins/event_listener.py for tasks to queue
[2026-05-09T08:14:59.480+0000] {logging_mixin.py:188} INFO - [2026-05-09T08:14:59.480+0000] {dagbag.py:545} INFO - Filling up the DagBag from /home/airflow/.local/lib/python3.12/site-packages/airflow/example_dags/plugins/event_listener.py
[2026-05-09T08:14:59.482+0000] {processor.py:842} WARNING - No viable dags retrieved from /home/airflow/.local/lib/python3.12/site-packages/airflow/example_dags/plugins/event_listener.py
[2026-05-09T08:14:59.493+0000] {processor.py:183} INFO - Processing /home/airflow/.local/lib/python3.12/site-packages/airflow/example_dags/plugins/event_listener.py took 0.020 seconds
[2026-05-09T08:15:30.195+0000] {processor.py:161} INFO - Started process (PID=17953) to work on /home/airflow/.local/lib/python3.12/site-packages/airflow/example_dags/plugins/event_listener.py
[2026-05-09T08:15:30.196+0000] {processor.py:830} INFO - Processing file /home/airflow/.local/lib/python3.12/site-packages/airflow/example_dags/plugins/event_listener.py for tasks to queue
[2026-05-09T08:15:30.199+0000] {logging_mixin.py:188} INFO - [2026-05-09T08:15:30.199+0000] {dagbag.py:545} INFO - Filling up the DagBag from /home/airflow/.local/lib/python3.12/site-packages/airflow/example_dags/plugins/event_listener.py
[2026-05-09T08:15:30.202+0000] {processor.py:842} WARNING - No viable dags retrieved from /home/airflow/.local/lib/python3.12/site-packages/airflow/example_dags/plugins/event_listener.py
[2026-05-09T08:15:30.213+0000] {processor.py:183} INFO - Processing /home/airflow/.local/lib/python3.12/site-packages/airflow/example_dags/plugins/event_listener.py took 0.023 seconds
[2026-05-09T08:16:00.856+0000] {processor.py:161} INFO - Started process (PID=18014) to work on /home/airflow/.local/lib/python3.12/site-packages/airflow/example_dags/plugins/event_listener.py
[2026-05-09T08:16:00.857+0000] {processor.py:830} INFO - Processing file /home/airflow/.local/lib/python3.12/site-packages/airflow/example_dags/plugins/event_listener.py for tasks to queue
[2026-05-09T08:16:00.859+0000] {logging_mixin.py:188} INFO - [2026-05-09T08:16:00.859+0000] {dagbag.py:545} INFO - Filling up the DagBag from /home/airflow/.local/lib/python3.12/site-packages/airflow/example_dags/plugins/event_listener.py
[2026-05-09T08:16:00.862+0000] {processor.py:842} WARNING - No viable dags retrieved from /home/airflow/.local/lib/python3.12/site-packages/airflow/example_dags/plugins/event_listener.py
[2026-05-09T08:16:00.873+0000] {processor.py:183} INFO - Processing /home/airflow/.local/lib/python3.12/site-packages/airflow/example_dags/plugins/event_listener.py took 0.022 seconds
[2026-05-09T08:16:31.752+0000] {processor.py:161} INFO - Started process (PID=18074) to work on /home/airflow/.local/lib/python3.12/site-packages/airflow/example_dags/plugins/event_listener.py
[2026-05-09T08:16:31.753+0000] {processor.py:830} INFO - Processing file /home/airflow/.local/lib/python3.12/site-packages/airflow/example_dags/plugins/event_listener.py for tasks to queue
[2026-05-09T08:16:31.756+0000] {logging_mixin.py:188} INFO - [2026-05-09T08:16:31.755+0000] {dagbag.py:545} INFO - Filling up the DagBag from /home/airflow/.local/lib/python3.12/site-packages/airflow/example_dags/plugins/event_listener.py
[2026-05-09T08:16:31.758+0000] {processor.py:842} WARNING - No viable dags retrieved from /home/airflow/.local/lib/python3.12/site-packages/airflow/example_dags/plugins/event_listener.py
[2026-05-09T08:16:31.769+0000] {processor.py:183} INFO - Processing /home/airflow/.local/lib/python3.12/site-packages/airflow/example_dags/plugins/event_listener.py took 0.021 seconds
[2026-05-09T08:17:02.608+0000] {processor.py:161} INFO - Started process (PID=18134) to work on /home/airflow/.local/lib/python3.12/site-packages/airflow/example_dags/plugins/event_listener.py
[2026-05-09T08:17:02.609+0000] {processor.py:830} INFO - Processing file /home/airflow/.local/lib/python3.12/site-packages/airflow/example_dags/plugins/event_listener.py for tasks to queue
[2026-05-09T08:17:02.610+0000] {logging_mixin.py:188} INFO - [2026-05-09T08:17:02.610+0000] {dagbag.py:545} INFO - Filling up the DagBag from /home/airflow/.local/lib/python3.12/site-packages/airflow/example_dags/plugins/event_listener.py
[2026-05-09T08:17:02.612+0000] {processor.py:842} WARNING - No viable dags retrieved from /home/airflow/.local/lib/python3.12/site-packages/airflow/example_dags/plugins/event_listener.py
[2026-05-09T08:17:02.623+0000] {processor.py:183} INFO - Processing /home/airflow/.local/lib/python3.12/site-packages/airflow/example_dags/plugins/event_listener.py took 0.020 seconds
[2026-05-09T08:17:33.391+0000] {processor.py:161} INFO - Started process (PID=18194) to work on /home/airflow/.local/lib/python3.12/site-packages/airflow/example_dags/plugins/event_listener.py
[2026-05-09T08:17:33.393+0000] {processor.py:830} INFO - Processing file /home/airflow/.local/lib/python3.12/site-packages/airflow/example_dags/plugins/event_listener.py for tasks to queue
[2026-05-09T08:17:33.395+0000] {logging_mixin.py:188} INFO - [2026-05-09T08:17:33.395+0000] {dagbag.py:545} INFO - Filling up the DagBag from /home/airflow/.local/lib/python3.12/site-packages/airflow/example_dags/plugins/event_listener.py
[2026-05-09T08:17:33.397+0000] {processor.py:842} WARNING - No viable dags retrieved from /home/airflow/.local/lib/python3.12/site-packages/airflow/example_dags/plugins/event_listener.py
[2026-05-09T08:17:33.410+0000] {processor.py:183} INFO - Processing /home/airflow/.local/lib/python3.12/site-packages/airflow/example_dags/plugins/event_listener.py took 0.024 seconds
[2026-05-09T08:18:03.896+0000] {processor.py:161} INFO - Started process (PID=18254) to work on /home/airflow/.local/lib/python3.12/site-packages/airflow/example_dags/plugins/event_listener.py
[2026-05-09T08:18:03.897+0000] {processor.py:830} INFO - Processing file /home/airflow/.local/lib/python3.12/site-packages/airflow/example_dags/plugins/event_listener.py for tasks to queue
[2026-05-09T08:18:03.899+0000] {logging_mixin.py:188} INFO - [2026-05-09T08:18:03.899+0000] {dagbag.py:545} INFO - Filling up the DagBag from /home/airflow/.local/lib/python3.12/site-packages/airflow/example_dags/plugins/event_listener.py
[2026-05-09T08:18:03.901+0000] {processor.py:842} WARNING - No viable dags retrieved from /home/airflow/.local/lib/python3.12/site-packages/airflow/example_dags/plugins/event_listener.py
[2026-05-09T08:18:03.914+0000] {processor.py:183} INFO - Processing /home/airflow/.local/lib/python3.12/site-packages/airflow/example_dags/plugins/event_listener.py took 0.023 seconds
[2026-05-09T08:18:34.512+0000] {processor.py:161} INFO - Started process (PID=18314) to work on /home/airflow/.local/lib/python3.12/site-packages/airflow/example_dags/plugins/event_listener.py
[2026-05-09T08:18:34.515+0000] {processor.py:830} INFO - Processing file /home/airflow/.local/lib/python3.12/site-packages/airflow/example_dags/plugins/event_listener.py for tasks to queue
[2026-05-09T08:18:34.517+0000] {logging_mixin.py:188} INFO - [2026-05-09T08:18:34.517+0000] {dagbag.py:545} INFO - Filling up the DagBag from /home/airflow/.local/lib/python3.12/site-packages/airflow/example_dags/plugins/event_listener.py
[2026-05-09T08:18:34.520+0000] {processor.py:842} WARNING - No viable dags retrieved from /home/airflow/.local/lib/python3.12/site-packages/airflow/example_dags/plugins/event_listener.py
[2026-05-09T08:18:34.534+0000] {processor.py:183} INFO - Processing /home/airflow/.local/lib/python3.12/site-packages/airflow/example_dags/plugins/event_listener.py took 0.027 seconds
[2026-05-09T08:19:04.678+0000] {processor.py:161} INFO - Started process (PID=18371) to work on /home/airflow/.local/lib/python3.12/site-packages/airflow/example_dags/plugins/event_listener.py
[2026-05-09T08:19:04.680+0000] {processor.py:830} INFO - Processing file /home/airflow/.local/lib/python3.12/site-packages/airflow/example_dags/plugins/event_listener.py for tasks to queue
[2026-05-09T08:19:04.682+0000] {logging_mixin.py:188} INFO - [2026-05-09T08:19:04.682+0000] {dagbag.py:545} INFO - Filling up the DagBag from /home/airflow/.local/lib/python3.12/site-packages/airflow/example_dags/plugins/event_listener.py
[2026-05-09T08:19:04.684+0000] {processor.py:842} WARNING - No viable dags retrieved from /home/airflow/.local/lib/python3.12/site-packages/airflow/example_dags/plugins/event_listener.py
[2026-05-09T08:19:04.695+0000] {processor.py:183} INFO - Processing /home/airflow/.local/lib/python3.12/site-packages/airflow/example_dags/plugins/event_listener.py took 0.022 seconds
[2026-05-09T08:19:34.814+0000] {processor.py:161} INFO - Started process (PID=18430) to work on /home/airflow/.local/lib/python3.12/site-packages/airflow/example_dags/plugins/event_listener.py
[2026-05-09T08:19:34.816+0000] {processor.py:830} INFO - Processing file /home/airflow/.local/lib/python3.12/site-packages/airflow/example_dags/plugins/event_listener.py for tasks to queue
[2026-05-09T08:19:34.818+0000] {logging_mixin.py:188} INFO - [2026-05-09T08:19:34.817+0000] {dagbag.py:545} INFO - Filling up the DagBag from /home/airflow/.local/lib/python3.12/site-packages/airflow/example_dags/plugins/event_listener.py
[2026-05-09T08:19:34.820+0000] {processor.py:842} WARNING - No viable dags retrieved from /home/airflow/.local/lib/python3.12/site-packages/airflow/example_dags/plugins/event_listener.py
[2026-05-09T08:19:34.834+0000] {processor.py:183} INFO - Processing /home/airflow/.local/lib/python3.12/site-packages/airflow/example_dags/plugins/event_listener.py took 0.025 seconds
[2026-05-09T08:20:05.386+0000] {processor.py:161} INFO - Started process (PID=18491) to work on /home/airflow/.local/lib/python3.12/site-packages/airflow/example_dags/plugins/event_listener.py
[2026-05-09T08:20:05.388+0000] {processor.py:830} INFO - Processing file /home/airflow/.local/lib/python3.12/site-packages/airflow/example_dags/plugins/event_listener.py for tasks to queue
[2026-05-09T08:20:05.390+0000] {logging_mixin.py:188} INFO - [2026-05-09T08:20:05.389+0000] {dagbag.py:545} INFO - Filling up the DagBag from /home/airflow/.local/lib/python3.12/site-packages/airflow/example_dags/plugins/event_listener.py
[2026-05-09T08:20:05.392+0000] {processor.py:842} WARNING - No viable dags retrieved from /home/airflow/.local/lib/python3.12/site-packages/airflow/example_dags/plugins/event_listener.py
[2026-05-09T08:20:05.404+0000] {processor.py:183} INFO - Processing /home/airflow/.local/lib/python3.12/site-packages/airflow/example_dags/plugins/event_listener.py took 0.023 seconds
[2026-05-09T08:20:36.147+0000] {processor.py:161} INFO - Started process (PID=18551) to work on /home/airflow/.local/lib/python3.12/site-packages/airflow/example_dags/plugins/event_listener.py
[2026-05-09T08:20:36.148+0000] {processor.py:830} INFO - Processing file /home/airflow/.local/lib/python3.12/site-packages/airflow/example_dags/plugins/event_listener.py for tasks to queue
[2026-05-09T08:20:36.151+0000] {logging_mixin.py:188} INFO - [2026-05-09T08:20:36.150+0000] {dagbag.py:545} INFO - Filling up the DagBag from /home/airflow/.local/lib/python3.12/site-packages/airflow/example_dags/plugins/event_listener.py
[2026-05-09T08:20:36.155+0000] {processor.py:842} WARNING - No viable dags retrieved from /home/airflow/.local/lib/python3.12/site-packages/airflow/example_dags/plugins/event_listener.py
[2026-05-09T08:20:36.172+0000] {processor.py:183} INFO - Processing /home/airflow/.local/lib/python3.12/site-packages/airflow/example_dags/plugins/event_listener.py took 0.033 seconds
[2026-05-09T08:21:06.602+0000] {processor.py:161} INFO - Started process (PID=18612) to work on /home/airflow/.local/lib/python3.12/site-packages/airflow/example_dags/plugins/event_listener.py
[2026-05-09T08:21:06.604+0000] {processor.py:830} INFO - Processing file /home/airflow/.local/lib/python3.12/site-packages/airflow/example_dags/plugins/event_listener.py for tasks to queue
[2026-05-09T08:21:06.607+0000] {logging_mixin.py:188} INFO - [2026-05-09T08:21:06.606+0000] {dagbag.py:545} INFO - Filling up the DagBag from /home/airflow/.local/lib/python3.12/site-packages/airflow/example_dags/plugins/event_listener.py
[2026-05-09T08:21:06.610+0000] {processor.py:842} WARNING - No viable dags retrieved from /home/airflow/.local/lib/python3.12/site-packages/airflow/example_dags/plugins/event_listener.py
[2026-05-09T08:21:06.629+0000] {processor.py:183} INFO - Processing /home/airflow/.local/lib/python3.12/site-packages/airflow/example_dags/plugins/event_listener.py took 0.035 seconds
[2026-05-09T08:21:37.296+0000] {processor.py:161} INFO - Started process (PID=18673) to work on /home/airflow/.local/lib/python3.12/site-packages/airflow/example_dags/plugins/event_listener.py
[2026-05-09T08:21:37.315+0000] {processor.py:830} INFO - Processing file /home/airflow/.local/lib/python3.12/site-packages/airflow/example_dags/plugins/event_listener.py for tasks to queue
[2026-05-09T08:21:37.325+0000] {logging_mixin.py:188} INFO - [2026-05-09T08:21:37.324+0000] {dagbag.py:545} INFO - Filling up the DagBag from /home/airflow/.local/lib/python3.12/site-packages/airflow/example_dags/plugins/event_listener.py
[2026-05-09T08:21:37.337+0000] {processor.py:842} WARNING - No viable dags retrieved from /home/airflow/.local/lib/python3.12/site-packages/airflow/example_dags/plugins/event_listener.py
[2026-05-09T08:21:37.363+0000] {processor.py:183} INFO - Processing /home/airflow/.local/lib/python3.12/site-packages/airflow/example_dags/plugins/event_listener.py took 0.080 seconds
[2026-05-09T18:58:45.097+0000] {processor.py:161} INFO - Started process (PID=105) to work on /home/airflow/.local/lib/python3.12/site-packages/airflow/example_dags/plugins/event_listener.py
[2026-05-09T18:58:45.100+0000] {processor.py:830} INFO - Processing file /home/airflow/.local/lib/python3.12/site-packages/airflow/example_dags/plugins/event_listener.py for tasks to queue
[2026-05-09T18:58:45.104+0000] {logging_mixin.py:188} INFO - [2026-05-09T18:58:45.104+0000] {dagbag.py:545} INFO - Filling up the DagBag from /home/airflow/.local/lib/python3.12/site-packages/airflow/example_dags/plugins/event_listener.py
[2026-05-09T18:58:45.108+0000] {processor.py:842} WARNING - No viable dags retrieved from /home/airflow/.local/lib/python3.12/site-packages/airflow/example_dags/plugins/event_listener.py
[2026-05-09T18:58:45.121+0000] {processor.py:183} INFO - Processing /home/airflow/.local/lib/python3.12/site-packages/airflow/example_dags/plugins/event_listener.py took 0.029 seconds
[2026-05-09T18:59:15.480+0000] {processor.py:161} INFO - Started process (PID=164) to work on /home/airflow/.local/lib/python3.12/site-packages/airflow/example_dags/plugins/event_listener.py
[2026-05-09T18:59:15.482+0000] {processor.py:830} INFO - Processing file /home/airflow/.local/lib/python3.12/site-packages/airflow/example_dags/plugins/event_listener.py for tasks to queue
[2026-05-09T18:59:15.484+0000] {logging_mixin.py:188} INFO - [2026-05-09T18:59:15.484+0000] {dagbag.py:545} INFO - Filling up the DagBag from /home/airflow/.local/lib/python3.12/site-packages/airflow/example_dags/plugins/event_listener.py
[2026-05-09T18:59:15.486+0000] {processor.py:842} WARNING - No viable dags retrieved from /home/airflow/.local/lib/python3.12/site-packages/airflow/example_dags/plugins/event_listener.py
[2026-05-09T18:59:15.498+0000] {processor.py:183} INFO - Processing /home/airflow/.local/lib/python3.12/site-packages/airflow/example_dags/plugins/event_listener.py took 0.023 seconds
[2026-05-09T18:59:46.168+0000] {processor.py:161} INFO - Started process (PID=224) to work on /home/airflow/.local/lib/python3.12/site-packages/airflow/example_dags/plugins/event_listener.py
[2026-05-09T18:59:46.171+0000] {processor.py:830} INFO - Processing file /home/airflow/.local/lib/python3.12/site-packages/airflow/example_dags/plugins/event_listener.py for tasks to queue
[2026-05-09T18:59:46.173+0000] {logging_mixin.py:188} INFO - [2026-05-09T18:59:46.173+0000] {dagbag.py:545} INFO - Filling up the DagBag from /home/airflow/.local/lib/python3.12/site-packages/airflow/example_dags/plugins/event_listener.py
[2026-05-09T18:59:46.175+0000] {processor.py:842} WARNING - No viable dags retrieved from /home/airflow/.local/lib/python3.12/site-packages/airflow/example_dags/plugins/event_listener.py
[2026-05-09T18:59:46.189+0000] {processor.py:183} INFO - Processing /home/airflow/.local/lib/python3.12/site-packages/airflow/example_dags/plugins/event_listener.py took 0.025 seconds
[2026-05-09T19:00:16.550+0000] {processor.py:161} INFO - Started process (PID=284) to work on /home/airflow/.local/lib/python3.12/site-packages/airflow/example_dags/plugins/event_listener.py
[2026-05-09T19:00:16.551+0000] {processor.py:830} INFO - Processing file /home/airflow/.local/lib/python3.12/site-packages/airflow/example_dags/plugins/event_listener.py for tasks to queue
[2026-05-09T19:00:16.553+0000] {logging_mixin.py:188} INFO - [2026-05-09T19:00:16.553+0000] {dagbag.py:545} INFO - Filling up the DagBag from /home/airflow/.local/lib/python3.12/site-packages/airflow/example_dags/plugins/event_listener.py
[2026-05-09T19:00:16.555+0000] {processor.py:842} WARNING - No viable dags retrieved from /home/airflow/.local/lib/python3.12/site-packages/airflow/example_dags/plugins/event_listener.py
[2026-05-09T19:00:16.571+0000] {processor.py:183} INFO - Processing /home/airflow/.local/lib/python3.12/site-packages/airflow/example_dags/plugins/event_listener.py took 0.026 seconds
[2026-05-09T19:00:47.386+0000] {processor.py:161} INFO - Started process (PID=344) to work on /home/airflow/.local/lib/python3.12/site-packages/airflow/example_dags/plugins/event_listener.py
[2026-05-09T19:00:47.387+0000] {processor.py:830} INFO - Processing file /home/airflow/.local/lib/python3.12/site-packages/airflow/example_dags/plugins/event_listener.py for tasks to queue
[2026-05-09T19:00:47.389+0000] {logging_mixin.py:188} INFO - [2026-05-09T19:00:47.389+0000] {dagbag.py:545} INFO - Filling up the DagBag from /home/airflow/.local/lib/python3.12/site-packages/airflow/example_dags/plugins/event_listener.py
[2026-05-09T19:00:47.392+0000] {processor.py:842} WARNING - No viable dags retrieved from /home/airflow/.local/lib/python3.12/site-packages/airflow/example_dags/plugins/event_listener.py
[2026-05-09T19:00:47.405+0000] {processor.py:183} INFO - Processing /home/airflow/.local/lib/python3.12/site-packages/airflow/example_dags/plugins/event_listener.py took 0.024 seconds
[2026-05-09T19:01:17.908+0000] {processor.py:161} INFO - Started process (PID=404) to work on /home/airflow/.local/lib/python3.12/site-packages/airflow/example_dags/plugins/event_listener.py
[2026-05-09T19:01:17.909+0000] {processor.py:830} INFO - Processing file /home/airflow/.local/lib/python3.12/site-packages/airflow/example_dags/plugins/event_listener.py for tasks to queue
[2026-05-09T19:01:17.911+0000] {logging_mixin.py:188} INFO - [2026-05-09T19:01:17.911+0000] {dagbag.py:545} INFO - Filling up the DagBag from /home/airflow/.local/lib/python3.12/site-packages/airflow/example_dags/plugins/event_listener.py
[2026-05-09T19:01:17.914+0000] {processor.py:842} WARNING - No viable dags retrieved from /home/airflow/.local/lib/python3.12/site-packages/airflow/example_dags/plugins/event_listener.py
[2026-05-09T19:01:17.925+0000] {processor.py:183} INFO - Processing /home/airflow/.local/lib/python3.12/site-packages/airflow/example_dags/plugins/event_listener.py took 0.022 seconds
[2026-05-09T19:01:48.197+0000] {processor.py:161} INFO - Started process (PID=464) to work on /home/airflow/.local/lib/python3.12/site-packages/airflow/example_dags/plugins/event_listener.py
[2026-05-09T19:01:48.198+0000] {processor.py:830} INFO - Processing file /home/airflow/.local/lib/python3.12/site-packages/airflow/example_dags/plugins/event_listener.py for tasks to queue
[2026-05-09T19:01:48.200+0000] {logging_mixin.py:188} INFO - [2026-05-09T19:01:48.200+0000] {dagbag.py:545} INFO - Filling up the DagBag from /home/airflow/.local/lib/python3.12/site-packages/airflow/example_dags/plugins/event_listener.py
[2026-05-09T19:01:48.203+0000] {processor.py:842} WARNING - No viable dags retrieved from /home/airflow/.local/lib/python3.12/site-packages/airflow/example_dags/plugins/event_listener.py
[2026-05-09T19:01:48.214+0000] {processor.py:183} INFO - Processing /home/airflow/.local/lib/python3.12/site-packages/airflow/example_dags/plugins/event_listener.py took 0.023 seconds
[2026-05-09T19:02:18.905+0000] {processor.py:161} INFO - Started process (PID=524) to work on /home/airflow/.local/lib/python3.12/site-packages/airflow/example_dags/plugins/event_listener.py
[2026-05-09T19:02:18.907+0000] {processor.py:830} INFO - Processing file /home/airflow/.local/lib/python3.12/site-packages/airflow/example_dags/plugins/event_listener.py for tasks to queue
[2026-05-09T19:02:18.909+0000] {logging_mixin.py:188} INFO - [2026-05-09T19:02:18.909+0000] {dagbag.py:545} INFO - Filling up the DagBag from /home/airflow/.local/lib/python3.12/site-packages/airflow/example_dags/plugins/event_listener.py
[2026-05-09T19:02:18.913+0000] {processor.py:842} WARNING - No viable dags retrieved from /home/airflow/.local/lib/python3.12/site-packages/airflow/example_dags/plugins/event_listener.py
[2026-05-09T19:02:18.929+0000] {processor.py:183} INFO - Processing /home/airflow/.local/lib/python3.12/site-packages/airflow/example_dags/plugins/event_listener.py took 0.031 seconds
[2026-05-09T19:02:49.921+0000] {processor.py:161} INFO - Started process (PID=584) to work on /home/airflow/.local/lib/python3.12/site-packages/airflow/example_dags/plugins/event_listener.py
[2026-05-09T19:02:49.923+0000] {processor.py:830} INFO - Processing file /home/airflow/.local/lib/python3.12/site-packages/airflow/example_dags/plugins/event_listener.py for tasks to queue
[2026-05-09T19:02:49.925+0000] {logging_mixin.py:188} INFO - [2026-05-09T19:02:49.925+0000] {dagbag.py:545} INFO - Filling up the DagBag from /home/airflow/.local/lib/python3.12/site-packages/airflow/example_dags/plugins/event_listener.py
[2026-05-09T19:02:49.928+0000] {processor.py:842} WARNING - No viable dags retrieved from /home/airflow/.local/lib/python3.12/site-packages/airflow/example_dags/plugins/event_listener.py
[2026-05-09T19:02:49.942+0000] {processor.py:183} INFO - Processing /home/airflow/.local/lib/python3.12/site-packages/airflow/example_dags/plugins/event_listener.py took 0.026 seconds
[2026-05-09T19:03:20.904+0000] {processor.py:161} INFO - Started process (PID=644) to work on /home/airflow/.local/lib/python3.12/site-packages/airflow/example_dags/plugins/event_listener.py
[2026-05-09T19:03:20.906+0000] {processor.py:830} INFO - Processing file /home/airflow/.local/lib/python3.12/site-packages/airflow/example_dags/plugins/event_listener.py for tasks to queue
[2026-05-09T19:03:20.908+0000] {logging_mixin.py:188} INFO - [2026-05-09T19:03:20.907+0000] {dagbag.py:545} INFO - Filling up the DagBag from /home/airflow/.local/lib/python3.12/site-packages/airflow/example_dags/plugins/event_listener.py
[2026-05-09T19:03:20.910+0000] {processor.py:842} WARNING - No viable dags retrieved from /home/airflow/.local/lib/python3.12/site-packages/airflow/example_dags/plugins/event_listener.py
[2026-05-09T19:03:20.922+0000] {processor.py:183} INFO - Processing /home/airflow/.local/lib/python3.12/site-packages/airflow/example_dags/plugins/event_listener.py took 0.022 seconds
[2026-05-09T19:03:52.671+0000] {processor.py:161} INFO - Started process (PID=706) to work on /home/airflow/.local/lib/python3.12/site-packages/airflow/example_dags/plugins/event_listener.py
[2026-05-09T19:03:52.672+0000] {processor.py:830} INFO - Processing file /home/airflow/.local/lib/python3.12/site-packages/airflow/example_dags/plugins/event_listener.py for tasks to queue
[2026-05-09T19:03:52.675+0000] {logging_mixin.py:188} INFO - [2026-05-09T19:03:52.674+0000] {dagbag.py:545} INFO - Filling up the DagBag from /home/airflow/.local/lib/python3.12/site-packages/airflow/example_dags/plugins/event_listener.py
[2026-05-09T19:03:52.679+0000] {processor.py:842} WARNING - No viable dags retrieved from /home/airflow/.local/lib/python3.12/site-packages/airflow/example_dags/plugins/event_listener.py
[2026-05-09T19:03:52.699+0000] {processor.py:183} INFO - Processing /home/airflow/.local/lib/python3.12/site-packages/airflow/example_dags/plugins/event_listener.py took 0.035 seconds
[2026-05-09T19:04:23.926+0000] {processor.py:161} INFO - Started process (PID=766) to work on /home/airflow/.local/lib/python3.12/site-packages/airflow/example_dags/plugins/event_listener.py
[2026-05-09T19:04:23.937+0000] {processor.py:830} INFO - Processing file /home/airflow/.local/lib/python3.12/site-packages/airflow/example_dags/plugins/event_listener.py for tasks to queue
[2026-05-09T19:04:23.940+0000] {logging_mixin.py:188} INFO - [2026-05-09T19:04:23.939+0000] {dagbag.py:545} INFO - Filling up the DagBag from /home/airflow/.local/lib/python3.12/site-packages/airflow/example_dags/plugins/event_listener.py
[2026-05-09T19:04:23.946+0000] {processor.py:842} WARNING - No viable dags retrieved from /home/airflow/.local/lib/python3.12/site-packages/airflow/example_dags/plugins/event_listener.py
[2026-05-09T19:04:23.987+0000] {processor.py:183} INFO - Processing /home/airflow/.local/lib/python3.12/site-packages/airflow/example_dags/plugins/event_listener.py took 0.069 seconds
[2026-05-09T19:04:54.412+0000] {processor.py:161} INFO - Started process (PID=825) to work on /home/airflow/.local/lib/python3.12/site-packages/airflow/example_dags/plugins/event_listener.py
[2026-05-09T19:04:54.413+0000] {processor.py:830} INFO - Processing file /home/airflow/.local/lib/python3.12/site-packages/airflow/example_dags/plugins/event_listener.py for tasks to queue
[2026-05-09T19:04:54.418+0000] {logging_mixin.py:188} INFO - [2026-05-09T19:04:54.417+0000] {dagbag.py:545} INFO - Filling up the DagBag from /home/airflow/.local/lib/python3.12/site-packages/airflow/example_dags/plugins/event_listener.py
[2026-05-09T19:04:54.422+0000] {processor.py:842} WARNING - No viable dags retrieved from /home/airflow/.local/lib/python3.12/site-packages/airflow/example_dags/plugins/event_listener.py
[2026-05-09T19:04:54.444+0000] {processor.py:183} INFO - Processing /home/airflow/.local/lib/python3.12/site-packages/airflow/example_dags/plugins/event_listener.py took 0.042 seconds
[2026-05-09T19:05:24.783+0000] {processor.py:161} INFO - Started process (PID=885) to work on /home/airflow/.local/lib/python3.12/site-packages/airflow/example_dags/plugins/event_listener.py
[2026-05-09T19:05:24.785+0000] {processor.py:830} INFO - Processing file /home/airflow/.local/lib/python3.12/site-packages/airflow/example_dags/plugins/event_listener.py for tasks to queue
[2026-05-09T19:05:24.789+0000] {logging_mixin.py:188} INFO - [2026-05-09T19:05:24.788+0000] {dagbag.py:545} INFO - Filling up the DagBag from /home/airflow/.local/lib/python3.12/site-packages/airflow/example_dags/plugins/event_listener.py
[2026-05-09T19:05:24.792+0000] {processor.py:842} WARNING - No viable dags retrieved from /home/airflow/.local/lib/python3.12/site-packages/airflow/example_dags/plugins/event_listener.py
[2026-05-09T19:05:24.811+0000] {processor.py:183} INFO - Processing /home/airflow/.local/lib/python3.12/site-packages/airflow/example_dags/plugins/event_listener.py took 0.036 seconds
[2026-05-09T19:05:55.670+0000] {processor.py:161} INFO - Started process (PID=945) to work on /home/airflow/.local/lib/python3.12/site-packages/airflow/example_dags/plugins/event_listener.py
[2026-05-09T19:05:55.672+0000] {processor.py:830} INFO - Processing file /home/airflow/.local/lib/python3.12/site-packages/airflow/example_dags/plugins/event_listener.py for tasks to queue
[2026-05-09T19:05:55.676+0000] {logging_mixin.py:188} INFO - [2026-05-09T19:05:55.675+0000] {dagbag.py:545} INFO - Filling up the DagBag from /home/airflow/.local/lib/python3.12/site-packages/airflow/example_dags/plugins/event_listener.py
[2026-05-09T19:05:55.685+0000] {processor.py:842} WARNING - No viable dags retrieved from /home/airflow/.local/lib/python3.12/site-packages/airflow/example_dags/plugins/event_listener.py
[2026-05-09T19:05:55.712+0000] {processor.py:183} INFO - Processing /home/airflow/.local/lib/python3.12/site-packages/airflow/example_dags/plugins/event_listener.py took 0.057 seconds
[2026-05-09T19:06:25.865+0000] {processor.py:161} INFO - Started process (PID=1004) to work on /home/airflow/.local/lib/python3.12/site-packages/airflow/example_dags/plugins/event_listener.py
[2026-05-09T19:06:25.867+0000] {processor.py:830} INFO - Processing file /home/airflow/.local/lib/python3.12/site-packages/airflow/example_dags/plugins/event_listener.py for tasks to queue
[2026-05-09T19:06:25.871+0000] {logging_mixin.py:188} INFO - [2026-05-09T19:06:25.870+0000] {dagbag.py:545} INFO - Filling up the DagBag from /home/airflow/.local/lib/python3.12/site-packages/airflow/example_dags/plugins/event_listener.py
[2026-05-09T19:06:25.874+0000] {processor.py:842} WARNING - No viable dags retrieved from /home/airflow/.local/lib/python3.12/site-packages/airflow/example_dags/plugins/event_listener.py
[2026-05-09T19:06:25.898+0000] {processor.py:183} INFO - Processing /home/airflow/.local/lib/python3.12/site-packages/airflow/example_dags/plugins/event_listener.py took 0.042 seconds
[2026-05-09T19:06:56.989+0000] {processor.py:161} INFO - Started process (PID=1064) to work on /home/airflow/.local/lib/python3.12/site-packages/airflow/example_dags/plugins/event_listener.py
[2026-05-09T19:06:56.991+0000] {processor.py:830} INFO - Processing file /home/airflow/.local/lib/python3.12/site-packages/airflow/example_dags/plugins/event_listener.py for tasks to queue
[2026-05-09T19:06:56.994+0000] {logging_mixin.py:188} INFO - [2026-05-09T19:06:56.994+0000] {dagbag.py:545} INFO - Filling up the DagBag from /home/airflow/.local/lib/python3.12/site-packages/airflow/example_dags/plugins/event_listener.py
[2026-05-09T19:06:56.998+0000] {processor.py:842} WARNING - No viable dags retrieved from /home/airflow/.local/lib/python3.12/site-packages/airflow/example_dags/plugins/event_listener.py
[2026-05-09T19:06:57.024+0000] {processor.py:183} INFO - Processing /home/airflow/.local/lib/python3.12/site-packages/airflow/example_dags/plugins/event_listener.py took 0.045 seconds
[2026-05-09T19:07:28.820+0000] {processor.py:161} INFO - Started process (PID=1125) to work on /home/airflow/.local/lib/python3.12/site-packages/airflow/example_dags/plugins/event_listener.py
[2026-05-09T19:07:28.825+0000] {processor.py:830} INFO - Processing file /home/airflow/.local/lib/python3.12/site-packages/airflow/example_dags/plugins/event_listener.py for tasks to queue
[2026-05-09T19:07:28.831+0000] {logging_mixin.py:188} INFO - [2026-05-09T19:07:28.830+0000] {dagbag.py:545} INFO - Filling up the DagBag from /home/airflow/.local/lib/python3.12/site-packages/airflow/example_dags/plugins/event_listener.py
[2026-05-09T19:07:28.835+0000] {processor.py:842} WARNING - No viable dags retrieved from /home/airflow/.local/lib/python3.12/site-packages/airflow/example_dags/plugins/event_listener.py
[2026-05-09T19:07:28.883+0000] {processor.py:183} INFO - Processing /home/airflow/.local/lib/python3.12/site-packages/airflow/example_dags/plugins/event_listener.py took 0.077 seconds
[2026-05-09T19:07:59.773+0000] {processor.py:161} INFO - Started process (PID=1186) to work on /home/airflow/.local/lib/python3.12/site-packages/airflow/example_dags/plugins/event_listener.py
[2026-05-09T19:07:59.775+0000] {processor.py:830} INFO - Processing file /home/airflow/.local/lib/python3.12/site-packages/airflow/example_dags/plugins/event_listener.py for tasks to queue
[2026-05-09T19:07:59.779+0000] {logging_mixin.py:188} INFO - [2026-05-09T19:07:59.779+0000] {dagbag.py:545} INFO - Filling up the DagBag from /home/airflow/.local/lib/python3.12/site-packages/airflow/example_dags/plugins/event_listener.py
[2026-05-09T19:07:59.784+0000] {processor.py:842} WARNING - No viable dags retrieved from /home/airflow/.local/lib/python3.12/site-packages/airflow/example_dags/plugins/event_listener.py
[2026-05-09T19:07:59.810+0000] {processor.py:183} INFO - Processing /home/airflow/.local/lib/python3.12/site-packages/airflow/example_dags/plugins/event_listener.py took 0.049 seconds
[2026-05-09T19:08:29.890+0000] {processor.py:161} INFO - Started process (PID=1245) to work on /home/airflow/.local/lib/python3.12/site-packages/airflow/example_dags/plugins/event_listener.py
[2026-05-09T19:08:29.891+0000] {processor.py:830} INFO - Processing file /home/airflow/.local/lib/python3.12/site-packages/airflow/example_dags/plugins/event_listener.py for tasks to queue
[2026-05-09T19:08:29.893+0000] {logging_mixin.py:188} INFO - [2026-05-09T19:08:29.893+0000] {dagbag.py:545} INFO - Filling up the DagBag from /home/airflow/.local/lib/python3.12/site-packages/airflow/example_dags/plugins/event_listener.py
[2026-05-09T19:08:29.895+0000] {processor.py:842} WARNING - No viable dags retrieved from /home/airflow/.local/lib/python3.12/site-packages/airflow/example_dags/plugins/event_listener.py
[2026-05-09T19:08:29.911+0000] {processor.py:183} INFO - Processing /home/airflow/.local/lib/python3.12/site-packages/airflow/example_dags/plugins/event_listener.py took 0.025 seconds
[2026-05-09T19:09:00.826+0000] {processor.py:161} INFO - Started process (PID=1305) to work on /home/airflow/.local/lib/python3.12/site-packages/airflow/example_dags/plugins/event_listener.py
[2026-05-09T19:09:00.828+0000] {processor.py:830} INFO - Processing file /home/airflow/.local/lib/python3.12/site-packages/airflow/example_dags/plugins/event_listener.py for tasks to queue
[2026-05-09T19:09:00.831+0000] {logging_mixin.py:188} INFO - [2026-05-09T19:09:00.831+0000] {dagbag.py:545} INFO - Filling up the DagBag from /home/airflow/.local/lib/python3.12/site-packages/airflow/example_dags/plugins/event_listener.py
[2026-05-09T19:09:00.833+0000] {processor.py:842} WARNING - No viable dags retrieved from /home/airflow/.local/lib/python3.12/site-packages/airflow/example_dags/plugins/event_listener.py
[2026-05-09T19:09:00.847+0000] {processor.py:183} INFO - Processing /home/airflow/.local/lib/python3.12/site-packages/airflow/example_dags/plugins/event_listener.py took 0.028 seconds
[2026-05-09T19:09:31.327+0000] {processor.py:161} INFO - Started process (PID=1365) to work on /home/airflow/.local/lib/python3.12/site-packages/airflow/example_dags/plugins/event_listener.py
[2026-05-09T19:09:31.328+0000] {processor.py:830} INFO - Processing file /home/airflow/.local/lib/python3.12/site-packages/airflow/example_dags/plugins/event_listener.py for tasks to queue
[2026-05-09T19:09:31.331+0000] {logging_mixin.py:188} INFO - [2026-05-09T19:09:31.330+0000] {dagbag.py:545} INFO - Filling up the DagBag from /home/airflow/.local/lib/python3.12/site-packages/airflow/example_dags/plugins/event_listener.py
[2026-05-09T19:09:31.334+0000] {processor.py:842} WARNING - No viable dags retrieved from /home/airflow/.local/lib/python3.12/site-packages/airflow/example_dags/plugins/event_listener.py
[2026-05-09T19:09:31.349+0000] {processor.py:183} INFO - Processing /home/airflow/.local/lib/python3.12/site-packages/airflow/example_dags/plugins/event_listener.py took 0.028 seconds
[2026-05-09T19:10:01.536+0000] {processor.py:161} INFO - Started process (PID=1425) to work on /home/airflow/.local/lib/python3.12/site-packages/airflow/example_dags/plugins/event_listener.py
[2026-05-09T19:10:01.537+0000] {processor.py:830} INFO - Processing file /home/airflow/.local/lib/python3.12/site-packages/airflow/example_dags/plugins/event_listener.py for tasks to queue
[2026-05-09T19:10:01.539+0000] {logging_mixin.py:188} INFO - [2026-05-09T19:10:01.539+0000] {dagbag.py:545} INFO - Filling up the DagBag from /home/airflow/.local/lib/python3.12/site-packages/airflow/example_dags/plugins/event_listener.py
[2026-05-09T19:10:01.541+0000] {processor.py:842} WARNING - No viable dags retrieved from /home/airflow/.local/lib/python3.12/site-packages/airflow/example_dags/plugins/event_listener.py
[2026-05-09T19:10:01.553+0000] {processor.py:183} INFO - Processing /home/airflow/.local/lib/python3.12/site-packages/airflow/example_dags/plugins/event_listener.py took 0.022 seconds
[2026-05-09T19:10:32.547+0000] {processor.py:161} INFO - Started process (PID=1485) to work on /home/airflow/.local/lib/python3.12/site-packages/airflow/example_dags/plugins/event_listener.py
[2026-05-09T19:10:32.548+0000] {processor.py:830} INFO - Processing file /home/airflow/.local/lib/python3.12/site-packages/airflow/example_dags/plugins/event_listener.py for tasks to queue
[2026-05-09T19:10:32.550+0000] {logging_mixin.py:188} INFO - [2026-05-09T19:10:32.550+0000] {dagbag.py:545} INFO - Filling up the DagBag from /home/airflow/.local/lib/python3.12/site-packages/airflow/example_dags/plugins/event_listener.py
[2026-05-09T19:10:32.552+0000] {processor.py:842} WARNING - No viable dags retrieved from /home/airflow/.local/lib/python3.12/site-packages/airflow/example_dags/plugins/event_listener.py
[2026-05-09T19:10:32.563+0000] {processor.py:183} INFO - Processing /home/airflow/.local/lib/python3.12/site-packages/airflow/example_dags/plugins/event_listener.py took 0.021 seconds
[2026-05-09T19:11:02.633+0000] {processor.py:161} INFO - Started process (PID=1543) to work on /home/airflow/.local/lib/python3.12/site-packages/airflow/example_dags/plugins/event_listener.py
[2026-05-09T19:11:02.634+0000] {processor.py:830} INFO - Processing file /home/airflow/.local/lib/python3.12/site-packages/airflow/example_dags/plugins/event_listener.py for tasks to queue
[2026-05-09T19:11:02.636+0000] {logging_mixin.py:188} INFO - [2026-05-09T19:11:02.636+0000] {dagbag.py:545} INFO - Filling up the DagBag from /home/airflow/.local/lib/python3.12/site-packages/airflow/example_dags/plugins/event_listener.py
[2026-05-09T19:11:02.638+0000] {processor.py:842} WARNING - No viable dags retrieved from /home/airflow/.local/lib/python3.12/site-packages/airflow/example_dags/plugins/event_listener.py
[2026-05-09T19:11:02.649+0000] {processor.py:183} INFO - Processing /home/airflow/.local/lib/python3.12/site-packages/airflow/example_dags/plugins/event_listener.py took 0.021 seconds
[2026-05-09T19:11:42.476+0000] {processor.py:161} INFO - Started process (PID=1607) to work on /home/airflow/.local/lib/python3.12/site-packages/airflow/example_dags/plugins/event_listener.py
[2026-05-09T19:11:42.482+0000] {processor.py:830} INFO - Processing file /home/airflow/.local/lib/python3.12/site-packages/airflow/example_dags/plugins/event_listener.py for tasks to queue
[2026-05-09T19:11:42.488+0000] {logging_mixin.py:188} INFO - [2026-05-09T19:11:42.488+0000] {dagbag.py:545} INFO - Filling up the DagBag from /home/airflow/.local/lib/python3.12/site-packages/airflow/example_dags/plugins/event_listener.py
[2026-05-09T19:11:42.494+0000] {processor.py:842} WARNING - No viable dags retrieved from /home/airflow/.local/lib/python3.12/site-packages/airflow/example_dags/plugins/event_listener.py
[2026-05-09T19:11:42.511+0000] {processor.py:183} INFO - Processing /home/airflow/.local/lib/python3.12/site-packages/airflow/example_dags/plugins/event_listener.py took 0.040 seconds
[2026-05-09T19:12:12.805+0000] {processor.py:161} INFO - Started process (PID=1666) to work on /home/airflow/.local/lib/python3.12/site-packages/airflow/example_dags/plugins/event_listener.py
[2026-05-09T19:12:12.807+0000] {processor.py:830} INFO - Processing file /home/airflow/.local/lib/python3.12/site-packages/airflow/example_dags/plugins/event_listener.py for tasks to queue
[2026-05-09T19:12:12.809+0000] {logging_mixin.py:188} INFO - [2026-05-09T19:12:12.808+0000] {dagbag.py:545} INFO - Filling up the DagBag from /home/airflow/.local/lib/python3.12/site-packages/airflow/example_dags/plugins/event_listener.py
[2026-05-09T19:12:12.811+0000] {processor.py:842} WARNING - No viable dags retrieved from /home/airflow/.local/lib/python3.12/site-packages/airflow/example_dags/plugins/event_listener.py
[2026-05-09T19:12:12.826+0000] {processor.py:183} INFO - Processing /home/airflow/.local/lib/python3.12/site-packages/airflow/example_dags/plugins/event_listener.py took 0.026 seconds
[2026-05-09T19:12:43.114+0000] {processor.py:161} INFO - Started process (PID=1726) to work on /home/airflow/.local/lib/python3.12/site-packages/airflow/example_dags/plugins/event_listener.py
[2026-05-09T19:12:43.116+0000] {processor.py:830} INFO - Processing file /home/airflow/.local/lib/python3.12/site-packages/airflow/example_dags/plugins/event_listener.py for tasks to queue
[2026-05-09T19:12:43.118+0000] {logging_mixin.py:188} INFO - [2026-05-09T19:12:43.118+0000] {dagbag.py:545} INFO - Filling up the DagBag from /home/airflow/.local/lib/python3.12/site-packages/airflow/example_dags/plugins/event_listener.py
[2026-05-09T19:12:43.120+0000] {processor.py:842} WARNING - No viable dags retrieved from /home/airflow/.local/lib/python3.12/site-packages/airflow/example_dags/plugins/event_listener.py
[2026-05-09T19:12:43.132+0000] {processor.py:183} INFO - Processing /home/airflow/.local/lib/python3.12/site-packages/airflow/example_dags/plugins/event_listener.py took 0.022 seconds
[2026-05-09T19:13:13.437+0000] {processor.py:161} INFO - Started process (PID=1783) to work on /home/airflow/.local/lib/python3.12/site-packages/airflow/example_dags/plugins/event_listener.py
[2026-05-09T19:13:13.438+0000] {processor.py:830} INFO - Processing file /home/airflow/.local/lib/python3.12/site-packages/airflow/example_dags/plugins/event_listener.py for tasks to queue
[2026-05-09T19:13:13.440+0000] {logging_mixin.py:188} INFO - [2026-05-09T19:13:13.440+0000] {dagbag.py:545} INFO - Filling up the DagBag from /home/airflow/.local/lib/python3.12/site-packages/airflow/example_dags/plugins/event_listener.py
[2026-05-09T19:13:13.442+0000] {processor.py:842} WARNING - No viable dags retrieved from /home/airflow/.local/lib/python3.12/site-packages/airflow/example_dags/plugins/event_listener.py
[2026-05-09T19:13:13.457+0000] {processor.py:183} INFO - Processing /home/airflow/.local/lib/python3.12/site-packages/airflow/example_dags/plugins/event_listener.py took 0.026 seconds
[2026-05-09T19:13:44.045+0000] {processor.py:161} INFO - Started process (PID=1843) to work on /home/airflow/.local/lib/python3.12/site-packages/airflow/example_dags/plugins/event_listener.py
[2026-05-09T19:13:44.047+0000] {processor.py:830} INFO - Processing file /home/airflow/.local/lib/python3.12/site-packages/airflow/example_dags/plugins/event_listener.py for tasks to queue
[2026-05-09T19:13:44.049+0000] {logging_mixin.py:188} INFO - [2026-05-09T19:13:44.049+0000] {dagbag.py:545} INFO - Filling up the DagBag from /home/airflow/.local/lib/python3.12/site-packages/airflow/example_dags/plugins/event_listener.py
[2026-05-09T19:13:44.051+0000] {processor.py:842} WARNING - No viable dags retrieved from /home/airflow/.local/lib/python3.12/site-packages/airflow/example_dags/plugins/event_listener.py
[2026-05-09T19:13:44.064+0000] {processor.py:183} INFO - Processing /home/airflow/.local/lib/python3.12/site-packages/airflow/example_dags/plugins/event_listener.py took 0.025 seconds
[2026-05-09T19:14:15.229+0000] {processor.py:161} INFO - Started process (PID=1911) to work on /home/airflow/.local/lib/python3.12/site-packages/airflow/example_dags/plugins/event_listener.py
[2026-05-09T19:14:15.233+0000] {processor.py:830} INFO - Processing file /home/airflow/.local/lib/python3.12/site-packages/airflow/example_dags/plugins/event_listener.py for tasks to queue
[2026-05-09T19:14:15.235+0000] {logging_mixin.py:188} INFO - [2026-05-09T19:14:15.235+0000] {dagbag.py:545} INFO - Filling up the DagBag from /home/airflow/.local/lib/python3.12/site-packages/airflow/example_dags/plugins/event_listener.py
[2026-05-09T19:14:15.237+0000] {processor.py:842} WARNING - No viable dags retrieved from /home/airflow/.local/lib/python3.12/site-packages/airflow/example_dags/plugins/event_listener.py
[2026-05-09T19:14:15.251+0000] {processor.py:183} INFO - Processing /home/airflow/.local/lib/python3.12/site-packages/airflow/example_dags/plugins/event_listener.py took 0.027 seconds
[2026-05-09T19:14:45.439+0000] {processor.py:161} INFO - Started process (PID=1971) to work on /home/airflow/.local/lib/python3.12/site-packages/airflow/example_dags/plugins/event_listener.py
[2026-05-09T19:14:45.442+0000] {processor.py:830} INFO - Processing file /home/airflow/.local/lib/python3.12/site-packages/airflow/example_dags/plugins/event_listener.py for tasks to queue
[2026-05-09T19:14:45.444+0000] {logging_mixin.py:188} INFO - [2026-05-09T19:14:45.444+0000] {dagbag.py:545} INFO - Filling up the DagBag from /home/airflow/.local/lib/python3.12/site-packages/airflow/example_dags/plugins/event_listener.py
[2026-05-09T19:14:45.446+0000] {processor.py:842} WARNING - No viable dags retrieved from /home/airflow/.local/lib/python3.12/site-packages/airflow/example_dags/plugins/event_listener.py
[2026-05-09T19:14:45.459+0000] {processor.py:183} INFO - Processing /home/airflow/.local/lib/python3.12/site-packages/airflow/example_dags/plugins/event_listener.py took 0.026 seconds
[2026-05-09T19:15:15.639+0000] {processor.py:161} INFO - Started process (PID=2029) to work on /home/airflow/.local/lib/python3.12/site-packages/airflow/example_dags/plugins/event_listener.py
[2026-05-09T19:15:15.641+0000] {processor.py:830} INFO - Processing file /home/airflow/.local/lib/python3.12/site-packages/airflow/example_dags/plugins/event_listener.py for tasks to queue
[2026-05-09T19:15:15.644+0000] {logging_mixin.py:188} INFO - [2026-05-09T19:15:15.643+0000] {dagbag.py:545} INFO - Filling up the DagBag from /home/airflow/.local/lib/python3.12/site-packages/airflow/example_dags/plugins/event_listener.py
[2026-05-09T19:15:15.646+0000] {processor.py:842} WARNING - No viable dags retrieved from /home/airflow/.local/lib/python3.12/site-packages/airflow/example_dags/plugins/event_listener.py
[2026-05-09T19:15:15.659+0000] {processor.py:183} INFO - Processing /home/airflow/.local/lib/python3.12/site-packages/airflow/example_dags/plugins/event_listener.py took 0.024 seconds
[2026-05-09T19:15:45.729+0000] {processor.py:161} INFO - Started process (PID=2088) to work on /home/airflow/.local/lib/python3.12/site-packages/airflow/example_dags/plugins/event_listener.py
[2026-05-09T19:15:45.731+0000] {processor.py:830} INFO - Processing file /home/airflow/.local/lib/python3.12/site-packages/airflow/example_dags/plugins/event_listener.py for tasks to queue
[2026-05-09T19:15:45.733+0000] {logging_mixin.py:188} INFO - [2026-05-09T19:15:45.733+0000] {dagbag.py:545} INFO - Filling up the DagBag from /home/airflow/.local/lib/python3.12/site-packages/airflow/example_dags/plugins/event_listener.py
[2026-05-09T19:15:45.735+0000] {processor.py:842} WARNING - No viable dags retrieved from /home/airflow/.local/lib/python3.12/site-packages/airflow/example_dags/plugins/event_listener.py
[2026-05-09T19:15:45.748+0000] {processor.py:183} INFO - Processing /home/airflow/.local/lib/python3.12/site-packages/airflow/example_dags/plugins/event_listener.py took 0.023 seconds
[2026-05-09T19:16:16.658+0000] {processor.py:161} INFO - Started process (PID=2148) to work on /home/airflow/.local/lib/python3.12/site-packages/airflow/example_dags/plugins/event_listener.py
[2026-05-09T19:16:16.659+0000] {processor.py:830} INFO - Processing file /home/airflow/.local/lib/python3.12/site-packages/airflow/example_dags/plugins/event_listener.py for tasks to queue
[2026-05-09T19:16:16.662+0000] {logging_mixin.py:188} INFO - [2026-05-09T19:16:16.661+0000] {dagbag.py:545} INFO - Filling up the DagBag from /home/airflow/.local/lib/python3.12/site-packages/airflow/example_dags/plugins/event_listener.py
[2026-05-09T19:16:16.664+0000] {processor.py:842} WARNING - No viable dags retrieved from /home/airflow/.local/lib/python3.12/site-packages/airflow/example_dags/plugins/event_listener.py
[2026-05-09T19:16:16.677+0000] {processor.py:183} INFO - Processing /home/airflow/.local/lib/python3.12/site-packages/airflow/example_dags/plugins/event_listener.py took 0.023 seconds
[2026-05-09T19:16:47.186+0000] {processor.py:161} INFO - Started process (PID=2208) to work on /home/airflow/.local/lib/python3.12/site-packages/airflow/example_dags/plugins/event_listener.py
[2026-05-09T19:16:47.190+0000] {processor.py:830} INFO - Processing file /home/airflow/.local/lib/python3.12/site-packages/airflow/example_dags/plugins/event_listener.py for tasks to queue
[2026-05-09T19:16:47.192+0000] {logging_mixin.py:188} INFO - [2026-05-09T19:16:47.192+0000] {dagbag.py:545} INFO - Filling up the DagBag from /home/airflow/.local/lib/python3.12/site-packages/airflow/example_dags/plugins/event_listener.py
[2026-05-09T19:16:47.196+0000] {processor.py:842} WARNING - No viable dags retrieved from /home/airflow/.local/lib/python3.12/site-packages/airflow/example_dags/plugins/event_listener.py
[2026-05-09T19:16:47.208+0000] {processor.py:183} INFO - Processing /home/airflow/.local/lib/python3.12/site-packages/airflow/example_dags/plugins/event_listener.py took 0.028 seconds
[2026-05-09T19:17:17.578+0000] {processor.py:161} INFO - Started process (PID=2268) to work on /home/airflow/.local/lib/python3.12/site-packages/airflow/example_dags/plugins/event_listener.py
[2026-05-09T19:17:17.579+0000] {processor.py:830} INFO - Processing file /home/airflow/.local/lib/python3.12/site-packages/airflow/example_dags/plugins/event_listener.py for tasks to queue
[2026-05-09T19:17:17.581+0000] {logging_mixin.py:188} INFO - [2026-05-09T19:17:17.581+0000] {dagbag.py:545} INFO - Filling up the DagBag from /home/airflow/.local/lib/python3.12/site-packages/airflow/example_dags/plugins/event_listener.py
[2026-05-09T19:17:17.583+0000] {processor.py:842} WARNING - No viable dags retrieved from /home/airflow/.local/lib/python3.12/site-packages/airflow/example_dags/plugins/event_listener.py
[2026-05-09T19:17:17.595+0000] {processor.py:183} INFO - Processing /home/airflow/.local/lib/python3.12/site-packages/airflow/example_dags/plugins/event_listener.py took 0.022 seconds
[2026-05-09T19:17:47.779+0000] {processor.py:161} INFO - Started process (PID=2328) to work on /home/airflow/.local/lib/python3.12/site-packages/airflow/example_dags/plugins/event_listener.py
[2026-05-09T19:17:47.780+0000] {processor.py:830} INFO - Processing file /home/airflow/.local/lib/python3.12/site-packages/airflow/example_dags/plugins/event_listener.py for tasks to queue
[2026-05-09T19:17:47.784+0000] {logging_mixin.py:188} INFO - [2026-05-09T19:17:47.784+0000] {dagbag.py:545} INFO - Filling up the DagBag from /home/airflow/.local/lib/python3.12/site-packages/airflow/example_dags/plugins/event_listener.py
[2026-05-09T19:17:47.787+0000] {processor.py:842} WARNING - No viable dags retrieved from /home/airflow/.local/lib/python3.12/site-packages/airflow/example_dags/plugins/event_listener.py
[2026-05-09T19:17:47.806+0000] {processor.py:183} INFO - Processing /home/airflow/.local/lib/python3.12/site-packages/airflow/example_dags/plugins/event_listener.py took 0.037 seconds
[2026-05-09T19:18:18.832+0000] {processor.py:161} INFO - Started process (PID=2388) to work on /home/airflow/.local/lib/python3.12/site-packages/airflow/example_dags/plugins/event_listener.py
[2026-05-09T19:18:18.834+0000] {processor.py:830} INFO - Processing file /home/airflow/.local/lib/python3.12/site-packages/airflow/example_dags/plugins/event_listener.py for tasks to queue
[2026-05-09T19:18:18.841+0000] {logging_mixin.py:188} INFO - [2026-05-09T19:18:18.839+0000] {dagbag.py:545} INFO - Filling up the DagBag from /home/airflow/.local/lib/python3.12/site-packages/airflow/example_dags/plugins/event_listener.py
[2026-05-09T19:18:18.845+0000] {processor.py:842} WARNING - No viable dags retrieved from /home/airflow/.local/lib/python3.12/site-packages/airflow/example_dags/plugins/event_listener.py
[2026-05-09T19:18:18.870+0000] {processor.py:183} INFO - Processing /home/airflow/.local/lib/python3.12/site-packages/airflow/example_dags/plugins/event_listener.py took 0.049 seconds
[2026-05-09T19:18:49.055+0000] {processor.py:161} INFO - Started process (PID=2448) to work on /home/airflow/.local/lib/python3.12/site-packages/airflow/example_dags/plugins/event_listener.py
[2026-05-09T19:18:49.056+0000] {processor.py:830} INFO - Processing file /home/airflow/.local/lib/python3.12/site-packages/airflow/example_dags/plugins/event_listener.py for tasks to queue
[2026-05-09T19:18:49.060+0000] {logging_mixin.py:188} INFO - [2026-05-09T19:18:49.059+0000] {dagbag.py:545} INFO - Filling up the DagBag from /home/airflow/.local/lib/python3.12/site-packages/airflow/example_dags/plugins/event_listener.py
[2026-05-09T19:18:49.063+0000] {processor.py:842} WARNING - No viable dags retrieved from /home/airflow/.local/lib/python3.12/site-packages/airflow/example_dags/plugins/event_listener.py
[2026-05-09T19:18:49.082+0000] {processor.py:183} INFO - Processing /home/airflow/.local/lib/python3.12/site-packages/airflow/example_dags/plugins/event_listener.py took 0.037 seconds
[2026-05-09T19:19:19.344+0000] {processor.py:161} INFO - Started process (PID=2508) to work on /home/airflow/.local/lib/python3.12/site-packages/airflow/example_dags/plugins/event_listener.py
[2026-05-09T19:19:19.345+0000] {processor.py:830} INFO - Processing file /home/airflow/.local/lib/python3.12/site-packages/airflow/example_dags/plugins/event_listener.py for tasks to queue
[2026-05-09T19:19:19.349+0000] {logging_mixin.py:188} INFO - [2026-05-09T19:19:19.348+0000] {dagbag.py:545} INFO - Filling up the DagBag from /home/airflow/.local/lib/python3.12/site-packages/airflow/example_dags/plugins/event_listener.py
[2026-05-09T19:19:19.354+0000] {processor.py:842} WARNING - No viable dags retrieved from /home/airflow/.local/lib/python3.12/site-packages/airflow/example_dags/plugins/event_listener.py
[2026-05-09T19:19:19.377+0000] {processor.py:183} INFO - Processing /home/airflow/.local/lib/python3.12/site-packages/airflow/example_dags/plugins/event_listener.py took 0.041 seconds
[2026-05-09T19:19:49.892+0000] {processor.py:161} INFO - Started process (PID=2568) to work on /home/airflow/.local/lib/python3.12/site-packages/airflow/example_dags/plugins/event_listener.py
[2026-05-09T19:19:49.893+0000] {processor.py:830} INFO - Processing file /home/airflow/.local/lib/python3.12/site-packages/airflow/example_dags/plugins/event_listener.py for tasks to queue
[2026-05-09T19:19:49.897+0000] {logging_mixin.py:188} INFO - [2026-05-09T19:19:49.896+0000] {dagbag.py:545} INFO - Filling up the DagBag from /home/airflow/.local/lib/python3.12/site-packages/airflow/example_dags/plugins/event_listener.py
[2026-05-09T19:19:49.900+0000] {processor.py:842} WARNING - No viable dags retrieved from /home/airflow/.local/lib/python3.12/site-packages/airflow/example_dags/plugins/event_listener.py
[2026-05-09T19:19:49.922+0000] {processor.py:183} INFO - Processing /home/airflow/.local/lib/python3.12/site-packages/airflow/example_dags/plugins/event_listener.py took 0.040 seconds
[2026-05-09T19:20:20.501+0000] {processor.py:161} INFO - Started process (PID=2628) to work on /home/airflow/.local/lib/python3.12/site-packages/airflow/example_dags/plugins/event_listener.py
[2026-05-09T19:20:20.503+0000] {processor.py:830} INFO - Processing file /home/airflow/.local/lib/python3.12/site-packages/airflow/example_dags/plugins/event_listener.py for tasks to queue
[2026-05-09T19:20:20.506+0000] {logging_mixin.py:188} INFO - [2026-05-09T19:20:20.506+0000] {dagbag.py:545} INFO - Filling up the DagBag from /home/airflow/.local/lib/python3.12/site-packages/airflow/example_dags/plugins/event_listener.py
[2026-05-09T19:20:20.510+0000] {processor.py:842} WARNING - No viable dags retrieved from /home/airflow/.local/lib/python3.12/site-packages/airflow/example_dags/plugins/event_listener.py
[2026-05-09T19:20:20.530+0000] {processor.py:183} INFO - Processing /home/airflow/.local/lib/python3.12/site-packages/airflow/example_dags/plugins/event_listener.py took 0.038 seconds
[2026-05-09T19:20:51.129+0000] {processor.py:161} INFO - Started process (PID=2688) to work on /home/airflow/.local/lib/python3.12/site-packages/airflow/example_dags/plugins/event_listener.py
[2026-05-09T19:20:51.131+0000] {processor.py:830} INFO - Processing file /home/airflow/.local/lib/python3.12/site-packages/airflow/example_dags/plugins/event_listener.py for tasks to queue
[2026-05-09T19:20:51.134+0000] {logging_mixin.py:188} INFO - [2026-05-09T19:20:51.133+0000] {dagbag.py:545} INFO - Filling up the DagBag from /home/airflow/.local/lib/python3.12/site-packages/airflow/example_dags/plugins/event_listener.py
[2026-05-09T19:20:51.138+0000] {processor.py:842} WARNING - No viable dags retrieved from /home/airflow/.local/lib/python3.12/site-packages/airflow/example_dags/plugins/event_listener.py
[2026-05-09T19:20:51.159+0000] {processor.py:183} INFO - Processing /home/airflow/.local/lib/python3.12/site-packages/airflow/example_dags/plugins/event_listener.py took 0.038 seconds
[2026-05-09T19:21:21.763+0000] {processor.py:161} INFO - Started process (PID=2749) to work on /home/airflow/.local/lib/python3.12/site-packages/airflow/example_dags/plugins/event_listener.py
[2026-05-09T19:21:21.765+0000] {processor.py:830} INFO - Processing file /home/airflow/.local/lib/python3.12/site-packages/airflow/example_dags/plugins/event_listener.py for tasks to queue
[2026-05-09T19:21:21.768+0000] {logging_mixin.py:188} INFO - [2026-05-09T19:21:21.768+0000] {dagbag.py:545} INFO - Filling up the DagBag from /home/airflow/.local/lib/python3.12/site-packages/airflow/example_dags/plugins/event_listener.py
[2026-05-09T19:21:21.772+0000] {processor.py:842} WARNING - No viable dags retrieved from /home/airflow/.local/lib/python3.12/site-packages/airflow/example_dags/plugins/event_listener.py
[2026-05-09T19:21:21.798+0000] {processor.py:183} INFO - Processing /home/airflow/.local/lib/python3.12/site-packages/airflow/example_dags/plugins/event_listener.py took 0.046 seconds
[2026-05-09T19:21:52.127+0000] {processor.py:161} INFO - Started process (PID=2809) to work on /home/airflow/.local/lib/python3.12/site-packages/airflow/example_dags/plugins/event_listener.py
[2026-05-09T19:21:52.129+0000] {processor.py:830} INFO - Processing file /home/airflow/.local/lib/python3.12/site-packages/airflow/example_dags/plugins/event_listener.py for tasks to queue
[2026-05-09T19:21:52.134+0000] {logging_mixin.py:188} INFO - [2026-05-09T19:21:52.133+0000] {dagbag.py:545} INFO - Filling up the DagBag from /home/airflow/.local/lib/python3.12/site-packages/airflow/example_dags/plugins/event_listener.py
[2026-05-09T19:21:52.138+0000] {processor.py:842} WARNING - No viable dags retrieved from /home/airflow/.local/lib/python3.12/site-packages/airflow/example_dags/plugins/event_listener.py
[2026-05-09T19:21:52.161+0000] {processor.py:183} INFO - Processing /home/airflow/.local/lib/python3.12/site-packages/airflow/example_dags/plugins/event_listener.py took 0.043 seconds
[2026-05-09T19:22:23.014+0000] {processor.py:161} INFO - Started process (PID=2869) to work on /home/airflow/.local/lib/python3.12/site-packages/airflow/example_dags/plugins/event_listener.py
[2026-05-09T19:22:23.018+0000] {processor.py:830} INFO - Processing file /home/airflow/.local/lib/python3.12/site-packages/airflow/example_dags/plugins/event_listener.py for tasks to queue
[2026-05-09T19:22:23.022+0000] {logging_mixin.py:188} INFO - [2026-05-09T19:22:23.021+0000] {dagbag.py:545} INFO - Filling up the DagBag from /home/airflow/.local/lib/python3.12/site-packages/airflow/example_dags/plugins/event_listener.py
[2026-05-09T19:22:23.025+0000] {processor.py:842} WARNING - No viable dags retrieved from /home/airflow/.local/lib/python3.12/site-packages/airflow/example_dags/plugins/event_listener.py
[2026-05-09T19:22:23.038+0000] {processor.py:183} INFO - Processing /home/airflow/.local/lib/python3.12/site-packages/airflow/example_dags/plugins/event_listener.py took 0.030 seconds
[2026-05-09T19:22:53.464+0000] {processor.py:161} INFO - Started process (PID=2929) to work on /home/airflow/.local/lib/python3.12/site-packages/airflow/example_dags/plugins/event_listener.py
[2026-05-09T19:22:53.465+0000] {processor.py:830} INFO - Processing file /home/airflow/.local/lib/python3.12/site-packages/airflow/example_dags/plugins/event_listener.py for tasks to queue
[2026-05-09T19:22:53.468+0000] {logging_mixin.py:188} INFO - [2026-05-09T19:22:53.467+0000] {dagbag.py:545} INFO - Filling up the DagBag from /home/airflow/.local/lib/python3.12/site-packages/airflow/example_dags/plugins/event_listener.py
[2026-05-09T19:22:53.470+0000] {processor.py:842} WARNING - No viable dags retrieved from /home/airflow/.local/lib/python3.12/site-packages/airflow/example_dags/plugins/event_listener.py
[2026-05-09T19:22:53.485+0000] {processor.py:183} INFO - Processing /home/airflow/.local/lib/python3.12/site-packages/airflow/example_dags/plugins/event_listener.py took 0.026 seconds
[2026-05-09T19:23:24.108+0000] {processor.py:161} INFO - Started process (PID=2989) to work on /home/airflow/.local/lib/python3.12/site-packages/airflow/example_dags/plugins/event_listener.py
[2026-05-09T19:23:24.109+0000] {processor.py:830} INFO - Processing file /home/airflow/.local/lib/python3.12/site-packages/airflow/example_dags/plugins/event_listener.py for tasks to queue
[2026-05-09T19:23:24.111+0000] {logging_mixin.py:188} INFO - [2026-05-09T19:23:24.111+0000] {dagbag.py:545} INFO - Filling up the DagBag from /home/airflow/.local/lib/python3.12/site-packages/airflow/example_dags/plugins/event_listener.py
[2026-05-09T19:23:24.113+0000] {processor.py:842} WARNING - No viable dags retrieved from /home/airflow/.local/lib/python3.12/site-packages/airflow/example_dags/plugins/event_listener.py
[2026-05-09T19:23:24.132+0000] {processor.py:183} INFO - Processing /home/airflow/.local/lib/python3.12/site-packages/airflow/example_dags/plugins/event_listener.py took 0.029 seconds
[2026-05-09T19:23:54.818+0000] {processor.py:161} INFO - Started process (PID=3049) to work on /home/airflow/.local/lib/python3.12/site-packages/airflow/example_dags/plugins/event_listener.py
[2026-05-09T19:23:54.820+0000] {processor.py:830} INFO - Processing file /home/airflow/.local/lib/python3.12/site-packages/airflow/example_dags/plugins/event_listener.py for tasks to queue
[2026-05-09T19:23:54.822+0000] {logging_mixin.py:188} INFO - [2026-05-09T19:23:54.821+0000] {dagbag.py:545} INFO - Filling up the DagBag from /home/airflow/.local/lib/python3.12/site-packages/airflow/example_dags/plugins/event_listener.py
[2026-05-09T19:23:54.824+0000] {processor.py:842} WARNING - No viable dags retrieved from /home/airflow/.local/lib/python3.12/site-packages/airflow/example_dags/plugins/event_listener.py
[2026-05-09T19:23:54.836+0000] {processor.py:183} INFO - Processing /home/airflow/.local/lib/python3.12/site-packages/airflow/example_dags/plugins/event_listener.py took 0.023 seconds
[2026-05-09T19:24:25.481+0000] {processor.py:161} INFO - Started process (PID=3109) to work on /home/airflow/.local/lib/python3.12/site-packages/airflow/example_dags/plugins/event_listener.py
[2026-05-09T19:24:25.484+0000] {processor.py:830} INFO - Processing file /home/airflow/.local/lib/python3.12/site-packages/airflow/example_dags/plugins/event_listener.py for tasks to queue
[2026-05-09T19:24:25.487+0000] {logging_mixin.py:188} INFO - [2026-05-09T19:24:25.487+0000] {dagbag.py:545} INFO - Filling up the DagBag from /home/airflow/.local/lib/python3.12/site-packages/airflow/example_dags/plugins/event_listener.py
[2026-05-09T19:24:25.492+0000] {processor.py:842} WARNING - No viable dags retrieved from /home/airflow/.local/lib/python3.12/site-packages/airflow/example_dags/plugins/event_listener.py
[2026-05-09T19:24:25.515+0000] {processor.py:183} INFO - Processing /home/airflow/.local/lib/python3.12/site-packages/airflow/example_dags/plugins/event_listener.py took 0.040 seconds
[2026-05-09T19:24:56.269+0000] {processor.py:161} INFO - Started process (PID=3169) to work on /home/airflow/.local/lib/python3.12/site-packages/airflow/example_dags/plugins/event_listener.py
[2026-05-09T19:24:56.271+0000] {processor.py:830} INFO - Processing file /home/airflow/.local/lib/python3.12/site-packages/airflow/example_dags/plugins/event_listener.py for tasks to queue
[2026-05-09T19:24:56.274+0000] {logging_mixin.py:188} INFO - [2026-05-09T19:24:56.273+0000] {dagbag.py:545} INFO - Filling up the DagBag from /home/airflow/.local/lib/python3.12/site-packages/airflow/example_dags/plugins/event_listener.py
[2026-05-09T19:24:56.277+0000] {processor.py:842} WARNING - No viable dags retrieved from /home/airflow/.local/lib/python3.12/site-packages/airflow/example_dags/plugins/event_listener.py
[2026-05-09T19:24:56.290+0000] {processor.py:183} INFO - Processing /home/airflow/.local/lib/python3.12/site-packages/airflow/example_dags/plugins/event_listener.py took 0.026 seconds
[2026-05-09T19:25:27.040+0000] {processor.py:161} INFO - Started process (PID=3229) to work on /home/airflow/.local/lib/python3.12/site-packages/airflow/example_dags/plugins/event_listener.py
[2026-05-09T19:25:27.043+0000] {processor.py:830} INFO - Processing file /home/airflow/.local/lib/python3.12/site-packages/airflow/example_dags/plugins/event_listener.py for tasks to queue
[2026-05-09T19:25:27.045+0000] {logging_mixin.py:188} INFO - [2026-05-09T19:25:27.045+0000] {dagbag.py:545} INFO - Filling up the DagBag from /home/airflow/.local/lib/python3.12/site-packages/airflow/example_dags/plugins/event_listener.py
[2026-05-09T19:25:27.047+0000] {processor.py:842} WARNING - No viable dags retrieved from /home/airflow/.local/lib/python3.12/site-packages/airflow/example_dags/plugins/event_listener.py
[2026-05-09T19:25:27.060+0000] {processor.py:183} INFO - Processing /home/airflow/.local/lib/python3.12/site-packages/airflow/example_dags/plugins/event_listener.py took 0.025 seconds
[2026-05-09T19:25:57.899+0000] {processor.py:161} INFO - Started process (PID=3289) to work on /home/airflow/.local/lib/python3.12/site-packages/airflow/example_dags/plugins/event_listener.py
[2026-05-09T19:25:57.900+0000] {processor.py:830} INFO - Processing file /home/airflow/.local/lib/python3.12/site-packages/airflow/example_dags/plugins/event_listener.py for tasks to queue
[2026-05-09T19:25:57.903+0000] {logging_mixin.py:188} INFO - [2026-05-09T19:25:57.902+0000] {dagbag.py:545} INFO - Filling up the DagBag from /home/airflow/.local/lib/python3.12/site-packages/airflow/example_dags/plugins/event_listener.py
[2026-05-09T19:25:57.905+0000] {processor.py:842} WARNING - No viable dags retrieved from /home/airflow/.local/lib/python3.12/site-packages/airflow/example_dags/plugins/event_listener.py
[2026-05-09T19:25:57.916+0000] {processor.py:183} INFO - Processing /home/airflow/.local/lib/python3.12/site-packages/airflow/example_dags/plugins/event_listener.py took 0.022 seconds
[2026-05-09T19:26:28.434+0000] {processor.py:161} INFO - Started process (PID=3349) to work on /home/airflow/.local/lib/python3.12/site-packages/airflow/example_dags/plugins/event_listener.py
[2026-05-09T19:26:28.436+0000] {processor.py:830} INFO - Processing file /home/airflow/.local/lib/python3.12/site-packages/airflow/example_dags/plugins/event_listener.py for tasks to queue
[2026-05-09T19:26:28.440+0000] {logging_mixin.py:188} INFO - [2026-05-09T19:26:28.439+0000] {dagbag.py:545} INFO - Filling up the DagBag from /home/airflow/.local/lib/python3.12/site-packages/airflow/example_dags/plugins/event_listener.py
[2026-05-09T19:26:28.444+0000] {processor.py:842} WARNING - No viable dags retrieved from /home/airflow/.local/lib/python3.12/site-packages/airflow/example_dags/plugins/event_listener.py
[2026-05-09T19:26:28.456+0000] {processor.py:183} INFO - Processing /home/airflow/.local/lib/python3.12/site-packages/airflow/example_dags/plugins/event_listener.py took 0.028 seconds
[2026-05-09T19:26:58.672+0000] {processor.py:161} INFO - Started process (PID=3409) to work on /home/airflow/.local/lib/python3.12/site-packages/airflow/example_dags/plugins/event_listener.py
[2026-05-09T19:26:58.674+0000] {processor.py:830} INFO - Processing file /home/airflow/.local/lib/python3.12/site-packages/airflow/example_dags/plugins/event_listener.py for tasks to queue
[2026-05-09T19:26:58.676+0000] {logging_mixin.py:188} INFO - [2026-05-09T19:26:58.676+0000] {dagbag.py:545} INFO - Filling up the DagBag from /home/airflow/.local/lib/python3.12/site-packages/airflow/example_dags/plugins/event_listener.py
[2026-05-09T19:26:58.678+0000] {processor.py:842} WARNING - No viable dags retrieved from /home/airflow/.local/lib/python3.12/site-packages/airflow/example_dags/plugins/event_listener.py
[2026-05-09T19:26:58.690+0000] {processor.py:183} INFO - Processing /home/airflow/.local/lib/python3.12/site-packages/airflow/example_dags/plugins/event_listener.py took 0.022 seconds
[2026-05-09T19:27:29.338+0000] {processor.py:161} INFO - Started process (PID=3469) to work on /home/airflow/.local/lib/python3.12/site-packages/airflow/example_dags/plugins/event_listener.py
[2026-05-09T19:27:29.339+0000] {processor.py:830} INFO - Processing file /home/airflow/.local/lib/python3.12/site-packages/airflow/example_dags/plugins/event_listener.py for tasks to queue
[2026-05-09T19:27:29.342+0000] {logging_mixin.py:188} INFO - [2026-05-09T19:27:29.341+0000] {dagbag.py:545} INFO - Filling up the DagBag from /home/airflow/.local/lib/python3.12/site-packages/airflow/example_dags/plugins/event_listener.py
[2026-05-09T19:27:29.344+0000] {processor.py:842} WARNING - No viable dags retrieved from /home/airflow/.local/lib/python3.12/site-packages/airflow/example_dags/plugins/event_listener.py
[2026-05-09T19:27:29.358+0000] {processor.py:183} INFO - Processing /home/airflow/.local/lib/python3.12/site-packages/airflow/example_dags/plugins/event_listener.py took 0.025 seconds
[2026-05-09T19:27:59.681+0000] {processor.py:161} INFO - Started process (PID=3528) to work on /home/airflow/.local/lib/python3.12/site-packages/airflow/example_dags/plugins/event_listener.py
[2026-05-09T19:27:59.684+0000] {processor.py:830} INFO - Processing file /home/airflow/.local/lib/python3.12/site-packages/airflow/example_dags/plugins/event_listener.py for tasks to queue
[2026-05-09T19:27:59.688+0000] {logging_mixin.py:188} INFO - [2026-05-09T19:27:59.688+0000] {dagbag.py:545} INFO - Filling up the DagBag from /home/airflow/.local/lib/python3.12/site-packages/airflow/example_dags/plugins/event_listener.py
[2026-05-09T19:27:59.691+0000] {processor.py:842} WARNING - No viable dags retrieved from /home/airflow/.local/lib/python3.12/site-packages/airflow/example_dags/plugins/event_listener.py
[2026-05-09T19:27:59.711+0000] {processor.py:183} INFO - Processing /home/airflow/.local/lib/python3.12/site-packages/airflow/example_dags/plugins/event_listener.py took 0.035 seconds
[2026-05-09T19:28:30.245+0000] {processor.py:161} INFO - Started process (PID=3589) to work on /home/airflow/.local/lib/python3.12/site-packages/airflow/example_dags/plugins/event_listener.py
[2026-05-09T19:28:30.246+0000] {processor.py:830} INFO - Processing file /home/airflow/.local/lib/python3.12/site-packages/airflow/example_dags/plugins/event_listener.py for tasks to queue
[2026-05-09T19:28:30.248+0000] {logging_mixin.py:188} INFO - [2026-05-09T19:28:30.248+0000] {dagbag.py:545} INFO - Filling up the DagBag from /home/airflow/.local/lib/python3.12/site-packages/airflow/example_dags/plugins/event_listener.py
[2026-05-09T19:28:30.250+0000] {processor.py:842} WARNING - No viable dags retrieved from /home/airflow/.local/lib/python3.12/site-packages/airflow/example_dags/plugins/event_listener.py
[2026-05-09T19:28:30.262+0000] {processor.py:183} INFO - Processing /home/airflow/.local/lib/python3.12/site-packages/airflow/example_dags/plugins/event_listener.py took 0.022 seconds
[2026-05-09T19:29:00.613+0000] {processor.py:161} INFO - Started process (PID=3649) to work on /home/airflow/.local/lib/python3.12/site-packages/airflow/example_dags/plugins/event_listener.py
[2026-05-09T19:29:00.614+0000] {processor.py:830} INFO - Processing file /home/airflow/.local/lib/python3.12/site-packages/airflow/example_dags/plugins/event_listener.py for tasks to queue
[2026-05-09T19:29:00.616+0000] {logging_mixin.py:188} INFO - [2026-05-09T19:29:00.616+0000] {dagbag.py:545} INFO - Filling up the DagBag from /home/airflow/.local/lib/python3.12/site-packages/airflow/example_dags/plugins/event_listener.py
[2026-05-09T19:29:00.619+0000] {processor.py:842} WARNING - No viable dags retrieved from /home/airflow/.local/lib/python3.12/site-packages/airflow/example_dags/plugins/event_listener.py
[2026-05-09T19:29:00.630+0000] {processor.py:183} INFO - Processing /home/airflow/.local/lib/python3.12/site-packages/airflow/example_dags/plugins/event_listener.py took 0.021 seconds
[2026-05-09T19:29:31.073+0000] {processor.py:161} INFO - Started process (PID=3709) to work on /home/airflow/.local/lib/python3.12/site-packages/airflow/example_dags/plugins/event_listener.py
[2026-05-09T19:29:31.074+0000] {processor.py:830} INFO - Processing file /home/airflow/.local/lib/python3.12/site-packages/airflow/example_dags/plugins/event_listener.py for tasks to queue
[2026-05-09T19:29:31.078+0000] {logging_mixin.py:188} INFO - [2026-05-09T19:29:31.077+0000] {dagbag.py:545} INFO - Filling up the DagBag from /home/airflow/.local/lib/python3.12/site-packages/airflow/example_dags/plugins/event_listener.py
[2026-05-09T19:29:31.080+0000] {processor.py:842} WARNING - No viable dags retrieved from /home/airflow/.local/lib/python3.12/site-packages/airflow/example_dags/plugins/event_listener.py
[2026-05-09T19:29:31.095+0000] {processor.py:183} INFO - Processing /home/airflow/.local/lib/python3.12/site-packages/airflow/example_dags/plugins/event_listener.py took 0.029 seconds
[2026-05-09T19:30:01.311+0000] {processor.py:161} INFO - Started process (PID=3769) to work on /home/airflow/.local/lib/python3.12/site-packages/airflow/example_dags/plugins/event_listener.py
[2026-05-09T19:30:01.313+0000] {processor.py:830} INFO - Processing file /home/airflow/.local/lib/python3.12/site-packages/airflow/example_dags/plugins/event_listener.py for tasks to queue
[2026-05-09T19:30:01.315+0000] {logging_mixin.py:188} INFO - [2026-05-09T19:30:01.314+0000] {dagbag.py:545} INFO - Filling up the DagBag from /home/airflow/.local/lib/python3.12/site-packages/airflow/example_dags/plugins/event_listener.py
[2026-05-09T19:30:01.317+0000] {processor.py:842} WARNING - No viable dags retrieved from /home/airflow/.local/lib/python3.12/site-packages/airflow/example_dags/plugins/event_listener.py
[2026-05-09T19:30:01.328+0000] {processor.py:183} INFO - Processing /home/airflow/.local/lib/python3.12/site-packages/airflow/example_dags/plugins/event_listener.py took 0.021 seconds
[2026-05-09T19:30:31.721+0000] {processor.py:161} INFO - Started process (PID=3829) to work on /home/airflow/.local/lib/python3.12/site-packages/airflow/example_dags/plugins/event_listener.py
[2026-05-09T19:30:31.722+0000] {processor.py:830} INFO - Processing file /home/airflow/.local/lib/python3.12/site-packages/airflow/example_dags/plugins/event_listener.py for tasks to queue
[2026-05-09T19:30:31.725+0000] {logging_mixin.py:188} INFO - [2026-05-09T19:30:31.725+0000] {dagbag.py:545} INFO - Filling up the DagBag from /home/airflow/.local/lib/python3.12/site-packages/airflow/example_dags/plugins/event_listener.py
[2026-05-09T19:30:31.728+0000] {processor.py:842} WARNING - No viable dags retrieved from /home/airflow/.local/lib/python3.12/site-packages/airflow/example_dags/plugins/event_listener.py
[2026-05-09T19:30:31.746+0000] {processor.py:183} INFO - Processing /home/airflow/.local/lib/python3.12/site-packages/airflow/example_dags/plugins/event_listener.py took 0.030 seconds
[2026-05-09T19:31:02.483+0000] {processor.py:161} INFO - Started process (PID=3889) to work on /home/airflow/.local/lib/python3.12/site-packages/airflow/example_dags/plugins/event_listener.py
[2026-05-09T19:31:02.484+0000] {processor.py:830} INFO - Processing file /home/airflow/.local/lib/python3.12/site-packages/airflow/example_dags/plugins/event_listener.py for tasks to queue
[2026-05-09T19:31:02.486+0000] {logging_mixin.py:188} INFO - [2026-05-09T19:31:02.486+0000] {dagbag.py:545} INFO - Filling up the DagBag from /home/airflow/.local/lib/python3.12/site-packages/airflow/example_dags/plugins/event_listener.py
[2026-05-09T19:31:02.489+0000] {processor.py:842} WARNING - No viable dags retrieved from /home/airflow/.local/lib/python3.12/site-packages/airflow/example_dags/plugins/event_listener.py
[2026-05-09T19:31:02.504+0000] {processor.py:183} INFO - Processing /home/airflow/.local/lib/python3.12/site-packages/airflow/example_dags/plugins/event_listener.py took 0.026 seconds
[2026-05-09T19:31:32.767+0000] {processor.py:161} INFO - Started process (PID=3949) to work on /home/airflow/.local/lib/python3.12/site-packages/airflow/example_dags/plugins/event_listener.py
[2026-05-09T19:31:32.769+0000] {processor.py:830} INFO - Processing file /home/airflow/.local/lib/python3.12/site-packages/airflow/example_dags/plugins/event_listener.py for tasks to queue
[2026-05-09T19:31:32.771+0000] {logging_mixin.py:188} INFO - [2026-05-09T19:31:32.771+0000] {dagbag.py:545} INFO - Filling up the DagBag from /home/airflow/.local/lib/python3.12/site-packages/airflow/example_dags/plugins/event_listener.py
[2026-05-09T19:31:32.774+0000] {processor.py:842} WARNING - No viable dags retrieved from /home/airflow/.local/lib/python3.12/site-packages/airflow/example_dags/plugins/event_listener.py
[2026-05-09T19:31:32.785+0000] {processor.py:183} INFO - Processing /home/airflow/.local/lib/python3.12/site-packages/airflow/example_dags/plugins/event_listener.py took 0.023 seconds
[2026-05-09T19:32:03.456+0000] {processor.py:161} INFO - Started process (PID=4010) to work on /home/airflow/.local/lib/python3.12/site-packages/airflow/example_dags/plugins/event_listener.py
[2026-05-09T19:32:03.459+0000] {processor.py:830} INFO - Processing file /home/airflow/.local/lib/python3.12/site-packages/airflow/example_dags/plugins/event_listener.py for tasks to queue
[2026-05-09T19:32:03.463+0000] {logging_mixin.py:188} INFO - [2026-05-09T19:32:03.463+0000] {dagbag.py:545} INFO - Filling up the DagBag from /home/airflow/.local/lib/python3.12/site-packages/airflow/example_dags/plugins/event_listener.py
[2026-05-09T19:32:03.467+0000] {processor.py:842} WARNING - No viable dags retrieved from /home/airflow/.local/lib/python3.12/site-packages/airflow/example_dags/plugins/event_listener.py
[2026-05-09T19:32:03.485+0000] {processor.py:183} INFO - Processing /home/airflow/.local/lib/python3.12/site-packages/airflow/example_dags/plugins/event_listener.py took 0.035 seconds
[2026-05-09T19:32:33.926+0000] {processor.py:161} INFO - Started process (PID=4069) to work on /home/airflow/.local/lib/python3.12/site-packages/airflow/example_dags/plugins/event_listener.py
[2026-05-09T19:32:33.929+0000] {processor.py:830} INFO - Processing file /home/airflow/.local/lib/python3.12/site-packages/airflow/example_dags/plugins/event_listener.py for tasks to queue
[2026-05-09T19:32:33.932+0000] {logging_mixin.py:188} INFO - [2026-05-09T19:32:33.931+0000] {dagbag.py:545} INFO - Filling up the DagBag from /home/airflow/.local/lib/python3.12/site-packages/airflow/example_dags/plugins/event_listener.py
[2026-05-09T19:32:33.934+0000] {processor.py:842} WARNING - No viable dags retrieved from /home/airflow/.local/lib/python3.12/site-packages/airflow/example_dags/plugins/event_listener.py
[2026-05-09T19:32:33.950+0000] {processor.py:183} INFO - Processing /home/airflow/.local/lib/python3.12/site-packages/airflow/example_dags/plugins/event_listener.py took 0.029 seconds
[2026-05-09T19:33:04.263+0000] {processor.py:161} INFO - Started process (PID=4130) to work on /home/airflow/.local/lib/python3.12/site-packages/airflow/example_dags/plugins/event_listener.py
[2026-05-09T19:33:04.264+0000] {processor.py:830} INFO - Processing file /home/airflow/.local/lib/python3.12/site-packages/airflow/example_dags/plugins/event_listener.py for tasks to queue
[2026-05-09T19:33:04.266+0000] {logging_mixin.py:188} INFO - [2026-05-09T19:33:04.266+0000] {dagbag.py:545} INFO - Filling up the DagBag from /home/airflow/.local/lib/python3.12/site-packages/airflow/example_dags/plugins/event_listener.py
[2026-05-09T19:33:04.268+0000] {processor.py:842} WARNING - No viable dags retrieved from /home/airflow/.local/lib/python3.12/site-packages/airflow/example_dags/plugins/event_listener.py
[2026-05-09T19:33:04.280+0000] {processor.py:183} INFO - Processing /home/airflow/.local/lib/python3.12/site-packages/airflow/example_dags/plugins/event_listener.py took 0.022 seconds
[2026-05-09T19:33:34.762+0000] {processor.py:161} INFO - Started process (PID=4190) to work on /home/airflow/.local/lib/python3.12/site-packages/airflow/example_dags/plugins/event_listener.py
[2026-05-09T19:33:34.763+0000] {processor.py:830} INFO - Processing file /home/airflow/.local/lib/python3.12/site-packages/airflow/example_dags/plugins/event_listener.py for tasks to queue
[2026-05-09T19:33:34.765+0000] {logging_mixin.py:188} INFO - [2026-05-09T19:33:34.765+0000] {dagbag.py:545} INFO - Filling up the DagBag from /home/airflow/.local/lib/python3.12/site-packages/airflow/example_dags/plugins/event_listener.py
[2026-05-09T19:33:34.767+0000] {processor.py:842} WARNING - No viable dags retrieved from /home/airflow/.local/lib/python3.12/site-packages/airflow/example_dags/plugins/event_listener.py
[2026-05-09T19:33:34.779+0000] {processor.py:183} INFO - Processing /home/airflow/.local/lib/python3.12/site-packages/airflow/example_dags/plugins/event_listener.py took 0.023 seconds
[2026-05-09T19:34:05.399+0000] {processor.py:161} INFO - Started process (PID=4250) to work on /home/airflow/.local/lib/python3.12/site-packages/airflow/example_dags/plugins/event_listener.py
[2026-05-09T19:34:05.400+0000] {processor.py:830} INFO - Processing file /home/airflow/.local/lib/python3.12/site-packages/airflow/example_dags/plugins/event_listener.py for tasks to queue
[2026-05-09T19:34:05.402+0000] {logging_mixin.py:188} INFO - [2026-05-09T19:34:05.402+0000] {dagbag.py:545} INFO - Filling up the DagBag from /home/airflow/.local/lib/python3.12/site-packages/airflow/example_dags/plugins/event_listener.py
[2026-05-09T19:34:05.404+0000] {processor.py:842} WARNING - No viable dags retrieved from /home/airflow/.local/lib/python3.12/site-packages/airflow/example_dags/plugins/event_listener.py
[2026-05-09T19:34:05.417+0000] {processor.py:183} INFO - Processing /home/airflow/.local/lib/python3.12/site-packages/airflow/example_dags/plugins/event_listener.py took 0.023 seconds
[2026-05-09T19:34:35.774+0000] {processor.py:161} INFO - Started process (PID=4310) to work on /home/airflow/.local/lib/python3.12/site-packages/airflow/example_dags/plugins/event_listener.py
[2026-05-09T19:34:35.776+0000] {processor.py:830} INFO - Processing file /home/airflow/.local/lib/python3.12/site-packages/airflow/example_dags/plugins/event_listener.py for tasks to queue
[2026-05-09T19:34:35.779+0000] {logging_mixin.py:188} INFO - [2026-05-09T19:34:35.779+0000] {dagbag.py:545} INFO - Filling up the DagBag from /home/airflow/.local/lib/python3.12/site-packages/airflow/example_dags/plugins/event_listener.py
[2026-05-09T19:34:35.782+0000] {processor.py:842} WARNING - No viable dags retrieved from /home/airflow/.local/lib/python3.12/site-packages/airflow/example_dags/plugins/event_listener.py
[2026-05-09T19:34:35.798+0000] {processor.py:183} INFO - Processing /home/airflow/.local/lib/python3.12/site-packages/airflow/example_dags/plugins/event_listener.py took 0.029 seconds
[2026-05-09T19:35:06.058+0000] {processor.py:161} INFO - Started process (PID=4370) to work on /home/airflow/.local/lib/python3.12/site-packages/airflow/example_dags/plugins/event_listener.py
[2026-05-09T19:35:06.059+0000] {processor.py:830} INFO - Processing file /home/airflow/.local/lib/python3.12/site-packages/airflow/example_dags/plugins/event_listener.py for tasks to queue
[2026-05-09T19:35:06.062+0000] {logging_mixin.py:188} INFO - [2026-05-09T19:35:06.061+0000] {dagbag.py:545} INFO - Filling up the DagBag from /home/airflow/.local/lib/python3.12/site-packages/airflow/example_dags/plugins/event_listener.py
[2026-05-09T19:35:06.064+0000] {processor.py:842} WARNING - No viable dags retrieved from /home/airflow/.local/lib/python3.12/site-packages/airflow/example_dags/plugins/event_listener.py
[2026-05-09T19:35:06.079+0000] {processor.py:183} INFO - Processing /home/airflow/.local/lib/python3.12/site-packages/airflow/example_dags/plugins/event_listener.py took 0.025 seconds
[2026-05-09T19:35:36.246+0000] {processor.py:161} INFO - Started process (PID=4430) to work on /home/airflow/.local/lib/python3.12/site-packages/airflow/example_dags/plugins/event_listener.py
[2026-05-09T19:35:36.247+0000] {processor.py:830} INFO - Processing file /home/airflow/.local/lib/python3.12/site-packages/airflow/example_dags/plugins/event_listener.py for tasks to queue
[2026-05-09T19:35:36.250+0000] {logging_mixin.py:188} INFO - [2026-05-09T19:35:36.250+0000] {dagbag.py:545} INFO - Filling up the DagBag from /home/airflow/.local/lib/python3.12/site-packages/airflow/example_dags/plugins/event_listener.py
[2026-05-09T19:35:36.253+0000] {processor.py:842} WARNING - No viable dags retrieved from /home/airflow/.local/lib/python3.12/site-packages/airflow/example_dags/plugins/event_listener.py
[2026-05-09T19:35:36.270+0000] {processor.py:183} INFO - Processing /home/airflow/.local/lib/python3.12/site-packages/airflow/example_dags/plugins/event_listener.py took 0.029 seconds
[2026-05-09T19:36:06.719+0000] {processor.py:161} INFO - Started process (PID=4490) to work on /home/airflow/.local/lib/python3.12/site-packages/airflow/example_dags/plugins/event_listener.py
[2026-05-09T19:36:06.721+0000] {processor.py:830} INFO - Processing file /home/airflow/.local/lib/python3.12/site-packages/airflow/example_dags/plugins/event_listener.py for tasks to queue
[2026-05-09T19:36:06.723+0000] {logging_mixin.py:188} INFO - [2026-05-09T19:36:06.723+0000] {dagbag.py:545} INFO - Filling up the DagBag from /home/airflow/.local/lib/python3.12/site-packages/airflow/example_dags/plugins/event_listener.py
[2026-05-09T19:36:06.725+0000] {processor.py:842} WARNING - No viable dags retrieved from /home/airflow/.local/lib/python3.12/site-packages/airflow/example_dags/plugins/event_listener.py
[2026-05-09T19:36:06.738+0000] {processor.py:183} INFO - Processing /home/airflow/.local/lib/python3.12/site-packages/airflow/example_dags/plugins/event_listener.py took 0.023 seconds
[2026-05-09T19:36:37.057+0000] {processor.py:161} INFO - Started process (PID=4549) to work on /home/airflow/.local/lib/python3.12/site-packages/airflow/example_dags/plugins/event_listener.py
[2026-05-09T19:36:37.059+0000] {processor.py:830} INFO - Processing file /home/airflow/.local/lib/python3.12/site-packages/airflow/example_dags/plugins/event_listener.py for tasks to queue
[2026-05-09T19:36:37.061+0000] {logging_mixin.py:188} INFO - [2026-05-09T19:36:37.061+0000] {dagbag.py:545} INFO - Filling up the DagBag from /home/airflow/.local/lib/python3.12/site-packages/airflow/example_dags/plugins/event_listener.py
[2026-05-09T19:36:37.064+0000] {processor.py:842} WARNING - No viable dags retrieved from /home/airflow/.local/lib/python3.12/site-packages/airflow/example_dags/plugins/event_listener.py
[2026-05-09T19:36:37.075+0000] {processor.py:183} INFO - Processing /home/airflow/.local/lib/python3.12/site-packages/airflow/example_dags/plugins/event_listener.py took 0.024 seconds
[2026-05-09T19:37:07.692+0000] {processor.py:161} INFO - Started process (PID=4609) to work on /home/airflow/.local/lib/python3.12/site-packages/airflow/example_dags/plugins/event_listener.py
[2026-05-09T19:37:07.693+0000] {processor.py:830} INFO - Processing file /home/airflow/.local/lib/python3.12/site-packages/airflow/example_dags/plugins/event_listener.py for tasks to queue
[2026-05-09T19:37:07.695+0000] {logging_mixin.py:188} INFO - [2026-05-09T19:37:07.695+0000] {dagbag.py:545} INFO - Filling up the DagBag from /home/airflow/.local/lib/python3.12/site-packages/airflow/example_dags/plugins/event_listener.py
[2026-05-09T19:37:07.697+0000] {processor.py:842} WARNING - No viable dags retrieved from /home/airflow/.local/lib/python3.12/site-packages/airflow/example_dags/plugins/event_listener.py
[2026-05-09T19:37:07.710+0000] {processor.py:183} INFO - Processing /home/airflow/.local/lib/python3.12/site-packages/airflow/example_dags/plugins/event_listener.py took 0.023 seconds
[2026-05-09T19:37:38.124+0000] {processor.py:161} INFO - Started process (PID=4669) to work on /home/airflow/.local/lib/python3.12/site-packages/airflow/example_dags/plugins/event_listener.py
[2026-05-09T19:37:38.126+0000] {processor.py:830} INFO - Processing file /home/airflow/.local/lib/python3.12/site-packages/airflow/example_dags/plugins/event_listener.py for tasks to queue
[2026-05-09T19:37:38.129+0000] {logging_mixin.py:188} INFO - [2026-05-09T19:37:38.128+0000] {dagbag.py:545} INFO - Filling up the DagBag from /home/airflow/.local/lib/python3.12/site-packages/airflow/example_dags/plugins/event_listener.py
[2026-05-09T19:37:38.131+0000] {processor.py:842} WARNING - No viable dags retrieved from /home/airflow/.local/lib/python3.12/site-packages/airflow/example_dags/plugins/event_listener.py
[2026-05-09T19:37:38.144+0000] {processor.py:183} INFO - Processing /home/airflow/.local/lib/python3.12/site-packages/airflow/example_dags/plugins/event_listener.py took 0.026 seconds
[2026-05-09T19:38:08.506+0000] {processor.py:161} INFO - Started process (PID=4729) to work on /home/airflow/.local/lib/python3.12/site-packages/airflow/example_dags/plugins/event_listener.py
[2026-05-09T19:38:08.509+0000] {processor.py:830} INFO - Processing file /home/airflow/.local/lib/python3.12/site-packages/airflow/example_dags/plugins/event_listener.py for tasks to queue
[2026-05-09T19:38:08.512+0000] {logging_mixin.py:188} INFO - [2026-05-09T19:38:08.511+0000] {dagbag.py:545} INFO - Filling up the DagBag from /home/airflow/.local/lib/python3.12/site-packages/airflow/example_dags/plugins/event_listener.py
[2026-05-09T19:38:08.516+0000] {processor.py:842} WARNING - No viable dags retrieved from /home/airflow/.local/lib/python3.12/site-packages/airflow/example_dags/plugins/event_listener.py
[2026-05-09T19:38:08.533+0000] {processor.py:183} INFO - Processing /home/airflow/.local/lib/python3.12/site-packages/airflow/example_dags/plugins/event_listener.py took 0.037 seconds
[2026-05-09T19:38:38.840+0000] {processor.py:161} INFO - Started process (PID=4789) to work on /home/airflow/.local/lib/python3.12/site-packages/airflow/example_dags/plugins/event_listener.py
[2026-05-09T19:38:38.841+0000] {processor.py:830} INFO - Processing file /home/airflow/.local/lib/python3.12/site-packages/airflow/example_dags/plugins/event_listener.py for tasks to queue
[2026-05-09T19:38:38.843+0000] {logging_mixin.py:188} INFO - [2026-05-09T19:38:38.843+0000] {dagbag.py:545} INFO - Filling up the DagBag from /home/airflow/.local/lib/python3.12/site-packages/airflow/example_dags/plugins/event_listener.py
[2026-05-09T19:38:38.845+0000] {processor.py:842} WARNING - No viable dags retrieved from /home/airflow/.local/lib/python3.12/site-packages/airflow/example_dags/plugins/event_listener.py
[2026-05-09T19:38:38.857+0000] {processor.py:183} INFO - Processing /home/airflow/.local/lib/python3.12/site-packages/airflow/example_dags/plugins/event_listener.py took 0.022 seconds
[2026-05-09T19:39:09.083+0000] {processor.py:161} INFO - Started process (PID=4849) to work on /home/airflow/.local/lib/python3.12/site-packages/airflow/example_dags/plugins/event_listener.py
[2026-05-09T19:39:09.084+0000] {processor.py:830} INFO - Processing file /home/airflow/.local/lib/python3.12/site-packages/airflow/example_dags/plugins/event_listener.py for tasks to queue
[2026-05-09T19:39:09.086+0000] {logging_mixin.py:188} INFO - [2026-05-09T19:39:09.086+0000] {dagbag.py:545} INFO - Filling up the DagBag from /home/airflow/.local/lib/python3.12/site-packages/airflow/example_dags/plugins/event_listener.py
[2026-05-09T19:39:09.088+0000] {processor.py:842} WARNING - No viable dags retrieved from /home/airflow/.local/lib/python3.12/site-packages/airflow/example_dags/plugins/event_listener.py
[2026-05-09T19:39:09.102+0000] {processor.py:183} INFO - Processing /home/airflow/.local/lib/python3.12/site-packages/airflow/example_dags/plugins/event_listener.py took 0.024 seconds
[2026-05-09T19:39:39.401+0000] {processor.py:161} INFO - Started process (PID=4908) to work on /home/airflow/.local/lib/python3.12/site-packages/airflow/example_dags/plugins/event_listener.py
[2026-05-09T19:39:39.402+0000] {processor.py:830} INFO - Processing file /home/airflow/.local/lib/python3.12/site-packages/airflow/example_dags/plugins/event_listener.py for tasks to queue
[2026-05-09T19:39:39.404+0000] {logging_mixin.py:188} INFO - [2026-05-09T19:39:39.404+0000] {dagbag.py:545} INFO - Filling up the DagBag from /home/airflow/.local/lib/python3.12/site-packages/airflow/example_dags/plugins/event_listener.py
[2026-05-09T19:39:39.407+0000] {processor.py:842} WARNING - No viable dags retrieved from /home/airflow/.local/lib/python3.12/site-packages/airflow/example_dags/plugins/event_listener.py
[2026-05-09T19:39:39.421+0000] {processor.py:183} INFO - Processing /home/airflow/.local/lib/python3.12/site-packages/airflow/example_dags/plugins/event_listener.py took 0.025 seconds
[2026-05-09T19:40:09.876+0000] {processor.py:161} INFO - Started process (PID=4969) to work on /home/airflow/.local/lib/python3.12/site-packages/airflow/example_dags/plugins/event_listener.py
[2026-05-09T19:40:09.878+0000] {processor.py:830} INFO - Processing file /home/airflow/.local/lib/python3.12/site-packages/airflow/example_dags/plugins/event_listener.py for tasks to queue
[2026-05-09T19:40:09.880+0000] {logging_mixin.py:188} INFO - [2026-05-09T19:40:09.880+0000] {dagbag.py:545} INFO - Filling up the DagBag from /home/airflow/.local/lib/python3.12/site-packages/airflow/example_dags/plugins/event_listener.py
[2026-05-09T19:40:09.882+0000] {processor.py:842} WARNING - No viable dags retrieved from /home/airflow/.local/lib/python3.12/site-packages/airflow/example_dags/plugins/event_listener.py
[2026-05-09T19:40:09.895+0000] {processor.py:183} INFO - Processing /home/airflow/.local/lib/python3.12/site-packages/airflow/example_dags/plugins/event_listener.py took 0.023 seconds
[2026-05-09T19:40:40.353+0000] {processor.py:161} INFO - Started process (PID=5029) to work on /home/airflow/.local/lib/python3.12/site-packages/airflow/example_dags/plugins/event_listener.py
[2026-05-09T19:40:40.354+0000] {processor.py:830} INFO - Processing file /home/airflow/.local/lib/python3.12/site-packages/airflow/example_dags/plugins/event_listener.py for tasks to queue
[2026-05-09T19:40:40.357+0000] {logging_mixin.py:188} INFO - [2026-05-09T19:40:40.357+0000] {dagbag.py:545} INFO - Filling up the DagBag from /home/airflow/.local/lib/python3.12/site-packages/airflow/example_dags/plugins/event_listener.py
[2026-05-09T19:40:40.359+0000] {processor.py:842} WARNING - No viable dags retrieved from /home/airflow/.local/lib/python3.12/site-packages/airflow/example_dags/plugins/event_listener.py
[2026-05-09T19:40:40.372+0000] {processor.py:183} INFO - Processing /home/airflow/.local/lib/python3.12/site-packages/airflow/example_dags/plugins/event_listener.py took 0.025 seconds
[2026-05-09T19:41:10.824+0000] {processor.py:161} INFO - Started process (PID=5089) to work on /home/airflow/.local/lib/python3.12/site-packages/airflow/example_dags/plugins/event_listener.py
[2026-05-09T19:41:10.826+0000] {processor.py:830} INFO - Processing file /home/airflow/.local/lib/python3.12/site-packages/airflow/example_dags/plugins/event_listener.py for tasks to queue
[2026-05-09T19:41:10.828+0000] {logging_mixin.py:188} INFO - [2026-05-09T19:41:10.827+0000] {dagbag.py:545} INFO - Filling up the DagBag from /home/airflow/.local/lib/python3.12/site-packages/airflow/example_dags/plugins/event_listener.py
[2026-05-09T19:41:10.830+0000] {processor.py:842} WARNING - No viable dags retrieved from /home/airflow/.local/lib/python3.12/site-packages/airflow/example_dags/plugins/event_listener.py
[2026-05-09T19:41:10.841+0000] {processor.py:183} INFO - Processing /home/airflow/.local/lib/python3.12/site-packages/airflow/example_dags/plugins/event_listener.py took 0.021 seconds
[2026-05-09T19:41:41.803+0000] {processor.py:161} INFO - Started process (PID=5149) to work on /home/airflow/.local/lib/python3.12/site-packages/airflow/example_dags/plugins/event_listener.py
[2026-05-09T19:41:41.804+0000] {processor.py:830} INFO - Processing file /home/airflow/.local/lib/python3.12/site-packages/airflow/example_dags/plugins/event_listener.py for tasks to queue
[2026-05-09T19:41:41.806+0000] {logging_mixin.py:188} INFO - [2026-05-09T19:41:41.806+0000] {dagbag.py:545} INFO - Filling up the DagBag from /home/airflow/.local/lib/python3.12/site-packages/airflow/example_dags/plugins/event_listener.py
[2026-05-09T19:41:41.809+0000] {processor.py:842} WARNING - No viable dags retrieved from /home/airflow/.local/lib/python3.12/site-packages/airflow/example_dags/plugins/event_listener.py
[2026-05-09T19:41:41.821+0000] {processor.py:183} INFO - Processing /home/airflow/.local/lib/python3.12/site-packages/airflow/example_dags/plugins/event_listener.py took 0.023 seconds
[2026-05-09T19:42:12.258+0000] {processor.py:161} INFO - Started process (PID=5209) to work on /home/airflow/.local/lib/python3.12/site-packages/airflow/example_dags/plugins/event_listener.py
[2026-05-09T19:42:12.260+0000] {processor.py:830} INFO - Processing file /home/airflow/.local/lib/python3.12/site-packages/airflow/example_dags/plugins/event_listener.py for tasks to queue
[2026-05-09T19:42:12.261+0000] {logging_mixin.py:188} INFO - [2026-05-09T19:42:12.261+0000] {dagbag.py:545} INFO - Filling up the DagBag from /home/airflow/.local/lib/python3.12/site-packages/airflow/example_dags/plugins/event_listener.py
[2026-05-09T19:42:12.263+0000] {processor.py:842} WARNING - No viable dags retrieved from /home/airflow/.local/lib/python3.12/site-packages/airflow/example_dags/plugins/event_listener.py
[2026-05-09T19:42:12.276+0000] {processor.py:183} INFO - Processing /home/airflow/.local/lib/python3.12/site-packages/airflow/example_dags/plugins/event_listener.py took 0.022 seconds
[2026-05-09T19:42:42.560+0000] {processor.py:161} INFO - Started process (PID=5269) to work on /home/airflow/.local/lib/python3.12/site-packages/airflow/example_dags/plugins/event_listener.py
[2026-05-09T19:42:42.562+0000] {processor.py:830} INFO - Processing file /home/airflow/.local/lib/python3.12/site-packages/airflow/example_dags/plugins/event_listener.py for tasks to queue
[2026-05-09T19:42:42.564+0000] {logging_mixin.py:188} INFO - [2026-05-09T19:42:42.564+0000] {dagbag.py:545} INFO - Filling up the DagBag from /home/airflow/.local/lib/python3.12/site-packages/airflow/example_dags/plugins/event_listener.py
[2026-05-09T19:42:42.566+0000] {processor.py:842} WARNING - No viable dags retrieved from /home/airflow/.local/lib/python3.12/site-packages/airflow/example_dags/plugins/event_listener.py
[2026-05-09T19:42:42.580+0000] {processor.py:183} INFO - Processing /home/airflow/.local/lib/python3.12/site-packages/airflow/example_dags/plugins/event_listener.py took 0.025 seconds
[2026-05-09T19:43:12.908+0000] {processor.py:161} INFO - Started process (PID=5328) to work on /home/airflow/.local/lib/python3.12/site-packages/airflow/example_dags/plugins/event_listener.py
[2026-05-09T19:43:12.909+0000] {processor.py:830} INFO - Processing file /home/airflow/.local/lib/python3.12/site-packages/airflow/example_dags/plugins/event_listener.py for tasks to queue
[2026-05-09T19:43:12.911+0000] {logging_mixin.py:188} INFO - [2026-05-09T19:43:12.911+0000] {dagbag.py:545} INFO - Filling up the DagBag from /home/airflow/.local/lib/python3.12/site-packages/airflow/example_dags/plugins/event_listener.py
[2026-05-09T19:43:12.913+0000] {processor.py:842} WARNING - No viable dags retrieved from /home/airflow/.local/lib/python3.12/site-packages/airflow/example_dags/plugins/event_listener.py
[2026-05-09T19:43:12.928+0000] {processor.py:183} INFO - Processing /home/airflow/.local/lib/python3.12/site-packages/airflow/example_dags/plugins/event_listener.py took 0.026 seconds
[2026-05-09T19:43:43.195+0000] {processor.py:161} INFO - Started process (PID=5389) to work on /home/airflow/.local/lib/python3.12/site-packages/airflow/example_dags/plugins/event_listener.py
[2026-05-09T19:43:43.197+0000] {processor.py:830} INFO - Processing file /home/airflow/.local/lib/python3.12/site-packages/airflow/example_dags/plugins/event_listener.py for tasks to queue
[2026-05-09T19:43:43.198+0000] {logging_mixin.py:188} INFO - [2026-05-09T19:43:43.198+0000] {dagbag.py:545} INFO - Filling up the DagBag from /home/airflow/.local/lib/python3.12/site-packages/airflow/example_dags/plugins/event_listener.py
[2026-05-09T19:43:43.201+0000] {processor.py:842} WARNING - No viable dags retrieved from /home/airflow/.local/lib/python3.12/site-packages/airflow/example_dags/plugins/event_listener.py
[2026-05-09T19:43:43.215+0000] {processor.py:183} INFO - Processing /home/airflow/.local/lib/python3.12/site-packages/airflow/example_dags/plugins/event_listener.py took 0.025 seconds
[2026-05-09T19:44:13.585+0000] {processor.py:161} INFO - Started process (PID=5449) to work on /home/airflow/.local/lib/python3.12/site-packages/airflow/example_dags/plugins/event_listener.py
[2026-05-09T19:44:13.586+0000] {processor.py:830} INFO - Processing file /home/airflow/.local/lib/python3.12/site-packages/airflow/example_dags/plugins/event_listener.py for tasks to queue
[2026-05-09T19:44:13.588+0000] {logging_mixin.py:188} INFO - [2026-05-09T19:44:13.587+0000] {dagbag.py:545} INFO - Filling up the DagBag from /home/airflow/.local/lib/python3.12/site-packages/airflow/example_dags/plugins/event_listener.py
[2026-05-09T19:44:13.589+0000] {processor.py:842} WARNING - No viable dags retrieved from /home/airflow/.local/lib/python3.12/site-packages/airflow/example_dags/plugins/event_listener.py
[2026-05-09T19:44:13.600+0000] {processor.py:183} INFO - Processing /home/airflow/.local/lib/python3.12/site-packages/airflow/example_dags/plugins/event_listener.py took 0.020 seconds
[2026-05-09T19:44:44.049+0000] {processor.py:161} INFO - Started process (PID=5509) to work on /home/airflow/.local/lib/python3.12/site-packages/airflow/example_dags/plugins/event_listener.py
[2026-05-09T19:44:44.050+0000] {processor.py:830} INFO - Processing file /home/airflow/.local/lib/python3.12/site-packages/airflow/example_dags/plugins/event_listener.py for tasks to queue
[2026-05-09T19:44:44.051+0000] {logging_mixin.py:188} INFO - [2026-05-09T19:44:44.051+0000] {dagbag.py:545} INFO - Filling up the DagBag from /home/airflow/.local/lib/python3.12/site-packages/airflow/example_dags/plugins/event_listener.py
[2026-05-09T19:44:44.053+0000] {processor.py:842} WARNING - No viable dags retrieved from /home/airflow/.local/lib/python3.12/site-packages/airflow/example_dags/plugins/event_listener.py
[2026-05-09T19:44:44.070+0000] {processor.py:183} INFO - Processing /home/airflow/.local/lib/python3.12/site-packages/airflow/example_dags/plugins/event_listener.py took 0.026 seconds
[2026-05-09T19:45:14.768+0000] {processor.py:161} INFO - Started process (PID=5569) to work on /home/airflow/.local/lib/python3.12/site-packages/airflow/example_dags/plugins/event_listener.py
[2026-05-09T19:45:14.770+0000] {processor.py:830} INFO - Processing file /home/airflow/.local/lib/python3.12/site-packages/airflow/example_dags/plugins/event_listener.py for tasks to queue
[2026-05-09T19:45:14.772+0000] {logging_mixin.py:188} INFO - [2026-05-09T19:45:14.771+0000] {dagbag.py:545} INFO - Filling up the DagBag from /home/airflow/.local/lib/python3.12/site-packages/airflow/example_dags/plugins/event_listener.py
[2026-05-09T19:45:14.773+0000] {processor.py:842} WARNING - No viable dags retrieved from /home/airflow/.local/lib/python3.12/site-packages/airflow/example_dags/plugins/event_listener.py
[2026-05-09T19:45:14.785+0000] {processor.py:183} INFO - Processing /home/airflow/.local/lib/python3.12/site-packages/airflow/example_dags/plugins/event_listener.py took 0.021 seconds
[2026-05-09T19:45:45.028+0000] {processor.py:161} INFO - Started process (PID=5629) to work on /home/airflow/.local/lib/python3.12/site-packages/airflow/example_dags/plugins/event_listener.py
[2026-05-09T19:45:45.029+0000] {processor.py:830} INFO - Processing file /home/airflow/.local/lib/python3.12/site-packages/airflow/example_dags/plugins/event_listener.py for tasks to queue
[2026-05-09T19:45:45.031+0000] {logging_mixin.py:188} INFO - [2026-05-09T19:45:45.031+0000] {dagbag.py:545} INFO - Filling up the DagBag from /home/airflow/.local/lib/python3.12/site-packages/airflow/example_dags/plugins/event_listener.py
[2026-05-09T19:45:45.034+0000] {processor.py:842} WARNING - No viable dags retrieved from /home/airflow/.local/lib/python3.12/site-packages/airflow/example_dags/plugins/event_listener.py
[2026-05-09T19:45:45.046+0000] {processor.py:183} INFO - Processing /home/airflow/.local/lib/python3.12/site-packages/airflow/example_dags/plugins/event_listener.py took 0.023 seconds
[2026-05-09T19:46:15.365+0000] {processor.py:161} INFO - Started process (PID=5689) to work on /home/airflow/.local/lib/python3.12/site-packages/airflow/example_dags/plugins/event_listener.py
[2026-05-09T19:46:15.367+0000] {processor.py:830} INFO - Processing file /home/airflow/.local/lib/python3.12/site-packages/airflow/example_dags/plugins/event_listener.py for tasks to queue
[2026-05-09T19:46:15.368+0000] {logging_mixin.py:188} INFO - [2026-05-09T19:46:15.368+0000] {dagbag.py:545} INFO - Filling up the DagBag from /home/airflow/.local/lib/python3.12/site-packages/airflow/example_dags/plugins/event_listener.py
[2026-05-09T19:46:15.370+0000] {processor.py:842} WARNING - No viable dags retrieved from /home/airflow/.local/lib/python3.12/site-packages/airflow/example_dags/plugins/event_listener.py
[2026-05-09T19:46:15.385+0000] {processor.py:183} INFO - Processing /home/airflow/.local/lib/python3.12/site-packages/airflow/example_dags/plugins/event_listener.py took 0.025 seconds
[2026-05-09T19:46:45.802+0000] {processor.py:161} INFO - Started process (PID=5749) to work on /home/airflow/.local/lib/python3.12/site-packages/airflow/example_dags/plugins/event_listener.py
[2026-05-09T19:46:45.804+0000] {processor.py:830} INFO - Processing file /home/airflow/.local/lib/python3.12/site-packages/airflow/example_dags/plugins/event_listener.py for tasks to queue
[2026-05-09T19:46:45.807+0000] {logging_mixin.py:188} INFO - [2026-05-09T19:46:45.806+0000] {dagbag.py:545} INFO - Filling up the DagBag from /home/airflow/.local/lib/python3.12/site-packages/airflow/example_dags/plugins/event_listener.py
[2026-05-09T19:46:45.809+0000] {processor.py:842} WARNING - No viable dags retrieved from /home/airflow/.local/lib/python3.12/site-packages/airflow/example_dags/plugins/event_listener.py
[2026-05-09T19:46:45.821+0000] {processor.py:183} INFO - Processing /home/airflow/.local/lib/python3.12/site-packages/airflow/example_dags/plugins/event_listener.py took 0.024 seconds
[2026-05-09T19:47:16.005+0000] {processor.py:161} INFO - Started process (PID=5809) to work on /home/airflow/.local/lib/python3.12/site-packages/airflow/example_dags/plugins/event_listener.py
[2026-05-09T19:47:16.009+0000] {processor.py:830} INFO - Processing file /home/airflow/.local/lib/python3.12/site-packages/airflow/example_dags/plugins/event_listener.py for tasks to queue
[2026-05-09T19:47:16.011+0000] {logging_mixin.py:188} INFO - [2026-05-09T19:47:16.011+0000] {dagbag.py:545} INFO - Filling up the DagBag from /home/airflow/.local/lib/python3.12/site-packages/airflow/example_dags/plugins/event_listener.py
[2026-05-09T19:47:16.014+0000] {processor.py:842} WARNING - No viable dags retrieved from /home/airflow/.local/lib/python3.12/site-packages/airflow/example_dags/plugins/event_listener.py
[2026-05-09T19:47:16.027+0000] {processor.py:183} INFO - Processing /home/airflow/.local/lib/python3.12/site-packages/airflow/example_dags/plugins/event_listener.py took 0.027 seconds
[2026-05-09T19:47:46.690+0000] {processor.py:161} INFO - Started process (PID=5870) to work on /home/airflow/.local/lib/python3.12/site-packages/airflow/example_dags/plugins/event_listener.py
[2026-05-09T19:47:46.692+0000] {processor.py:830} INFO - Processing file /home/airflow/.local/lib/python3.12/site-packages/airflow/example_dags/plugins/event_listener.py for tasks to queue
[2026-05-09T19:47:46.695+0000] {logging_mixin.py:188} INFO - [2026-05-09T19:47:46.694+0000] {dagbag.py:545} INFO - Filling up the DagBag from /home/airflow/.local/lib/python3.12/site-packages/airflow/example_dags/plugins/event_listener.py
[2026-05-09T19:47:46.699+0000] {processor.py:842} WARNING - No viable dags retrieved from /home/airflow/.local/lib/python3.12/site-packages/airflow/example_dags/plugins/event_listener.py
[2026-05-09T19:47:46.714+0000] {processor.py:183} INFO - Processing /home/airflow/.local/lib/python3.12/site-packages/airflow/example_dags/plugins/event_listener.py took 0.029 seconds
[2026-05-09T19:48:17.070+0000] {processor.py:161} INFO - Started process (PID=5930) to work on /home/airflow/.local/lib/python3.12/site-packages/airflow/example_dags/plugins/event_listener.py
[2026-05-09T19:48:17.071+0000] {processor.py:830} INFO - Processing file /home/airflow/.local/lib/python3.12/site-packages/airflow/example_dags/plugins/event_listener.py for tasks to queue
[2026-05-09T19:48:17.074+0000] {logging_mixin.py:188} INFO - [2026-05-09T19:48:17.073+0000] {dagbag.py:545} INFO - Filling up the DagBag from /home/airflow/.local/lib/python3.12/site-packages/airflow/example_dags/plugins/event_listener.py
[2026-05-09T19:48:17.076+0000] {processor.py:842} WARNING - No viable dags retrieved from /home/airflow/.local/lib/python3.12/site-packages/airflow/example_dags/plugins/event_listener.py
[2026-05-09T19:48:17.088+0000] {processor.py:183} INFO - Processing /home/airflow/.local/lib/python3.12/site-packages/airflow/example_dags/plugins/event_listener.py took 0.023 seconds
[2026-05-09T19:48:47.542+0000] {processor.py:161} INFO - Started process (PID=5990) to work on /home/airflow/.local/lib/python3.12/site-packages/airflow/example_dags/plugins/event_listener.py
[2026-05-09T19:48:47.544+0000] {processor.py:830} INFO - Processing file /home/airflow/.local/lib/python3.12/site-packages/airflow/example_dags/plugins/event_listener.py for tasks to queue
[2026-05-09T19:48:47.546+0000] {logging_mixin.py:188} INFO - [2026-05-09T19:48:47.545+0000] {dagbag.py:545} INFO - Filling up the DagBag from /home/airflow/.local/lib/python3.12/site-packages/airflow/example_dags/plugins/event_listener.py
[2026-05-09T19:48:47.548+0000] {processor.py:842} WARNING - No viable dags retrieved from /home/airflow/.local/lib/python3.12/site-packages/airflow/example_dags/plugins/event_listener.py
[2026-05-09T19:48:47.560+0000] {processor.py:183} INFO - Processing /home/airflow/.local/lib/python3.12/site-packages/airflow/example_dags/plugins/event_listener.py took 0.023 seconds
[2026-05-09T19:49:18.474+0000] {processor.py:161} INFO - Started process (PID=6050) to work on /home/airflow/.local/lib/python3.12/site-packages/airflow/example_dags/plugins/event_listener.py
[2026-05-09T19:49:18.475+0000] {processor.py:830} INFO - Processing file /home/airflow/.local/lib/python3.12/site-packages/airflow/example_dags/plugins/event_listener.py for tasks to queue
[2026-05-09T19:49:18.479+0000] {logging_mixin.py:188} INFO - [2026-05-09T19:49:18.479+0000] {dagbag.py:545} INFO - Filling up the DagBag from /home/airflow/.local/lib/python3.12/site-packages/airflow/example_dags/plugins/event_listener.py
[2026-05-09T19:49:18.481+0000] {processor.py:842} WARNING - No viable dags retrieved from /home/airflow/.local/lib/python3.12/site-packages/airflow/example_dags/plugins/event_listener.py
[2026-05-09T19:49:18.495+0000] {processor.py:183} INFO - Processing /home/airflow/.local/lib/python3.12/site-packages/airflow/example_dags/plugins/event_listener.py took 0.029 seconds
[2026-05-09T19:49:49.478+0000] {processor.py:161} INFO - Started process (PID=6110) to work on /home/airflow/.local/lib/python3.12/site-packages/airflow/example_dags/plugins/event_listener.py
[2026-05-09T19:49:49.480+0000] {processor.py:830} INFO - Processing file /home/airflow/.local/lib/python3.12/site-packages/airflow/example_dags/plugins/event_listener.py for tasks to queue
[2026-05-09T19:49:49.482+0000] {logging_mixin.py:188} INFO - [2026-05-09T19:49:49.481+0000] {dagbag.py:545} INFO - Filling up the DagBag from /home/airflow/.local/lib/python3.12/site-packages/airflow/example_dags/plugins/event_listener.py
[2026-05-09T19:49:49.484+0000] {processor.py:842} WARNING - No viable dags retrieved from /home/airflow/.local/lib/python3.12/site-packages/airflow/example_dags/plugins/event_listener.py
[2026-05-09T19:49:49.495+0000] {processor.py:183} INFO - Processing /home/airflow/.local/lib/python3.12/site-packages/airflow/example_dags/plugins/event_listener.py took 0.022 seconds
[2026-05-09T19:50:20.168+0000] {processor.py:161} INFO - Started process (PID=6176) to work on /home/airflow/.local/lib/python3.12/site-packages/airflow/example_dags/plugins/event_listener.py
[2026-05-09T19:50:20.171+0000] {processor.py:830} INFO - Processing file /home/airflow/.local/lib/python3.12/site-packages/airflow/example_dags/plugins/event_listener.py for tasks to queue
[2026-05-09T19:50:20.173+0000] {logging_mixin.py:188} INFO - [2026-05-09T19:50:20.173+0000] {dagbag.py:545} INFO - Filling up the DagBag from /home/airflow/.local/lib/python3.12/site-packages/airflow/example_dags/plugins/event_listener.py
[2026-05-09T19:50:20.175+0000] {processor.py:842} WARNING - No viable dags retrieved from /home/airflow/.local/lib/python3.12/site-packages/airflow/example_dags/plugins/event_listener.py
[2026-05-09T19:50:20.190+0000] {processor.py:183} INFO - Processing /home/airflow/.local/lib/python3.12/site-packages/airflow/example_dags/plugins/event_listener.py took 0.027 seconds
[2026-05-09T19:50:50.555+0000] {processor.py:161} INFO - Started process (PID=6236) to work on /home/airflow/.local/lib/python3.12/site-packages/airflow/example_dags/plugins/event_listener.py
[2026-05-09T19:50:50.556+0000] {processor.py:830} INFO - Processing file /home/airflow/.local/lib/python3.12/site-packages/airflow/example_dags/plugins/event_listener.py for tasks to queue
[2026-05-09T19:50:50.558+0000] {logging_mixin.py:188} INFO - [2026-05-09T19:50:50.558+0000] {dagbag.py:545} INFO - Filling up the DagBag from /home/airflow/.local/lib/python3.12/site-packages/airflow/example_dags/plugins/event_listener.py
[2026-05-09T19:50:50.560+0000] {processor.py:842} WARNING - No viable dags retrieved from /home/airflow/.local/lib/python3.12/site-packages/airflow/example_dags/plugins/event_listener.py
[2026-05-09T19:50:50.572+0000] {processor.py:183} INFO - Processing /home/airflow/.local/lib/python3.12/site-packages/airflow/example_dags/plugins/event_listener.py took 0.022 seconds
[2026-05-09T19:51:20.835+0000] {processor.py:161} INFO - Started process (PID=6296) to work on /home/airflow/.local/lib/python3.12/site-packages/airflow/example_dags/plugins/event_listener.py
[2026-05-09T19:51:20.837+0000] {processor.py:830} INFO - Processing file /home/airflow/.local/lib/python3.12/site-packages/airflow/example_dags/plugins/event_listener.py for tasks to queue
[2026-05-09T19:51:20.839+0000] {logging_mixin.py:188} INFO - [2026-05-09T19:51:20.838+0000] {dagbag.py:545} INFO - Filling up the DagBag from /home/airflow/.local/lib/python3.12/site-packages/airflow/example_dags/plugins/event_listener.py
[2026-05-09T19:51:20.841+0000] {processor.py:842} WARNING - No viable dags retrieved from /home/airflow/.local/lib/python3.12/site-packages/airflow/example_dags/plugins/event_listener.py
[2026-05-09T19:51:20.855+0000] {processor.py:183} INFO - Processing /home/airflow/.local/lib/python3.12/site-packages/airflow/example_dags/plugins/event_listener.py took 0.025 seconds
[2026-05-09T19:51:51.633+0000] {processor.py:161} INFO - Started process (PID=6356) to work on /home/airflow/.local/lib/python3.12/site-packages/airflow/example_dags/plugins/event_listener.py
[2026-05-09T19:51:51.635+0000] {processor.py:830} INFO - Processing file /home/airflow/.local/lib/python3.12/site-packages/airflow/example_dags/plugins/event_listener.py for tasks to queue
[2026-05-09T19:51:51.637+0000] {logging_mixin.py:188} INFO - [2026-05-09T19:51:51.637+0000] {dagbag.py:545} INFO - Filling up the DagBag from /home/airflow/.local/lib/python3.12/site-packages/airflow/example_dags/plugins/event_listener.py
[2026-05-09T19:51:51.639+0000] {processor.py:842} WARNING - No viable dags retrieved from /home/airflow/.local/lib/python3.12/site-packages/airflow/example_dags/plugins/event_listener.py
[2026-05-09T19:51:51.651+0000] {processor.py:183} INFO - Processing /home/airflow/.local/lib/python3.12/site-packages/airflow/example_dags/plugins/event_listener.py took 0.023 seconds
[2026-05-09T19:52:21.945+0000] {processor.py:161} INFO - Started process (PID=6416) to work on /home/airflow/.local/lib/python3.12/site-packages/airflow/example_dags/plugins/event_listener.py
[2026-05-09T19:52:21.946+0000] {processor.py:830} INFO - Processing file /home/airflow/.local/lib/python3.12/site-packages/airflow/example_dags/plugins/event_listener.py for tasks to queue
[2026-05-09T19:52:21.948+0000] {logging_mixin.py:188} INFO - [2026-05-09T19:52:21.948+0000] {dagbag.py:545} INFO - Filling up the DagBag from /home/airflow/.local/lib/python3.12/site-packages/airflow/example_dags/plugins/event_listener.py
[2026-05-09T19:52:21.950+0000] {processor.py:842} WARNING - No viable dags retrieved from /home/airflow/.local/lib/python3.12/site-packages/airflow/example_dags/plugins/event_listener.py
[2026-05-09T19:52:21.963+0000] {processor.py:183} INFO - Processing /home/airflow/.local/lib/python3.12/site-packages/airflow/example_dags/plugins/event_listener.py took 0.022 seconds
[2026-05-09T19:52:52.472+0000] {processor.py:161} INFO - Started process (PID=6476) to work on /home/airflow/.local/lib/python3.12/site-packages/airflow/example_dags/plugins/event_listener.py
[2026-05-09T19:52:52.473+0000] {processor.py:830} INFO - Processing file /home/airflow/.local/lib/python3.12/site-packages/airflow/example_dags/plugins/event_listener.py for tasks to queue
[2026-05-09T19:52:52.475+0000] {logging_mixin.py:188} INFO - [2026-05-09T19:52:52.475+0000] {dagbag.py:545} INFO - Filling up the DagBag from /home/airflow/.local/lib/python3.12/site-packages/airflow/example_dags/plugins/event_listener.py
[2026-05-09T19:52:52.477+0000] {processor.py:842} WARNING - No viable dags retrieved from /home/airflow/.local/lib/python3.12/site-packages/airflow/example_dags/plugins/event_listener.py
[2026-05-09T19:52:52.492+0000] {processor.py:183} INFO - Processing /home/airflow/.local/lib/python3.12/site-packages/airflow/example_dags/plugins/event_listener.py took 0.025 seconds
