[2026-05-09T04:36:30.385+0000] {processor.py:161} INFO - Started process (PID=107) to work on /home/airflow/.local/lib/python3.12/site-packages/airflow/example_dags/plugins/listener_plugin.py
[2026-05-09T04:36:30.387+0000] {processor.py:830} INFO - Processing file /home/airflow/.local/lib/python3.12/site-packages/airflow/example_dags/plugins/listener_plugin.py for tasks to queue
[2026-05-09T04:36:30.388+0000] {logging_mixin.py:188} INFO - [2026-05-09T04:36:30.388+0000] {dagbag.py:545} INFO - Filling up the DagBag from /home/airflow/.local/lib/python3.12/site-packages/airflow/example_dags/plugins/listener_plugin.py
[2026-05-09T04:36:30.391+0000] {processor.py:842} WARNING - No viable dags retrieved from /home/airflow/.local/lib/python3.12/site-packages/airflow/example_dags/plugins/listener_plugin.py
[2026-05-09T04:36:30.403+0000] {processor.py:183} INFO - Processing /home/airflow/.local/lib/python3.12/site-packages/airflow/example_dags/plugins/listener_plugin.py took 0.024 seconds
[2026-05-09T04:37:00.497+0000] {processor.py:161} INFO - Started process (PID=165) to work on /home/airflow/.local/lib/python3.12/site-packages/airflow/example_dags/plugins/listener_plugin.py
[2026-05-09T04:37:00.498+0000] {processor.py:830} INFO - Processing file /home/airflow/.local/lib/python3.12/site-packages/airflow/example_dags/plugins/listener_plugin.py for tasks to queue
[2026-05-09T04:37:00.500+0000] {logging_mixin.py:188} INFO - [2026-05-09T04:37:00.499+0000] {dagbag.py:545} INFO - Filling up the DagBag from /home/airflow/.local/lib/python3.12/site-packages/airflow/example_dags/plugins/listener_plugin.py
[2026-05-09T04:37:00.502+0000] {processor.py:842} WARNING - No viable dags retrieved from /home/airflow/.local/lib/python3.12/site-packages/airflow/example_dags/plugins/listener_plugin.py
[2026-05-09T04:37:00.512+0000] {processor.py:183} INFO - Processing /home/airflow/.local/lib/python3.12/site-packages/airflow/example_dags/plugins/listener_plugin.py took 0.020 seconds
[2026-05-09T04:37:30.964+0000] {processor.py:161} INFO - Started process (PID=225) to work on /home/airflow/.local/lib/python3.12/site-packages/airflow/example_dags/plugins/listener_plugin.py
[2026-05-09T04:37:30.965+0000] {processor.py:830} INFO - Processing file /home/airflow/.local/lib/python3.12/site-packages/airflow/example_dags/plugins/listener_plugin.py for tasks to queue
[2026-05-09T04:37:30.967+0000] {logging_mixin.py:188} INFO - [2026-05-09T04:37:30.967+0000] {dagbag.py:545} INFO - Filling up the DagBag from /home/airflow/.local/lib/python3.12/site-packages/airflow/example_dags/plugins/listener_plugin.py
[2026-05-09T04:37:30.969+0000] {processor.py:842} WARNING - No viable dags retrieved from /home/airflow/.local/lib/python3.12/site-packages/airflow/example_dags/plugins/listener_plugin.py
[2026-05-09T04:37:30.979+0000] {processor.py:183} INFO - Processing /home/airflow/.local/lib/python3.12/site-packages/airflow/example_dags/plugins/listener_plugin.py took 0.019 seconds
[2026-05-09T04:38:02.345+0000] {processor.py:161} INFO - Started process (PID=285) to work on /home/airflow/.local/lib/python3.12/site-packages/airflow/example_dags/plugins/listener_plugin.py
[2026-05-09T04:38:02.346+0000] {processor.py:830} INFO - Processing file /home/airflow/.local/lib/python3.12/site-packages/airflow/example_dags/plugins/listener_plugin.py for tasks to queue
[2026-05-09T04:38:02.348+0000] {logging_mixin.py:188} INFO - [2026-05-09T04:38:02.347+0000] {dagbag.py:545} INFO - Filling up the DagBag from /home/airflow/.local/lib/python3.12/site-packages/airflow/example_dags/plugins/listener_plugin.py
[2026-05-09T04:38:02.350+0000] {processor.py:842} WARNING - No viable dags retrieved from /home/airflow/.local/lib/python3.12/site-packages/airflow/example_dags/plugins/listener_plugin.py
[2026-05-09T04:38:02.360+0000] {processor.py:183} INFO - Processing /home/airflow/.local/lib/python3.12/site-packages/airflow/example_dags/plugins/listener_plugin.py took 0.020 seconds
[2026-05-09T04:38:33.025+0000] {processor.py:161} INFO - Started process (PID=345) to work on /home/airflow/.local/lib/python3.12/site-packages/airflow/example_dags/plugins/listener_plugin.py
[2026-05-09T04:38:33.028+0000] {processor.py:830} INFO - Processing file /home/airflow/.local/lib/python3.12/site-packages/airflow/example_dags/plugins/listener_plugin.py for tasks to queue
[2026-05-09T04:38:33.029+0000] {logging_mixin.py:188} INFO - [2026-05-09T04:38:33.029+0000] {dagbag.py:545} INFO - Filling up the DagBag from /home/airflow/.local/lib/python3.12/site-packages/airflow/example_dags/plugins/listener_plugin.py
[2026-05-09T04:38:33.032+0000] {processor.py:842} WARNING - No viable dags retrieved from /home/airflow/.local/lib/python3.12/site-packages/airflow/example_dags/plugins/listener_plugin.py
[2026-05-09T04:38:33.044+0000] {processor.py:183} INFO - Processing /home/airflow/.local/lib/python3.12/site-packages/airflow/example_dags/plugins/listener_plugin.py took 0.025 seconds
[2026-05-09T04:39:03.532+0000] {processor.py:161} INFO - Started process (PID=405) to work on /home/airflow/.local/lib/python3.12/site-packages/airflow/example_dags/plugins/listener_plugin.py
[2026-05-09T04:39:03.533+0000] {processor.py:830} INFO - Processing file /home/airflow/.local/lib/python3.12/site-packages/airflow/example_dags/plugins/listener_plugin.py for tasks to queue
[2026-05-09T04:39:03.535+0000] {logging_mixin.py:188} INFO - [2026-05-09T04:39:03.535+0000] {dagbag.py:545} INFO - Filling up the DagBag from /home/airflow/.local/lib/python3.12/site-packages/airflow/example_dags/plugins/listener_plugin.py
[2026-05-09T04:39:03.538+0000] {processor.py:842} WARNING - No viable dags retrieved from /home/airflow/.local/lib/python3.12/site-packages/airflow/example_dags/plugins/listener_plugin.py
[2026-05-09T04:39:03.553+0000] {processor.py:183} INFO - Processing /home/airflow/.local/lib/python3.12/site-packages/airflow/example_dags/plugins/listener_plugin.py took 0.026 seconds
[2026-05-09T04:39:33.698+0000] {processor.py:161} INFO - Started process (PID=465) to work on /home/airflow/.local/lib/python3.12/site-packages/airflow/example_dags/plugins/listener_plugin.py
[2026-05-09T04:39:33.699+0000] {processor.py:830} INFO - Processing file /home/airflow/.local/lib/python3.12/site-packages/airflow/example_dags/plugins/listener_plugin.py for tasks to queue
[2026-05-09T04:39:33.701+0000] {logging_mixin.py:188} INFO - [2026-05-09T04:39:33.701+0000] {dagbag.py:545} INFO - Filling up the DagBag from /home/airflow/.local/lib/python3.12/site-packages/airflow/example_dags/plugins/listener_plugin.py
[2026-05-09T04:39:33.704+0000] {processor.py:842} WARNING - No viable dags retrieved from /home/airflow/.local/lib/python3.12/site-packages/airflow/example_dags/plugins/listener_plugin.py
[2026-05-09T04:39:33.718+0000] {processor.py:183} INFO - Processing /home/airflow/.local/lib/python3.12/site-packages/airflow/example_dags/plugins/listener_plugin.py took 0.026 seconds
[2026-05-09T04:40:03.992+0000] {processor.py:161} INFO - Started process (PID=525) to work on /home/airflow/.local/lib/python3.12/site-packages/airflow/example_dags/plugins/listener_plugin.py
[2026-05-09T04:40:03.993+0000] {processor.py:830} INFO - Processing file /home/airflow/.local/lib/python3.12/site-packages/airflow/example_dags/plugins/listener_plugin.py for tasks to queue
[2026-05-09T04:40:03.995+0000] {logging_mixin.py:188} INFO - [2026-05-09T04:40:03.995+0000] {dagbag.py:545} INFO - Filling up the DagBag from /home/airflow/.local/lib/python3.12/site-packages/airflow/example_dags/plugins/listener_plugin.py
[2026-05-09T04:40:03.998+0000] {processor.py:842} WARNING - No viable dags retrieved from /home/airflow/.local/lib/python3.12/site-packages/airflow/example_dags/plugins/listener_plugin.py
[2026-05-09T04:40:04.012+0000] {processor.py:183} INFO - Processing /home/airflow/.local/lib/python3.12/site-packages/airflow/example_dags/plugins/listener_plugin.py took 0.026 seconds
[2026-05-09T04:40:35.102+0000] {processor.py:161} INFO - Started process (PID=585) to work on /home/airflow/.local/lib/python3.12/site-packages/airflow/example_dags/plugins/listener_plugin.py
[2026-05-09T04:40:35.103+0000] {processor.py:830} INFO - Processing file /home/airflow/.local/lib/python3.12/site-packages/airflow/example_dags/plugins/listener_plugin.py for tasks to queue
[2026-05-09T04:40:35.106+0000] {logging_mixin.py:188} INFO - [2026-05-09T04:40:35.105+0000] {dagbag.py:545} INFO - Filling up the DagBag from /home/airflow/.local/lib/python3.12/site-packages/airflow/example_dags/plugins/listener_plugin.py
[2026-05-09T04:40:35.108+0000] {processor.py:842} WARNING - No viable dags retrieved from /home/airflow/.local/lib/python3.12/site-packages/airflow/example_dags/plugins/listener_plugin.py
[2026-05-09T04:40:35.124+0000] {processor.py:183} INFO - Processing /home/airflow/.local/lib/python3.12/site-packages/airflow/example_dags/plugins/listener_plugin.py took 0.027 seconds
[2026-05-09T04:41:05.533+0000] {processor.py:161} INFO - Started process (PID=645) to work on /home/airflow/.local/lib/python3.12/site-packages/airflow/example_dags/plugins/listener_plugin.py
[2026-05-09T04:41:05.534+0000] {processor.py:830} INFO - Processing file /home/airflow/.local/lib/python3.12/site-packages/airflow/example_dags/plugins/listener_plugin.py for tasks to queue
[2026-05-09T04:41:05.536+0000] {logging_mixin.py:188} INFO - [2026-05-09T04:41:05.536+0000] {dagbag.py:545} INFO - Filling up the DagBag from /home/airflow/.local/lib/python3.12/site-packages/airflow/example_dags/plugins/listener_plugin.py
[2026-05-09T04:41:05.539+0000] {processor.py:842} WARNING - No viable dags retrieved from /home/airflow/.local/lib/python3.12/site-packages/airflow/example_dags/plugins/listener_plugin.py
[2026-05-09T04:41:05.550+0000] {processor.py:183} INFO - Processing /home/airflow/.local/lib/python3.12/site-packages/airflow/example_dags/plugins/listener_plugin.py took 0.023 seconds
[2026-05-09T04:41:36.929+0000] {processor.py:161} INFO - Started process (PID=705) to work on /home/airflow/.local/lib/python3.12/site-packages/airflow/example_dags/plugins/listener_plugin.py
[2026-05-09T04:41:36.930+0000] {processor.py:830} INFO - Processing file /home/airflow/.local/lib/python3.12/site-packages/airflow/example_dags/plugins/listener_plugin.py for tasks to queue
[2026-05-09T04:41:36.932+0000] {logging_mixin.py:188} INFO - [2026-05-09T04:41:36.932+0000] {dagbag.py:545} INFO - Filling up the DagBag from /home/airflow/.local/lib/python3.12/site-packages/airflow/example_dags/plugins/listener_plugin.py
[2026-05-09T04:41:36.934+0000] {processor.py:842} WARNING - No viable dags retrieved from /home/airflow/.local/lib/python3.12/site-packages/airflow/example_dags/plugins/listener_plugin.py
[2026-05-09T04:41:36.944+0000] {processor.py:183} INFO - Processing /home/airflow/.local/lib/python3.12/site-packages/airflow/example_dags/plugins/listener_plugin.py took 0.019 seconds
[2026-05-09T04:42:07.336+0000] {processor.py:161} INFO - Started process (PID=765) to work on /home/airflow/.local/lib/python3.12/site-packages/airflow/example_dags/plugins/listener_plugin.py
[2026-05-09T04:42:07.338+0000] {processor.py:830} INFO - Processing file /home/airflow/.local/lib/python3.12/site-packages/airflow/example_dags/plugins/listener_plugin.py for tasks to queue
[2026-05-09T04:42:07.340+0000] {logging_mixin.py:188} INFO - [2026-05-09T04:42:07.339+0000] {dagbag.py:545} INFO - Filling up the DagBag from /home/airflow/.local/lib/python3.12/site-packages/airflow/example_dags/plugins/listener_plugin.py
[2026-05-09T04:42:07.342+0000] {processor.py:842} WARNING - No viable dags retrieved from /home/airflow/.local/lib/python3.12/site-packages/airflow/example_dags/plugins/listener_plugin.py
[2026-05-09T04:42:07.354+0000] {processor.py:183} INFO - Processing /home/airflow/.local/lib/python3.12/site-packages/airflow/example_dags/plugins/listener_plugin.py took 0.023 seconds
[2026-05-09T04:42:37.671+0000] {processor.py:161} INFO - Started process (PID=825) to work on /home/airflow/.local/lib/python3.12/site-packages/airflow/example_dags/plugins/listener_plugin.py
[2026-05-09T04:42:37.673+0000] {processor.py:830} INFO - Processing file /home/airflow/.local/lib/python3.12/site-packages/airflow/example_dags/plugins/listener_plugin.py for tasks to queue
[2026-05-09T04:42:37.674+0000] {logging_mixin.py:188} INFO - [2026-05-09T04:42:37.674+0000] {dagbag.py:545} INFO - Filling up the DagBag from /home/airflow/.local/lib/python3.12/site-packages/airflow/example_dags/plugins/listener_plugin.py
[2026-05-09T04:42:37.676+0000] {processor.py:842} WARNING - No viable dags retrieved from /home/airflow/.local/lib/python3.12/site-packages/airflow/example_dags/plugins/listener_plugin.py
[2026-05-09T04:42:37.687+0000] {processor.py:183} INFO - Processing /home/airflow/.local/lib/python3.12/site-packages/airflow/example_dags/plugins/listener_plugin.py took 0.020 seconds
[2026-05-09T04:43:08.567+0000] {processor.py:161} INFO - Started process (PID=885) to work on /home/airflow/.local/lib/python3.12/site-packages/airflow/example_dags/plugins/listener_plugin.py
[2026-05-09T04:43:08.568+0000] {processor.py:830} INFO - Processing file /home/airflow/.local/lib/python3.12/site-packages/airflow/example_dags/plugins/listener_plugin.py for tasks to queue
[2026-05-09T04:43:08.570+0000] {logging_mixin.py:188} INFO - [2026-05-09T04:43:08.570+0000] {dagbag.py:545} INFO - Filling up the DagBag from /home/airflow/.local/lib/python3.12/site-packages/airflow/example_dags/plugins/listener_plugin.py
[2026-05-09T04:43:08.572+0000] {processor.py:842} WARNING - No viable dags retrieved from /home/airflow/.local/lib/python3.12/site-packages/airflow/example_dags/plugins/listener_plugin.py
[2026-05-09T04:43:08.582+0000] {processor.py:183} INFO - Processing /home/airflow/.local/lib/python3.12/site-packages/airflow/example_dags/plugins/listener_plugin.py took 0.019 seconds
[2026-05-09T04:43:39.438+0000] {processor.py:161} INFO - Started process (PID=945) to work on /home/airflow/.local/lib/python3.12/site-packages/airflow/example_dags/plugins/listener_plugin.py
[2026-05-09T04:43:39.439+0000] {processor.py:830} INFO - Processing file /home/airflow/.local/lib/python3.12/site-packages/airflow/example_dags/plugins/listener_plugin.py for tasks to queue
[2026-05-09T04:43:39.440+0000] {logging_mixin.py:188} INFO - [2026-05-09T04:43:39.440+0000] {dagbag.py:545} INFO - Filling up the DagBag from /home/airflow/.local/lib/python3.12/site-packages/airflow/example_dags/plugins/listener_plugin.py
[2026-05-09T04:43:39.442+0000] {processor.py:842} WARNING - No viable dags retrieved from /home/airflow/.local/lib/python3.12/site-packages/airflow/example_dags/plugins/listener_plugin.py
[2026-05-09T04:43:39.453+0000] {processor.py:183} INFO - Processing /home/airflow/.local/lib/python3.12/site-packages/airflow/example_dags/plugins/listener_plugin.py took 0.020 seconds
[2026-05-09T04:44:09.789+0000] {processor.py:161} INFO - Started process (PID=1005) to work on /home/airflow/.local/lib/python3.12/site-packages/airflow/example_dags/plugins/listener_plugin.py
[2026-05-09T04:44:09.790+0000] {processor.py:830} INFO - Processing file /home/airflow/.local/lib/python3.12/site-packages/airflow/example_dags/plugins/listener_plugin.py for tasks to queue
[2026-05-09T04:44:09.793+0000] {logging_mixin.py:188} INFO - [2026-05-09T04:44:09.792+0000] {dagbag.py:545} INFO - Filling up the DagBag from /home/airflow/.local/lib/python3.12/site-packages/airflow/example_dags/plugins/listener_plugin.py
[2026-05-09T04:44:09.795+0000] {processor.py:842} WARNING - No viable dags retrieved from /home/airflow/.local/lib/python3.12/site-packages/airflow/example_dags/plugins/listener_plugin.py
[2026-05-09T04:44:09.808+0000] {processor.py:183} INFO - Processing /home/airflow/.local/lib/python3.12/site-packages/airflow/example_dags/plugins/listener_plugin.py took 0.023 seconds
[2026-05-09T04:44:40.326+0000] {processor.py:161} INFO - Started process (PID=1065) to work on /home/airflow/.local/lib/python3.12/site-packages/airflow/example_dags/plugins/listener_plugin.py
[2026-05-09T04:44:40.328+0000] {processor.py:830} INFO - Processing file /home/airflow/.local/lib/python3.12/site-packages/airflow/example_dags/plugins/listener_plugin.py for tasks to queue
[2026-05-09T04:44:40.329+0000] {logging_mixin.py:188} INFO - [2026-05-09T04:44:40.329+0000] {dagbag.py:545} INFO - Filling up the DagBag from /home/airflow/.local/lib/python3.12/site-packages/airflow/example_dags/plugins/listener_plugin.py
[2026-05-09T04:44:40.332+0000] {processor.py:842} WARNING - No viable dags retrieved from /home/airflow/.local/lib/python3.12/site-packages/airflow/example_dags/plugins/listener_plugin.py
[2026-05-09T04:44:40.342+0000] {processor.py:183} INFO - Processing /home/airflow/.local/lib/python3.12/site-packages/airflow/example_dags/plugins/listener_plugin.py took 0.019 seconds
[2026-05-09T04:45:10.884+0000] {processor.py:161} INFO - Started process (PID=1125) to work on /home/airflow/.local/lib/python3.12/site-packages/airflow/example_dags/plugins/listener_plugin.py
[2026-05-09T04:45:10.886+0000] {processor.py:830} INFO - Processing file /home/airflow/.local/lib/python3.12/site-packages/airflow/example_dags/plugins/listener_plugin.py for tasks to queue
[2026-05-09T04:45:10.888+0000] {logging_mixin.py:188} INFO - [2026-05-09T04:45:10.888+0000] {dagbag.py:545} INFO - Filling up the DagBag from /home/airflow/.local/lib/python3.12/site-packages/airflow/example_dags/plugins/listener_plugin.py
[2026-05-09T04:45:10.891+0000] {processor.py:842} WARNING - No viable dags retrieved from /home/airflow/.local/lib/python3.12/site-packages/airflow/example_dags/plugins/listener_plugin.py
[2026-05-09T04:45:10.907+0000] {processor.py:183} INFO - Processing /home/airflow/.local/lib/python3.12/site-packages/airflow/example_dags/plugins/listener_plugin.py took 0.032 seconds
[2026-05-09T04:45:46.821+0000] {processor.py:161} INFO - Started process (PID=1185) to work on /home/airflow/.local/lib/python3.12/site-packages/airflow/example_dags/plugins/listener_plugin.py
[2026-05-09T04:45:46.823+0000] {processor.py:830} INFO - Processing file /home/airflow/.local/lib/python3.12/site-packages/airflow/example_dags/plugins/listener_plugin.py for tasks to queue
[2026-05-09T04:45:46.825+0000] {logging_mixin.py:188} INFO - [2026-05-09T04:45:46.824+0000] {dagbag.py:545} INFO - Filling up the DagBag from /home/airflow/.local/lib/python3.12/site-packages/airflow/example_dags/plugins/listener_plugin.py
[2026-05-09T04:45:46.827+0000] {processor.py:842} WARNING - No viable dags retrieved from /home/airflow/.local/lib/python3.12/site-packages/airflow/example_dags/plugins/listener_plugin.py
[2026-05-09T04:45:46.848+0000] {processor.py:183} INFO - Processing /home/airflow/.local/lib/python3.12/site-packages/airflow/example_dags/plugins/listener_plugin.py took 0.034 seconds
[2026-05-09T04:46:17.895+0000] {processor.py:161} INFO - Started process (PID=1245) to work on /home/airflow/.local/lib/python3.12/site-packages/airflow/example_dags/plugins/listener_plugin.py
[2026-05-09T04:46:17.897+0000] {processor.py:830} INFO - Processing file /home/airflow/.local/lib/python3.12/site-packages/airflow/example_dags/plugins/listener_plugin.py for tasks to queue
[2026-05-09T04:46:17.898+0000] {logging_mixin.py:188} INFO - [2026-05-09T04:46:17.898+0000] {dagbag.py:545} INFO - Filling up the DagBag from /home/airflow/.local/lib/python3.12/site-packages/airflow/example_dags/plugins/listener_plugin.py
[2026-05-09T04:46:17.901+0000] {processor.py:842} WARNING - No viable dags retrieved from /home/airflow/.local/lib/python3.12/site-packages/airflow/example_dags/plugins/listener_plugin.py
[2026-05-09T04:46:17.912+0000] {processor.py:183} INFO - Processing /home/airflow/.local/lib/python3.12/site-packages/airflow/example_dags/plugins/listener_plugin.py took 0.021 seconds
[2026-05-09T04:46:49.168+0000] {processor.py:161} INFO - Started process (PID=1307) to work on /home/airflow/.local/lib/python3.12/site-packages/airflow/example_dags/plugins/listener_plugin.py
[2026-05-09T04:46:49.170+0000] {processor.py:830} INFO - Processing file /home/airflow/.local/lib/python3.12/site-packages/airflow/example_dags/plugins/listener_plugin.py for tasks to queue
[2026-05-09T04:46:49.172+0000] {logging_mixin.py:188} INFO - [2026-05-09T04:46:49.172+0000] {dagbag.py:545} INFO - Filling up the DagBag from /home/airflow/.local/lib/python3.12/site-packages/airflow/example_dags/plugins/listener_plugin.py
[2026-05-09T04:46:49.175+0000] {processor.py:842} WARNING - No viable dags retrieved from /home/airflow/.local/lib/python3.12/site-packages/airflow/example_dags/plugins/listener_plugin.py
[2026-05-09T04:46:49.188+0000] {processor.py:183} INFO - Processing /home/airflow/.local/lib/python3.12/site-packages/airflow/example_dags/plugins/listener_plugin.py took 0.025 seconds
[2026-05-09T04:47:19.612+0000] {processor.py:161} INFO - Started process (PID=1367) to work on /home/airflow/.local/lib/python3.12/site-packages/airflow/example_dags/plugins/listener_plugin.py
[2026-05-09T04:47:19.613+0000] {processor.py:830} INFO - Processing file /home/airflow/.local/lib/python3.12/site-packages/airflow/example_dags/plugins/listener_plugin.py for tasks to queue
[2026-05-09T04:47:19.616+0000] {logging_mixin.py:188} INFO - [2026-05-09T04:47:19.615+0000] {dagbag.py:545} INFO - Filling up the DagBag from /home/airflow/.local/lib/python3.12/site-packages/airflow/example_dags/plugins/listener_plugin.py
[2026-05-09T04:47:19.619+0000] {processor.py:842} WARNING - No viable dags retrieved from /home/airflow/.local/lib/python3.12/site-packages/airflow/example_dags/plugins/listener_plugin.py
[2026-05-09T04:47:19.631+0000] {processor.py:183} INFO - Processing /home/airflow/.local/lib/python3.12/site-packages/airflow/example_dags/plugins/listener_plugin.py took 0.023 seconds
[2026-05-09T04:47:50.109+0000] {processor.py:161} INFO - Started process (PID=1427) to work on /home/airflow/.local/lib/python3.12/site-packages/airflow/example_dags/plugins/listener_plugin.py
[2026-05-09T04:47:50.110+0000] {processor.py:830} INFO - Processing file /home/airflow/.local/lib/python3.12/site-packages/airflow/example_dags/plugins/listener_plugin.py for tasks to queue
[2026-05-09T04:47:50.112+0000] {logging_mixin.py:188} INFO - [2026-05-09T04:47:50.112+0000] {dagbag.py:545} INFO - Filling up the DagBag from /home/airflow/.local/lib/python3.12/site-packages/airflow/example_dags/plugins/listener_plugin.py
[2026-05-09T04:47:50.114+0000] {processor.py:842} WARNING - No viable dags retrieved from /home/airflow/.local/lib/python3.12/site-packages/airflow/example_dags/plugins/listener_plugin.py
[2026-05-09T04:47:50.128+0000] {processor.py:183} INFO - Processing /home/airflow/.local/lib/python3.12/site-packages/airflow/example_dags/plugins/listener_plugin.py took 0.024 seconds
[2026-05-09T04:48:20.613+0000] {processor.py:161} INFO - Started process (PID=1485) to work on /home/airflow/.local/lib/python3.12/site-packages/airflow/example_dags/plugins/listener_plugin.py
[2026-05-09T04:48:20.615+0000] {processor.py:830} INFO - Processing file /home/airflow/.local/lib/python3.12/site-packages/airflow/example_dags/plugins/listener_plugin.py for tasks to queue
[2026-05-09T04:48:20.617+0000] {logging_mixin.py:188} INFO - [2026-05-09T04:48:20.617+0000] {dagbag.py:545} INFO - Filling up the DagBag from /home/airflow/.local/lib/python3.12/site-packages/airflow/example_dags/plugins/listener_plugin.py
[2026-05-09T04:48:20.620+0000] {processor.py:842} WARNING - No viable dags retrieved from /home/airflow/.local/lib/python3.12/site-packages/airflow/example_dags/plugins/listener_plugin.py
[2026-05-09T04:48:20.634+0000] {processor.py:183} INFO - Processing /home/airflow/.local/lib/python3.12/site-packages/airflow/example_dags/plugins/listener_plugin.py took 0.027 seconds
[2026-05-09T04:48:51.126+0000] {processor.py:161} INFO - Started process (PID=1545) to work on /home/airflow/.local/lib/python3.12/site-packages/airflow/example_dags/plugins/listener_plugin.py
[2026-05-09T04:48:51.127+0000] {processor.py:830} INFO - Processing file /home/airflow/.local/lib/python3.12/site-packages/airflow/example_dags/plugins/listener_plugin.py for tasks to queue
[2026-05-09T04:48:51.129+0000] {logging_mixin.py:188} INFO - [2026-05-09T04:48:51.129+0000] {dagbag.py:545} INFO - Filling up the DagBag from /home/airflow/.local/lib/python3.12/site-packages/airflow/example_dags/plugins/listener_plugin.py
[2026-05-09T04:48:51.132+0000] {processor.py:842} WARNING - No viable dags retrieved from /home/airflow/.local/lib/python3.12/site-packages/airflow/example_dags/plugins/listener_plugin.py
[2026-05-09T04:48:51.144+0000] {processor.py:183} INFO - Processing /home/airflow/.local/lib/python3.12/site-packages/airflow/example_dags/plugins/listener_plugin.py took 0.023 seconds
[2026-05-09T04:49:21.903+0000] {processor.py:161} INFO - Started process (PID=1606) to work on /home/airflow/.local/lib/python3.12/site-packages/airflow/example_dags/plugins/listener_plugin.py
[2026-05-09T04:49:21.904+0000] {processor.py:830} INFO - Processing file /home/airflow/.local/lib/python3.12/site-packages/airflow/example_dags/plugins/listener_plugin.py for tasks to queue
[2026-05-09T04:49:21.907+0000] {logging_mixin.py:188} INFO - [2026-05-09T04:49:21.906+0000] {dagbag.py:545} INFO - Filling up the DagBag from /home/airflow/.local/lib/python3.12/site-packages/airflow/example_dags/plugins/listener_plugin.py
[2026-05-09T04:49:21.910+0000] {processor.py:842} WARNING - No viable dags retrieved from /home/airflow/.local/lib/python3.12/site-packages/airflow/example_dags/plugins/listener_plugin.py
[2026-05-09T04:49:21.925+0000] {processor.py:183} INFO - Processing /home/airflow/.local/lib/python3.12/site-packages/airflow/example_dags/plugins/listener_plugin.py took 0.027 seconds
[2026-05-09T04:49:53.351+0000] {processor.py:161} INFO - Started process (PID=1667) to work on /home/airflow/.local/lib/python3.12/site-packages/airflow/example_dags/plugins/listener_plugin.py
[2026-05-09T04:49:53.352+0000] {processor.py:830} INFO - Processing file /home/airflow/.local/lib/python3.12/site-packages/airflow/example_dags/plugins/listener_plugin.py for tasks to queue
[2026-05-09T04:49:53.354+0000] {logging_mixin.py:188} INFO - [2026-05-09T04:49:53.353+0000] {dagbag.py:545} INFO - Filling up the DagBag from /home/airflow/.local/lib/python3.12/site-packages/airflow/example_dags/plugins/listener_plugin.py
[2026-05-09T04:49:53.356+0000] {processor.py:842} WARNING - No viable dags retrieved from /home/airflow/.local/lib/python3.12/site-packages/airflow/example_dags/plugins/listener_plugin.py
[2026-05-09T04:49:53.368+0000] {processor.py:183} INFO - Processing /home/airflow/.local/lib/python3.12/site-packages/airflow/example_dags/plugins/listener_plugin.py took 0.021 seconds
[2026-05-09T04:50:24.037+0000] {processor.py:161} INFO - Started process (PID=1727) to work on /home/airflow/.local/lib/python3.12/site-packages/airflow/example_dags/plugins/listener_plugin.py
[2026-05-09T04:50:24.038+0000] {processor.py:830} INFO - Processing file /home/airflow/.local/lib/python3.12/site-packages/airflow/example_dags/plugins/listener_plugin.py for tasks to queue
[2026-05-09T04:50:24.040+0000] {logging_mixin.py:188} INFO - [2026-05-09T04:50:24.040+0000] {dagbag.py:545} INFO - Filling up the DagBag from /home/airflow/.local/lib/python3.12/site-packages/airflow/example_dags/plugins/listener_plugin.py
[2026-05-09T04:50:24.042+0000] {processor.py:842} WARNING - No viable dags retrieved from /home/airflow/.local/lib/python3.12/site-packages/airflow/example_dags/plugins/listener_plugin.py
[2026-05-09T04:50:24.054+0000] {processor.py:183} INFO - Processing /home/airflow/.local/lib/python3.12/site-packages/airflow/example_dags/plugins/listener_plugin.py took 0.021 seconds
[2026-05-09T04:50:54.935+0000] {processor.py:161} INFO - Started process (PID=1785) to work on /home/airflow/.local/lib/python3.12/site-packages/airflow/example_dags/plugins/listener_plugin.py
[2026-05-09T04:50:54.936+0000] {processor.py:830} INFO - Processing file /home/airflow/.local/lib/python3.12/site-packages/airflow/example_dags/plugins/listener_plugin.py for tasks to queue
[2026-05-09T04:50:54.938+0000] {logging_mixin.py:188} INFO - [2026-05-09T04:50:54.938+0000] {dagbag.py:545} INFO - Filling up the DagBag from /home/airflow/.local/lib/python3.12/site-packages/airflow/example_dags/plugins/listener_plugin.py
[2026-05-09T04:50:54.940+0000] {processor.py:842} WARNING - No viable dags retrieved from /home/airflow/.local/lib/python3.12/site-packages/airflow/example_dags/plugins/listener_plugin.py
[2026-05-09T04:50:54.951+0000] {processor.py:183} INFO - Processing /home/airflow/.local/lib/python3.12/site-packages/airflow/example_dags/plugins/listener_plugin.py took 0.020 seconds
[2026-05-09T04:51:25.844+0000] {processor.py:161} INFO - Started process (PID=1845) to work on /home/airflow/.local/lib/python3.12/site-packages/airflow/example_dags/plugins/listener_plugin.py
[2026-05-09T04:51:25.845+0000] {processor.py:830} INFO - Processing file /home/airflow/.local/lib/python3.12/site-packages/airflow/example_dags/plugins/listener_plugin.py for tasks to queue
[2026-05-09T04:51:25.847+0000] {logging_mixin.py:188} INFO - [2026-05-09T04:51:25.846+0000] {dagbag.py:545} INFO - Filling up the DagBag from /home/airflow/.local/lib/python3.12/site-packages/airflow/example_dags/plugins/listener_plugin.py
[2026-05-09T04:51:25.849+0000] {processor.py:842} WARNING - No viable dags retrieved from /home/airflow/.local/lib/python3.12/site-packages/airflow/example_dags/plugins/listener_plugin.py
[2026-05-09T04:51:25.859+0000] {processor.py:183} INFO - Processing /home/airflow/.local/lib/python3.12/site-packages/airflow/example_dags/plugins/listener_plugin.py took 0.020 seconds
[2026-05-09T04:51:56.212+0000] {processor.py:161} INFO - Started process (PID=1905) to work on /home/airflow/.local/lib/python3.12/site-packages/airflow/example_dags/plugins/listener_plugin.py
[2026-05-09T04:51:56.213+0000] {processor.py:830} INFO - Processing file /home/airflow/.local/lib/python3.12/site-packages/airflow/example_dags/plugins/listener_plugin.py for tasks to queue
[2026-05-09T04:51:56.214+0000] {logging_mixin.py:188} INFO - [2026-05-09T04:51:56.214+0000] {dagbag.py:545} INFO - Filling up the DagBag from /home/airflow/.local/lib/python3.12/site-packages/airflow/example_dags/plugins/listener_plugin.py
[2026-05-09T04:51:56.217+0000] {processor.py:842} WARNING - No viable dags retrieved from /home/airflow/.local/lib/python3.12/site-packages/airflow/example_dags/plugins/listener_plugin.py
[2026-05-09T04:51:56.227+0000] {processor.py:183} INFO - Processing /home/airflow/.local/lib/python3.12/site-packages/airflow/example_dags/plugins/listener_plugin.py took 0.020 seconds
[2026-05-09T04:52:26.825+0000] {processor.py:161} INFO - Started process (PID=1965) to work on /home/airflow/.local/lib/python3.12/site-packages/airflow/example_dags/plugins/listener_plugin.py
[2026-05-09T04:52:26.826+0000] {processor.py:830} INFO - Processing file /home/airflow/.local/lib/python3.12/site-packages/airflow/example_dags/plugins/listener_plugin.py for tasks to queue
[2026-05-09T04:52:26.829+0000] {logging_mixin.py:188} INFO - [2026-05-09T04:52:26.828+0000] {dagbag.py:545} INFO - Filling up the DagBag from /home/airflow/.local/lib/python3.12/site-packages/airflow/example_dags/plugins/listener_plugin.py
[2026-05-09T04:52:26.832+0000] {processor.py:842} WARNING - No viable dags retrieved from /home/airflow/.local/lib/python3.12/site-packages/airflow/example_dags/plugins/listener_plugin.py
[2026-05-09T04:52:26.843+0000] {processor.py:183} INFO - Processing /home/airflow/.local/lib/python3.12/site-packages/airflow/example_dags/plugins/listener_plugin.py took 0.024 seconds
[2026-05-09T04:52:57.665+0000] {processor.py:161} INFO - Started process (PID=2025) to work on /home/airflow/.local/lib/python3.12/site-packages/airflow/example_dags/plugins/listener_plugin.py
[2026-05-09T04:52:57.666+0000] {processor.py:830} INFO - Processing file /home/airflow/.local/lib/python3.12/site-packages/airflow/example_dags/plugins/listener_plugin.py for tasks to queue
[2026-05-09T04:52:57.668+0000] {logging_mixin.py:188} INFO - [2026-05-09T04:52:57.668+0000] {dagbag.py:545} INFO - Filling up the DagBag from /home/airflow/.local/lib/python3.12/site-packages/airflow/example_dags/plugins/listener_plugin.py
[2026-05-09T04:52:57.670+0000] {processor.py:842} WARNING - No viable dags retrieved from /home/airflow/.local/lib/python3.12/site-packages/airflow/example_dags/plugins/listener_plugin.py
[2026-05-09T04:52:57.683+0000] {processor.py:183} INFO - Processing /home/airflow/.local/lib/python3.12/site-packages/airflow/example_dags/plugins/listener_plugin.py took 0.024 seconds
[2026-05-09T04:53:28.719+0000] {processor.py:161} INFO - Started process (PID=2085) to work on /home/airflow/.local/lib/python3.12/site-packages/airflow/example_dags/plugins/listener_plugin.py
[2026-05-09T04:53:28.720+0000] {processor.py:830} INFO - Processing file /home/airflow/.local/lib/python3.12/site-packages/airflow/example_dags/plugins/listener_plugin.py for tasks to queue
[2026-05-09T04:53:28.723+0000] {logging_mixin.py:188} INFO - [2026-05-09T04:53:28.722+0000] {dagbag.py:545} INFO - Filling up the DagBag from /home/airflow/.local/lib/python3.12/site-packages/airflow/example_dags/plugins/listener_plugin.py
[2026-05-09T04:53:28.725+0000] {processor.py:842} WARNING - No viable dags retrieved from /home/airflow/.local/lib/python3.12/site-packages/airflow/example_dags/plugins/listener_plugin.py
[2026-05-09T04:53:28.740+0000] {processor.py:183} INFO - Processing /home/airflow/.local/lib/python3.12/site-packages/airflow/example_dags/plugins/listener_plugin.py took 0.027 seconds
[2026-05-09T04:53:59.802+0000] {processor.py:161} INFO - Started process (PID=2145) to work on /home/airflow/.local/lib/python3.12/site-packages/airflow/example_dags/plugins/listener_plugin.py
[2026-05-09T04:53:59.803+0000] {processor.py:830} INFO - Processing file /home/airflow/.local/lib/python3.12/site-packages/airflow/example_dags/plugins/listener_plugin.py for tasks to queue
[2026-05-09T04:53:59.806+0000] {logging_mixin.py:188} INFO - [2026-05-09T04:53:59.805+0000] {dagbag.py:545} INFO - Filling up the DagBag from /home/airflow/.local/lib/python3.12/site-packages/airflow/example_dags/plugins/listener_plugin.py
[2026-05-09T04:53:59.808+0000] {processor.py:842} WARNING - No viable dags retrieved from /home/airflow/.local/lib/python3.12/site-packages/airflow/example_dags/plugins/listener_plugin.py
[2026-05-09T04:53:59.821+0000] {processor.py:183} INFO - Processing /home/airflow/.local/lib/python3.12/site-packages/airflow/example_dags/plugins/listener_plugin.py took 0.024 seconds
[2026-05-09T04:54:30.143+0000] {processor.py:161} INFO - Started process (PID=2204) to work on /home/airflow/.local/lib/python3.12/site-packages/airflow/example_dags/plugins/listener_plugin.py
[2026-05-09T04:54:30.144+0000] {processor.py:830} INFO - Processing file /home/airflow/.local/lib/python3.12/site-packages/airflow/example_dags/plugins/listener_plugin.py for tasks to queue
[2026-05-09T04:54:30.147+0000] {logging_mixin.py:188} INFO - [2026-05-09T04:54:30.146+0000] {dagbag.py:545} INFO - Filling up the DagBag from /home/airflow/.local/lib/python3.12/site-packages/airflow/example_dags/plugins/listener_plugin.py
[2026-05-09T04:54:30.150+0000] {processor.py:842} WARNING - No viable dags retrieved from /home/airflow/.local/lib/python3.12/site-packages/airflow/example_dags/plugins/listener_plugin.py
[2026-05-09T04:54:30.162+0000] {processor.py:183} INFO - Processing /home/airflow/.local/lib/python3.12/site-packages/airflow/example_dags/plugins/listener_plugin.py took 0.024 seconds
[2026-05-09T04:55:00.510+0000] {processor.py:161} INFO - Started process (PID=2264) to work on /home/airflow/.local/lib/python3.12/site-packages/airflow/example_dags/plugins/listener_plugin.py
[2026-05-09T04:55:00.513+0000] {processor.py:830} INFO - Processing file /home/airflow/.local/lib/python3.12/site-packages/airflow/example_dags/plugins/listener_plugin.py for tasks to queue
[2026-05-09T04:55:00.515+0000] {logging_mixin.py:188} INFO - [2026-05-09T04:55:00.514+0000] {dagbag.py:545} INFO - Filling up the DagBag from /home/airflow/.local/lib/python3.12/site-packages/airflow/example_dags/plugins/listener_plugin.py
[2026-05-09T04:55:00.518+0000] {processor.py:842} WARNING - No viable dags retrieved from /home/airflow/.local/lib/python3.12/site-packages/airflow/example_dags/plugins/listener_plugin.py
[2026-05-09T04:55:00.529+0000] {processor.py:183} INFO - Processing /home/airflow/.local/lib/python3.12/site-packages/airflow/example_dags/plugins/listener_plugin.py took 0.024 seconds
[2026-05-09T04:55:31.478+0000] {processor.py:161} INFO - Started process (PID=2324) to work on /home/airflow/.local/lib/python3.12/site-packages/airflow/example_dags/plugins/listener_plugin.py
[2026-05-09T04:55:31.479+0000] {processor.py:830} INFO - Processing file /home/airflow/.local/lib/python3.12/site-packages/airflow/example_dags/plugins/listener_plugin.py for tasks to queue
[2026-05-09T04:55:31.481+0000] {logging_mixin.py:188} INFO - [2026-05-09T04:55:31.481+0000] {dagbag.py:545} INFO - Filling up the DagBag from /home/airflow/.local/lib/python3.12/site-packages/airflow/example_dags/plugins/listener_plugin.py
[2026-05-09T04:55:31.483+0000] {processor.py:842} WARNING - No viable dags retrieved from /home/airflow/.local/lib/python3.12/site-packages/airflow/example_dags/plugins/listener_plugin.py
[2026-05-09T04:55:31.493+0000] {processor.py:183} INFO - Processing /home/airflow/.local/lib/python3.12/site-packages/airflow/example_dags/plugins/listener_plugin.py took 0.020 seconds
[2026-05-09T04:56:01.951+0000] {processor.py:161} INFO - Started process (PID=2390) to work on /home/airflow/.local/lib/python3.12/site-packages/airflow/example_dags/plugins/listener_plugin.py
[2026-05-09T04:56:01.952+0000] {processor.py:830} INFO - Processing file /home/airflow/.local/lib/python3.12/site-packages/airflow/example_dags/plugins/listener_plugin.py for tasks to queue
[2026-05-09T04:56:01.954+0000] {logging_mixin.py:188} INFO - [2026-05-09T04:56:01.954+0000] {dagbag.py:545} INFO - Filling up the DagBag from /home/airflow/.local/lib/python3.12/site-packages/airflow/example_dags/plugins/listener_plugin.py
[2026-05-09T04:56:01.956+0000] {processor.py:842} WARNING - No viable dags retrieved from /home/airflow/.local/lib/python3.12/site-packages/airflow/example_dags/plugins/listener_plugin.py
[2026-05-09T04:56:01.966+0000] {processor.py:183} INFO - Processing /home/airflow/.local/lib/python3.12/site-packages/airflow/example_dags/plugins/listener_plugin.py took 0.020 seconds
[2026-05-09T04:56:32.256+0000] {processor.py:161} INFO - Started process (PID=2449) to work on /home/airflow/.local/lib/python3.12/site-packages/airflow/example_dags/plugins/listener_plugin.py
[2026-05-09T04:56:32.257+0000] {processor.py:830} INFO - Processing file /home/airflow/.local/lib/python3.12/site-packages/airflow/example_dags/plugins/listener_plugin.py for tasks to queue
[2026-05-09T04:56:32.259+0000] {logging_mixin.py:188} INFO - [2026-05-09T04:56:32.259+0000] {dagbag.py:545} INFO - Filling up the DagBag from /home/airflow/.local/lib/python3.12/site-packages/airflow/example_dags/plugins/listener_plugin.py
[2026-05-09T04:56:32.261+0000] {processor.py:842} WARNING - No viable dags retrieved from /home/airflow/.local/lib/python3.12/site-packages/airflow/example_dags/plugins/listener_plugin.py
[2026-05-09T04:56:32.272+0000] {processor.py:183} INFO - Processing /home/airflow/.local/lib/python3.12/site-packages/airflow/example_dags/plugins/listener_plugin.py took 0.020 seconds
[2026-05-09T04:57:03.552+0000] {processor.py:161} INFO - Started process (PID=108) to work on /home/airflow/.local/lib/python3.12/site-packages/airflow/example_dags/plugins/listener_plugin.py
[2026-05-09T04:57:03.553+0000] {processor.py:830} INFO - Processing file /home/airflow/.local/lib/python3.12/site-packages/airflow/example_dags/plugins/listener_plugin.py for tasks to queue
[2026-05-09T04:57:03.555+0000] {logging_mixin.py:188} INFO - [2026-05-09T04:57:03.555+0000] {dagbag.py:545} INFO - Filling up the DagBag from /home/airflow/.local/lib/python3.12/site-packages/airflow/example_dags/plugins/listener_plugin.py
[2026-05-09T04:57:03.558+0000] {processor.py:842} WARNING - No viable dags retrieved from /home/airflow/.local/lib/python3.12/site-packages/airflow/example_dags/plugins/listener_plugin.py
[2026-05-09T04:57:03.577+0000] {processor.py:183} INFO - Processing /home/airflow/.local/lib/python3.12/site-packages/airflow/example_dags/plugins/listener_plugin.py took 0.031 seconds
[2026-05-09T04:57:45.515+0000] {processor.py:161} INFO - Started process (PID=108) to work on /home/airflow/.local/lib/python3.12/site-packages/airflow/example_dags/plugins/listener_plugin.py
[2026-05-09T04:57:45.517+0000] {processor.py:830} INFO - Processing file /home/airflow/.local/lib/python3.12/site-packages/airflow/example_dags/plugins/listener_plugin.py for tasks to queue
[2026-05-09T04:57:45.519+0000] {logging_mixin.py:188} INFO - [2026-05-09T04:57:45.519+0000] {dagbag.py:545} INFO - Filling up the DagBag from /home/airflow/.local/lib/python3.12/site-packages/airflow/example_dags/plugins/listener_plugin.py
[2026-05-09T04:57:45.522+0000] {processor.py:842} WARNING - No viable dags retrieved from /home/airflow/.local/lib/python3.12/site-packages/airflow/example_dags/plugins/listener_plugin.py
[2026-05-09T04:57:45.539+0000] {processor.py:183} INFO - Processing /home/airflow/.local/lib/python3.12/site-packages/airflow/example_dags/plugins/listener_plugin.py took 0.030 seconds
[2026-05-09T04:58:17.342+0000] {processor.py:161} INFO - Started process (PID=168) to work on /home/airflow/.local/lib/python3.12/site-packages/airflow/example_dags/plugins/listener_plugin.py
[2026-05-09T04:58:17.347+0000] {processor.py:830} INFO - Processing file /home/airflow/.local/lib/python3.12/site-packages/airflow/example_dags/plugins/listener_plugin.py for tasks to queue
[2026-05-09T04:58:17.350+0000] {logging_mixin.py:188} INFO - [2026-05-09T04:58:17.350+0000] {dagbag.py:545} INFO - Filling up the DagBag from /home/airflow/.local/lib/python3.12/site-packages/airflow/example_dags/plugins/listener_plugin.py
[2026-05-09T04:58:17.354+0000] {processor.py:842} WARNING - No viable dags retrieved from /home/airflow/.local/lib/python3.12/site-packages/airflow/example_dags/plugins/listener_plugin.py
[2026-05-09T04:58:17.371+0000] {processor.py:183} INFO - Processing /home/airflow/.local/lib/python3.12/site-packages/airflow/example_dags/plugins/listener_plugin.py took 0.035 seconds
[2026-05-09T04:58:48.094+0000] {processor.py:161} INFO - Started process (PID=226) to work on /home/airflow/.local/lib/python3.12/site-packages/airflow/example_dags/plugins/listener_plugin.py
[2026-05-09T04:58:48.096+0000] {processor.py:830} INFO - Processing file /home/airflow/.local/lib/python3.12/site-packages/airflow/example_dags/plugins/listener_plugin.py for tasks to queue
[2026-05-09T04:58:48.098+0000] {logging_mixin.py:188} INFO - [2026-05-09T04:58:48.097+0000] {dagbag.py:545} INFO - Filling up the DagBag from /home/airflow/.local/lib/python3.12/site-packages/airflow/example_dags/plugins/listener_plugin.py
[2026-05-09T04:58:48.101+0000] {processor.py:842} WARNING - No viable dags retrieved from /home/airflow/.local/lib/python3.12/site-packages/airflow/example_dags/plugins/listener_plugin.py
[2026-05-09T04:58:48.118+0000] {processor.py:183} INFO - Processing /home/airflow/.local/lib/python3.12/site-packages/airflow/example_dags/plugins/listener_plugin.py took 0.028 seconds
[2026-05-09T04:59:18.343+0000] {processor.py:161} INFO - Started process (PID=286) to work on /home/airflow/.local/lib/python3.12/site-packages/airflow/example_dags/plugins/listener_plugin.py
[2026-05-09T04:59:18.344+0000] {processor.py:830} INFO - Processing file /home/airflow/.local/lib/python3.12/site-packages/airflow/example_dags/plugins/listener_plugin.py for tasks to queue
[2026-05-09T04:59:18.346+0000] {logging_mixin.py:188} INFO - [2026-05-09T04:59:18.346+0000] {dagbag.py:545} INFO - Filling up the DagBag from /home/airflow/.local/lib/python3.12/site-packages/airflow/example_dags/plugins/listener_plugin.py
[2026-05-09T04:59:18.348+0000] {processor.py:842} WARNING - No viable dags retrieved from /home/airflow/.local/lib/python3.12/site-packages/airflow/example_dags/plugins/listener_plugin.py
[2026-05-09T04:59:18.358+0000] {processor.py:183} INFO - Processing /home/airflow/.local/lib/python3.12/site-packages/airflow/example_dags/plugins/listener_plugin.py took 0.019 seconds
[2026-05-09T04:59:48.527+0000] {processor.py:161} INFO - Started process (PID=346) to work on /home/airflow/.local/lib/python3.12/site-packages/airflow/example_dags/plugins/listener_plugin.py
[2026-05-09T04:59:48.528+0000] {processor.py:830} INFO - Processing file /home/airflow/.local/lib/python3.12/site-packages/airflow/example_dags/plugins/listener_plugin.py for tasks to queue
[2026-05-09T04:59:48.530+0000] {logging_mixin.py:188} INFO - [2026-05-09T04:59:48.530+0000] {dagbag.py:545} INFO - Filling up the DagBag from /home/airflow/.local/lib/python3.12/site-packages/airflow/example_dags/plugins/listener_plugin.py
[2026-05-09T04:59:48.533+0000] {processor.py:842} WARNING - No viable dags retrieved from /home/airflow/.local/lib/python3.12/site-packages/airflow/example_dags/plugins/listener_plugin.py
[2026-05-09T04:59:48.544+0000] {processor.py:183} INFO - Processing /home/airflow/.local/lib/python3.12/site-packages/airflow/example_dags/plugins/listener_plugin.py took 0.023 seconds
[2026-05-09T05:00:18.847+0000] {processor.py:161} INFO - Started process (PID=406) to work on /home/airflow/.local/lib/python3.12/site-packages/airflow/example_dags/plugins/listener_plugin.py
[2026-05-09T05:00:18.848+0000] {processor.py:830} INFO - Processing file /home/airflow/.local/lib/python3.12/site-packages/airflow/example_dags/plugins/listener_plugin.py for tasks to queue
[2026-05-09T05:00:18.850+0000] {logging_mixin.py:188} INFO - [2026-05-09T05:00:18.850+0000] {dagbag.py:545} INFO - Filling up the DagBag from /home/airflow/.local/lib/python3.12/site-packages/airflow/example_dags/plugins/listener_plugin.py
[2026-05-09T05:00:18.853+0000] {processor.py:842} WARNING - No viable dags retrieved from /home/airflow/.local/lib/python3.12/site-packages/airflow/example_dags/plugins/listener_plugin.py
[2026-05-09T05:00:18.864+0000] {processor.py:183} INFO - Processing /home/airflow/.local/lib/python3.12/site-packages/airflow/example_dags/plugins/listener_plugin.py took 0.021 seconds
[2026-05-09T05:00:49.953+0000] {processor.py:161} INFO - Started process (PID=466) to work on /home/airflow/.local/lib/python3.12/site-packages/airflow/example_dags/plugins/listener_plugin.py
[2026-05-09T05:00:49.954+0000] {processor.py:830} INFO - Processing file /home/airflow/.local/lib/python3.12/site-packages/airflow/example_dags/plugins/listener_plugin.py for tasks to queue
[2026-05-09T05:00:49.956+0000] {logging_mixin.py:188} INFO - [2026-05-09T05:00:49.956+0000] {dagbag.py:545} INFO - Filling up the DagBag from /home/airflow/.local/lib/python3.12/site-packages/airflow/example_dags/plugins/listener_plugin.py
[2026-05-09T05:00:49.958+0000] {processor.py:842} WARNING - No viable dags retrieved from /home/airflow/.local/lib/python3.12/site-packages/airflow/example_dags/plugins/listener_plugin.py
[2026-05-09T05:00:49.968+0000] {processor.py:183} INFO - Processing /home/airflow/.local/lib/python3.12/site-packages/airflow/example_dags/plugins/listener_plugin.py took 0.019 seconds
[2026-05-09T05:01:20.804+0000] {processor.py:161} INFO - Started process (PID=526) to work on /home/airflow/.local/lib/python3.12/site-packages/airflow/example_dags/plugins/listener_plugin.py
[2026-05-09T05:01:20.805+0000] {processor.py:830} INFO - Processing file /home/airflow/.local/lib/python3.12/site-packages/airflow/example_dags/plugins/listener_plugin.py for tasks to queue
[2026-05-09T05:01:20.807+0000] {logging_mixin.py:188} INFO - [2026-05-09T05:01:20.807+0000] {dagbag.py:545} INFO - Filling up the DagBag from /home/airflow/.local/lib/python3.12/site-packages/airflow/example_dags/plugins/listener_plugin.py
[2026-05-09T05:01:20.810+0000] {processor.py:842} WARNING - No viable dags retrieved from /home/airflow/.local/lib/python3.12/site-packages/airflow/example_dags/plugins/listener_plugin.py
[2026-05-09T05:01:20.824+0000] {processor.py:183} INFO - Processing /home/airflow/.local/lib/python3.12/site-packages/airflow/example_dags/plugins/listener_plugin.py took 0.026 seconds
[2026-05-09T05:01:51.070+0000] {processor.py:161} INFO - Started process (PID=586) to work on /home/airflow/.local/lib/python3.12/site-packages/airflow/example_dags/plugins/listener_plugin.py
[2026-05-09T05:01:51.071+0000] {processor.py:830} INFO - Processing file /home/airflow/.local/lib/python3.12/site-packages/airflow/example_dags/plugins/listener_plugin.py for tasks to queue
[2026-05-09T05:01:51.073+0000] {logging_mixin.py:188} INFO - [2026-05-09T05:01:51.073+0000] {dagbag.py:545} INFO - Filling up the DagBag from /home/airflow/.local/lib/python3.12/site-packages/airflow/example_dags/plugins/listener_plugin.py
[2026-05-09T05:01:51.075+0000] {processor.py:842} WARNING - No viable dags retrieved from /home/airflow/.local/lib/python3.12/site-packages/airflow/example_dags/plugins/listener_plugin.py
[2026-05-09T05:01:51.087+0000] {processor.py:183} INFO - Processing /home/airflow/.local/lib/python3.12/site-packages/airflow/example_dags/plugins/listener_plugin.py took 0.023 seconds
[2026-05-09T05:02:21.791+0000] {processor.py:161} INFO - Started process (PID=646) to work on /home/airflow/.local/lib/python3.12/site-packages/airflow/example_dags/plugins/listener_plugin.py
[2026-05-09T05:02:21.792+0000] {processor.py:830} INFO - Processing file /home/airflow/.local/lib/python3.12/site-packages/airflow/example_dags/plugins/listener_plugin.py for tasks to queue
[2026-05-09T05:02:21.793+0000] {logging_mixin.py:188} INFO - [2026-05-09T05:02:21.793+0000] {dagbag.py:545} INFO - Filling up the DagBag from /home/airflow/.local/lib/python3.12/site-packages/airflow/example_dags/plugins/listener_plugin.py
[2026-05-09T05:02:21.795+0000] {processor.py:842} WARNING - No viable dags retrieved from /home/airflow/.local/lib/python3.12/site-packages/airflow/example_dags/plugins/listener_plugin.py
[2026-05-09T05:02:21.805+0000] {processor.py:183} INFO - Processing /home/airflow/.local/lib/python3.12/site-packages/airflow/example_dags/plugins/listener_plugin.py took 0.020 seconds
[2026-05-09T05:02:52.254+0000] {processor.py:161} INFO - Started process (PID=706) to work on /home/airflow/.local/lib/python3.12/site-packages/airflow/example_dags/plugins/listener_plugin.py
[2026-05-09T05:02:52.255+0000] {processor.py:830} INFO - Processing file /home/airflow/.local/lib/python3.12/site-packages/airflow/example_dags/plugins/listener_plugin.py for tasks to queue
[2026-05-09T05:02:52.257+0000] {logging_mixin.py:188} INFO - [2026-05-09T05:02:52.257+0000] {dagbag.py:545} INFO - Filling up the DagBag from /home/airflow/.local/lib/python3.12/site-packages/airflow/example_dags/plugins/listener_plugin.py
[2026-05-09T05:02:52.259+0000] {processor.py:842} WARNING - No viable dags retrieved from /home/airflow/.local/lib/python3.12/site-packages/airflow/example_dags/plugins/listener_plugin.py
[2026-05-09T05:02:52.274+0000] {processor.py:183} INFO - Processing /home/airflow/.local/lib/python3.12/site-packages/airflow/example_dags/plugins/listener_plugin.py took 0.024 seconds
[2026-05-09T05:03:23.378+0000] {processor.py:161} INFO - Started process (PID=766) to work on /home/airflow/.local/lib/python3.12/site-packages/airflow/example_dags/plugins/listener_plugin.py
[2026-05-09T05:03:23.380+0000] {processor.py:830} INFO - Processing file /home/airflow/.local/lib/python3.12/site-packages/airflow/example_dags/plugins/listener_plugin.py for tasks to queue
[2026-05-09T05:03:23.383+0000] {logging_mixin.py:188} INFO - [2026-05-09T05:03:23.382+0000] {dagbag.py:545} INFO - Filling up the DagBag from /home/airflow/.local/lib/python3.12/site-packages/airflow/example_dags/plugins/listener_plugin.py
[2026-05-09T05:03:23.387+0000] {processor.py:842} WARNING - No viable dags retrieved from /home/airflow/.local/lib/python3.12/site-packages/airflow/example_dags/plugins/listener_plugin.py
[2026-05-09T05:03:23.404+0000] {processor.py:183} INFO - Processing /home/airflow/.local/lib/python3.12/site-packages/airflow/example_dags/plugins/listener_plugin.py took 0.032 seconds
[2026-05-09T05:03:58.975+0000] {processor.py:161} INFO - Started process (PID=828) to work on /home/airflow/.local/lib/python3.12/site-packages/airflow/example_dags/plugins/listener_plugin.py
[2026-05-09T05:03:58.977+0000] {processor.py:830} INFO - Processing file /home/airflow/.local/lib/python3.12/site-packages/airflow/example_dags/plugins/listener_plugin.py for tasks to queue
[2026-05-09T05:03:58.980+0000] {logging_mixin.py:188} INFO - [2026-05-09T05:03:58.980+0000] {dagbag.py:545} INFO - Filling up the DagBag from /home/airflow/.local/lib/python3.12/site-packages/airflow/example_dags/plugins/listener_plugin.py
[2026-05-09T05:03:58.983+0000] {processor.py:842} WARNING - No viable dags retrieved from /home/airflow/.local/lib/python3.12/site-packages/airflow/example_dags/plugins/listener_plugin.py
[2026-05-09T05:03:58.999+0000] {processor.py:183} INFO - Processing /home/airflow/.local/lib/python3.12/site-packages/airflow/example_dags/plugins/listener_plugin.py took 0.030 seconds
[2026-05-09T05:04:29.331+0000] {processor.py:161} INFO - Started process (PID=886) to work on /home/airflow/.local/lib/python3.12/site-packages/airflow/example_dags/plugins/listener_plugin.py
[2026-05-09T05:04:29.332+0000] {processor.py:830} INFO - Processing file /home/airflow/.local/lib/python3.12/site-packages/airflow/example_dags/plugins/listener_plugin.py for tasks to queue
[2026-05-09T05:04:29.334+0000] {logging_mixin.py:188} INFO - [2026-05-09T05:04:29.334+0000] {dagbag.py:545} INFO - Filling up the DagBag from /home/airflow/.local/lib/python3.12/site-packages/airflow/example_dags/plugins/listener_plugin.py
[2026-05-09T05:04:29.337+0000] {processor.py:842} WARNING - No viable dags retrieved from /home/airflow/.local/lib/python3.12/site-packages/airflow/example_dags/plugins/listener_plugin.py
[2026-05-09T05:04:29.350+0000] {processor.py:183} INFO - Processing /home/airflow/.local/lib/python3.12/site-packages/airflow/example_dags/plugins/listener_plugin.py took 0.024 seconds
[2026-05-09T05:04:59.528+0000] {processor.py:161} INFO - Started process (PID=946) to work on /home/airflow/.local/lib/python3.12/site-packages/airflow/example_dags/plugins/listener_plugin.py
[2026-05-09T05:04:59.529+0000] {processor.py:830} INFO - Processing file /home/airflow/.local/lib/python3.12/site-packages/airflow/example_dags/plugins/listener_plugin.py for tasks to queue
[2026-05-09T05:04:59.531+0000] {logging_mixin.py:188} INFO - [2026-05-09T05:04:59.530+0000] {dagbag.py:545} INFO - Filling up the DagBag from /home/airflow/.local/lib/python3.12/site-packages/airflow/example_dags/plugins/listener_plugin.py
[2026-05-09T05:04:59.533+0000] {processor.py:842} WARNING - No viable dags retrieved from /home/airflow/.local/lib/python3.12/site-packages/airflow/example_dags/plugins/listener_plugin.py
[2026-05-09T05:04:59.545+0000] {processor.py:183} INFO - Processing /home/airflow/.local/lib/python3.12/site-packages/airflow/example_dags/plugins/listener_plugin.py took 0.022 seconds
[2026-05-09T05:05:29.719+0000] {processor.py:161} INFO - Started process (PID=1006) to work on /home/airflow/.local/lib/python3.12/site-packages/airflow/example_dags/plugins/listener_plugin.py
[2026-05-09T05:05:29.720+0000] {processor.py:830} INFO - Processing file /home/airflow/.local/lib/python3.12/site-packages/airflow/example_dags/plugins/listener_plugin.py for tasks to queue
[2026-05-09T05:05:29.722+0000] {logging_mixin.py:188} INFO - [2026-05-09T05:05:29.722+0000] {dagbag.py:545} INFO - Filling up the DagBag from /home/airflow/.local/lib/python3.12/site-packages/airflow/example_dags/plugins/listener_plugin.py
[2026-05-09T05:05:29.724+0000] {processor.py:842} WARNING - No viable dags retrieved from /home/airflow/.local/lib/python3.12/site-packages/airflow/example_dags/plugins/listener_plugin.py
[2026-05-09T05:05:29.736+0000] {processor.py:183} INFO - Processing /home/airflow/.local/lib/python3.12/site-packages/airflow/example_dags/plugins/listener_plugin.py took 0.021 seconds
[2026-05-09T05:05:59.841+0000] {processor.py:161} INFO - Started process (PID=1065) to work on /home/airflow/.local/lib/python3.12/site-packages/airflow/example_dags/plugins/listener_plugin.py
[2026-05-09T05:05:59.842+0000] {processor.py:830} INFO - Processing file /home/airflow/.local/lib/python3.12/site-packages/airflow/example_dags/plugins/listener_plugin.py for tasks to queue
[2026-05-09T05:05:59.844+0000] {logging_mixin.py:188} INFO - [2026-05-09T05:05:59.844+0000] {dagbag.py:545} INFO - Filling up the DagBag from /home/airflow/.local/lib/python3.12/site-packages/airflow/example_dags/plugins/listener_plugin.py
[2026-05-09T05:05:59.846+0000] {processor.py:842} WARNING - No viable dags retrieved from /home/airflow/.local/lib/python3.12/site-packages/airflow/example_dags/plugins/listener_plugin.py
[2026-05-09T05:05:59.858+0000] {processor.py:183} INFO - Processing /home/airflow/.local/lib/python3.12/site-packages/airflow/example_dags/plugins/listener_plugin.py took 0.022 seconds
[2026-05-09T05:06:30.970+0000] {processor.py:161} INFO - Started process (PID=1125) to work on /home/airflow/.local/lib/python3.12/site-packages/airflow/example_dags/plugins/listener_plugin.py
[2026-05-09T05:06:30.971+0000] {processor.py:830} INFO - Processing file /home/airflow/.local/lib/python3.12/site-packages/airflow/example_dags/plugins/listener_plugin.py for tasks to queue
[2026-05-09T05:06:30.973+0000] {logging_mixin.py:188} INFO - [2026-05-09T05:06:30.973+0000] {dagbag.py:545} INFO - Filling up the DagBag from /home/airflow/.local/lib/python3.12/site-packages/airflow/example_dags/plugins/listener_plugin.py
[2026-05-09T05:06:30.975+0000] {processor.py:842} WARNING - No viable dags retrieved from /home/airflow/.local/lib/python3.12/site-packages/airflow/example_dags/plugins/listener_plugin.py
[2026-05-09T05:06:30.991+0000] {processor.py:183} INFO - Processing /home/airflow/.local/lib/python3.12/site-packages/airflow/example_dags/plugins/listener_plugin.py took 0.025 seconds
[2026-05-09T05:07:01.358+0000] {processor.py:161} INFO - Started process (PID=1185) to work on /home/airflow/.local/lib/python3.12/site-packages/airflow/example_dags/plugins/listener_plugin.py
[2026-05-09T05:07:01.359+0000] {processor.py:830} INFO - Processing file /home/airflow/.local/lib/python3.12/site-packages/airflow/example_dags/plugins/listener_plugin.py for tasks to queue
[2026-05-09T05:07:01.361+0000] {logging_mixin.py:188} INFO - [2026-05-09T05:07:01.361+0000] {dagbag.py:545} INFO - Filling up the DagBag from /home/airflow/.local/lib/python3.12/site-packages/airflow/example_dags/plugins/listener_plugin.py
[2026-05-09T05:07:01.364+0000] {processor.py:842} WARNING - No viable dags retrieved from /home/airflow/.local/lib/python3.12/site-packages/airflow/example_dags/plugins/listener_plugin.py
[2026-05-09T05:07:01.374+0000] {processor.py:183} INFO - Processing /home/airflow/.local/lib/python3.12/site-packages/airflow/example_dags/plugins/listener_plugin.py took 0.023 seconds
[2026-05-09T05:07:31.859+0000] {processor.py:161} INFO - Started process (PID=1245) to work on /home/airflow/.local/lib/python3.12/site-packages/airflow/example_dags/plugins/listener_plugin.py
[2026-05-09T05:07:31.860+0000] {processor.py:830} INFO - Processing file /home/airflow/.local/lib/python3.12/site-packages/airflow/example_dags/plugins/listener_plugin.py for tasks to queue
[2026-05-09T05:07:31.862+0000] {logging_mixin.py:188} INFO - [2026-05-09T05:07:31.861+0000] {dagbag.py:545} INFO - Filling up the DagBag from /home/airflow/.local/lib/python3.12/site-packages/airflow/example_dags/plugins/listener_plugin.py
[2026-05-09T05:07:31.864+0000] {processor.py:842} WARNING - No viable dags retrieved from /home/airflow/.local/lib/python3.12/site-packages/airflow/example_dags/plugins/listener_plugin.py
[2026-05-09T05:07:31.876+0000] {processor.py:183} INFO - Processing /home/airflow/.local/lib/python3.12/site-packages/airflow/example_dags/plugins/listener_plugin.py took 0.022 seconds
[2026-05-09T05:08:02.297+0000] {processor.py:161} INFO - Started process (PID=1305) to work on /home/airflow/.local/lib/python3.12/site-packages/airflow/example_dags/plugins/listener_plugin.py
[2026-05-09T05:08:02.298+0000] {processor.py:830} INFO - Processing file /home/airflow/.local/lib/python3.12/site-packages/airflow/example_dags/plugins/listener_plugin.py for tasks to queue
[2026-05-09T05:08:02.300+0000] {logging_mixin.py:188} INFO - [2026-05-09T05:08:02.300+0000] {dagbag.py:545} INFO - Filling up the DagBag from /home/airflow/.local/lib/python3.12/site-packages/airflow/example_dags/plugins/listener_plugin.py
[2026-05-09T05:08:02.302+0000] {processor.py:842} WARNING - No viable dags retrieved from /home/airflow/.local/lib/python3.12/site-packages/airflow/example_dags/plugins/listener_plugin.py
[2026-05-09T05:08:02.313+0000] {processor.py:183} INFO - Processing /home/airflow/.local/lib/python3.12/site-packages/airflow/example_dags/plugins/listener_plugin.py took 0.020 seconds
[2026-05-09T05:08:32.511+0000] {processor.py:161} INFO - Started process (PID=1365) to work on /home/airflow/.local/lib/python3.12/site-packages/airflow/example_dags/plugins/listener_plugin.py
[2026-05-09T05:08:32.512+0000] {processor.py:830} INFO - Processing file /home/airflow/.local/lib/python3.12/site-packages/airflow/example_dags/plugins/listener_plugin.py for tasks to queue
[2026-05-09T05:08:32.515+0000] {logging_mixin.py:188} INFO - [2026-05-09T05:08:32.514+0000] {dagbag.py:545} INFO - Filling up the DagBag from /home/airflow/.local/lib/python3.12/site-packages/airflow/example_dags/plugins/listener_plugin.py
[2026-05-09T05:08:32.518+0000] {processor.py:842} WARNING - No viable dags retrieved from /home/airflow/.local/lib/python3.12/site-packages/airflow/example_dags/plugins/listener_plugin.py
[2026-05-09T05:08:32.529+0000] {processor.py:183} INFO - Processing /home/airflow/.local/lib/python3.12/site-packages/airflow/example_dags/plugins/listener_plugin.py took 0.025 seconds
[2026-05-09T05:09:03.393+0000] {processor.py:161} INFO - Started process (PID=1425) to work on /home/airflow/.local/lib/python3.12/site-packages/airflow/example_dags/plugins/listener_plugin.py
[2026-05-09T05:09:03.394+0000] {processor.py:830} INFO - Processing file /home/airflow/.local/lib/python3.12/site-packages/airflow/example_dags/plugins/listener_plugin.py for tasks to queue
[2026-05-09T05:09:03.397+0000] {logging_mixin.py:188} INFO - [2026-05-09T05:09:03.397+0000] {dagbag.py:545} INFO - Filling up the DagBag from /home/airflow/.local/lib/python3.12/site-packages/airflow/example_dags/plugins/listener_plugin.py
[2026-05-09T05:09:03.399+0000] {processor.py:842} WARNING - No viable dags retrieved from /home/airflow/.local/lib/python3.12/site-packages/airflow/example_dags/plugins/listener_plugin.py
[2026-05-09T05:09:03.410+0000] {processor.py:183} INFO - Processing /home/airflow/.local/lib/python3.12/site-packages/airflow/example_dags/plugins/listener_plugin.py took 0.021 seconds
[2026-05-09T05:09:34.125+0000] {processor.py:161} INFO - Started process (PID=1485) to work on /home/airflow/.local/lib/python3.12/site-packages/airflow/example_dags/plugins/listener_plugin.py
[2026-05-09T05:09:34.126+0000] {processor.py:830} INFO - Processing file /home/airflow/.local/lib/python3.12/site-packages/airflow/example_dags/plugins/listener_plugin.py for tasks to queue
[2026-05-09T05:09:34.128+0000] {logging_mixin.py:188} INFO - [2026-05-09T05:09:34.127+0000] {dagbag.py:545} INFO - Filling up the DagBag from /home/airflow/.local/lib/python3.12/site-packages/airflow/example_dags/plugins/listener_plugin.py
[2026-05-09T05:09:34.130+0000] {processor.py:842} WARNING - No viable dags retrieved from /home/airflow/.local/lib/python3.12/site-packages/airflow/example_dags/plugins/listener_plugin.py
[2026-05-09T05:09:34.143+0000] {processor.py:183} INFO - Processing /home/airflow/.local/lib/python3.12/site-packages/airflow/example_dags/plugins/listener_plugin.py took 0.023 seconds
[2026-05-09T05:10:04.270+0000] {processor.py:161} INFO - Started process (PID=1545) to work on /home/airflow/.local/lib/python3.12/site-packages/airflow/example_dags/plugins/listener_plugin.py
[2026-05-09T05:10:04.271+0000] {processor.py:830} INFO - Processing file /home/airflow/.local/lib/python3.12/site-packages/airflow/example_dags/plugins/listener_plugin.py for tasks to queue
[2026-05-09T05:10:04.272+0000] {logging_mixin.py:188} INFO - [2026-05-09T05:10:04.272+0000] {dagbag.py:545} INFO - Filling up the DagBag from /home/airflow/.local/lib/python3.12/site-packages/airflow/example_dags/plugins/listener_plugin.py
[2026-05-09T05:10:04.275+0000] {processor.py:842} WARNING - No viable dags retrieved from /home/airflow/.local/lib/python3.12/site-packages/airflow/example_dags/plugins/listener_plugin.py
[2026-05-09T05:10:04.286+0000] {processor.py:183} INFO - Processing /home/airflow/.local/lib/python3.12/site-packages/airflow/example_dags/plugins/listener_plugin.py took 0.022 seconds
[2026-05-09T05:10:35.205+0000] {processor.py:161} INFO - Started process (PID=1605) to work on /home/airflow/.local/lib/python3.12/site-packages/airflow/example_dags/plugins/listener_plugin.py
[2026-05-09T05:10:35.206+0000] {processor.py:830} INFO - Processing file /home/airflow/.local/lib/python3.12/site-packages/airflow/example_dags/plugins/listener_plugin.py for tasks to queue
[2026-05-09T05:10:35.208+0000] {logging_mixin.py:188} INFO - [2026-05-09T05:10:35.208+0000] {dagbag.py:545} INFO - Filling up the DagBag from /home/airflow/.local/lib/python3.12/site-packages/airflow/example_dags/plugins/listener_plugin.py
[2026-05-09T05:10:35.210+0000] {processor.py:842} WARNING - No viable dags retrieved from /home/airflow/.local/lib/python3.12/site-packages/airflow/example_dags/plugins/listener_plugin.py
[2026-05-09T05:10:35.225+0000] {processor.py:183} INFO - Processing /home/airflow/.local/lib/python3.12/site-packages/airflow/example_dags/plugins/listener_plugin.py took 0.026 seconds
[2026-05-09T05:11:05.786+0000] {processor.py:161} INFO - Started process (PID=1665) to work on /home/airflow/.local/lib/python3.12/site-packages/airflow/example_dags/plugins/listener_plugin.py
[2026-05-09T05:11:05.789+0000] {processor.py:830} INFO - Processing file /home/airflow/.local/lib/python3.12/site-packages/airflow/example_dags/plugins/listener_plugin.py for tasks to queue
[2026-05-09T05:11:05.794+0000] {logging_mixin.py:188} INFO - [2026-05-09T05:11:05.793+0000] {dagbag.py:545} INFO - Filling up the DagBag from /home/airflow/.local/lib/python3.12/site-packages/airflow/example_dags/plugins/listener_plugin.py
[2026-05-09T05:11:05.797+0000] {processor.py:842} WARNING - No viable dags retrieved from /home/airflow/.local/lib/python3.12/site-packages/airflow/example_dags/plugins/listener_plugin.py
[2026-05-09T05:11:05.814+0000] {processor.py:183} INFO - Processing /home/airflow/.local/lib/python3.12/site-packages/airflow/example_dags/plugins/listener_plugin.py took 0.034 seconds
[2026-05-09T05:11:36.219+0000] {processor.py:161} INFO - Started process (PID=1725) to work on /home/airflow/.local/lib/python3.12/site-packages/airflow/example_dags/plugins/listener_plugin.py
[2026-05-09T05:11:36.225+0000] {processor.py:830} INFO - Processing file /home/airflow/.local/lib/python3.12/site-packages/airflow/example_dags/plugins/listener_plugin.py for tasks to queue
[2026-05-09T05:11:36.227+0000] {logging_mixin.py:188} INFO - [2026-05-09T05:11:36.227+0000] {dagbag.py:545} INFO - Filling up the DagBag from /home/airflow/.local/lib/python3.12/site-packages/airflow/example_dags/plugins/listener_plugin.py
[2026-05-09T05:11:36.231+0000] {processor.py:842} WARNING - No viable dags retrieved from /home/airflow/.local/lib/python3.12/site-packages/airflow/example_dags/plugins/listener_plugin.py
[2026-05-09T05:11:36.244+0000] {processor.py:183} INFO - Processing /home/airflow/.local/lib/python3.12/site-packages/airflow/example_dags/plugins/listener_plugin.py took 0.030 seconds
[2026-05-09T05:12:07.333+0000] {processor.py:161} INFO - Started process (PID=1785) to work on /home/airflow/.local/lib/python3.12/site-packages/airflow/example_dags/plugins/listener_plugin.py
[2026-05-09T05:12:07.334+0000] {processor.py:830} INFO - Processing file /home/airflow/.local/lib/python3.12/site-packages/airflow/example_dags/plugins/listener_plugin.py for tasks to queue
[2026-05-09T05:12:07.336+0000] {logging_mixin.py:188} INFO - [2026-05-09T05:12:07.336+0000] {dagbag.py:545} INFO - Filling up the DagBag from /home/airflow/.local/lib/python3.12/site-packages/airflow/example_dags/plugins/listener_plugin.py
[2026-05-09T05:12:07.338+0000] {processor.py:842} WARNING - No viable dags retrieved from /home/airflow/.local/lib/python3.12/site-packages/airflow/example_dags/plugins/listener_plugin.py
[2026-05-09T05:12:07.350+0000] {processor.py:183} INFO - Processing /home/airflow/.local/lib/python3.12/site-packages/airflow/example_dags/plugins/listener_plugin.py took 0.022 seconds
[2026-05-09T05:12:37.964+0000] {processor.py:161} INFO - Started process (PID=1845) to work on /home/airflow/.local/lib/python3.12/site-packages/airflow/example_dags/plugins/listener_plugin.py
[2026-05-09T05:12:37.965+0000] {processor.py:830} INFO - Processing file /home/airflow/.local/lib/python3.12/site-packages/airflow/example_dags/plugins/listener_plugin.py for tasks to queue
[2026-05-09T05:12:37.967+0000] {logging_mixin.py:188} INFO - [2026-05-09T05:12:37.967+0000] {dagbag.py:545} INFO - Filling up the DagBag from /home/airflow/.local/lib/python3.12/site-packages/airflow/example_dags/plugins/listener_plugin.py
[2026-05-09T05:12:37.970+0000] {processor.py:842} WARNING - No viable dags retrieved from /home/airflow/.local/lib/python3.12/site-packages/airflow/example_dags/plugins/listener_plugin.py
[2026-05-09T05:12:37.984+0000] {processor.py:183} INFO - Processing /home/airflow/.local/lib/python3.12/site-packages/airflow/example_dags/plugins/listener_plugin.py took 0.027 seconds
[2026-05-09T05:13:08.277+0000] {processor.py:161} INFO - Started process (PID=1905) to work on /home/airflow/.local/lib/python3.12/site-packages/airflow/example_dags/plugins/listener_plugin.py
[2026-05-09T05:13:08.278+0000] {processor.py:830} INFO - Processing file /home/airflow/.local/lib/python3.12/site-packages/airflow/example_dags/plugins/listener_plugin.py for tasks to queue
[2026-05-09T05:13:08.280+0000] {logging_mixin.py:188} INFO - [2026-05-09T05:13:08.279+0000] {dagbag.py:545} INFO - Filling up the DagBag from /home/airflow/.local/lib/python3.12/site-packages/airflow/example_dags/plugins/listener_plugin.py
[2026-05-09T05:13:08.282+0000] {processor.py:842} WARNING - No viable dags retrieved from /home/airflow/.local/lib/python3.12/site-packages/airflow/example_dags/plugins/listener_plugin.py
[2026-05-09T05:13:08.293+0000] {processor.py:183} INFO - Processing /home/airflow/.local/lib/python3.12/site-packages/airflow/example_dags/plugins/listener_plugin.py took 0.021 seconds
[2026-05-09T05:13:39.143+0000] {processor.py:161} INFO - Started process (PID=1965) to work on /home/airflow/.local/lib/python3.12/site-packages/airflow/example_dags/plugins/listener_plugin.py
[2026-05-09T05:13:39.144+0000] {processor.py:830} INFO - Processing file /home/airflow/.local/lib/python3.12/site-packages/airflow/example_dags/plugins/listener_plugin.py for tasks to queue
[2026-05-09T05:13:39.146+0000] {logging_mixin.py:188} INFO - [2026-05-09T05:13:39.146+0000] {dagbag.py:545} INFO - Filling up the DagBag from /home/airflow/.local/lib/python3.12/site-packages/airflow/example_dags/plugins/listener_plugin.py
[2026-05-09T05:13:39.149+0000] {processor.py:842} WARNING - No viable dags retrieved from /home/airflow/.local/lib/python3.12/site-packages/airflow/example_dags/plugins/listener_plugin.py
[2026-05-09T05:13:39.161+0000] {processor.py:183} INFO - Processing /home/airflow/.local/lib/python3.12/site-packages/airflow/example_dags/plugins/listener_plugin.py took 0.022 seconds
[2026-05-09T05:14:10.135+0000] {processor.py:161} INFO - Started process (PID=2025) to work on /home/airflow/.local/lib/python3.12/site-packages/airflow/example_dags/plugins/listener_plugin.py
[2026-05-09T05:14:10.136+0000] {processor.py:830} INFO - Processing file /home/airflow/.local/lib/python3.12/site-packages/airflow/example_dags/plugins/listener_plugin.py for tasks to queue
[2026-05-09T05:14:10.138+0000] {logging_mixin.py:188} INFO - [2026-05-09T05:14:10.138+0000] {dagbag.py:545} INFO - Filling up the DagBag from /home/airflow/.local/lib/python3.12/site-packages/airflow/example_dags/plugins/listener_plugin.py
[2026-05-09T05:14:10.140+0000] {processor.py:842} WARNING - No viable dags retrieved from /home/airflow/.local/lib/python3.12/site-packages/airflow/example_dags/plugins/listener_plugin.py
[2026-05-09T05:14:10.152+0000] {processor.py:183} INFO - Processing /home/airflow/.local/lib/python3.12/site-packages/airflow/example_dags/plugins/listener_plugin.py took 0.021 seconds
[2026-05-09T05:14:40.891+0000] {processor.py:161} INFO - Started process (PID=2085) to work on /home/airflow/.local/lib/python3.12/site-packages/airflow/example_dags/plugins/listener_plugin.py
[2026-05-09T05:14:40.892+0000] {processor.py:830} INFO - Processing file /home/airflow/.local/lib/python3.12/site-packages/airflow/example_dags/plugins/listener_plugin.py for tasks to queue
[2026-05-09T05:14:40.893+0000] {logging_mixin.py:188} INFO - [2026-05-09T05:14:40.893+0000] {dagbag.py:545} INFO - Filling up the DagBag from /home/airflow/.local/lib/python3.12/site-packages/airflow/example_dags/plugins/listener_plugin.py
[2026-05-09T05:14:40.895+0000] {processor.py:842} WARNING - No viable dags retrieved from /home/airflow/.local/lib/python3.12/site-packages/airflow/example_dags/plugins/listener_plugin.py
[2026-05-09T05:14:40.906+0000] {processor.py:183} INFO - Processing /home/airflow/.local/lib/python3.12/site-packages/airflow/example_dags/plugins/listener_plugin.py took 0.020 seconds
[2026-05-09T05:15:11.724+0000] {processor.py:161} INFO - Started process (PID=2145) to work on /home/airflow/.local/lib/python3.12/site-packages/airflow/example_dags/plugins/listener_plugin.py
[2026-05-09T05:15:11.725+0000] {processor.py:830} INFO - Processing file /home/airflow/.local/lib/python3.12/site-packages/airflow/example_dags/plugins/listener_plugin.py for tasks to queue
[2026-05-09T05:15:11.727+0000] {logging_mixin.py:188} INFO - [2026-05-09T05:15:11.727+0000] {dagbag.py:545} INFO - Filling up the DagBag from /home/airflow/.local/lib/python3.12/site-packages/airflow/example_dags/plugins/listener_plugin.py
[2026-05-09T05:15:11.729+0000] {processor.py:842} WARNING - No viable dags retrieved from /home/airflow/.local/lib/python3.12/site-packages/airflow/example_dags/plugins/listener_plugin.py
[2026-05-09T05:15:11.740+0000] {processor.py:183} INFO - Processing /home/airflow/.local/lib/python3.12/site-packages/airflow/example_dags/plugins/listener_plugin.py took 0.020 seconds
[2026-05-09T05:15:42.959+0000] {processor.py:161} INFO - Started process (PID=2205) to work on /home/airflow/.local/lib/python3.12/site-packages/airflow/example_dags/plugins/listener_plugin.py
[2026-05-09T05:15:42.961+0000] {processor.py:830} INFO - Processing file /home/airflow/.local/lib/python3.12/site-packages/airflow/example_dags/plugins/listener_plugin.py for tasks to queue
[2026-05-09T05:15:42.963+0000] {logging_mixin.py:188} INFO - [2026-05-09T05:15:42.962+0000] {dagbag.py:545} INFO - Filling up the DagBag from /home/airflow/.local/lib/python3.12/site-packages/airflow/example_dags/plugins/listener_plugin.py
[2026-05-09T05:15:42.965+0000] {processor.py:842} WARNING - No viable dags retrieved from /home/airflow/.local/lib/python3.12/site-packages/airflow/example_dags/plugins/listener_plugin.py
[2026-05-09T05:15:42.978+0000] {processor.py:183} INFO - Processing /home/airflow/.local/lib/python3.12/site-packages/airflow/example_dags/plugins/listener_plugin.py took 0.023 seconds
[2026-05-09T05:16:13.625+0000] {processor.py:161} INFO - Started process (PID=2265) to work on /home/airflow/.local/lib/python3.12/site-packages/airflow/example_dags/plugins/listener_plugin.py
[2026-05-09T05:16:13.626+0000] {processor.py:830} INFO - Processing file /home/airflow/.local/lib/python3.12/site-packages/airflow/example_dags/plugins/listener_plugin.py for tasks to queue
[2026-05-09T05:16:13.628+0000] {logging_mixin.py:188} INFO - [2026-05-09T05:16:13.628+0000] {dagbag.py:545} INFO - Filling up the DagBag from /home/airflow/.local/lib/python3.12/site-packages/airflow/example_dags/plugins/listener_plugin.py
[2026-05-09T05:16:13.631+0000] {processor.py:842} WARNING - No viable dags retrieved from /home/airflow/.local/lib/python3.12/site-packages/airflow/example_dags/plugins/listener_plugin.py
[2026-05-09T05:16:13.641+0000] {processor.py:183} INFO - Processing /home/airflow/.local/lib/python3.12/site-packages/airflow/example_dags/plugins/listener_plugin.py took 0.020 seconds
[2026-05-09T05:16:43.746+0000] {processor.py:161} INFO - Started process (PID=2325) to work on /home/airflow/.local/lib/python3.12/site-packages/airflow/example_dags/plugins/listener_plugin.py
[2026-05-09T05:16:43.748+0000] {processor.py:830} INFO - Processing file /home/airflow/.local/lib/python3.12/site-packages/airflow/example_dags/plugins/listener_plugin.py for tasks to queue
[2026-05-09T05:16:43.750+0000] {logging_mixin.py:188} INFO - [2026-05-09T05:16:43.750+0000] {dagbag.py:545} INFO - Filling up the DagBag from /home/airflow/.local/lib/python3.12/site-packages/airflow/example_dags/plugins/listener_plugin.py
[2026-05-09T05:16:43.753+0000] {processor.py:842} WARNING - No viable dags retrieved from /home/airflow/.local/lib/python3.12/site-packages/airflow/example_dags/plugins/listener_plugin.py
[2026-05-09T05:16:43.767+0000] {processor.py:183} INFO - Processing /home/airflow/.local/lib/python3.12/site-packages/airflow/example_dags/plugins/listener_plugin.py took 0.026 seconds
[2026-05-09T05:17:14.951+0000] {processor.py:161} INFO - Started process (PID=2385) to work on /home/airflow/.local/lib/python3.12/site-packages/airflow/example_dags/plugins/listener_plugin.py
[2026-05-09T05:17:14.952+0000] {processor.py:830} INFO - Processing file /home/airflow/.local/lib/python3.12/site-packages/airflow/example_dags/plugins/listener_plugin.py for tasks to queue
[2026-05-09T05:17:14.955+0000] {logging_mixin.py:188} INFO - [2026-05-09T05:17:14.955+0000] {dagbag.py:545} INFO - Filling up the DagBag from /home/airflow/.local/lib/python3.12/site-packages/airflow/example_dags/plugins/listener_plugin.py
[2026-05-09T05:17:14.958+0000] {processor.py:842} WARNING - No viable dags retrieved from /home/airflow/.local/lib/python3.12/site-packages/airflow/example_dags/plugins/listener_plugin.py
[2026-05-09T05:17:14.974+0000] {processor.py:183} INFO - Processing /home/airflow/.local/lib/python3.12/site-packages/airflow/example_dags/plugins/listener_plugin.py took 0.030 seconds
[2026-05-09T05:17:45.742+0000] {processor.py:161} INFO - Started process (PID=2445) to work on /home/airflow/.local/lib/python3.12/site-packages/airflow/example_dags/plugins/listener_plugin.py
[2026-05-09T05:17:45.743+0000] {processor.py:830} INFO - Processing file /home/airflow/.local/lib/python3.12/site-packages/airflow/example_dags/plugins/listener_plugin.py for tasks to queue
[2026-05-09T05:17:45.745+0000] {logging_mixin.py:188} INFO - [2026-05-09T05:17:45.745+0000] {dagbag.py:545} INFO - Filling up the DagBag from /home/airflow/.local/lib/python3.12/site-packages/airflow/example_dags/plugins/listener_plugin.py
[2026-05-09T05:17:45.747+0000] {processor.py:842} WARNING - No viable dags retrieved from /home/airflow/.local/lib/python3.12/site-packages/airflow/example_dags/plugins/listener_plugin.py
[2026-05-09T05:17:45.758+0000] {processor.py:183} INFO - Processing /home/airflow/.local/lib/python3.12/site-packages/airflow/example_dags/plugins/listener_plugin.py took 0.021 seconds
[2026-05-09T05:18:16.325+0000] {processor.py:161} INFO - Started process (PID=2505) to work on /home/airflow/.local/lib/python3.12/site-packages/airflow/example_dags/plugins/listener_plugin.py
[2026-05-09T05:18:16.326+0000] {processor.py:830} INFO - Processing file /home/airflow/.local/lib/python3.12/site-packages/airflow/example_dags/plugins/listener_plugin.py for tasks to queue
[2026-05-09T05:18:16.329+0000] {logging_mixin.py:188} INFO - [2026-05-09T05:18:16.329+0000] {dagbag.py:545} INFO - Filling up the DagBag from /home/airflow/.local/lib/python3.12/site-packages/airflow/example_dags/plugins/listener_plugin.py
[2026-05-09T05:18:16.335+0000] {processor.py:842} WARNING - No viable dags retrieved from /home/airflow/.local/lib/python3.12/site-packages/airflow/example_dags/plugins/listener_plugin.py
[2026-05-09T05:18:16.357+0000] {processor.py:183} INFO - Processing /home/airflow/.local/lib/python3.12/site-packages/airflow/example_dags/plugins/listener_plugin.py took 0.044 seconds
[2026-05-09T05:18:47.137+0000] {processor.py:161} INFO - Started process (PID=2565) to work on /home/airflow/.local/lib/python3.12/site-packages/airflow/example_dags/plugins/listener_plugin.py
[2026-05-09T05:18:47.139+0000] {processor.py:830} INFO - Processing file /home/airflow/.local/lib/python3.12/site-packages/airflow/example_dags/plugins/listener_plugin.py for tasks to queue
[2026-05-09T05:18:47.141+0000] {logging_mixin.py:188} INFO - [2026-05-09T05:18:47.141+0000] {dagbag.py:545} INFO - Filling up the DagBag from /home/airflow/.local/lib/python3.12/site-packages/airflow/example_dags/plugins/listener_plugin.py
[2026-05-09T05:18:47.145+0000] {processor.py:842} WARNING - No viable dags retrieved from /home/airflow/.local/lib/python3.12/site-packages/airflow/example_dags/plugins/listener_plugin.py
[2026-05-09T05:18:47.161+0000] {processor.py:183} INFO - Processing /home/airflow/.local/lib/python3.12/site-packages/airflow/example_dags/plugins/listener_plugin.py took 0.032 seconds
[2026-05-09T05:19:18.138+0000] {processor.py:161} INFO - Started process (PID=2625) to work on /home/airflow/.local/lib/python3.12/site-packages/airflow/example_dags/plugins/listener_plugin.py
[2026-05-09T05:19:18.139+0000] {processor.py:830} INFO - Processing file /home/airflow/.local/lib/python3.12/site-packages/airflow/example_dags/plugins/listener_plugin.py for tasks to queue
[2026-05-09T05:19:18.140+0000] {logging_mixin.py:188} INFO - [2026-05-09T05:19:18.140+0000] {dagbag.py:545} INFO - Filling up the DagBag from /home/airflow/.local/lib/python3.12/site-packages/airflow/example_dags/plugins/listener_plugin.py
[2026-05-09T05:19:18.143+0000] {processor.py:842} WARNING - No viable dags retrieved from /home/airflow/.local/lib/python3.12/site-packages/airflow/example_dags/plugins/listener_plugin.py
[2026-05-09T05:19:18.154+0000] {processor.py:183} INFO - Processing /home/airflow/.local/lib/python3.12/site-packages/airflow/example_dags/plugins/listener_plugin.py took 0.021 seconds
[2026-05-09T05:19:48.298+0000] {processor.py:161} INFO - Started process (PID=2685) to work on /home/airflow/.local/lib/python3.12/site-packages/airflow/example_dags/plugins/listener_plugin.py
[2026-05-09T05:19:48.299+0000] {processor.py:830} INFO - Processing file /home/airflow/.local/lib/python3.12/site-packages/airflow/example_dags/plugins/listener_plugin.py for tasks to queue
[2026-05-09T05:19:48.301+0000] {logging_mixin.py:188} INFO - [2026-05-09T05:19:48.301+0000] {dagbag.py:545} INFO - Filling up the DagBag from /home/airflow/.local/lib/python3.12/site-packages/airflow/example_dags/plugins/listener_plugin.py
[2026-05-09T05:19:48.303+0000] {processor.py:842} WARNING - No viable dags retrieved from /home/airflow/.local/lib/python3.12/site-packages/airflow/example_dags/plugins/listener_plugin.py
[2026-05-09T05:19:48.316+0000] {processor.py:183} INFO - Processing /home/airflow/.local/lib/python3.12/site-packages/airflow/example_dags/plugins/listener_plugin.py took 0.023 seconds
[2026-05-09T05:20:18.408+0000] {processor.py:161} INFO - Started process (PID=2744) to work on /home/airflow/.local/lib/python3.12/site-packages/airflow/example_dags/plugins/listener_plugin.py
[2026-05-09T05:20:18.410+0000] {processor.py:830} INFO - Processing file /home/airflow/.local/lib/python3.12/site-packages/airflow/example_dags/plugins/listener_plugin.py for tasks to queue
[2026-05-09T05:20:18.412+0000] {logging_mixin.py:188} INFO - [2026-05-09T05:20:18.411+0000] {dagbag.py:545} INFO - Filling up the DagBag from /home/airflow/.local/lib/python3.12/site-packages/airflow/example_dags/plugins/listener_plugin.py
[2026-05-09T05:20:18.414+0000] {processor.py:842} WARNING - No viable dags retrieved from /home/airflow/.local/lib/python3.12/site-packages/airflow/example_dags/plugins/listener_plugin.py
[2026-05-09T05:20:18.431+0000] {processor.py:183} INFO - Processing /home/airflow/.local/lib/python3.12/site-packages/airflow/example_dags/plugins/listener_plugin.py took 0.027 seconds
[2026-05-09T05:20:49.966+0000] {processor.py:161} INFO - Started process (PID=2812) to work on /home/airflow/.local/lib/python3.12/site-packages/airflow/example_dags/plugins/listener_plugin.py
[2026-05-09T05:20:49.967+0000] {processor.py:830} INFO - Processing file /home/airflow/.local/lib/python3.12/site-packages/airflow/example_dags/plugins/listener_plugin.py for tasks to queue
[2026-05-09T05:20:49.970+0000] {logging_mixin.py:188} INFO - [2026-05-09T05:20:49.970+0000] {dagbag.py:545} INFO - Filling up the DagBag from /home/airflow/.local/lib/python3.12/site-packages/airflow/example_dags/plugins/listener_plugin.py
[2026-05-09T05:20:49.974+0000] {processor.py:842} WARNING - No viable dags retrieved from /home/airflow/.local/lib/python3.12/site-packages/airflow/example_dags/plugins/listener_plugin.py
[2026-05-09T05:20:49.995+0000] {processor.py:183} INFO - Processing /home/airflow/.local/lib/python3.12/site-packages/airflow/example_dags/plugins/listener_plugin.py took 0.038 seconds
[2026-05-09T05:21:20.091+0000] {processor.py:161} INFO - Started process (PID=2872) to work on /home/airflow/.local/lib/python3.12/site-packages/airflow/example_dags/plugins/listener_plugin.py
[2026-05-09T05:21:20.092+0000] {processor.py:830} INFO - Processing file /home/airflow/.local/lib/python3.12/site-packages/airflow/example_dags/plugins/listener_plugin.py for tasks to queue
[2026-05-09T05:21:20.094+0000] {logging_mixin.py:188} INFO - [2026-05-09T05:21:20.094+0000] {dagbag.py:545} INFO - Filling up the DagBag from /home/airflow/.local/lib/python3.12/site-packages/airflow/example_dags/plugins/listener_plugin.py
[2026-05-09T05:21:20.097+0000] {processor.py:842} WARNING - No viable dags retrieved from /home/airflow/.local/lib/python3.12/site-packages/airflow/example_dags/plugins/listener_plugin.py
[2026-05-09T05:21:20.109+0000] {processor.py:183} INFO - Processing /home/airflow/.local/lib/python3.12/site-packages/airflow/example_dags/plugins/listener_plugin.py took 0.023 seconds
[2026-05-09T05:21:50.762+0000] {processor.py:161} INFO - Started process (PID=2932) to work on /home/airflow/.local/lib/python3.12/site-packages/airflow/example_dags/plugins/listener_plugin.py
[2026-05-09T05:21:50.763+0000] {processor.py:830} INFO - Processing file /home/airflow/.local/lib/python3.12/site-packages/airflow/example_dags/plugins/listener_plugin.py for tasks to queue
[2026-05-09T05:21:50.765+0000] {logging_mixin.py:188} INFO - [2026-05-09T05:21:50.765+0000] {dagbag.py:545} INFO - Filling up the DagBag from /home/airflow/.local/lib/python3.12/site-packages/airflow/example_dags/plugins/listener_plugin.py
[2026-05-09T05:21:50.768+0000] {processor.py:842} WARNING - No viable dags retrieved from /home/airflow/.local/lib/python3.12/site-packages/airflow/example_dags/plugins/listener_plugin.py
[2026-05-09T05:21:50.780+0000] {processor.py:183} INFO - Processing /home/airflow/.local/lib/python3.12/site-packages/airflow/example_dags/plugins/listener_plugin.py took 0.022 seconds
[2026-05-09T05:22:21.735+0000] {processor.py:161} INFO - Started process (PID=2992) to work on /home/airflow/.local/lib/python3.12/site-packages/airflow/example_dags/plugins/listener_plugin.py
[2026-05-09T05:22:21.736+0000] {processor.py:830} INFO - Processing file /home/airflow/.local/lib/python3.12/site-packages/airflow/example_dags/plugins/listener_plugin.py for tasks to queue
[2026-05-09T05:22:21.738+0000] {logging_mixin.py:188} INFO - [2026-05-09T05:22:21.738+0000] {dagbag.py:545} INFO - Filling up the DagBag from /home/airflow/.local/lib/python3.12/site-packages/airflow/example_dags/plugins/listener_plugin.py
[2026-05-09T05:22:21.740+0000] {processor.py:842} WARNING - No viable dags retrieved from /home/airflow/.local/lib/python3.12/site-packages/airflow/example_dags/plugins/listener_plugin.py
[2026-05-09T05:22:21.751+0000] {processor.py:183} INFO - Processing /home/airflow/.local/lib/python3.12/site-packages/airflow/example_dags/plugins/listener_plugin.py took 0.021 seconds
[2026-05-09T05:22:52.009+0000] {processor.py:161} INFO - Started process (PID=3052) to work on /home/airflow/.local/lib/python3.12/site-packages/airflow/example_dags/plugins/listener_plugin.py
[2026-05-09T05:22:52.010+0000] {processor.py:830} INFO - Processing file /home/airflow/.local/lib/python3.12/site-packages/airflow/example_dags/plugins/listener_plugin.py for tasks to queue
[2026-05-09T05:22:52.012+0000] {logging_mixin.py:188} INFO - [2026-05-09T05:22:52.012+0000] {dagbag.py:545} INFO - Filling up the DagBag from /home/airflow/.local/lib/python3.12/site-packages/airflow/example_dags/plugins/listener_plugin.py
[2026-05-09T05:22:52.014+0000] {processor.py:842} WARNING - No viable dags retrieved from /home/airflow/.local/lib/python3.12/site-packages/airflow/example_dags/plugins/listener_plugin.py
[2026-05-09T05:22:52.025+0000] {processor.py:183} INFO - Processing /home/airflow/.local/lib/python3.12/site-packages/airflow/example_dags/plugins/listener_plugin.py took 0.021 seconds
[2026-05-09T05:23:22.811+0000] {processor.py:161} INFO - Started process (PID=3112) to work on /home/airflow/.local/lib/python3.12/site-packages/airflow/example_dags/plugins/listener_plugin.py
[2026-05-09T05:23:22.813+0000] {processor.py:830} INFO - Processing file /home/airflow/.local/lib/python3.12/site-packages/airflow/example_dags/plugins/listener_plugin.py for tasks to queue
[2026-05-09T05:23:22.816+0000] {logging_mixin.py:188} INFO - [2026-05-09T05:23:22.815+0000] {dagbag.py:545} INFO - Filling up the DagBag from /home/airflow/.local/lib/python3.12/site-packages/airflow/example_dags/plugins/listener_plugin.py
[2026-05-09T05:23:22.819+0000] {processor.py:842} WARNING - No viable dags retrieved from /home/airflow/.local/lib/python3.12/site-packages/airflow/example_dags/plugins/listener_plugin.py
[2026-05-09T05:23:22.831+0000] {processor.py:183} INFO - Processing /home/airflow/.local/lib/python3.12/site-packages/airflow/example_dags/plugins/listener_plugin.py took 0.026 seconds
[2026-05-09T05:23:53.806+0000] {processor.py:161} INFO - Started process (PID=3172) to work on /home/airflow/.local/lib/python3.12/site-packages/airflow/example_dags/plugins/listener_plugin.py
[2026-05-09T05:23:53.807+0000] {processor.py:830} INFO - Processing file /home/airflow/.local/lib/python3.12/site-packages/airflow/example_dags/plugins/listener_plugin.py for tasks to queue
[2026-05-09T05:23:53.809+0000] {logging_mixin.py:188} INFO - [2026-05-09T05:23:53.809+0000] {dagbag.py:545} INFO - Filling up the DagBag from /home/airflow/.local/lib/python3.12/site-packages/airflow/example_dags/plugins/listener_plugin.py
[2026-05-09T05:23:53.812+0000] {processor.py:842} WARNING - No viable dags retrieved from /home/airflow/.local/lib/python3.12/site-packages/airflow/example_dags/plugins/listener_plugin.py
[2026-05-09T05:23:53.821+0000] {processor.py:183} INFO - Processing /home/airflow/.local/lib/python3.12/site-packages/airflow/example_dags/plugins/listener_plugin.py took 0.019 seconds
[2026-05-09T05:24:25.008+0000] {processor.py:161} INFO - Started process (PID=3232) to work on /home/airflow/.local/lib/python3.12/site-packages/airflow/example_dags/plugins/listener_plugin.py
[2026-05-09T05:24:25.009+0000] {processor.py:830} INFO - Processing file /home/airflow/.local/lib/python3.12/site-packages/airflow/example_dags/plugins/listener_plugin.py for tasks to queue
[2026-05-09T05:24:25.011+0000] {logging_mixin.py:188} INFO - [2026-05-09T05:24:25.011+0000] {dagbag.py:545} INFO - Filling up the DagBag from /home/airflow/.local/lib/python3.12/site-packages/airflow/example_dags/plugins/listener_plugin.py
[2026-05-09T05:24:25.014+0000] {processor.py:842} WARNING - No viable dags retrieved from /home/airflow/.local/lib/python3.12/site-packages/airflow/example_dags/plugins/listener_plugin.py
[2026-05-09T05:24:25.027+0000] {processor.py:183} INFO - Processing /home/airflow/.local/lib/python3.12/site-packages/airflow/example_dags/plugins/listener_plugin.py took 0.024 seconds
[2026-05-09T05:24:55.208+0000] {processor.py:161} INFO - Started process (PID=3292) to work on /home/airflow/.local/lib/python3.12/site-packages/airflow/example_dags/plugins/listener_plugin.py
[2026-05-09T05:24:55.209+0000] {processor.py:830} INFO - Processing file /home/airflow/.local/lib/python3.12/site-packages/airflow/example_dags/plugins/listener_plugin.py for tasks to queue
[2026-05-09T05:24:55.211+0000] {logging_mixin.py:188} INFO - [2026-05-09T05:24:55.211+0000] {dagbag.py:545} INFO - Filling up the DagBag from /home/airflow/.local/lib/python3.12/site-packages/airflow/example_dags/plugins/listener_plugin.py
[2026-05-09T05:24:55.215+0000] {processor.py:842} WARNING - No viable dags retrieved from /home/airflow/.local/lib/python3.12/site-packages/airflow/example_dags/plugins/listener_plugin.py
[2026-05-09T05:24:55.229+0000] {processor.py:183} INFO - Processing /home/airflow/.local/lib/python3.12/site-packages/airflow/example_dags/plugins/listener_plugin.py took 0.026 seconds
[2026-05-09T05:25:26.135+0000] {processor.py:161} INFO - Started process (PID=3352) to work on /home/airflow/.local/lib/python3.12/site-packages/airflow/example_dags/plugins/listener_plugin.py
[2026-05-09T05:25:26.136+0000] {processor.py:830} INFO - Processing file /home/airflow/.local/lib/python3.12/site-packages/airflow/example_dags/plugins/listener_plugin.py for tasks to queue
[2026-05-09T05:25:26.137+0000] {logging_mixin.py:188} INFO - [2026-05-09T05:25:26.137+0000] {dagbag.py:545} INFO - Filling up the DagBag from /home/airflow/.local/lib/python3.12/site-packages/airflow/example_dags/plugins/listener_plugin.py
[2026-05-09T05:25:26.140+0000] {processor.py:842} WARNING - No viable dags retrieved from /home/airflow/.local/lib/python3.12/site-packages/airflow/example_dags/plugins/listener_plugin.py
[2026-05-09T05:25:26.150+0000] {processor.py:183} INFO - Processing /home/airflow/.local/lib/python3.12/site-packages/airflow/example_dags/plugins/listener_plugin.py took 0.020 seconds
[2026-05-09T05:25:57.449+0000] {processor.py:161} INFO - Started process (PID=3412) to work on /home/airflow/.local/lib/python3.12/site-packages/airflow/example_dags/plugins/listener_plugin.py
[2026-05-09T05:25:57.450+0000] {processor.py:830} INFO - Processing file /home/airflow/.local/lib/python3.12/site-packages/airflow/example_dags/plugins/listener_plugin.py for tasks to queue
[2026-05-09T05:25:57.453+0000] {logging_mixin.py:188} INFO - [2026-05-09T05:25:57.453+0000] {dagbag.py:545} INFO - Filling up the DagBag from /home/airflow/.local/lib/python3.12/site-packages/airflow/example_dags/plugins/listener_plugin.py
[2026-05-09T05:25:57.456+0000] {processor.py:842} WARNING - No viable dags retrieved from /home/airflow/.local/lib/python3.12/site-packages/airflow/example_dags/plugins/listener_plugin.py
[2026-05-09T05:25:57.475+0000] {processor.py:183} INFO - Processing /home/airflow/.local/lib/python3.12/site-packages/airflow/example_dags/plugins/listener_plugin.py took 0.038 seconds
[2026-05-09T05:26:28.084+0000] {processor.py:161} INFO - Started process (PID=3472) to work on /home/airflow/.local/lib/python3.12/site-packages/airflow/example_dags/plugins/listener_plugin.py
[2026-05-09T05:26:28.085+0000] {processor.py:830} INFO - Processing file /home/airflow/.local/lib/python3.12/site-packages/airflow/example_dags/plugins/listener_plugin.py for tasks to queue
[2026-05-09T05:26:28.087+0000] {logging_mixin.py:188} INFO - [2026-05-09T05:26:28.087+0000] {dagbag.py:545} INFO - Filling up the DagBag from /home/airflow/.local/lib/python3.12/site-packages/airflow/example_dags/plugins/listener_plugin.py
[2026-05-09T05:26:28.090+0000] {processor.py:842} WARNING - No viable dags retrieved from /home/airflow/.local/lib/python3.12/site-packages/airflow/example_dags/plugins/listener_plugin.py
[2026-05-09T05:26:28.102+0000] {processor.py:183} INFO - Processing /home/airflow/.local/lib/python3.12/site-packages/airflow/example_dags/plugins/listener_plugin.py took 0.023 seconds
[2026-05-09T05:26:58.594+0000] {processor.py:161} INFO - Started process (PID=3532) to work on /home/airflow/.local/lib/python3.12/site-packages/airflow/example_dags/plugins/listener_plugin.py
[2026-05-09T05:26:58.595+0000] {processor.py:830} INFO - Processing file /home/airflow/.local/lib/python3.12/site-packages/airflow/example_dags/plugins/listener_plugin.py for tasks to queue
[2026-05-09T05:26:58.596+0000] {logging_mixin.py:188} INFO - [2026-05-09T05:26:58.596+0000] {dagbag.py:545} INFO - Filling up the DagBag from /home/airflow/.local/lib/python3.12/site-packages/airflow/example_dags/plugins/listener_plugin.py
[2026-05-09T05:26:58.599+0000] {processor.py:842} WARNING - No viable dags retrieved from /home/airflow/.local/lib/python3.12/site-packages/airflow/example_dags/plugins/listener_plugin.py
[2026-05-09T05:26:58.611+0000] {processor.py:183} INFO - Processing /home/airflow/.local/lib/python3.12/site-packages/airflow/example_dags/plugins/listener_plugin.py took 0.022 seconds
[2026-05-09T05:27:29.481+0000] {processor.py:161} INFO - Started process (PID=3592) to work on /home/airflow/.local/lib/python3.12/site-packages/airflow/example_dags/plugins/listener_plugin.py
[2026-05-09T05:27:29.482+0000] {processor.py:830} INFO - Processing file /home/airflow/.local/lib/python3.12/site-packages/airflow/example_dags/plugins/listener_plugin.py for tasks to queue
[2026-05-09T05:27:29.484+0000] {logging_mixin.py:188} INFO - [2026-05-09T05:27:29.484+0000] {dagbag.py:545} INFO - Filling up the DagBag from /home/airflow/.local/lib/python3.12/site-packages/airflow/example_dags/plugins/listener_plugin.py
[2026-05-09T05:27:29.487+0000] {processor.py:842} WARNING - No viable dags retrieved from /home/airflow/.local/lib/python3.12/site-packages/airflow/example_dags/plugins/listener_plugin.py
[2026-05-09T05:27:29.497+0000] {processor.py:183} INFO - Processing /home/airflow/.local/lib/python3.12/site-packages/airflow/example_dags/plugins/listener_plugin.py took 0.020 seconds
[2026-05-09T05:27:59.841+0000] {processor.py:161} INFO - Started process (PID=3652) to work on /home/airflow/.local/lib/python3.12/site-packages/airflow/example_dags/plugins/listener_plugin.py
[2026-05-09T05:27:59.842+0000] {processor.py:830} INFO - Processing file /home/airflow/.local/lib/python3.12/site-packages/airflow/example_dags/plugins/listener_plugin.py for tasks to queue
[2026-05-09T05:27:59.844+0000] {logging_mixin.py:188} INFO - [2026-05-09T05:27:59.843+0000] {dagbag.py:545} INFO - Filling up the DagBag from /home/airflow/.local/lib/python3.12/site-packages/airflow/example_dags/plugins/listener_plugin.py
[2026-05-09T05:27:59.846+0000] {processor.py:842} WARNING - No viable dags retrieved from /home/airflow/.local/lib/python3.12/site-packages/airflow/example_dags/plugins/listener_plugin.py
[2026-05-09T05:27:59.857+0000] {processor.py:183} INFO - Processing /home/airflow/.local/lib/python3.12/site-packages/airflow/example_dags/plugins/listener_plugin.py took 0.022 seconds
[2026-05-09T05:28:30.056+0000] {processor.py:161} INFO - Started process (PID=3712) to work on /home/airflow/.local/lib/python3.12/site-packages/airflow/example_dags/plugins/listener_plugin.py
[2026-05-09T05:28:30.057+0000] {processor.py:830} INFO - Processing file /home/airflow/.local/lib/python3.12/site-packages/airflow/example_dags/plugins/listener_plugin.py for tasks to queue
[2026-05-09T05:28:30.059+0000] {logging_mixin.py:188} INFO - [2026-05-09T05:28:30.058+0000] {dagbag.py:545} INFO - Filling up the DagBag from /home/airflow/.local/lib/python3.12/site-packages/airflow/example_dags/plugins/listener_plugin.py
[2026-05-09T05:28:30.061+0000] {processor.py:842} WARNING - No viable dags retrieved from /home/airflow/.local/lib/python3.12/site-packages/airflow/example_dags/plugins/listener_plugin.py
[2026-05-09T05:28:30.072+0000] {processor.py:183} INFO - Processing /home/airflow/.local/lib/python3.12/site-packages/airflow/example_dags/plugins/listener_plugin.py took 0.021 seconds
[2026-05-09T05:29:00.390+0000] {processor.py:161} INFO - Started process (PID=3772) to work on /home/airflow/.local/lib/python3.12/site-packages/airflow/example_dags/plugins/listener_plugin.py
[2026-05-09T05:29:00.391+0000] {processor.py:830} INFO - Processing file /home/airflow/.local/lib/python3.12/site-packages/airflow/example_dags/plugins/listener_plugin.py for tasks to queue
[2026-05-09T05:29:00.393+0000] {logging_mixin.py:188} INFO - [2026-05-09T05:29:00.393+0000] {dagbag.py:545} INFO - Filling up the DagBag from /home/airflow/.local/lib/python3.12/site-packages/airflow/example_dags/plugins/listener_plugin.py
[2026-05-09T05:29:00.395+0000] {processor.py:842} WARNING - No viable dags retrieved from /home/airflow/.local/lib/python3.12/site-packages/airflow/example_dags/plugins/listener_plugin.py
[2026-05-09T05:29:00.406+0000] {processor.py:183} INFO - Processing /home/airflow/.local/lib/python3.12/site-packages/airflow/example_dags/plugins/listener_plugin.py took 0.022 seconds
[2026-05-09T05:29:31.344+0000] {processor.py:161} INFO - Started process (PID=3832) to work on /home/airflow/.local/lib/python3.12/site-packages/airflow/example_dags/plugins/listener_plugin.py
[2026-05-09T05:29:31.345+0000] {processor.py:830} INFO - Processing file /home/airflow/.local/lib/python3.12/site-packages/airflow/example_dags/plugins/listener_plugin.py for tasks to queue
[2026-05-09T05:29:31.347+0000] {logging_mixin.py:188} INFO - [2026-05-09T05:29:31.347+0000] {dagbag.py:545} INFO - Filling up the DagBag from /home/airflow/.local/lib/python3.12/site-packages/airflow/example_dags/plugins/listener_plugin.py
[2026-05-09T05:29:31.349+0000] {processor.py:842} WARNING - No viable dags retrieved from /home/airflow/.local/lib/python3.12/site-packages/airflow/example_dags/plugins/listener_plugin.py
[2026-05-09T05:29:31.361+0000] {processor.py:183} INFO - Processing /home/airflow/.local/lib/python3.12/site-packages/airflow/example_dags/plugins/listener_plugin.py took 0.024 seconds
[2026-05-09T05:30:01.659+0000] {processor.py:161} INFO - Started process (PID=3892) to work on /home/airflow/.local/lib/python3.12/site-packages/airflow/example_dags/plugins/listener_plugin.py
[2026-05-09T05:30:01.660+0000] {processor.py:830} INFO - Processing file /home/airflow/.local/lib/python3.12/site-packages/airflow/example_dags/plugins/listener_plugin.py for tasks to queue
[2026-05-09T05:30:01.663+0000] {logging_mixin.py:188} INFO - [2026-05-09T05:30:01.662+0000] {dagbag.py:545} INFO - Filling up the DagBag from /home/airflow/.local/lib/python3.12/site-packages/airflow/example_dags/plugins/listener_plugin.py
[2026-05-09T05:30:01.665+0000] {processor.py:842} WARNING - No viable dags retrieved from /home/airflow/.local/lib/python3.12/site-packages/airflow/example_dags/plugins/listener_plugin.py
[2026-05-09T05:30:01.679+0000] {processor.py:183} INFO - Processing /home/airflow/.local/lib/python3.12/site-packages/airflow/example_dags/plugins/listener_plugin.py took 0.024 seconds
[2026-05-09T05:30:31.754+0000] {processor.py:161} INFO - Started process (PID=3951) to work on /home/airflow/.local/lib/python3.12/site-packages/airflow/example_dags/plugins/listener_plugin.py
[2026-05-09T05:30:31.755+0000] {processor.py:830} INFO - Processing file /home/airflow/.local/lib/python3.12/site-packages/airflow/example_dags/plugins/listener_plugin.py for tasks to queue
[2026-05-09T05:30:31.757+0000] {logging_mixin.py:188} INFO - [2026-05-09T05:30:31.757+0000] {dagbag.py:545} INFO - Filling up the DagBag from /home/airflow/.local/lib/python3.12/site-packages/airflow/example_dags/plugins/listener_plugin.py
[2026-05-09T05:30:31.760+0000] {processor.py:842} WARNING - No viable dags retrieved from /home/airflow/.local/lib/python3.12/site-packages/airflow/example_dags/plugins/listener_plugin.py
[2026-05-09T05:30:31.772+0000] {processor.py:183} INFO - Processing /home/airflow/.local/lib/python3.12/site-packages/airflow/example_dags/plugins/listener_plugin.py took 0.023 seconds
[2026-05-09T05:31:02.304+0000] {processor.py:161} INFO - Started process (PID=4011) to work on /home/airflow/.local/lib/python3.12/site-packages/airflow/example_dags/plugins/listener_plugin.py
[2026-05-09T05:31:02.306+0000] {processor.py:830} INFO - Processing file /home/airflow/.local/lib/python3.12/site-packages/airflow/example_dags/plugins/listener_plugin.py for tasks to queue
[2026-05-09T05:31:02.308+0000] {logging_mixin.py:188} INFO - [2026-05-09T05:31:02.308+0000] {dagbag.py:545} INFO - Filling up the DagBag from /home/airflow/.local/lib/python3.12/site-packages/airflow/example_dags/plugins/listener_plugin.py
[2026-05-09T05:31:02.310+0000] {processor.py:842} WARNING - No viable dags retrieved from /home/airflow/.local/lib/python3.12/site-packages/airflow/example_dags/plugins/listener_plugin.py
[2026-05-09T05:31:02.321+0000] {processor.py:183} INFO - Processing /home/airflow/.local/lib/python3.12/site-packages/airflow/example_dags/plugins/listener_plugin.py took 0.022 seconds
[2026-05-09T05:31:32.774+0000] {processor.py:161} INFO - Started process (PID=4071) to work on /home/airflow/.local/lib/python3.12/site-packages/airflow/example_dags/plugins/listener_plugin.py
[2026-05-09T05:31:32.776+0000] {processor.py:830} INFO - Processing file /home/airflow/.local/lib/python3.12/site-packages/airflow/example_dags/plugins/listener_plugin.py for tasks to queue
[2026-05-09T05:31:32.778+0000] {logging_mixin.py:188} INFO - [2026-05-09T05:31:32.778+0000] {dagbag.py:545} INFO - Filling up the DagBag from /home/airflow/.local/lib/python3.12/site-packages/airflow/example_dags/plugins/listener_plugin.py
[2026-05-09T05:31:32.780+0000] {processor.py:842} WARNING - No viable dags retrieved from /home/airflow/.local/lib/python3.12/site-packages/airflow/example_dags/plugins/listener_plugin.py
[2026-05-09T05:31:32.793+0000] {processor.py:183} INFO - Processing /home/airflow/.local/lib/python3.12/site-packages/airflow/example_dags/plugins/listener_plugin.py took 0.024 seconds
[2026-05-09T05:32:03.267+0000] {processor.py:161} INFO - Started process (PID=4131) to work on /home/airflow/.local/lib/python3.12/site-packages/airflow/example_dags/plugins/listener_plugin.py
[2026-05-09T05:32:03.268+0000] {processor.py:830} INFO - Processing file /home/airflow/.local/lib/python3.12/site-packages/airflow/example_dags/plugins/listener_plugin.py for tasks to queue
[2026-05-09T05:32:03.271+0000] {logging_mixin.py:188} INFO - [2026-05-09T05:32:03.271+0000] {dagbag.py:545} INFO - Filling up the DagBag from /home/airflow/.local/lib/python3.12/site-packages/airflow/example_dags/plugins/listener_plugin.py
[2026-05-09T05:32:03.273+0000] {processor.py:842} WARNING - No viable dags retrieved from /home/airflow/.local/lib/python3.12/site-packages/airflow/example_dags/plugins/listener_plugin.py
[2026-05-09T05:32:03.285+0000] {processor.py:183} INFO - Processing /home/airflow/.local/lib/python3.12/site-packages/airflow/example_dags/plugins/listener_plugin.py took 0.023 seconds
[2026-05-09T05:32:33.594+0000] {processor.py:161} INFO - Started process (PID=4191) to work on /home/airflow/.local/lib/python3.12/site-packages/airflow/example_dags/plugins/listener_plugin.py
[2026-05-09T05:32:33.595+0000] {processor.py:830} INFO - Processing file /home/airflow/.local/lib/python3.12/site-packages/airflow/example_dags/plugins/listener_plugin.py for tasks to queue
[2026-05-09T05:32:33.598+0000] {logging_mixin.py:188} INFO - [2026-05-09T05:32:33.598+0000] {dagbag.py:545} INFO - Filling up the DagBag from /home/airflow/.local/lib/python3.12/site-packages/airflow/example_dags/plugins/listener_plugin.py
[2026-05-09T05:32:33.601+0000] {processor.py:842} WARNING - No viable dags retrieved from /home/airflow/.local/lib/python3.12/site-packages/airflow/example_dags/plugins/listener_plugin.py
[2026-05-09T05:32:33.615+0000] {processor.py:183} INFO - Processing /home/airflow/.local/lib/python3.12/site-packages/airflow/example_dags/plugins/listener_plugin.py took 0.028 seconds
[2026-05-09T05:33:03.909+0000] {processor.py:161} INFO - Started process (PID=4251) to work on /home/airflow/.local/lib/python3.12/site-packages/airflow/example_dags/plugins/listener_plugin.py
[2026-05-09T05:33:03.910+0000] {processor.py:830} INFO - Processing file /home/airflow/.local/lib/python3.12/site-packages/airflow/example_dags/plugins/listener_plugin.py for tasks to queue
[2026-05-09T05:33:03.912+0000] {logging_mixin.py:188} INFO - [2026-05-09T05:33:03.912+0000] {dagbag.py:545} INFO - Filling up the DagBag from /home/airflow/.local/lib/python3.12/site-packages/airflow/example_dags/plugins/listener_plugin.py
[2026-05-09T05:33:03.914+0000] {processor.py:842} WARNING - No viable dags retrieved from /home/airflow/.local/lib/python3.12/site-packages/airflow/example_dags/plugins/listener_plugin.py
[2026-05-09T05:33:03.925+0000] {processor.py:183} INFO - Processing /home/airflow/.local/lib/python3.12/site-packages/airflow/example_dags/plugins/listener_plugin.py took 0.022 seconds
[2026-05-09T05:33:34.557+0000] {processor.py:161} INFO - Started process (PID=4311) to work on /home/airflow/.local/lib/python3.12/site-packages/airflow/example_dags/plugins/listener_plugin.py
[2026-05-09T05:33:34.559+0000] {processor.py:830} INFO - Processing file /home/airflow/.local/lib/python3.12/site-packages/airflow/example_dags/plugins/listener_plugin.py for tasks to queue
[2026-05-09T05:33:34.562+0000] {logging_mixin.py:188} INFO - [2026-05-09T05:33:34.561+0000] {dagbag.py:545} INFO - Filling up the DagBag from /home/airflow/.local/lib/python3.12/site-packages/airflow/example_dags/plugins/listener_plugin.py
[2026-05-09T05:33:34.565+0000] {processor.py:842} WARNING - No viable dags retrieved from /home/airflow/.local/lib/python3.12/site-packages/airflow/example_dags/plugins/listener_plugin.py
[2026-05-09T05:33:34.574+0000] {processor.py:183} INFO - Processing /home/airflow/.local/lib/python3.12/site-packages/airflow/example_dags/plugins/listener_plugin.py took 0.021 seconds
[2026-05-09T05:34:05.138+0000] {processor.py:161} INFO - Started process (PID=4371) to work on /home/airflow/.local/lib/python3.12/site-packages/airflow/example_dags/plugins/listener_plugin.py
[2026-05-09T05:34:05.140+0000] {processor.py:830} INFO - Processing file /home/airflow/.local/lib/python3.12/site-packages/airflow/example_dags/plugins/listener_plugin.py for tasks to queue
[2026-05-09T05:34:05.142+0000] {logging_mixin.py:188} INFO - [2026-05-09T05:34:05.142+0000] {dagbag.py:545} INFO - Filling up the DagBag from /home/airflow/.local/lib/python3.12/site-packages/airflow/example_dags/plugins/listener_plugin.py
[2026-05-09T05:34:05.145+0000] {processor.py:842} WARNING - No viable dags retrieved from /home/airflow/.local/lib/python3.12/site-packages/airflow/example_dags/plugins/listener_plugin.py
[2026-05-09T05:34:05.159+0000] {processor.py:183} INFO - Processing /home/airflow/.local/lib/python3.12/site-packages/airflow/example_dags/plugins/listener_plugin.py took 0.025 seconds
[2026-05-09T05:34:35.730+0000] {processor.py:161} INFO - Started process (PID=4431) to work on /home/airflow/.local/lib/python3.12/site-packages/airflow/example_dags/plugins/listener_plugin.py
[2026-05-09T05:34:35.731+0000] {processor.py:830} INFO - Processing file /home/airflow/.local/lib/python3.12/site-packages/airflow/example_dags/plugins/listener_plugin.py for tasks to queue
[2026-05-09T05:34:35.733+0000] {logging_mixin.py:188} INFO - [2026-05-09T05:34:35.733+0000] {dagbag.py:545} INFO - Filling up the DagBag from /home/airflow/.local/lib/python3.12/site-packages/airflow/example_dags/plugins/listener_plugin.py
[2026-05-09T05:34:35.736+0000] {processor.py:842} WARNING - No viable dags retrieved from /home/airflow/.local/lib/python3.12/site-packages/airflow/example_dags/plugins/listener_plugin.py
[2026-05-09T05:34:35.746+0000] {processor.py:183} INFO - Processing /home/airflow/.local/lib/python3.12/site-packages/airflow/example_dags/plugins/listener_plugin.py took 0.021 seconds
[2026-05-09T05:35:05.895+0000] {processor.py:161} INFO - Started process (PID=4491) to work on /home/airflow/.local/lib/python3.12/site-packages/airflow/example_dags/plugins/listener_plugin.py
[2026-05-09T05:35:05.896+0000] {processor.py:830} INFO - Processing file /home/airflow/.local/lib/python3.12/site-packages/airflow/example_dags/plugins/listener_plugin.py for tasks to queue
[2026-05-09T05:35:05.899+0000] {logging_mixin.py:188} INFO - [2026-05-09T05:35:05.899+0000] {dagbag.py:545} INFO - Filling up the DagBag from /home/airflow/.local/lib/python3.12/site-packages/airflow/example_dags/plugins/listener_plugin.py
[2026-05-09T05:35:05.903+0000] {processor.py:842} WARNING - No viable dags retrieved from /home/airflow/.local/lib/python3.12/site-packages/airflow/example_dags/plugins/listener_plugin.py
[2026-05-09T05:35:05.918+0000] {processor.py:183} INFO - Processing /home/airflow/.local/lib/python3.12/site-packages/airflow/example_dags/plugins/listener_plugin.py took 0.031 seconds
[2026-05-09T05:35:37.635+0000] {processor.py:161} INFO - Started process (PID=4551) to work on /home/airflow/.local/lib/python3.12/site-packages/airflow/example_dags/plugins/listener_plugin.py
[2026-05-09T05:35:37.636+0000] {processor.py:830} INFO - Processing file /home/airflow/.local/lib/python3.12/site-packages/airflow/example_dags/plugins/listener_plugin.py for tasks to queue
[2026-05-09T05:35:37.639+0000] {logging_mixin.py:188} INFO - [2026-05-09T05:35:37.638+0000] {dagbag.py:545} INFO - Filling up the DagBag from /home/airflow/.local/lib/python3.12/site-packages/airflow/example_dags/plugins/listener_plugin.py
[2026-05-09T05:35:37.641+0000] {processor.py:842} WARNING - No viable dags retrieved from /home/airflow/.local/lib/python3.12/site-packages/airflow/example_dags/plugins/listener_plugin.py
[2026-05-09T05:35:37.654+0000] {processor.py:183} INFO - Processing /home/airflow/.local/lib/python3.12/site-packages/airflow/example_dags/plugins/listener_plugin.py took 0.025 seconds
[2026-05-09T05:36:08.055+0000] {processor.py:161} INFO - Started process (PID=4611) to work on /home/airflow/.local/lib/python3.12/site-packages/airflow/example_dags/plugins/listener_plugin.py
[2026-05-09T05:36:08.056+0000] {processor.py:830} INFO - Processing file /home/airflow/.local/lib/python3.12/site-packages/airflow/example_dags/plugins/listener_plugin.py for tasks to queue
[2026-05-09T05:36:08.058+0000] {logging_mixin.py:188} INFO - [2026-05-09T05:36:08.058+0000] {dagbag.py:545} INFO - Filling up the DagBag from /home/airflow/.local/lib/python3.12/site-packages/airflow/example_dags/plugins/listener_plugin.py
[2026-05-09T05:36:08.061+0000] {processor.py:842} WARNING - No viable dags retrieved from /home/airflow/.local/lib/python3.12/site-packages/airflow/example_dags/plugins/listener_plugin.py
[2026-05-09T05:36:08.072+0000] {processor.py:183} INFO - Processing /home/airflow/.local/lib/python3.12/site-packages/airflow/example_dags/plugins/listener_plugin.py took 0.022 seconds
[2026-05-09T05:36:39.032+0000] {processor.py:161} INFO - Started process (PID=4671) to work on /home/airflow/.local/lib/python3.12/site-packages/airflow/example_dags/plugins/listener_plugin.py
[2026-05-09T05:36:39.033+0000] {processor.py:830} INFO - Processing file /home/airflow/.local/lib/python3.12/site-packages/airflow/example_dags/plugins/listener_plugin.py for tasks to queue
[2026-05-09T05:36:39.035+0000] {logging_mixin.py:188} INFO - [2026-05-09T05:36:39.035+0000] {dagbag.py:545} INFO - Filling up the DagBag from /home/airflow/.local/lib/python3.12/site-packages/airflow/example_dags/plugins/listener_plugin.py
[2026-05-09T05:36:39.037+0000] {processor.py:842} WARNING - No viable dags retrieved from /home/airflow/.local/lib/python3.12/site-packages/airflow/example_dags/plugins/listener_plugin.py
[2026-05-09T05:36:39.048+0000] {processor.py:183} INFO - Processing /home/airflow/.local/lib/python3.12/site-packages/airflow/example_dags/plugins/listener_plugin.py took 0.021 seconds
[2026-05-09T05:37:09.171+0000] {processor.py:161} INFO - Started process (PID=4731) to work on /home/airflow/.local/lib/python3.12/site-packages/airflow/example_dags/plugins/listener_plugin.py
[2026-05-09T05:37:09.172+0000] {processor.py:830} INFO - Processing file /home/airflow/.local/lib/python3.12/site-packages/airflow/example_dags/plugins/listener_plugin.py for tasks to queue
[2026-05-09T05:37:09.174+0000] {logging_mixin.py:188} INFO - [2026-05-09T05:37:09.173+0000] {dagbag.py:545} INFO - Filling up the DagBag from /home/airflow/.local/lib/python3.12/site-packages/airflow/example_dags/plugins/listener_plugin.py
[2026-05-09T05:37:09.176+0000] {processor.py:842} WARNING - No viable dags retrieved from /home/airflow/.local/lib/python3.12/site-packages/airflow/example_dags/plugins/listener_plugin.py
[2026-05-09T05:37:09.186+0000] {processor.py:183} INFO - Processing /home/airflow/.local/lib/python3.12/site-packages/airflow/example_dags/plugins/listener_plugin.py took 0.020 seconds
[2026-05-09T05:37:39.336+0000] {processor.py:161} INFO - Started process (PID=4791) to work on /home/airflow/.local/lib/python3.12/site-packages/airflow/example_dags/plugins/listener_plugin.py
[2026-05-09T05:37:39.337+0000] {processor.py:830} INFO - Processing file /home/airflow/.local/lib/python3.12/site-packages/airflow/example_dags/plugins/listener_plugin.py for tasks to queue
[2026-05-09T05:37:39.338+0000] {logging_mixin.py:188} INFO - [2026-05-09T05:37:39.338+0000] {dagbag.py:545} INFO - Filling up the DagBag from /home/airflow/.local/lib/python3.12/site-packages/airflow/example_dags/plugins/listener_plugin.py
[2026-05-09T05:37:39.341+0000] {processor.py:842} WARNING - No viable dags retrieved from /home/airflow/.local/lib/python3.12/site-packages/airflow/example_dags/plugins/listener_plugin.py
[2026-05-09T05:37:39.351+0000] {processor.py:183} INFO - Processing /home/airflow/.local/lib/python3.12/site-packages/airflow/example_dags/plugins/listener_plugin.py took 0.020 seconds
[2026-05-09T05:38:09.654+0000] {processor.py:161} INFO - Started process (PID=4851) to work on /home/airflow/.local/lib/python3.12/site-packages/airflow/example_dags/plugins/listener_plugin.py
[2026-05-09T05:38:09.655+0000] {processor.py:830} INFO - Processing file /home/airflow/.local/lib/python3.12/site-packages/airflow/example_dags/plugins/listener_plugin.py for tasks to queue
[2026-05-09T05:38:09.657+0000] {logging_mixin.py:188} INFO - [2026-05-09T05:38:09.656+0000] {dagbag.py:545} INFO - Filling up the DagBag from /home/airflow/.local/lib/python3.12/site-packages/airflow/example_dags/plugins/listener_plugin.py
[2026-05-09T05:38:09.659+0000] {processor.py:842} WARNING - No viable dags retrieved from /home/airflow/.local/lib/python3.12/site-packages/airflow/example_dags/plugins/listener_plugin.py
[2026-05-09T05:38:09.670+0000] {processor.py:183} INFO - Processing /home/airflow/.local/lib/python3.12/site-packages/airflow/example_dags/plugins/listener_plugin.py took 0.022 seconds
[2026-05-09T05:38:39.884+0000] {processor.py:161} INFO - Started process (PID=4911) to work on /home/airflow/.local/lib/python3.12/site-packages/airflow/example_dags/plugins/listener_plugin.py
[2026-05-09T05:38:39.885+0000] {processor.py:830} INFO - Processing file /home/airflow/.local/lib/python3.12/site-packages/airflow/example_dags/plugins/listener_plugin.py for tasks to queue
[2026-05-09T05:38:39.887+0000] {logging_mixin.py:188} INFO - [2026-05-09T05:38:39.886+0000] {dagbag.py:545} INFO - Filling up the DagBag from /home/airflow/.local/lib/python3.12/site-packages/airflow/example_dags/plugins/listener_plugin.py
[2026-05-09T05:38:39.889+0000] {processor.py:842} WARNING - No viable dags retrieved from /home/airflow/.local/lib/python3.12/site-packages/airflow/example_dags/plugins/listener_plugin.py
[2026-05-09T05:38:39.899+0000] {processor.py:183} INFO - Processing /home/airflow/.local/lib/python3.12/site-packages/airflow/example_dags/plugins/listener_plugin.py took 0.020 seconds
[2026-05-09T05:39:10.506+0000] {processor.py:161} INFO - Started process (PID=4971) to work on /home/airflow/.local/lib/python3.12/site-packages/airflow/example_dags/plugins/listener_plugin.py
[2026-05-09T05:39:10.508+0000] {processor.py:830} INFO - Processing file /home/airflow/.local/lib/python3.12/site-packages/airflow/example_dags/plugins/listener_plugin.py for tasks to queue
[2026-05-09T05:39:10.510+0000] {logging_mixin.py:188} INFO - [2026-05-09T05:39:10.509+0000] {dagbag.py:545} INFO - Filling up the DagBag from /home/airflow/.local/lib/python3.12/site-packages/airflow/example_dags/plugins/listener_plugin.py
[2026-05-09T05:39:10.512+0000] {processor.py:842} WARNING - No viable dags retrieved from /home/airflow/.local/lib/python3.12/site-packages/airflow/example_dags/plugins/listener_plugin.py
[2026-05-09T05:39:10.522+0000] {processor.py:183} INFO - Processing /home/airflow/.local/lib/python3.12/site-packages/airflow/example_dags/plugins/listener_plugin.py took 0.019 seconds
[2026-05-09T05:39:41.516+0000] {processor.py:161} INFO - Started process (PID=5032) to work on /home/airflow/.local/lib/python3.12/site-packages/airflow/example_dags/plugins/listener_plugin.py
[2026-05-09T05:39:41.517+0000] {processor.py:830} INFO - Processing file /home/airflow/.local/lib/python3.12/site-packages/airflow/example_dags/plugins/listener_plugin.py for tasks to queue
[2026-05-09T05:39:41.519+0000] {logging_mixin.py:188} INFO - [2026-05-09T05:39:41.519+0000] {dagbag.py:545} INFO - Filling up the DagBag from /home/airflow/.local/lib/python3.12/site-packages/airflow/example_dags/plugins/listener_plugin.py
[2026-05-09T05:39:41.522+0000] {processor.py:842} WARNING - No viable dags retrieved from /home/airflow/.local/lib/python3.12/site-packages/airflow/example_dags/plugins/listener_plugin.py
[2026-05-09T05:39:41.532+0000] {processor.py:183} INFO - Processing /home/airflow/.local/lib/python3.12/site-packages/airflow/example_dags/plugins/listener_plugin.py took 0.021 seconds
[2026-05-09T05:40:11.791+0000] {processor.py:161} INFO - Started process (PID=5092) to work on /home/airflow/.local/lib/python3.12/site-packages/airflow/example_dags/plugins/listener_plugin.py
[2026-05-09T05:40:11.792+0000] {processor.py:830} INFO - Processing file /home/airflow/.local/lib/python3.12/site-packages/airflow/example_dags/plugins/listener_plugin.py for tasks to queue
[2026-05-09T05:40:11.794+0000] {logging_mixin.py:188} INFO - [2026-05-09T05:40:11.793+0000] {dagbag.py:545} INFO - Filling up the DagBag from /home/airflow/.local/lib/python3.12/site-packages/airflow/example_dags/plugins/listener_plugin.py
[2026-05-09T05:40:11.796+0000] {processor.py:842} WARNING - No viable dags retrieved from /home/airflow/.local/lib/python3.12/site-packages/airflow/example_dags/plugins/listener_plugin.py
[2026-05-09T05:40:11.806+0000] {processor.py:183} INFO - Processing /home/airflow/.local/lib/python3.12/site-packages/airflow/example_dags/plugins/listener_plugin.py took 0.019 seconds
[2026-05-09T05:40:42.335+0000] {processor.py:161} INFO - Started process (PID=5152) to work on /home/airflow/.local/lib/python3.12/site-packages/airflow/example_dags/plugins/listener_plugin.py
[2026-05-09T05:40:42.336+0000] {processor.py:830} INFO - Processing file /home/airflow/.local/lib/python3.12/site-packages/airflow/example_dags/plugins/listener_plugin.py for tasks to queue
[2026-05-09T05:40:42.338+0000] {logging_mixin.py:188} INFO - [2026-05-09T05:40:42.338+0000] {dagbag.py:545} INFO - Filling up the DagBag from /home/airflow/.local/lib/python3.12/site-packages/airflow/example_dags/plugins/listener_plugin.py
[2026-05-09T05:40:42.340+0000] {processor.py:842} WARNING - No viable dags retrieved from /home/airflow/.local/lib/python3.12/site-packages/airflow/example_dags/plugins/listener_plugin.py
[2026-05-09T05:40:42.353+0000] {processor.py:183} INFO - Processing /home/airflow/.local/lib/python3.12/site-packages/airflow/example_dags/plugins/listener_plugin.py took 0.023 seconds
[2026-05-09T05:41:12.571+0000] {processor.py:161} INFO - Started process (PID=5212) to work on /home/airflow/.local/lib/python3.12/site-packages/airflow/example_dags/plugins/listener_plugin.py
[2026-05-09T05:41:12.573+0000] {processor.py:830} INFO - Processing file /home/airflow/.local/lib/python3.12/site-packages/airflow/example_dags/plugins/listener_plugin.py for tasks to queue
[2026-05-09T05:41:12.575+0000] {logging_mixin.py:188} INFO - [2026-05-09T05:41:12.574+0000] {dagbag.py:545} INFO - Filling up the DagBag from /home/airflow/.local/lib/python3.12/site-packages/airflow/example_dags/plugins/listener_plugin.py
[2026-05-09T05:41:12.577+0000] {processor.py:842} WARNING - No viable dags retrieved from /home/airflow/.local/lib/python3.12/site-packages/airflow/example_dags/plugins/listener_plugin.py
[2026-05-09T05:41:12.587+0000] {processor.py:183} INFO - Processing /home/airflow/.local/lib/python3.12/site-packages/airflow/example_dags/plugins/listener_plugin.py took 0.020 seconds
[2026-05-09T05:41:42.712+0000] {processor.py:161} INFO - Started process (PID=5272) to work on /home/airflow/.local/lib/python3.12/site-packages/airflow/example_dags/plugins/listener_plugin.py
[2026-05-09T05:41:42.713+0000] {processor.py:830} INFO - Processing file /home/airflow/.local/lib/python3.12/site-packages/airflow/example_dags/plugins/listener_plugin.py for tasks to queue
[2026-05-09T05:41:42.715+0000] {logging_mixin.py:188} INFO - [2026-05-09T05:41:42.715+0000] {dagbag.py:545} INFO - Filling up the DagBag from /home/airflow/.local/lib/python3.12/site-packages/airflow/example_dags/plugins/listener_plugin.py
[2026-05-09T05:41:42.717+0000] {processor.py:842} WARNING - No viable dags retrieved from /home/airflow/.local/lib/python3.12/site-packages/airflow/example_dags/plugins/listener_plugin.py
[2026-05-09T05:41:42.729+0000] {processor.py:183} INFO - Processing /home/airflow/.local/lib/python3.12/site-packages/airflow/example_dags/plugins/listener_plugin.py took 0.021 seconds
[2026-05-09T05:42:12.911+0000] {processor.py:161} INFO - Started process (PID=5332) to work on /home/airflow/.local/lib/python3.12/site-packages/airflow/example_dags/plugins/listener_plugin.py
[2026-05-09T05:42:12.912+0000] {processor.py:830} INFO - Processing file /home/airflow/.local/lib/python3.12/site-packages/airflow/example_dags/plugins/listener_plugin.py for tasks to queue
[2026-05-09T05:42:12.914+0000] {logging_mixin.py:188} INFO - [2026-05-09T05:42:12.914+0000] {dagbag.py:545} INFO - Filling up the DagBag from /home/airflow/.local/lib/python3.12/site-packages/airflow/example_dags/plugins/listener_plugin.py
[2026-05-09T05:42:12.916+0000] {processor.py:842} WARNING - No viable dags retrieved from /home/airflow/.local/lib/python3.12/site-packages/airflow/example_dags/plugins/listener_plugin.py
[2026-05-09T05:42:12.928+0000] {processor.py:183} INFO - Processing /home/airflow/.local/lib/python3.12/site-packages/airflow/example_dags/plugins/listener_plugin.py took 0.021 seconds
[2026-05-09T05:42:43.057+0000] {processor.py:161} INFO - Started process (PID=5392) to work on /home/airflow/.local/lib/python3.12/site-packages/airflow/example_dags/plugins/listener_plugin.py
[2026-05-09T05:42:43.058+0000] {processor.py:830} INFO - Processing file /home/airflow/.local/lib/python3.12/site-packages/airflow/example_dags/plugins/listener_plugin.py for tasks to queue
[2026-05-09T05:42:43.060+0000] {logging_mixin.py:188} INFO - [2026-05-09T05:42:43.060+0000] {dagbag.py:545} INFO - Filling up the DagBag from /home/airflow/.local/lib/python3.12/site-packages/airflow/example_dags/plugins/listener_plugin.py
[2026-05-09T05:42:43.062+0000] {processor.py:842} WARNING - No viable dags retrieved from /home/airflow/.local/lib/python3.12/site-packages/airflow/example_dags/plugins/listener_plugin.py
[2026-05-09T05:42:43.074+0000] {processor.py:183} INFO - Processing /home/airflow/.local/lib/python3.12/site-packages/airflow/example_dags/plugins/listener_plugin.py took 0.021 seconds
[2026-05-09T05:43:13.986+0000] {processor.py:161} INFO - Started process (PID=5452) to work on /home/airflow/.local/lib/python3.12/site-packages/airflow/example_dags/plugins/listener_plugin.py
[2026-05-09T05:43:13.988+0000] {processor.py:830} INFO - Processing file /home/airflow/.local/lib/python3.12/site-packages/airflow/example_dags/plugins/listener_plugin.py for tasks to queue
[2026-05-09T05:43:13.990+0000] {logging_mixin.py:188} INFO - [2026-05-09T05:43:13.990+0000] {dagbag.py:545} INFO - Filling up the DagBag from /home/airflow/.local/lib/python3.12/site-packages/airflow/example_dags/plugins/listener_plugin.py
[2026-05-09T05:43:13.992+0000] {processor.py:842} WARNING - No viable dags retrieved from /home/airflow/.local/lib/python3.12/site-packages/airflow/example_dags/plugins/listener_plugin.py
[2026-05-09T05:43:14.002+0000] {processor.py:183} INFO - Processing /home/airflow/.local/lib/python3.12/site-packages/airflow/example_dags/plugins/listener_plugin.py took 0.020 seconds
[2026-05-09T05:43:45.028+0000] {processor.py:161} INFO - Started process (PID=5512) to work on /home/airflow/.local/lib/python3.12/site-packages/airflow/example_dags/plugins/listener_plugin.py
[2026-05-09T05:43:45.032+0000] {processor.py:830} INFO - Processing file /home/airflow/.local/lib/python3.12/site-packages/airflow/example_dags/plugins/listener_plugin.py for tasks to queue
[2026-05-09T05:43:45.036+0000] {logging_mixin.py:188} INFO - [2026-05-09T05:43:45.036+0000] {dagbag.py:545} INFO - Filling up the DagBag from /home/airflow/.local/lib/python3.12/site-packages/airflow/example_dags/plugins/listener_plugin.py
[2026-05-09T05:43:45.043+0000] {processor.py:842} WARNING - No viable dags retrieved from /home/airflow/.local/lib/python3.12/site-packages/airflow/example_dags/plugins/listener_plugin.py
[2026-05-09T05:43:45.067+0000] {processor.py:183} INFO - Processing /home/airflow/.local/lib/python3.12/site-packages/airflow/example_dags/plugins/listener_plugin.py took 0.054 seconds
[2026-05-09T05:44:15.725+0000] {processor.py:161} INFO - Started process (PID=5572) to work on /home/airflow/.local/lib/python3.12/site-packages/airflow/example_dags/plugins/listener_plugin.py
[2026-05-09T05:44:15.726+0000] {processor.py:830} INFO - Processing file /home/airflow/.local/lib/python3.12/site-packages/airflow/example_dags/plugins/listener_plugin.py for tasks to queue
[2026-05-09T05:44:15.728+0000] {logging_mixin.py:188} INFO - [2026-05-09T05:44:15.727+0000] {dagbag.py:545} INFO - Filling up the DagBag from /home/airflow/.local/lib/python3.12/site-packages/airflow/example_dags/plugins/listener_plugin.py
[2026-05-09T05:44:15.731+0000] {processor.py:842} WARNING - No viable dags retrieved from /home/airflow/.local/lib/python3.12/site-packages/airflow/example_dags/plugins/listener_plugin.py
[2026-05-09T05:44:15.741+0000] {processor.py:183} INFO - Processing /home/airflow/.local/lib/python3.12/site-packages/airflow/example_dags/plugins/listener_plugin.py took 0.021 seconds
[2026-05-09T05:44:45.830+0000] {processor.py:161} INFO - Started process (PID=5632) to work on /home/airflow/.local/lib/python3.12/site-packages/airflow/example_dags/plugins/listener_plugin.py
[2026-05-09T05:44:45.830+0000] {processor.py:830} INFO - Processing file /home/airflow/.local/lib/python3.12/site-packages/airflow/example_dags/plugins/listener_plugin.py for tasks to queue
[2026-05-09T05:44:45.832+0000] {logging_mixin.py:188} INFO - [2026-05-09T05:44:45.832+0000] {dagbag.py:545} INFO - Filling up the DagBag from /home/airflow/.local/lib/python3.12/site-packages/airflow/example_dags/plugins/listener_plugin.py
[2026-05-09T05:44:45.834+0000] {processor.py:842} WARNING - No viable dags retrieved from /home/airflow/.local/lib/python3.12/site-packages/airflow/example_dags/plugins/listener_plugin.py
[2026-05-09T05:44:45.844+0000] {processor.py:183} INFO - Processing /home/airflow/.local/lib/python3.12/site-packages/airflow/example_dags/plugins/listener_plugin.py took 0.019 seconds
[2026-05-09T05:45:16.576+0000] {processor.py:161} INFO - Started process (PID=5692) to work on /home/airflow/.local/lib/python3.12/site-packages/airflow/example_dags/plugins/listener_plugin.py
[2026-05-09T05:45:16.577+0000] {processor.py:830} INFO - Processing file /home/airflow/.local/lib/python3.12/site-packages/airflow/example_dags/plugins/listener_plugin.py for tasks to queue
[2026-05-09T05:45:16.579+0000] {logging_mixin.py:188} INFO - [2026-05-09T05:45:16.578+0000] {dagbag.py:545} INFO - Filling up the DagBag from /home/airflow/.local/lib/python3.12/site-packages/airflow/example_dags/plugins/listener_plugin.py
[2026-05-09T05:45:16.581+0000] {processor.py:842} WARNING - No viable dags retrieved from /home/airflow/.local/lib/python3.12/site-packages/airflow/example_dags/plugins/listener_plugin.py
[2026-05-09T05:45:16.593+0000] {processor.py:183} INFO - Processing /home/airflow/.local/lib/python3.12/site-packages/airflow/example_dags/plugins/listener_plugin.py took 0.022 seconds
[2026-05-09T05:45:47.497+0000] {processor.py:161} INFO - Started process (PID=5752) to work on /home/airflow/.local/lib/python3.12/site-packages/airflow/example_dags/plugins/listener_plugin.py
[2026-05-09T05:45:47.498+0000] {processor.py:830} INFO - Processing file /home/airflow/.local/lib/python3.12/site-packages/airflow/example_dags/plugins/listener_plugin.py for tasks to queue
[2026-05-09T05:45:47.500+0000] {logging_mixin.py:188} INFO - [2026-05-09T05:45:47.499+0000] {dagbag.py:545} INFO - Filling up the DagBag from /home/airflow/.local/lib/python3.12/site-packages/airflow/example_dags/plugins/listener_plugin.py
[2026-05-09T05:45:47.502+0000] {processor.py:842} WARNING - No viable dags retrieved from /home/airflow/.local/lib/python3.12/site-packages/airflow/example_dags/plugins/listener_plugin.py
[2026-05-09T05:45:47.513+0000] {processor.py:183} INFO - Processing /home/airflow/.local/lib/python3.12/site-packages/airflow/example_dags/plugins/listener_plugin.py took 0.021 seconds
[2026-05-09T05:46:18.200+0000] {processor.py:161} INFO - Started process (PID=5812) to work on /home/airflow/.local/lib/python3.12/site-packages/airflow/example_dags/plugins/listener_plugin.py
[2026-05-09T05:46:18.202+0000] {processor.py:830} INFO - Processing file /home/airflow/.local/lib/python3.12/site-packages/airflow/example_dags/plugins/listener_plugin.py for tasks to queue
[2026-05-09T05:46:18.204+0000] {logging_mixin.py:188} INFO - [2026-05-09T05:46:18.204+0000] {dagbag.py:545} INFO - Filling up the DagBag from /home/airflow/.local/lib/python3.12/site-packages/airflow/example_dags/plugins/listener_plugin.py
[2026-05-09T05:46:18.206+0000] {processor.py:842} WARNING - No viable dags retrieved from /home/airflow/.local/lib/python3.12/site-packages/airflow/example_dags/plugins/listener_plugin.py
[2026-05-09T05:46:18.215+0000] {processor.py:183} INFO - Processing /home/airflow/.local/lib/python3.12/site-packages/airflow/example_dags/plugins/listener_plugin.py took 0.020 seconds
[2026-05-09T05:46:48.614+0000] {processor.py:161} INFO - Started process (PID=5872) to work on /home/airflow/.local/lib/python3.12/site-packages/airflow/example_dags/plugins/listener_plugin.py
[2026-05-09T05:46:48.615+0000] {processor.py:830} INFO - Processing file /home/airflow/.local/lib/python3.12/site-packages/airflow/example_dags/plugins/listener_plugin.py for tasks to queue
[2026-05-09T05:46:48.617+0000] {logging_mixin.py:188} INFO - [2026-05-09T05:46:48.617+0000] {dagbag.py:545} INFO - Filling up the DagBag from /home/airflow/.local/lib/python3.12/site-packages/airflow/example_dags/plugins/listener_plugin.py
[2026-05-09T05:46:48.620+0000] {processor.py:842} WARNING - No viable dags retrieved from /home/airflow/.local/lib/python3.12/site-packages/airflow/example_dags/plugins/listener_plugin.py
[2026-05-09T05:46:48.632+0000] {processor.py:183} INFO - Processing /home/airflow/.local/lib/python3.12/site-packages/airflow/example_dags/plugins/listener_plugin.py took 0.022 seconds
[2026-05-09T05:47:19.478+0000] {processor.py:161} INFO - Started process (PID=5932) to work on /home/airflow/.local/lib/python3.12/site-packages/airflow/example_dags/plugins/listener_plugin.py
[2026-05-09T05:47:19.479+0000] {processor.py:830} INFO - Processing file /home/airflow/.local/lib/python3.12/site-packages/airflow/example_dags/plugins/listener_plugin.py for tasks to queue
[2026-05-09T05:47:19.481+0000] {logging_mixin.py:188} INFO - [2026-05-09T05:47:19.481+0000] {dagbag.py:545} INFO - Filling up the DagBag from /home/airflow/.local/lib/python3.12/site-packages/airflow/example_dags/plugins/listener_plugin.py
[2026-05-09T05:47:19.483+0000] {processor.py:842} WARNING - No viable dags retrieved from /home/airflow/.local/lib/python3.12/site-packages/airflow/example_dags/plugins/listener_plugin.py
[2026-05-09T05:47:19.494+0000] {processor.py:183} INFO - Processing /home/airflow/.local/lib/python3.12/site-packages/airflow/example_dags/plugins/listener_plugin.py took 0.021 seconds
[2026-05-09T05:47:50.432+0000] {processor.py:161} INFO - Started process (PID=5992) to work on /home/airflow/.local/lib/python3.12/site-packages/airflow/example_dags/plugins/listener_plugin.py
[2026-05-09T05:47:50.433+0000] {processor.py:830} INFO - Processing file /home/airflow/.local/lib/python3.12/site-packages/airflow/example_dags/plugins/listener_plugin.py for tasks to queue
[2026-05-09T05:47:50.435+0000] {logging_mixin.py:188} INFO - [2026-05-09T05:47:50.435+0000] {dagbag.py:545} INFO - Filling up the DagBag from /home/airflow/.local/lib/python3.12/site-packages/airflow/example_dags/plugins/listener_plugin.py
[2026-05-09T05:47:50.437+0000] {processor.py:842} WARNING - No viable dags retrieved from /home/airflow/.local/lib/python3.12/site-packages/airflow/example_dags/plugins/listener_plugin.py
[2026-05-09T05:47:50.449+0000] {processor.py:183} INFO - Processing /home/airflow/.local/lib/python3.12/site-packages/airflow/example_dags/plugins/listener_plugin.py took 0.022 seconds
[2026-05-09T05:48:21.328+0000] {processor.py:161} INFO - Started process (PID=6052) to work on /home/airflow/.local/lib/python3.12/site-packages/airflow/example_dags/plugins/listener_plugin.py
[2026-05-09T05:48:21.328+0000] {processor.py:830} INFO - Processing file /home/airflow/.local/lib/python3.12/site-packages/airflow/example_dags/plugins/listener_plugin.py for tasks to queue
[2026-05-09T05:48:21.330+0000] {logging_mixin.py:188} INFO - [2026-05-09T05:48:21.330+0000] {dagbag.py:545} INFO - Filling up the DagBag from /home/airflow/.local/lib/python3.12/site-packages/airflow/example_dags/plugins/listener_plugin.py
[2026-05-09T05:48:21.332+0000] {processor.py:842} WARNING - No viable dags retrieved from /home/airflow/.local/lib/python3.12/site-packages/airflow/example_dags/plugins/listener_plugin.py
[2026-05-09T05:48:21.343+0000] {processor.py:183} INFO - Processing /home/airflow/.local/lib/python3.12/site-packages/airflow/example_dags/plugins/listener_plugin.py took 0.020 seconds
[2026-05-09T05:48:52.122+0000] {processor.py:161} INFO - Started process (PID=6112) to work on /home/airflow/.local/lib/python3.12/site-packages/airflow/example_dags/plugins/listener_plugin.py
[2026-05-09T05:48:52.123+0000] {processor.py:830} INFO - Processing file /home/airflow/.local/lib/python3.12/site-packages/airflow/example_dags/plugins/listener_plugin.py for tasks to queue
[2026-05-09T05:48:52.125+0000] {logging_mixin.py:188} INFO - [2026-05-09T05:48:52.125+0000] {dagbag.py:545} INFO - Filling up the DagBag from /home/airflow/.local/lib/python3.12/site-packages/airflow/example_dags/plugins/listener_plugin.py
[2026-05-09T05:48:52.128+0000] {processor.py:842} WARNING - No viable dags retrieved from /home/airflow/.local/lib/python3.12/site-packages/airflow/example_dags/plugins/listener_plugin.py
[2026-05-09T05:48:52.142+0000] {processor.py:183} INFO - Processing /home/airflow/.local/lib/python3.12/site-packages/airflow/example_dags/plugins/listener_plugin.py took 0.025 seconds
[2026-05-09T05:49:22.462+0000] {processor.py:161} INFO - Started process (PID=6178) to work on /home/airflow/.local/lib/python3.12/site-packages/airflow/example_dags/plugins/listener_plugin.py
[2026-05-09T05:49:22.463+0000] {processor.py:830} INFO - Processing file /home/airflow/.local/lib/python3.12/site-packages/airflow/example_dags/plugins/listener_plugin.py for tasks to queue
[2026-05-09T05:49:22.466+0000] {logging_mixin.py:188} INFO - [2026-05-09T05:49:22.466+0000] {dagbag.py:545} INFO - Filling up the DagBag from /home/airflow/.local/lib/python3.12/site-packages/airflow/example_dags/plugins/listener_plugin.py
[2026-05-09T05:49:22.469+0000] {processor.py:842} WARNING - No viable dags retrieved from /home/airflow/.local/lib/python3.12/site-packages/airflow/example_dags/plugins/listener_plugin.py
[2026-05-09T05:49:22.481+0000] {processor.py:183} INFO - Processing /home/airflow/.local/lib/python3.12/site-packages/airflow/example_dags/plugins/listener_plugin.py took 0.025 seconds
[2026-05-09T05:49:53.201+0000] {processor.py:161} INFO - Started process (PID=6238) to work on /home/airflow/.local/lib/python3.12/site-packages/airflow/example_dags/plugins/listener_plugin.py
[2026-05-09T05:49:53.203+0000] {processor.py:830} INFO - Processing file /home/airflow/.local/lib/python3.12/site-packages/airflow/example_dags/plugins/listener_plugin.py for tasks to queue
[2026-05-09T05:49:53.208+0000] {logging_mixin.py:188} INFO - [2026-05-09T05:49:53.207+0000] {dagbag.py:545} INFO - Filling up the DagBag from /home/airflow/.local/lib/python3.12/site-packages/airflow/example_dags/plugins/listener_plugin.py
[2026-05-09T05:49:53.212+0000] {processor.py:842} WARNING - No viable dags retrieved from /home/airflow/.local/lib/python3.12/site-packages/airflow/example_dags/plugins/listener_plugin.py
[2026-05-09T05:49:53.231+0000] {processor.py:183} INFO - Processing /home/airflow/.local/lib/python3.12/site-packages/airflow/example_dags/plugins/listener_plugin.py took 0.042 seconds
[2026-05-09T05:50:23.541+0000] {processor.py:161} INFO - Started process (PID=6298) to work on /home/airflow/.local/lib/python3.12/site-packages/airflow/example_dags/plugins/listener_plugin.py
[2026-05-09T05:50:23.544+0000] {processor.py:830} INFO - Processing file /home/airflow/.local/lib/python3.12/site-packages/airflow/example_dags/plugins/listener_plugin.py for tasks to queue
[2026-05-09T05:50:23.548+0000] {logging_mixin.py:188} INFO - [2026-05-09T05:50:23.547+0000] {dagbag.py:545} INFO - Filling up the DagBag from /home/airflow/.local/lib/python3.12/site-packages/airflow/example_dags/plugins/listener_plugin.py
[2026-05-09T05:50:23.552+0000] {processor.py:842} WARNING - No viable dags retrieved from /home/airflow/.local/lib/python3.12/site-packages/airflow/example_dags/plugins/listener_plugin.py
[2026-05-09T05:50:23.573+0000] {processor.py:183} INFO - Processing /home/airflow/.local/lib/python3.12/site-packages/airflow/example_dags/plugins/listener_plugin.py took 0.049 seconds
[2026-05-09T05:50:53.835+0000] {processor.py:161} INFO - Started process (PID=6358) to work on /home/airflow/.local/lib/python3.12/site-packages/airflow/example_dags/plugins/listener_plugin.py
[2026-05-09T05:50:53.836+0000] {processor.py:830} INFO - Processing file /home/airflow/.local/lib/python3.12/site-packages/airflow/example_dags/plugins/listener_plugin.py for tasks to queue
[2026-05-09T05:50:53.849+0000] {logging_mixin.py:188} INFO - [2026-05-09T05:50:53.848+0000] {dagbag.py:545} INFO - Filling up the DagBag from /home/airflow/.local/lib/python3.12/site-packages/airflow/example_dags/plugins/listener_plugin.py
[2026-05-09T05:50:53.853+0000] {processor.py:842} WARNING - No viable dags retrieved from /home/airflow/.local/lib/python3.12/site-packages/airflow/example_dags/plugins/listener_plugin.py
[2026-05-09T05:50:53.887+0000] {processor.py:183} INFO - Processing /home/airflow/.local/lib/python3.12/site-packages/airflow/example_dags/plugins/listener_plugin.py took 0.065 seconds
[2026-05-09T05:51:24.637+0000] {processor.py:161} INFO - Started process (PID=6417) to work on /home/airflow/.local/lib/python3.12/site-packages/airflow/example_dags/plugins/listener_plugin.py
[2026-05-09T05:51:24.638+0000] {processor.py:830} INFO - Processing file /home/airflow/.local/lib/python3.12/site-packages/airflow/example_dags/plugins/listener_plugin.py for tasks to queue
[2026-05-09T05:51:24.640+0000] {logging_mixin.py:188} INFO - [2026-05-09T05:51:24.640+0000] {dagbag.py:545} INFO - Filling up the DagBag from /home/airflow/.local/lib/python3.12/site-packages/airflow/example_dags/plugins/listener_plugin.py
[2026-05-09T05:51:24.644+0000] {processor.py:842} WARNING - No viable dags retrieved from /home/airflow/.local/lib/python3.12/site-packages/airflow/example_dags/plugins/listener_plugin.py
[2026-05-09T05:51:24.655+0000] {processor.py:183} INFO - Processing /home/airflow/.local/lib/python3.12/site-packages/airflow/example_dags/plugins/listener_plugin.py took 0.024 seconds
[2026-05-09T05:51:55.523+0000] {processor.py:161} INFO - Started process (PID=6477) to work on /home/airflow/.local/lib/python3.12/site-packages/airflow/example_dags/plugins/listener_plugin.py
[2026-05-09T05:51:55.524+0000] {processor.py:830} INFO - Processing file /home/airflow/.local/lib/python3.12/site-packages/airflow/example_dags/plugins/listener_plugin.py for tasks to queue
[2026-05-09T05:51:55.526+0000] {logging_mixin.py:188} INFO - [2026-05-09T05:51:55.526+0000] {dagbag.py:545} INFO - Filling up the DagBag from /home/airflow/.local/lib/python3.12/site-packages/airflow/example_dags/plugins/listener_plugin.py
[2026-05-09T05:51:55.528+0000] {processor.py:842} WARNING - No viable dags retrieved from /home/airflow/.local/lib/python3.12/site-packages/airflow/example_dags/plugins/listener_plugin.py
[2026-05-09T05:51:55.539+0000] {processor.py:183} INFO - Processing /home/airflow/.local/lib/python3.12/site-packages/airflow/example_dags/plugins/listener_plugin.py took 0.021 seconds
[2026-05-09T05:52:25.778+0000] {processor.py:161} INFO - Started process (PID=6537) to work on /home/airflow/.local/lib/python3.12/site-packages/airflow/example_dags/plugins/listener_plugin.py
[2026-05-09T05:52:25.779+0000] {processor.py:830} INFO - Processing file /home/airflow/.local/lib/python3.12/site-packages/airflow/example_dags/plugins/listener_plugin.py for tasks to queue
[2026-05-09T05:52:25.781+0000] {logging_mixin.py:188} INFO - [2026-05-09T05:52:25.781+0000] {dagbag.py:545} INFO - Filling up the DagBag from /home/airflow/.local/lib/python3.12/site-packages/airflow/example_dags/plugins/listener_plugin.py
[2026-05-09T05:52:25.783+0000] {processor.py:842} WARNING - No viable dags retrieved from /home/airflow/.local/lib/python3.12/site-packages/airflow/example_dags/plugins/listener_plugin.py
[2026-05-09T05:52:25.794+0000] {processor.py:183} INFO - Processing /home/airflow/.local/lib/python3.12/site-packages/airflow/example_dags/plugins/listener_plugin.py took 0.022 seconds
[2026-05-09T05:52:56.527+0000] {processor.py:161} INFO - Started process (PID=6597) to work on /home/airflow/.local/lib/python3.12/site-packages/airflow/example_dags/plugins/listener_plugin.py
[2026-05-09T05:52:56.528+0000] {processor.py:830} INFO - Processing file /home/airflow/.local/lib/python3.12/site-packages/airflow/example_dags/plugins/listener_plugin.py for tasks to queue
[2026-05-09T05:52:56.530+0000] {logging_mixin.py:188} INFO - [2026-05-09T05:52:56.530+0000] {dagbag.py:545} INFO - Filling up the DagBag from /home/airflow/.local/lib/python3.12/site-packages/airflow/example_dags/plugins/listener_plugin.py
[2026-05-09T05:52:56.533+0000] {processor.py:842} WARNING - No viable dags retrieved from /home/airflow/.local/lib/python3.12/site-packages/airflow/example_dags/plugins/listener_plugin.py
[2026-05-09T05:52:56.545+0000] {processor.py:183} INFO - Processing /home/airflow/.local/lib/python3.12/site-packages/airflow/example_dags/plugins/listener_plugin.py took 0.024 seconds
[2026-05-09T05:53:26.598+0000] {processor.py:161} INFO - Started process (PID=6657) to work on /home/airflow/.local/lib/python3.12/site-packages/airflow/example_dags/plugins/listener_plugin.py
[2026-05-09T05:53:26.599+0000] {processor.py:830} INFO - Processing file /home/airflow/.local/lib/python3.12/site-packages/airflow/example_dags/plugins/listener_plugin.py for tasks to queue
[2026-05-09T05:53:26.601+0000] {logging_mixin.py:188} INFO - [2026-05-09T05:53:26.601+0000] {dagbag.py:545} INFO - Filling up the DagBag from /home/airflow/.local/lib/python3.12/site-packages/airflow/example_dags/plugins/listener_plugin.py
[2026-05-09T05:53:26.605+0000] {processor.py:842} WARNING - No viable dags retrieved from /home/airflow/.local/lib/python3.12/site-packages/airflow/example_dags/plugins/listener_plugin.py
[2026-05-09T05:53:26.618+0000] {processor.py:183} INFO - Processing /home/airflow/.local/lib/python3.12/site-packages/airflow/example_dags/plugins/listener_plugin.py took 0.026 seconds
[2026-05-09T05:53:56.843+0000] {processor.py:161} INFO - Started process (PID=6717) to work on /home/airflow/.local/lib/python3.12/site-packages/airflow/example_dags/plugins/listener_plugin.py
[2026-05-09T05:53:56.844+0000] {processor.py:830} INFO - Processing file /home/airflow/.local/lib/python3.12/site-packages/airflow/example_dags/plugins/listener_plugin.py for tasks to queue
[2026-05-09T05:53:56.845+0000] {logging_mixin.py:188} INFO - [2026-05-09T05:53:56.845+0000] {dagbag.py:545} INFO - Filling up the DagBag from /home/airflow/.local/lib/python3.12/site-packages/airflow/example_dags/plugins/listener_plugin.py
[2026-05-09T05:53:56.847+0000] {processor.py:842} WARNING - No viable dags retrieved from /home/airflow/.local/lib/python3.12/site-packages/airflow/example_dags/plugins/listener_plugin.py
[2026-05-09T05:53:56.859+0000] {processor.py:183} INFO - Processing /home/airflow/.local/lib/python3.12/site-packages/airflow/example_dags/plugins/listener_plugin.py took 0.022 seconds
[2026-05-09T05:54:27.144+0000] {processor.py:161} INFO - Started process (PID=6777) to work on /home/airflow/.local/lib/python3.12/site-packages/airflow/example_dags/plugins/listener_plugin.py
[2026-05-09T05:54:27.145+0000] {processor.py:830} INFO - Processing file /home/airflow/.local/lib/python3.12/site-packages/airflow/example_dags/plugins/listener_plugin.py for tasks to queue
[2026-05-09T05:54:27.147+0000] {logging_mixin.py:188} INFO - [2026-05-09T05:54:27.147+0000] {dagbag.py:545} INFO - Filling up the DagBag from /home/airflow/.local/lib/python3.12/site-packages/airflow/example_dags/plugins/listener_plugin.py
[2026-05-09T05:54:27.149+0000] {processor.py:842} WARNING - No viable dags retrieved from /home/airflow/.local/lib/python3.12/site-packages/airflow/example_dags/plugins/listener_plugin.py
[2026-05-09T05:54:27.161+0000] {processor.py:183} INFO - Processing /home/airflow/.local/lib/python3.12/site-packages/airflow/example_dags/plugins/listener_plugin.py took 0.022 seconds
[2026-05-09T05:54:57.236+0000] {processor.py:161} INFO - Started process (PID=6836) to work on /home/airflow/.local/lib/python3.12/site-packages/airflow/example_dags/plugins/listener_plugin.py
[2026-05-09T05:54:57.238+0000] {processor.py:830} INFO - Processing file /home/airflow/.local/lib/python3.12/site-packages/airflow/example_dags/plugins/listener_plugin.py for tasks to queue
[2026-05-09T05:54:57.240+0000] {logging_mixin.py:188} INFO - [2026-05-09T05:54:57.239+0000] {dagbag.py:545} INFO - Filling up the DagBag from /home/airflow/.local/lib/python3.12/site-packages/airflow/example_dags/plugins/listener_plugin.py
[2026-05-09T05:54:57.242+0000] {processor.py:842} WARNING - No viable dags retrieved from /home/airflow/.local/lib/python3.12/site-packages/airflow/example_dags/plugins/listener_plugin.py
[2026-05-09T05:54:57.254+0000] {processor.py:183} INFO - Processing /home/airflow/.local/lib/python3.12/site-packages/airflow/example_dags/plugins/listener_plugin.py took 0.023 seconds
[2026-05-09T05:55:27.734+0000] {processor.py:161} INFO - Started process (PID=6897) to work on /home/airflow/.local/lib/python3.12/site-packages/airflow/example_dags/plugins/listener_plugin.py
[2026-05-09T05:55:27.735+0000] {processor.py:830} INFO - Processing file /home/airflow/.local/lib/python3.12/site-packages/airflow/example_dags/plugins/listener_plugin.py for tasks to queue
[2026-05-09T05:55:27.737+0000] {logging_mixin.py:188} INFO - [2026-05-09T05:55:27.737+0000] {dagbag.py:545} INFO - Filling up the DagBag from /home/airflow/.local/lib/python3.12/site-packages/airflow/example_dags/plugins/listener_plugin.py
[2026-05-09T05:55:27.740+0000] {processor.py:842} WARNING - No viable dags retrieved from /home/airflow/.local/lib/python3.12/site-packages/airflow/example_dags/plugins/listener_plugin.py
[2026-05-09T05:55:27.753+0000] {processor.py:183} INFO - Processing /home/airflow/.local/lib/python3.12/site-packages/airflow/example_dags/plugins/listener_plugin.py took 0.025 seconds
[2026-05-09T05:55:58.954+0000] {processor.py:161} INFO - Started process (PID=6957) to work on /home/airflow/.local/lib/python3.12/site-packages/airflow/example_dags/plugins/listener_plugin.py
[2026-05-09T05:55:58.956+0000] {processor.py:830} INFO - Processing file /home/airflow/.local/lib/python3.12/site-packages/airflow/example_dags/plugins/listener_plugin.py for tasks to queue
[2026-05-09T05:55:58.959+0000] {logging_mixin.py:188} INFO - [2026-05-09T05:55:58.959+0000] {dagbag.py:545} INFO - Filling up the DagBag from /home/airflow/.local/lib/python3.12/site-packages/airflow/example_dags/plugins/listener_plugin.py
[2026-05-09T05:55:58.963+0000] {processor.py:842} WARNING - No viable dags retrieved from /home/airflow/.local/lib/python3.12/site-packages/airflow/example_dags/plugins/listener_plugin.py
[2026-05-09T05:55:58.986+0000] {processor.py:183} INFO - Processing /home/airflow/.local/lib/python3.12/site-packages/airflow/example_dags/plugins/listener_plugin.py took 0.042 seconds
[2026-05-09T05:56:29.245+0000] {processor.py:161} INFO - Started process (PID=7017) to work on /home/airflow/.local/lib/python3.12/site-packages/airflow/example_dags/plugins/listener_plugin.py
[2026-05-09T05:56:29.247+0000] {processor.py:830} INFO - Processing file /home/airflow/.local/lib/python3.12/site-packages/airflow/example_dags/plugins/listener_plugin.py for tasks to queue
[2026-05-09T05:56:29.251+0000] {logging_mixin.py:188} INFO - [2026-05-09T05:56:29.250+0000] {dagbag.py:545} INFO - Filling up the DagBag from /home/airflow/.local/lib/python3.12/site-packages/airflow/example_dags/plugins/listener_plugin.py
[2026-05-09T05:56:29.257+0000] {processor.py:842} WARNING - No viable dags retrieved from /home/airflow/.local/lib/python3.12/site-packages/airflow/example_dags/plugins/listener_plugin.py
[2026-05-09T05:56:29.279+0000] {processor.py:183} INFO - Processing /home/airflow/.local/lib/python3.12/site-packages/airflow/example_dags/plugins/listener_plugin.py took 0.041 seconds
[2026-05-09T05:56:59.872+0000] {processor.py:161} INFO - Started process (PID=7077) to work on /home/airflow/.local/lib/python3.12/site-packages/airflow/example_dags/plugins/listener_plugin.py
[2026-05-09T05:56:59.874+0000] {processor.py:830} INFO - Processing file /home/airflow/.local/lib/python3.12/site-packages/airflow/example_dags/plugins/listener_plugin.py for tasks to queue
[2026-05-09T05:56:59.878+0000] {logging_mixin.py:188} INFO - [2026-05-09T05:56:59.878+0000] {dagbag.py:545} INFO - Filling up the DagBag from /home/airflow/.local/lib/python3.12/site-packages/airflow/example_dags/plugins/listener_plugin.py
[2026-05-09T05:56:59.883+0000] {processor.py:842} WARNING - No viable dags retrieved from /home/airflow/.local/lib/python3.12/site-packages/airflow/example_dags/plugins/listener_plugin.py
[2026-05-09T05:56:59.904+0000] {processor.py:183} INFO - Processing /home/airflow/.local/lib/python3.12/site-packages/airflow/example_dags/plugins/listener_plugin.py took 0.042 seconds
[2026-05-09T05:57:30.228+0000] {processor.py:161} INFO - Started process (PID=7137) to work on /home/airflow/.local/lib/python3.12/site-packages/airflow/example_dags/plugins/listener_plugin.py
[2026-05-09T05:57:30.230+0000] {processor.py:830} INFO - Processing file /home/airflow/.local/lib/python3.12/site-packages/airflow/example_dags/plugins/listener_plugin.py for tasks to queue
[2026-05-09T05:57:30.232+0000] {logging_mixin.py:188} INFO - [2026-05-09T05:57:30.232+0000] {dagbag.py:545} INFO - Filling up the DagBag from /home/airflow/.local/lib/python3.12/site-packages/airflow/example_dags/plugins/listener_plugin.py
[2026-05-09T05:57:30.235+0000] {processor.py:842} WARNING - No viable dags retrieved from /home/airflow/.local/lib/python3.12/site-packages/airflow/example_dags/plugins/listener_plugin.py
[2026-05-09T05:57:30.251+0000] {processor.py:183} INFO - Processing /home/airflow/.local/lib/python3.12/site-packages/airflow/example_dags/plugins/listener_plugin.py took 0.028 seconds
[2026-05-09T05:58:01.277+0000] {processor.py:161} INFO - Started process (PID=7197) to work on /home/airflow/.local/lib/python3.12/site-packages/airflow/example_dags/plugins/listener_plugin.py
[2026-05-09T05:58:01.279+0000] {processor.py:830} INFO - Processing file /home/airflow/.local/lib/python3.12/site-packages/airflow/example_dags/plugins/listener_plugin.py for tasks to queue
[2026-05-09T05:58:01.281+0000] {logging_mixin.py:188} INFO - [2026-05-09T05:58:01.281+0000] {dagbag.py:545} INFO - Filling up the DagBag from /home/airflow/.local/lib/python3.12/site-packages/airflow/example_dags/plugins/listener_plugin.py
[2026-05-09T05:58:01.283+0000] {processor.py:842} WARNING - No viable dags retrieved from /home/airflow/.local/lib/python3.12/site-packages/airflow/example_dags/plugins/listener_plugin.py
[2026-05-09T05:58:01.293+0000] {processor.py:183} INFO - Processing /home/airflow/.local/lib/python3.12/site-packages/airflow/example_dags/plugins/listener_plugin.py took 0.020 seconds
[2026-05-09T05:58:31.506+0000] {processor.py:161} INFO - Started process (PID=7257) to work on /home/airflow/.local/lib/python3.12/site-packages/airflow/example_dags/plugins/listener_plugin.py
[2026-05-09T05:58:31.507+0000] {processor.py:830} INFO - Processing file /home/airflow/.local/lib/python3.12/site-packages/airflow/example_dags/plugins/listener_plugin.py for tasks to queue
[2026-05-09T05:58:31.509+0000] {logging_mixin.py:188} INFO - [2026-05-09T05:58:31.509+0000] {dagbag.py:545} INFO - Filling up the DagBag from /home/airflow/.local/lib/python3.12/site-packages/airflow/example_dags/plugins/listener_plugin.py
[2026-05-09T05:58:31.511+0000] {processor.py:842} WARNING - No viable dags retrieved from /home/airflow/.local/lib/python3.12/site-packages/airflow/example_dags/plugins/listener_plugin.py
[2026-05-09T05:58:31.523+0000] {processor.py:183} INFO - Processing /home/airflow/.local/lib/python3.12/site-packages/airflow/example_dags/plugins/listener_plugin.py took 0.022 seconds
[2026-05-09T05:59:02.018+0000] {processor.py:161} INFO - Started process (PID=7317) to work on /home/airflow/.local/lib/python3.12/site-packages/airflow/example_dags/plugins/listener_plugin.py
[2026-05-09T05:59:02.019+0000] {processor.py:830} INFO - Processing file /home/airflow/.local/lib/python3.12/site-packages/airflow/example_dags/plugins/listener_plugin.py for tasks to queue
[2026-05-09T05:59:02.021+0000] {logging_mixin.py:188} INFO - [2026-05-09T05:59:02.020+0000] {dagbag.py:545} INFO - Filling up the DagBag from /home/airflow/.local/lib/python3.12/site-packages/airflow/example_dags/plugins/listener_plugin.py
[2026-05-09T05:59:02.023+0000] {processor.py:842} WARNING - No viable dags retrieved from /home/airflow/.local/lib/python3.12/site-packages/airflow/example_dags/plugins/listener_plugin.py
[2026-05-09T05:59:02.035+0000] {processor.py:183} INFO - Processing /home/airflow/.local/lib/python3.12/site-packages/airflow/example_dags/plugins/listener_plugin.py took 0.028 seconds
[2026-05-09T05:59:32.658+0000] {processor.py:161} INFO - Started process (PID=7377) to work on /home/airflow/.local/lib/python3.12/site-packages/airflow/example_dags/plugins/listener_plugin.py
[2026-05-09T05:59:32.660+0000] {processor.py:830} INFO - Processing file /home/airflow/.local/lib/python3.12/site-packages/airflow/example_dags/plugins/listener_plugin.py for tasks to queue
[2026-05-09T05:59:32.662+0000] {logging_mixin.py:188} INFO - [2026-05-09T05:59:32.662+0000] {dagbag.py:545} INFO - Filling up the DagBag from /home/airflow/.local/lib/python3.12/site-packages/airflow/example_dags/plugins/listener_plugin.py
[2026-05-09T05:59:32.664+0000] {processor.py:842} WARNING - No viable dags retrieved from /home/airflow/.local/lib/python3.12/site-packages/airflow/example_dags/plugins/listener_plugin.py
[2026-05-09T05:59:32.676+0000] {processor.py:183} INFO - Processing /home/airflow/.local/lib/python3.12/site-packages/airflow/example_dags/plugins/listener_plugin.py took 0.022 seconds
[2026-05-09T06:00:03.121+0000] {processor.py:161} INFO - Started process (PID=7437) to work on /home/airflow/.local/lib/python3.12/site-packages/airflow/example_dags/plugins/listener_plugin.py
[2026-05-09T06:00:03.123+0000] {processor.py:830} INFO - Processing file /home/airflow/.local/lib/python3.12/site-packages/airflow/example_dags/plugins/listener_plugin.py for tasks to queue
[2026-05-09T06:00:03.125+0000] {logging_mixin.py:188} INFO - [2026-05-09T06:00:03.125+0000] {dagbag.py:545} INFO - Filling up the DagBag from /home/airflow/.local/lib/python3.12/site-packages/airflow/example_dags/plugins/listener_plugin.py
[2026-05-09T06:00:03.127+0000] {processor.py:842} WARNING - No viable dags retrieved from /home/airflow/.local/lib/python3.12/site-packages/airflow/example_dags/plugins/listener_plugin.py
[2026-05-09T06:00:03.139+0000] {processor.py:183} INFO - Processing /home/airflow/.local/lib/python3.12/site-packages/airflow/example_dags/plugins/listener_plugin.py took 0.023 seconds
[2026-05-09T06:00:34.079+0000] {processor.py:161} INFO - Started process (PID=7497) to work on /home/airflow/.local/lib/python3.12/site-packages/airflow/example_dags/plugins/listener_plugin.py
[2026-05-09T06:00:34.080+0000] {processor.py:830} INFO - Processing file /home/airflow/.local/lib/python3.12/site-packages/airflow/example_dags/plugins/listener_plugin.py for tasks to queue
[2026-05-09T06:00:34.082+0000] {logging_mixin.py:188} INFO - [2026-05-09T06:00:34.082+0000] {dagbag.py:545} INFO - Filling up the DagBag from /home/airflow/.local/lib/python3.12/site-packages/airflow/example_dags/plugins/listener_plugin.py
[2026-05-09T06:00:34.085+0000] {processor.py:842} WARNING - No viable dags retrieved from /home/airflow/.local/lib/python3.12/site-packages/airflow/example_dags/plugins/listener_plugin.py
[2026-05-09T06:00:34.099+0000] {processor.py:183} INFO - Processing /home/airflow/.local/lib/python3.12/site-packages/airflow/example_dags/plugins/listener_plugin.py took 0.026 seconds
[2026-05-09T06:01:04.197+0000] {processor.py:161} INFO - Started process (PID=7557) to work on /home/airflow/.local/lib/python3.12/site-packages/airflow/example_dags/plugins/listener_plugin.py
[2026-05-09T06:01:04.198+0000] {processor.py:830} INFO - Processing file /home/airflow/.local/lib/python3.12/site-packages/airflow/example_dags/plugins/listener_plugin.py for tasks to queue
[2026-05-09T06:01:04.200+0000] {logging_mixin.py:188} INFO - [2026-05-09T06:01:04.200+0000] {dagbag.py:545} INFO - Filling up the DagBag from /home/airflow/.local/lib/python3.12/site-packages/airflow/example_dags/plugins/listener_plugin.py
[2026-05-09T06:01:04.202+0000] {processor.py:842} WARNING - No viable dags retrieved from /home/airflow/.local/lib/python3.12/site-packages/airflow/example_dags/plugins/listener_plugin.py
[2026-05-09T06:01:04.214+0000] {processor.py:183} INFO - Processing /home/airflow/.local/lib/python3.12/site-packages/airflow/example_dags/plugins/listener_plugin.py took 0.022 seconds
[2026-05-09T06:01:34.814+0000] {processor.py:161} INFO - Started process (PID=7617) to work on /home/airflow/.local/lib/python3.12/site-packages/airflow/example_dags/plugins/listener_plugin.py
[2026-05-09T06:01:34.816+0000] {processor.py:830} INFO - Processing file /home/airflow/.local/lib/python3.12/site-packages/airflow/example_dags/plugins/listener_plugin.py for tasks to queue
[2026-05-09T06:01:34.819+0000] {logging_mixin.py:188} INFO - [2026-05-09T06:01:34.819+0000] {dagbag.py:545} INFO - Filling up the DagBag from /home/airflow/.local/lib/python3.12/site-packages/airflow/example_dags/plugins/listener_plugin.py
[2026-05-09T06:01:34.823+0000] {processor.py:842} WARNING - No viable dags retrieved from /home/airflow/.local/lib/python3.12/site-packages/airflow/example_dags/plugins/listener_plugin.py
[2026-05-09T06:01:34.844+0000] {processor.py:183} INFO - Processing /home/airflow/.local/lib/python3.12/site-packages/airflow/example_dags/plugins/listener_plugin.py took 0.037 seconds
[2026-05-09T06:02:05.499+0000] {processor.py:161} INFO - Started process (PID=7677) to work on /home/airflow/.local/lib/python3.12/site-packages/airflow/example_dags/plugins/listener_plugin.py
[2026-05-09T06:02:05.501+0000] {processor.py:830} INFO - Processing file /home/airflow/.local/lib/python3.12/site-packages/airflow/example_dags/plugins/listener_plugin.py for tasks to queue
[2026-05-09T06:02:05.503+0000] {logging_mixin.py:188} INFO - [2026-05-09T06:02:05.502+0000] {dagbag.py:545} INFO - Filling up the DagBag from /home/airflow/.local/lib/python3.12/site-packages/airflow/example_dags/plugins/listener_plugin.py
[2026-05-09T06:02:05.507+0000] {processor.py:842} WARNING - No viable dags retrieved from /home/airflow/.local/lib/python3.12/site-packages/airflow/example_dags/plugins/listener_plugin.py
[2026-05-09T06:02:05.522+0000] {processor.py:183} INFO - Processing /home/airflow/.local/lib/python3.12/site-packages/airflow/example_dags/plugins/listener_plugin.py took 0.032 seconds
[2026-05-09T06:02:35.976+0000] {processor.py:161} INFO - Started process (PID=7737) to work on /home/airflow/.local/lib/python3.12/site-packages/airflow/example_dags/plugins/listener_plugin.py
[2026-05-09T06:02:35.977+0000] {processor.py:830} INFO - Processing file /home/airflow/.local/lib/python3.12/site-packages/airflow/example_dags/plugins/listener_plugin.py for tasks to queue
[2026-05-09T06:02:35.980+0000] {logging_mixin.py:188} INFO - [2026-05-09T06:02:35.980+0000] {dagbag.py:545} INFO - Filling up the DagBag from /home/airflow/.local/lib/python3.12/site-packages/airflow/example_dags/plugins/listener_plugin.py
[2026-05-09T06:02:35.984+0000] {processor.py:842} WARNING - No viable dags retrieved from /home/airflow/.local/lib/python3.12/site-packages/airflow/example_dags/plugins/listener_plugin.py
[2026-05-09T06:02:36.006+0000] {processor.py:183} INFO - Processing /home/airflow/.local/lib/python3.12/site-packages/airflow/example_dags/plugins/listener_plugin.py took 0.040 seconds
[2026-05-09T06:03:06.492+0000] {processor.py:161} INFO - Started process (PID=7797) to work on /home/airflow/.local/lib/python3.12/site-packages/airflow/example_dags/plugins/listener_plugin.py
[2026-05-09T06:03:06.494+0000] {processor.py:830} INFO - Processing file /home/airflow/.local/lib/python3.12/site-packages/airflow/example_dags/plugins/listener_plugin.py for tasks to queue
[2026-05-09T06:03:06.497+0000] {logging_mixin.py:188} INFO - [2026-05-09T06:03:06.496+0000] {dagbag.py:545} INFO - Filling up the DagBag from /home/airflow/.local/lib/python3.12/site-packages/airflow/example_dags/plugins/listener_plugin.py
[2026-05-09T06:03:06.501+0000] {processor.py:842} WARNING - No viable dags retrieved from /home/airflow/.local/lib/python3.12/site-packages/airflow/example_dags/plugins/listener_plugin.py
[2026-05-09T06:03:06.523+0000] {processor.py:183} INFO - Processing /home/airflow/.local/lib/python3.12/site-packages/airflow/example_dags/plugins/listener_plugin.py took 0.040 seconds
[2026-05-09T06:03:36.848+0000] {processor.py:161} INFO - Started process (PID=7856) to work on /home/airflow/.local/lib/python3.12/site-packages/airflow/example_dags/plugins/listener_plugin.py
[2026-05-09T06:03:36.849+0000] {processor.py:830} INFO - Processing file /home/airflow/.local/lib/python3.12/site-packages/airflow/example_dags/plugins/listener_plugin.py for tasks to queue
[2026-05-09T06:03:36.851+0000] {logging_mixin.py:188} INFO - [2026-05-09T06:03:36.850+0000] {dagbag.py:545} INFO - Filling up the DagBag from /home/airflow/.local/lib/python3.12/site-packages/airflow/example_dags/plugins/listener_plugin.py
[2026-05-09T06:03:36.853+0000] {processor.py:842} WARNING - No viable dags retrieved from /home/airflow/.local/lib/python3.12/site-packages/airflow/example_dags/plugins/listener_plugin.py
[2026-05-09T06:03:36.866+0000] {processor.py:183} INFO - Processing /home/airflow/.local/lib/python3.12/site-packages/airflow/example_dags/plugins/listener_plugin.py took 0.023 seconds
[2026-05-09T06:04:07.829+0000] {processor.py:161} INFO - Started process (PID=7916) to work on /home/airflow/.local/lib/python3.12/site-packages/airflow/example_dags/plugins/listener_plugin.py
[2026-05-09T06:04:07.831+0000] {processor.py:830} INFO - Processing file /home/airflow/.local/lib/python3.12/site-packages/airflow/example_dags/plugins/listener_plugin.py for tasks to queue
[2026-05-09T06:04:07.833+0000] {logging_mixin.py:188} INFO - [2026-05-09T06:04:07.833+0000] {dagbag.py:545} INFO - Filling up the DagBag from /home/airflow/.local/lib/python3.12/site-packages/airflow/example_dags/plugins/listener_plugin.py
[2026-05-09T06:04:07.836+0000] {processor.py:842} WARNING - No viable dags retrieved from /home/airflow/.local/lib/python3.12/site-packages/airflow/example_dags/plugins/listener_plugin.py
[2026-05-09T06:04:07.847+0000] {processor.py:183} INFO - Processing /home/airflow/.local/lib/python3.12/site-packages/airflow/example_dags/plugins/listener_plugin.py took 0.024 seconds
[2026-05-09T06:04:39.093+0000] {processor.py:161} INFO - Started process (PID=7976) to work on /home/airflow/.local/lib/python3.12/site-packages/airflow/example_dags/plugins/listener_plugin.py
[2026-05-09T06:04:39.095+0000] {processor.py:830} INFO - Processing file /home/airflow/.local/lib/python3.12/site-packages/airflow/example_dags/plugins/listener_plugin.py for tasks to queue
[2026-05-09T06:04:39.098+0000] {logging_mixin.py:188} INFO - [2026-05-09T06:04:39.097+0000] {dagbag.py:545} INFO - Filling up the DagBag from /home/airflow/.local/lib/python3.12/site-packages/airflow/example_dags/plugins/listener_plugin.py
[2026-05-09T06:04:39.102+0000] {processor.py:842} WARNING - No viable dags retrieved from /home/airflow/.local/lib/python3.12/site-packages/airflow/example_dags/plugins/listener_plugin.py
[2026-05-09T06:04:39.124+0000] {processor.py:183} INFO - Processing /home/airflow/.local/lib/python3.12/site-packages/airflow/example_dags/plugins/listener_plugin.py took 0.039 seconds
[2026-05-09T06:05:09.882+0000] {processor.py:161} INFO - Started process (PID=8036) to work on /home/airflow/.local/lib/python3.12/site-packages/airflow/example_dags/plugins/listener_plugin.py
[2026-05-09T06:05:09.884+0000] {processor.py:830} INFO - Processing file /home/airflow/.local/lib/python3.12/site-packages/airflow/example_dags/plugins/listener_plugin.py for tasks to queue
[2026-05-09T06:05:09.887+0000] {logging_mixin.py:188} INFO - [2026-05-09T06:05:09.887+0000] {dagbag.py:545} INFO - Filling up the DagBag from /home/airflow/.local/lib/python3.12/site-packages/airflow/example_dags/plugins/listener_plugin.py
[2026-05-09T06:05:09.892+0000] {processor.py:842} WARNING - No viable dags retrieved from /home/airflow/.local/lib/python3.12/site-packages/airflow/example_dags/plugins/listener_plugin.py
[2026-05-09T06:05:09.916+0000] {processor.py:183} INFO - Processing /home/airflow/.local/lib/python3.12/site-packages/airflow/example_dags/plugins/listener_plugin.py took 0.045 seconds
[2026-05-09T06:05:40.610+0000] {processor.py:161} INFO - Started process (PID=8096) to work on /home/airflow/.local/lib/python3.12/site-packages/airflow/example_dags/plugins/listener_plugin.py
[2026-05-09T06:05:40.612+0000] {processor.py:830} INFO - Processing file /home/airflow/.local/lib/python3.12/site-packages/airflow/example_dags/plugins/listener_plugin.py for tasks to queue
[2026-05-09T06:05:40.614+0000] {logging_mixin.py:188} INFO - [2026-05-09T06:05:40.613+0000] {dagbag.py:545} INFO - Filling up the DagBag from /home/airflow/.local/lib/python3.12/site-packages/airflow/example_dags/plugins/listener_plugin.py
[2026-05-09T06:05:40.616+0000] {processor.py:842} WARNING - No viable dags retrieved from /home/airflow/.local/lib/python3.12/site-packages/airflow/example_dags/plugins/listener_plugin.py
[2026-05-09T06:05:40.627+0000] {processor.py:183} INFO - Processing /home/airflow/.local/lib/python3.12/site-packages/airflow/example_dags/plugins/listener_plugin.py took 0.021 seconds
[2026-05-09T06:06:11.139+0000] {processor.py:161} INFO - Started process (PID=8156) to work on /home/airflow/.local/lib/python3.12/site-packages/airflow/example_dags/plugins/listener_plugin.py
[2026-05-09T06:06:11.140+0000] {processor.py:830} INFO - Processing file /home/airflow/.local/lib/python3.12/site-packages/airflow/example_dags/plugins/listener_plugin.py for tasks to queue
[2026-05-09T06:06:11.141+0000] {logging_mixin.py:188} INFO - [2026-05-09T06:06:11.141+0000] {dagbag.py:545} INFO - Filling up the DagBag from /home/airflow/.local/lib/python3.12/site-packages/airflow/example_dags/plugins/listener_plugin.py
[2026-05-09T06:06:11.144+0000] {processor.py:842} WARNING - No viable dags retrieved from /home/airflow/.local/lib/python3.12/site-packages/airflow/example_dags/plugins/listener_plugin.py
[2026-05-09T06:06:11.153+0000] {processor.py:183} INFO - Processing /home/airflow/.local/lib/python3.12/site-packages/airflow/example_dags/plugins/listener_plugin.py took 0.019 seconds
[2026-05-09T06:06:41.755+0000] {processor.py:161} INFO - Started process (PID=8215) to work on /home/airflow/.local/lib/python3.12/site-packages/airflow/example_dags/plugins/listener_plugin.py
[2026-05-09T06:06:41.756+0000] {processor.py:830} INFO - Processing file /home/airflow/.local/lib/python3.12/site-packages/airflow/example_dags/plugins/listener_plugin.py for tasks to queue
[2026-05-09T06:06:41.758+0000] {logging_mixin.py:188} INFO - [2026-05-09T06:06:41.757+0000] {dagbag.py:545} INFO - Filling up the DagBag from /home/airflow/.local/lib/python3.12/site-packages/airflow/example_dags/plugins/listener_plugin.py
[2026-05-09T06:06:41.760+0000] {processor.py:842} WARNING - No viable dags retrieved from /home/airflow/.local/lib/python3.12/site-packages/airflow/example_dags/plugins/listener_plugin.py
[2026-05-09T06:06:41.770+0000] {processor.py:183} INFO - Processing /home/airflow/.local/lib/python3.12/site-packages/airflow/example_dags/plugins/listener_plugin.py took 0.020 seconds
[2026-05-09T06:07:12.518+0000] {processor.py:161} INFO - Started process (PID=8275) to work on /home/airflow/.local/lib/python3.12/site-packages/airflow/example_dags/plugins/listener_plugin.py
[2026-05-09T06:07:12.519+0000] {processor.py:830} INFO - Processing file /home/airflow/.local/lib/python3.12/site-packages/airflow/example_dags/plugins/listener_plugin.py for tasks to queue
[2026-05-09T06:07:12.520+0000] {logging_mixin.py:188} INFO - [2026-05-09T06:07:12.520+0000] {dagbag.py:545} INFO - Filling up the DagBag from /home/airflow/.local/lib/python3.12/site-packages/airflow/example_dags/plugins/listener_plugin.py
[2026-05-09T06:07:12.522+0000] {processor.py:842} WARNING - No viable dags retrieved from /home/airflow/.local/lib/python3.12/site-packages/airflow/example_dags/plugins/listener_plugin.py
[2026-05-09T06:07:12.533+0000] {processor.py:183} INFO - Processing /home/airflow/.local/lib/python3.12/site-packages/airflow/example_dags/plugins/listener_plugin.py took 0.020 seconds
[2026-05-09T06:07:43.220+0000] {processor.py:161} INFO - Started process (PID=8335) to work on /home/airflow/.local/lib/python3.12/site-packages/airflow/example_dags/plugins/listener_plugin.py
[2026-05-09T06:07:43.222+0000] {processor.py:830} INFO - Processing file /home/airflow/.local/lib/python3.12/site-packages/airflow/example_dags/plugins/listener_plugin.py for tasks to queue
[2026-05-09T06:07:43.224+0000] {logging_mixin.py:188} INFO - [2026-05-09T06:07:43.224+0000] {dagbag.py:545} INFO - Filling up the DagBag from /home/airflow/.local/lib/python3.12/site-packages/airflow/example_dags/plugins/listener_plugin.py
[2026-05-09T06:07:43.227+0000] {processor.py:842} WARNING - No viable dags retrieved from /home/airflow/.local/lib/python3.12/site-packages/airflow/example_dags/plugins/listener_plugin.py
[2026-05-09T06:07:43.248+0000] {processor.py:183} INFO - Processing /home/airflow/.local/lib/python3.12/site-packages/airflow/example_dags/plugins/listener_plugin.py took 0.034 seconds
[2026-05-09T06:08:14.177+0000] {processor.py:161} INFO - Started process (PID=8395) to work on /home/airflow/.local/lib/python3.12/site-packages/airflow/example_dags/plugins/listener_plugin.py
[2026-05-09T06:08:14.179+0000] {processor.py:830} INFO - Processing file /home/airflow/.local/lib/python3.12/site-packages/airflow/example_dags/plugins/listener_plugin.py for tasks to queue
[2026-05-09T06:08:14.183+0000] {logging_mixin.py:188} INFO - [2026-05-09T06:08:14.183+0000] {dagbag.py:545} INFO - Filling up the DagBag from /home/airflow/.local/lib/python3.12/site-packages/airflow/example_dags/plugins/listener_plugin.py
[2026-05-09T06:08:14.188+0000] {processor.py:842} WARNING - No viable dags retrieved from /home/airflow/.local/lib/python3.12/site-packages/airflow/example_dags/plugins/listener_plugin.py
[2026-05-09T06:08:14.208+0000] {processor.py:183} INFO - Processing /home/airflow/.local/lib/python3.12/site-packages/airflow/example_dags/plugins/listener_plugin.py took 0.045 seconds
[2026-05-09T06:08:44.349+0000] {processor.py:161} INFO - Started process (PID=8455) to work on /home/airflow/.local/lib/python3.12/site-packages/airflow/example_dags/plugins/listener_plugin.py
[2026-05-09T06:08:44.351+0000] {processor.py:830} INFO - Processing file /home/airflow/.local/lib/python3.12/site-packages/airflow/example_dags/plugins/listener_plugin.py for tasks to queue
[2026-05-09T06:08:44.355+0000] {logging_mixin.py:188} INFO - [2026-05-09T06:08:44.355+0000] {dagbag.py:545} INFO - Filling up the DagBag from /home/airflow/.local/lib/python3.12/site-packages/airflow/example_dags/plugins/listener_plugin.py
[2026-05-09T06:08:44.360+0000] {processor.py:842} WARNING - No viable dags retrieved from /home/airflow/.local/lib/python3.12/site-packages/airflow/example_dags/plugins/listener_plugin.py
[2026-05-09T06:08:44.381+0000] {processor.py:183} INFO - Processing /home/airflow/.local/lib/python3.12/site-packages/airflow/example_dags/plugins/listener_plugin.py took 0.042 seconds
[2026-05-09T06:09:15.370+0000] {processor.py:161} INFO - Started process (PID=8514) to work on /home/airflow/.local/lib/python3.12/site-packages/airflow/example_dags/plugins/listener_plugin.py
[2026-05-09T06:09:15.371+0000] {processor.py:830} INFO - Processing file /home/airflow/.local/lib/python3.12/site-packages/airflow/example_dags/plugins/listener_plugin.py for tasks to queue
[2026-05-09T06:09:15.373+0000] {logging_mixin.py:188} INFO - [2026-05-09T06:09:15.373+0000] {dagbag.py:545} INFO - Filling up the DagBag from /home/airflow/.local/lib/python3.12/site-packages/airflow/example_dags/plugins/listener_plugin.py
[2026-05-09T06:09:15.375+0000] {processor.py:842} WARNING - No viable dags retrieved from /home/airflow/.local/lib/python3.12/site-packages/airflow/example_dags/plugins/listener_plugin.py
[2026-05-09T06:09:15.388+0000] {processor.py:183} INFO - Processing /home/airflow/.local/lib/python3.12/site-packages/airflow/example_dags/plugins/listener_plugin.py took 0.023 seconds
[2026-05-09T06:09:46.179+0000] {processor.py:161} INFO - Started process (PID=8574) to work on /home/airflow/.local/lib/python3.12/site-packages/airflow/example_dags/plugins/listener_plugin.py
[2026-05-09T06:09:46.180+0000] {processor.py:830} INFO - Processing file /home/airflow/.local/lib/python3.12/site-packages/airflow/example_dags/plugins/listener_plugin.py for tasks to queue
[2026-05-09T06:09:46.182+0000] {logging_mixin.py:188} INFO - [2026-05-09T06:09:46.182+0000] {dagbag.py:545} INFO - Filling up the DagBag from /home/airflow/.local/lib/python3.12/site-packages/airflow/example_dags/plugins/listener_plugin.py
[2026-05-09T06:09:46.184+0000] {processor.py:842} WARNING - No viable dags retrieved from /home/airflow/.local/lib/python3.12/site-packages/airflow/example_dags/plugins/listener_plugin.py
[2026-05-09T06:09:46.196+0000] {processor.py:183} INFO - Processing /home/airflow/.local/lib/python3.12/site-packages/airflow/example_dags/plugins/listener_plugin.py took 0.023 seconds
[2026-05-09T06:10:16.876+0000] {processor.py:161} INFO - Started process (PID=8634) to work on /home/airflow/.local/lib/python3.12/site-packages/airflow/example_dags/plugins/listener_plugin.py
[2026-05-09T06:10:16.878+0000] {processor.py:830} INFO - Processing file /home/airflow/.local/lib/python3.12/site-packages/airflow/example_dags/plugins/listener_plugin.py for tasks to queue
[2026-05-09T06:10:16.879+0000] {logging_mixin.py:188} INFO - [2026-05-09T06:10:16.879+0000] {dagbag.py:545} INFO - Filling up the DagBag from /home/airflow/.local/lib/python3.12/site-packages/airflow/example_dags/plugins/listener_plugin.py
[2026-05-09T06:10:16.882+0000] {processor.py:842} WARNING - No viable dags retrieved from /home/airflow/.local/lib/python3.12/site-packages/airflow/example_dags/plugins/listener_plugin.py
[2026-05-09T06:10:16.893+0000] {processor.py:183} INFO - Processing /home/airflow/.local/lib/python3.12/site-packages/airflow/example_dags/plugins/listener_plugin.py took 0.021 seconds
[2026-05-09T06:10:47.921+0000] {processor.py:161} INFO - Started process (PID=8694) to work on /home/airflow/.local/lib/python3.12/site-packages/airflow/example_dags/plugins/listener_plugin.py
[2026-05-09T06:10:47.922+0000] {processor.py:830} INFO - Processing file /home/airflow/.local/lib/python3.12/site-packages/airflow/example_dags/plugins/listener_plugin.py for tasks to queue
[2026-05-09T06:10:47.924+0000] {logging_mixin.py:188} INFO - [2026-05-09T06:10:47.924+0000] {dagbag.py:545} INFO - Filling up the DagBag from /home/airflow/.local/lib/python3.12/site-packages/airflow/example_dags/plugins/listener_plugin.py
[2026-05-09T06:10:47.927+0000] {processor.py:842} WARNING - No viable dags retrieved from /home/airflow/.local/lib/python3.12/site-packages/airflow/example_dags/plugins/listener_plugin.py
[2026-05-09T06:10:47.938+0000] {processor.py:183} INFO - Processing /home/airflow/.local/lib/python3.12/site-packages/airflow/example_dags/plugins/listener_plugin.py took 0.022 seconds
[2026-05-09T06:11:18.362+0000] {processor.py:161} INFO - Started process (PID=8754) to work on /home/airflow/.local/lib/python3.12/site-packages/airflow/example_dags/plugins/listener_plugin.py
[2026-05-09T06:11:18.364+0000] {processor.py:830} INFO - Processing file /home/airflow/.local/lib/python3.12/site-packages/airflow/example_dags/plugins/listener_plugin.py for tasks to queue
[2026-05-09T06:11:18.366+0000] {logging_mixin.py:188} INFO - [2026-05-09T06:11:18.366+0000] {dagbag.py:545} INFO - Filling up the DagBag from /home/airflow/.local/lib/python3.12/site-packages/airflow/example_dags/plugins/listener_plugin.py
[2026-05-09T06:11:18.369+0000] {processor.py:842} WARNING - No viable dags retrieved from /home/airflow/.local/lib/python3.12/site-packages/airflow/example_dags/plugins/listener_plugin.py
[2026-05-09T06:11:18.385+0000] {processor.py:183} INFO - Processing /home/airflow/.local/lib/python3.12/site-packages/airflow/example_dags/plugins/listener_plugin.py took 0.028 seconds
[2026-05-09T06:11:49.097+0000] {processor.py:161} INFO - Started process (PID=8814) to work on /home/airflow/.local/lib/python3.12/site-packages/airflow/example_dags/plugins/listener_plugin.py
[2026-05-09T06:11:49.098+0000] {processor.py:830} INFO - Processing file /home/airflow/.local/lib/python3.12/site-packages/airflow/example_dags/plugins/listener_plugin.py for tasks to queue
[2026-05-09T06:11:49.101+0000] {logging_mixin.py:188} INFO - [2026-05-09T06:11:49.100+0000] {dagbag.py:545} INFO - Filling up the DagBag from /home/airflow/.local/lib/python3.12/site-packages/airflow/example_dags/plugins/listener_plugin.py
[2026-05-09T06:11:49.105+0000] {processor.py:842} WARNING - No viable dags retrieved from /home/airflow/.local/lib/python3.12/site-packages/airflow/example_dags/plugins/listener_plugin.py
[2026-05-09T06:11:49.124+0000] {processor.py:183} INFO - Processing /home/airflow/.local/lib/python3.12/site-packages/airflow/example_dags/plugins/listener_plugin.py took 0.035 seconds
[2026-05-09T06:12:19.441+0000] {processor.py:161} INFO - Started process (PID=8875) to work on /home/airflow/.local/lib/python3.12/site-packages/airflow/example_dags/plugins/listener_plugin.py
[2026-05-09T06:12:19.443+0000] {processor.py:830} INFO - Processing file /home/airflow/.local/lib/python3.12/site-packages/airflow/example_dags/plugins/listener_plugin.py for tasks to queue
[2026-05-09T06:12:19.446+0000] {logging_mixin.py:188} INFO - [2026-05-09T06:12:19.445+0000] {dagbag.py:545} INFO - Filling up the DagBag from /home/airflow/.local/lib/python3.12/site-packages/airflow/example_dags/plugins/listener_plugin.py
[2026-05-09T06:12:19.450+0000] {processor.py:842} WARNING - No viable dags retrieved from /home/airflow/.local/lib/python3.12/site-packages/airflow/example_dags/plugins/listener_plugin.py
[2026-05-09T06:12:19.468+0000] {processor.py:183} INFO - Processing /home/airflow/.local/lib/python3.12/site-packages/airflow/example_dags/plugins/listener_plugin.py took 0.035 seconds
[2026-05-09T06:12:50.129+0000] {processor.py:161} INFO - Started process (PID=8935) to work on /home/airflow/.local/lib/python3.12/site-packages/airflow/example_dags/plugins/listener_plugin.py
[2026-05-09T06:12:50.131+0000] {processor.py:830} INFO - Processing file /home/airflow/.local/lib/python3.12/site-packages/airflow/example_dags/plugins/listener_plugin.py for tasks to queue
[2026-05-09T06:12:50.134+0000] {logging_mixin.py:188} INFO - [2026-05-09T06:12:50.134+0000] {dagbag.py:545} INFO - Filling up the DagBag from /home/airflow/.local/lib/python3.12/site-packages/airflow/example_dags/plugins/listener_plugin.py
[2026-05-09T06:12:50.138+0000] {processor.py:842} WARNING - No viable dags retrieved from /home/airflow/.local/lib/python3.12/site-packages/airflow/example_dags/plugins/listener_plugin.py
[2026-05-09T06:12:50.156+0000] {processor.py:183} INFO - Processing /home/airflow/.local/lib/python3.12/site-packages/airflow/example_dags/plugins/listener_plugin.py took 0.035 seconds
[2026-05-09T06:13:20.409+0000] {processor.py:161} INFO - Started process (PID=8995) to work on /home/airflow/.local/lib/python3.12/site-packages/airflow/example_dags/plugins/listener_plugin.py
[2026-05-09T06:13:20.411+0000] {processor.py:830} INFO - Processing file /home/airflow/.local/lib/python3.12/site-packages/airflow/example_dags/plugins/listener_plugin.py for tasks to queue
[2026-05-09T06:13:20.414+0000] {logging_mixin.py:188} INFO - [2026-05-09T06:13:20.413+0000] {dagbag.py:545} INFO - Filling up the DagBag from /home/airflow/.local/lib/python3.12/site-packages/airflow/example_dags/plugins/listener_plugin.py
[2026-05-09T06:13:20.418+0000] {processor.py:842} WARNING - No viable dags retrieved from /home/airflow/.local/lib/python3.12/site-packages/airflow/example_dags/plugins/listener_plugin.py
[2026-05-09T06:13:20.437+0000] {processor.py:183} INFO - Processing /home/airflow/.local/lib/python3.12/site-packages/airflow/example_dags/plugins/listener_plugin.py took 0.037 seconds
[2026-05-09T06:13:51.073+0000] {processor.py:161} INFO - Started process (PID=9055) to work on /home/airflow/.local/lib/python3.12/site-packages/airflow/example_dags/plugins/listener_plugin.py
[2026-05-09T06:13:51.075+0000] {processor.py:830} INFO - Processing file /home/airflow/.local/lib/python3.12/site-packages/airflow/example_dags/plugins/listener_plugin.py for tasks to queue
[2026-05-09T06:13:51.078+0000] {logging_mixin.py:188} INFO - [2026-05-09T06:13:51.077+0000] {dagbag.py:545} INFO - Filling up the DagBag from /home/airflow/.local/lib/python3.12/site-packages/airflow/example_dags/plugins/listener_plugin.py
[2026-05-09T06:13:51.082+0000] {processor.py:842} WARNING - No viable dags retrieved from /home/airflow/.local/lib/python3.12/site-packages/airflow/example_dags/plugins/listener_plugin.py
[2026-05-09T06:13:51.101+0000] {processor.py:183} INFO - Processing /home/airflow/.local/lib/python3.12/site-packages/airflow/example_dags/plugins/listener_plugin.py took 0.038 seconds
[2026-05-09T06:14:21.447+0000] {processor.py:161} INFO - Started process (PID=9115) to work on /home/airflow/.local/lib/python3.12/site-packages/airflow/example_dags/plugins/listener_plugin.py
[2026-05-09T06:14:21.449+0000] {processor.py:830} INFO - Processing file /home/airflow/.local/lib/python3.12/site-packages/airflow/example_dags/plugins/listener_plugin.py for tasks to queue
[2026-05-09T06:14:21.452+0000] {logging_mixin.py:188} INFO - [2026-05-09T06:14:21.452+0000] {dagbag.py:545} INFO - Filling up the DagBag from /home/airflow/.local/lib/python3.12/site-packages/airflow/example_dags/plugins/listener_plugin.py
[2026-05-09T06:14:21.457+0000] {processor.py:842} WARNING - No viable dags retrieved from /home/airflow/.local/lib/python3.12/site-packages/airflow/example_dags/plugins/listener_plugin.py
[2026-05-09T06:14:21.480+0000] {processor.py:183} INFO - Processing /home/airflow/.local/lib/python3.12/site-packages/airflow/example_dags/plugins/listener_plugin.py took 0.042 seconds
[2026-05-09T06:14:52.306+0000] {processor.py:161} INFO - Started process (PID=9175) to work on /home/airflow/.local/lib/python3.12/site-packages/airflow/example_dags/plugins/listener_plugin.py
[2026-05-09T06:14:52.307+0000] {processor.py:830} INFO - Processing file /home/airflow/.local/lib/python3.12/site-packages/airflow/example_dags/plugins/listener_plugin.py for tasks to queue
[2026-05-09T06:14:52.309+0000] {logging_mixin.py:188} INFO - [2026-05-09T06:14:52.309+0000] {dagbag.py:545} INFO - Filling up the DagBag from /home/airflow/.local/lib/python3.12/site-packages/airflow/example_dags/plugins/listener_plugin.py
[2026-05-09T06:14:52.311+0000] {processor.py:842} WARNING - No viable dags retrieved from /home/airflow/.local/lib/python3.12/site-packages/airflow/example_dags/plugins/listener_plugin.py
[2026-05-09T06:14:52.323+0000] {processor.py:183} INFO - Processing /home/airflow/.local/lib/python3.12/site-packages/airflow/example_dags/plugins/listener_plugin.py took 0.023 seconds
[2026-05-09T06:15:23.063+0000] {processor.py:161} INFO - Started process (PID=9235) to work on /home/airflow/.local/lib/python3.12/site-packages/airflow/example_dags/plugins/listener_plugin.py
[2026-05-09T06:15:23.065+0000] {processor.py:830} INFO - Processing file /home/airflow/.local/lib/python3.12/site-packages/airflow/example_dags/plugins/listener_plugin.py for tasks to queue
[2026-05-09T06:15:23.067+0000] {logging_mixin.py:188} INFO - [2026-05-09T06:15:23.067+0000] {dagbag.py:545} INFO - Filling up the DagBag from /home/airflow/.local/lib/python3.12/site-packages/airflow/example_dags/plugins/listener_plugin.py
[2026-05-09T06:15:23.069+0000] {processor.py:842} WARNING - No viable dags retrieved from /home/airflow/.local/lib/python3.12/site-packages/airflow/example_dags/plugins/listener_plugin.py
[2026-05-09T06:15:23.080+0000] {processor.py:183} INFO - Processing /home/airflow/.local/lib/python3.12/site-packages/airflow/example_dags/plugins/listener_plugin.py took 0.022 seconds
[2026-05-09T06:15:53.868+0000] {processor.py:161} INFO - Started process (PID=9295) to work on /home/airflow/.local/lib/python3.12/site-packages/airflow/example_dags/plugins/listener_plugin.py
[2026-05-09T06:15:53.869+0000] {processor.py:830} INFO - Processing file /home/airflow/.local/lib/python3.12/site-packages/airflow/example_dags/plugins/listener_plugin.py for tasks to queue
[2026-05-09T06:15:53.871+0000] {logging_mixin.py:188} INFO - [2026-05-09T06:15:53.871+0000] {dagbag.py:545} INFO - Filling up the DagBag from /home/airflow/.local/lib/python3.12/site-packages/airflow/example_dags/plugins/listener_plugin.py
[2026-05-09T06:15:53.873+0000] {processor.py:842} WARNING - No viable dags retrieved from /home/airflow/.local/lib/python3.12/site-packages/airflow/example_dags/plugins/listener_plugin.py
[2026-05-09T06:15:53.888+0000] {processor.py:183} INFO - Processing /home/airflow/.local/lib/python3.12/site-packages/airflow/example_dags/plugins/listener_plugin.py took 0.025 seconds
[2026-05-09T06:16:24.625+0000] {processor.py:161} INFO - Started process (PID=9356) to work on /home/airflow/.local/lib/python3.12/site-packages/airflow/example_dags/plugins/listener_plugin.py
[2026-05-09T06:16:24.627+0000] {processor.py:830} INFO - Processing file /home/airflow/.local/lib/python3.12/site-packages/airflow/example_dags/plugins/listener_plugin.py for tasks to queue
[2026-05-09T06:16:24.628+0000] {logging_mixin.py:188} INFO - [2026-05-09T06:16:24.628+0000] {dagbag.py:545} INFO - Filling up the DagBag from /home/airflow/.local/lib/python3.12/site-packages/airflow/example_dags/plugins/listener_plugin.py
[2026-05-09T06:16:24.631+0000] {processor.py:842} WARNING - No viable dags retrieved from /home/airflow/.local/lib/python3.12/site-packages/airflow/example_dags/plugins/listener_plugin.py
[2026-05-09T06:16:24.641+0000] {processor.py:183} INFO - Processing /home/airflow/.local/lib/python3.12/site-packages/airflow/example_dags/plugins/listener_plugin.py took 0.020 seconds
[2026-05-09T06:16:55.324+0000] {processor.py:161} INFO - Started process (PID=9416) to work on /home/airflow/.local/lib/python3.12/site-packages/airflow/example_dags/plugins/listener_plugin.py
[2026-05-09T06:16:55.326+0000] {processor.py:830} INFO - Processing file /home/airflow/.local/lib/python3.12/site-packages/airflow/example_dags/plugins/listener_plugin.py for tasks to queue
[2026-05-09T06:16:55.328+0000] {logging_mixin.py:188} INFO - [2026-05-09T06:16:55.328+0000] {dagbag.py:545} INFO - Filling up the DagBag from /home/airflow/.local/lib/python3.12/site-packages/airflow/example_dags/plugins/listener_plugin.py
[2026-05-09T06:16:55.330+0000] {processor.py:842} WARNING - No viable dags retrieved from /home/airflow/.local/lib/python3.12/site-packages/airflow/example_dags/plugins/listener_plugin.py
[2026-05-09T06:16:55.341+0000] {processor.py:183} INFO - Processing /home/airflow/.local/lib/python3.12/site-packages/airflow/example_dags/plugins/listener_plugin.py took 0.021 seconds
[2026-05-09T06:17:25.743+0000] {processor.py:161} INFO - Started process (PID=9476) to work on /home/airflow/.local/lib/python3.12/site-packages/airflow/example_dags/plugins/listener_plugin.py
[2026-05-09T06:17:25.744+0000] {processor.py:830} INFO - Processing file /home/airflow/.local/lib/python3.12/site-packages/airflow/example_dags/plugins/listener_plugin.py for tasks to queue
[2026-05-09T06:17:25.748+0000] {logging_mixin.py:188} INFO - [2026-05-09T06:17:25.747+0000] {dagbag.py:545} INFO - Filling up the DagBag from /home/airflow/.local/lib/python3.12/site-packages/airflow/example_dags/plugins/listener_plugin.py
[2026-05-09T06:17:25.753+0000] {processor.py:842} WARNING - No viable dags retrieved from /home/airflow/.local/lib/python3.12/site-packages/airflow/example_dags/plugins/listener_plugin.py
[2026-05-09T06:17:25.771+0000] {processor.py:183} INFO - Processing /home/airflow/.local/lib/python3.12/site-packages/airflow/example_dags/plugins/listener_plugin.py took 0.037 seconds
[2026-05-09T06:17:56.590+0000] {processor.py:161} INFO - Started process (PID=9536) to work on /home/airflow/.local/lib/python3.12/site-packages/airflow/example_dags/plugins/listener_plugin.py
[2026-05-09T06:17:56.591+0000] {processor.py:830} INFO - Processing file /home/airflow/.local/lib/python3.12/site-packages/airflow/example_dags/plugins/listener_plugin.py for tasks to queue
[2026-05-09T06:17:56.594+0000] {logging_mixin.py:188} INFO - [2026-05-09T06:17:56.594+0000] {dagbag.py:545} INFO - Filling up the DagBag from /home/airflow/.local/lib/python3.12/site-packages/airflow/example_dags/plugins/listener_plugin.py
[2026-05-09T06:17:56.596+0000] {processor.py:842} WARNING - No viable dags retrieved from /home/airflow/.local/lib/python3.12/site-packages/airflow/example_dags/plugins/listener_plugin.py
[2026-05-09T06:17:56.611+0000] {processor.py:183} INFO - Processing /home/airflow/.local/lib/python3.12/site-packages/airflow/example_dags/plugins/listener_plugin.py took 0.027 seconds
[2026-05-09T06:18:26.879+0000] {processor.py:161} INFO - Started process (PID=9597) to work on /home/airflow/.local/lib/python3.12/site-packages/airflow/example_dags/plugins/listener_plugin.py
[2026-05-09T06:18:26.880+0000] {processor.py:830} INFO - Processing file /home/airflow/.local/lib/python3.12/site-packages/airflow/example_dags/plugins/listener_plugin.py for tasks to queue
[2026-05-09T06:18:26.883+0000] {logging_mixin.py:188} INFO - [2026-05-09T06:18:26.882+0000] {dagbag.py:545} INFO - Filling up the DagBag from /home/airflow/.local/lib/python3.12/site-packages/airflow/example_dags/plugins/listener_plugin.py
[2026-05-09T06:18:26.885+0000] {processor.py:842} WARNING - No viable dags retrieved from /home/airflow/.local/lib/python3.12/site-packages/airflow/example_dags/plugins/listener_plugin.py
[2026-05-09T06:18:26.897+0000] {processor.py:183} INFO - Processing /home/airflow/.local/lib/python3.12/site-packages/airflow/example_dags/plugins/listener_plugin.py took 0.024 seconds
[2026-05-09T06:18:57.386+0000] {processor.py:161} INFO - Started process (PID=9662) to work on /home/airflow/.local/lib/python3.12/site-packages/airflow/example_dags/plugins/listener_plugin.py
[2026-05-09T06:18:57.387+0000] {processor.py:830} INFO - Processing file /home/airflow/.local/lib/python3.12/site-packages/airflow/example_dags/plugins/listener_plugin.py for tasks to queue
[2026-05-09T06:18:57.389+0000] {logging_mixin.py:188} INFO - [2026-05-09T06:18:57.389+0000] {dagbag.py:545} INFO - Filling up the DagBag from /home/airflow/.local/lib/python3.12/site-packages/airflow/example_dags/plugins/listener_plugin.py
[2026-05-09T06:18:57.392+0000] {processor.py:842} WARNING - No viable dags retrieved from /home/airflow/.local/lib/python3.12/site-packages/airflow/example_dags/plugins/listener_plugin.py
[2026-05-09T06:18:57.405+0000] {processor.py:183} INFO - Processing /home/airflow/.local/lib/python3.12/site-packages/airflow/example_dags/plugins/listener_plugin.py took 0.025 seconds
[2026-05-09T06:19:27.882+0000] {processor.py:161} INFO - Started process (PID=9722) to work on /home/airflow/.local/lib/python3.12/site-packages/airflow/example_dags/plugins/listener_plugin.py
[2026-05-09T06:19:27.883+0000] {processor.py:830} INFO - Processing file /home/airflow/.local/lib/python3.12/site-packages/airflow/example_dags/plugins/listener_plugin.py for tasks to queue
[2026-05-09T06:19:27.886+0000] {logging_mixin.py:188} INFO - [2026-05-09T06:19:27.885+0000] {dagbag.py:545} INFO - Filling up the DagBag from /home/airflow/.local/lib/python3.12/site-packages/airflow/example_dags/plugins/listener_plugin.py
[2026-05-09T06:19:27.888+0000] {processor.py:842} WARNING - No viable dags retrieved from /home/airflow/.local/lib/python3.12/site-packages/airflow/example_dags/plugins/listener_plugin.py
[2026-05-09T06:19:27.899+0000] {processor.py:183} INFO - Processing /home/airflow/.local/lib/python3.12/site-packages/airflow/example_dags/plugins/listener_plugin.py took 0.022 seconds
[2026-05-09T06:19:58.570+0000] {processor.py:161} INFO - Started process (PID=9782) to work on /home/airflow/.local/lib/python3.12/site-packages/airflow/example_dags/plugins/listener_plugin.py
[2026-05-09T06:19:58.571+0000] {processor.py:830} INFO - Processing file /home/airflow/.local/lib/python3.12/site-packages/airflow/example_dags/plugins/listener_plugin.py for tasks to queue
[2026-05-09T06:19:58.574+0000] {logging_mixin.py:188} INFO - [2026-05-09T06:19:58.573+0000] {dagbag.py:545} INFO - Filling up the DagBag from /home/airflow/.local/lib/python3.12/site-packages/airflow/example_dags/plugins/listener_plugin.py
[2026-05-09T06:19:58.576+0000] {processor.py:842} WARNING - No viable dags retrieved from /home/airflow/.local/lib/python3.12/site-packages/airflow/example_dags/plugins/listener_plugin.py
[2026-05-09T06:19:58.588+0000] {processor.py:183} INFO - Processing /home/airflow/.local/lib/python3.12/site-packages/airflow/example_dags/plugins/listener_plugin.py took 0.022 seconds
[2026-05-09T06:20:29.347+0000] {processor.py:161} INFO - Started process (PID=9842) to work on /home/airflow/.local/lib/python3.12/site-packages/airflow/example_dags/plugins/listener_plugin.py
[2026-05-09T06:20:29.348+0000] {processor.py:830} INFO - Processing file /home/airflow/.local/lib/python3.12/site-packages/airflow/example_dags/plugins/listener_plugin.py for tasks to queue
[2026-05-09T06:20:29.351+0000] {logging_mixin.py:188} INFO - [2026-05-09T06:20:29.351+0000] {dagbag.py:545} INFO - Filling up the DagBag from /home/airflow/.local/lib/python3.12/site-packages/airflow/example_dags/plugins/listener_plugin.py
[2026-05-09T06:20:29.353+0000] {processor.py:842} WARNING - No viable dags retrieved from /home/airflow/.local/lib/python3.12/site-packages/airflow/example_dags/plugins/listener_plugin.py
[2026-05-09T06:20:29.366+0000] {processor.py:183} INFO - Processing /home/airflow/.local/lib/python3.12/site-packages/airflow/example_dags/plugins/listener_plugin.py took 0.023 seconds
[2026-05-09T06:20:59.657+0000] {processor.py:161} INFO - Started process (PID=9902) to work on /home/airflow/.local/lib/python3.12/site-packages/airflow/example_dags/plugins/listener_plugin.py
[2026-05-09T06:20:59.659+0000] {processor.py:830} INFO - Processing file /home/airflow/.local/lib/python3.12/site-packages/airflow/example_dags/plugins/listener_plugin.py for tasks to queue
[2026-05-09T06:20:59.660+0000] {logging_mixin.py:188} INFO - [2026-05-09T06:20:59.660+0000] {dagbag.py:545} INFO - Filling up the DagBag from /home/airflow/.local/lib/python3.12/site-packages/airflow/example_dags/plugins/listener_plugin.py
[2026-05-09T06:20:59.663+0000] {processor.py:842} WARNING - No viable dags retrieved from /home/airflow/.local/lib/python3.12/site-packages/airflow/example_dags/plugins/listener_plugin.py
[2026-05-09T06:20:59.673+0000] {processor.py:183} INFO - Processing /home/airflow/.local/lib/python3.12/site-packages/airflow/example_dags/plugins/listener_plugin.py took 0.021 seconds
[2026-05-09T06:21:30.173+0000] {processor.py:161} INFO - Started process (PID=9962) to work on /home/airflow/.local/lib/python3.12/site-packages/airflow/example_dags/plugins/listener_plugin.py
[2026-05-09T06:21:30.174+0000] {processor.py:830} INFO - Processing file /home/airflow/.local/lib/python3.12/site-packages/airflow/example_dags/plugins/listener_plugin.py for tasks to queue
[2026-05-09T06:21:30.176+0000] {logging_mixin.py:188} INFO - [2026-05-09T06:21:30.176+0000] {dagbag.py:545} INFO - Filling up the DagBag from /home/airflow/.local/lib/python3.12/site-packages/airflow/example_dags/plugins/listener_plugin.py
[2026-05-09T06:21:30.179+0000] {processor.py:842} WARNING - No viable dags retrieved from /home/airflow/.local/lib/python3.12/site-packages/airflow/example_dags/plugins/listener_plugin.py
[2026-05-09T06:21:30.192+0000] {processor.py:183} INFO - Processing /home/airflow/.local/lib/python3.12/site-packages/airflow/example_dags/plugins/listener_plugin.py took 0.024 seconds
[2026-05-09T06:22:00.531+0000] {processor.py:161} INFO - Started process (PID=10022) to work on /home/airflow/.local/lib/python3.12/site-packages/airflow/example_dags/plugins/listener_plugin.py
[2026-05-09T06:22:00.532+0000] {processor.py:830} INFO - Processing file /home/airflow/.local/lib/python3.12/site-packages/airflow/example_dags/plugins/listener_plugin.py for tasks to queue
[2026-05-09T06:22:00.535+0000] {logging_mixin.py:188} INFO - [2026-05-09T06:22:00.534+0000] {dagbag.py:545} INFO - Filling up the DagBag from /home/airflow/.local/lib/python3.12/site-packages/airflow/example_dags/plugins/listener_plugin.py
[2026-05-09T06:22:00.538+0000] {processor.py:842} WARNING - No viable dags retrieved from /home/airflow/.local/lib/python3.12/site-packages/airflow/example_dags/plugins/listener_plugin.py
[2026-05-09T06:22:00.550+0000] {processor.py:183} INFO - Processing /home/airflow/.local/lib/python3.12/site-packages/airflow/example_dags/plugins/listener_plugin.py took 0.023 seconds
[2026-05-09T06:22:30.758+0000] {processor.py:161} INFO - Started process (PID=10082) to work on /home/airflow/.local/lib/python3.12/site-packages/airflow/example_dags/plugins/listener_plugin.py
[2026-05-09T06:22:30.759+0000] {processor.py:830} INFO - Processing file /home/airflow/.local/lib/python3.12/site-packages/airflow/example_dags/plugins/listener_plugin.py for tasks to queue
[2026-05-09T06:22:30.761+0000] {logging_mixin.py:188} INFO - [2026-05-09T06:22:30.761+0000] {dagbag.py:545} INFO - Filling up the DagBag from /home/airflow/.local/lib/python3.12/site-packages/airflow/example_dags/plugins/listener_plugin.py
[2026-05-09T06:22:30.764+0000] {processor.py:842} WARNING - No viable dags retrieved from /home/airflow/.local/lib/python3.12/site-packages/airflow/example_dags/plugins/listener_plugin.py
[2026-05-09T06:22:30.775+0000] {processor.py:183} INFO - Processing /home/airflow/.local/lib/python3.12/site-packages/airflow/example_dags/plugins/listener_plugin.py took 0.021 seconds
[2026-05-09T06:23:01.379+0000] {processor.py:161} INFO - Started process (PID=10142) to work on /home/airflow/.local/lib/python3.12/site-packages/airflow/example_dags/plugins/listener_plugin.py
[2026-05-09T06:23:01.381+0000] {processor.py:830} INFO - Processing file /home/airflow/.local/lib/python3.12/site-packages/airflow/example_dags/plugins/listener_plugin.py for tasks to queue
[2026-05-09T06:23:01.383+0000] {logging_mixin.py:188} INFO - [2026-05-09T06:23:01.382+0000] {dagbag.py:545} INFO - Filling up the DagBag from /home/airflow/.local/lib/python3.12/site-packages/airflow/example_dags/plugins/listener_plugin.py
[2026-05-09T06:23:01.385+0000] {processor.py:842} WARNING - No viable dags retrieved from /home/airflow/.local/lib/python3.12/site-packages/airflow/example_dags/plugins/listener_plugin.py
[2026-05-09T06:23:01.399+0000] {processor.py:183} INFO - Processing /home/airflow/.local/lib/python3.12/site-packages/airflow/example_dags/plugins/listener_plugin.py took 0.025 seconds
[2026-05-09T06:23:31.481+0000] {processor.py:161} INFO - Started process (PID=10202) to work on /home/airflow/.local/lib/python3.12/site-packages/airflow/example_dags/plugins/listener_plugin.py
[2026-05-09T06:23:31.482+0000] {processor.py:830} INFO - Processing file /home/airflow/.local/lib/python3.12/site-packages/airflow/example_dags/plugins/listener_plugin.py for tasks to queue
[2026-05-09T06:23:31.484+0000] {logging_mixin.py:188} INFO - [2026-05-09T06:23:31.484+0000] {dagbag.py:545} INFO - Filling up the DagBag from /home/airflow/.local/lib/python3.12/site-packages/airflow/example_dags/plugins/listener_plugin.py
[2026-05-09T06:23:31.486+0000] {processor.py:842} WARNING - No viable dags retrieved from /home/airflow/.local/lib/python3.12/site-packages/airflow/example_dags/plugins/listener_plugin.py
[2026-05-09T06:23:31.498+0000] {processor.py:183} INFO - Processing /home/airflow/.local/lib/python3.12/site-packages/airflow/example_dags/plugins/listener_plugin.py took 0.023 seconds
[2026-05-09T06:24:01.903+0000] {processor.py:161} INFO - Started process (PID=10262) to work on /home/airflow/.local/lib/python3.12/site-packages/airflow/example_dags/plugins/listener_plugin.py
[2026-05-09T06:24:01.904+0000] {processor.py:830} INFO - Processing file /home/airflow/.local/lib/python3.12/site-packages/airflow/example_dags/plugins/listener_plugin.py for tasks to queue
[2026-05-09T06:24:01.906+0000] {logging_mixin.py:188} INFO - [2026-05-09T06:24:01.906+0000] {dagbag.py:545} INFO - Filling up the DagBag from /home/airflow/.local/lib/python3.12/site-packages/airflow/example_dags/plugins/listener_plugin.py
[2026-05-09T06:24:01.909+0000] {processor.py:842} WARNING - No viable dags retrieved from /home/airflow/.local/lib/python3.12/site-packages/airflow/example_dags/plugins/listener_plugin.py
[2026-05-09T06:24:01.922+0000] {processor.py:183} INFO - Processing /home/airflow/.local/lib/python3.12/site-packages/airflow/example_dags/plugins/listener_plugin.py took 0.024 seconds
[2026-05-09T06:24:32.632+0000] {processor.py:161} INFO - Started process (PID=10322) to work on /home/airflow/.local/lib/python3.12/site-packages/airflow/example_dags/plugins/listener_plugin.py
[2026-05-09T06:24:32.634+0000] {processor.py:830} INFO - Processing file /home/airflow/.local/lib/python3.12/site-packages/airflow/example_dags/plugins/listener_plugin.py for tasks to queue
[2026-05-09T06:24:32.636+0000] {logging_mixin.py:188} INFO - [2026-05-09T06:24:32.636+0000] {dagbag.py:545} INFO - Filling up the DagBag from /home/airflow/.local/lib/python3.12/site-packages/airflow/example_dags/plugins/listener_plugin.py
[2026-05-09T06:24:32.639+0000] {processor.py:842} WARNING - No viable dags retrieved from /home/airflow/.local/lib/python3.12/site-packages/airflow/example_dags/plugins/listener_plugin.py
[2026-05-09T06:24:32.653+0000] {processor.py:183} INFO - Processing /home/airflow/.local/lib/python3.12/site-packages/airflow/example_dags/plugins/listener_plugin.py took 0.027 seconds
[2026-05-09T06:25:03.117+0000] {processor.py:161} INFO - Started process (PID=10382) to work on /home/airflow/.local/lib/python3.12/site-packages/airflow/example_dags/plugins/listener_plugin.py
[2026-05-09T06:25:03.119+0000] {processor.py:830} INFO - Processing file /home/airflow/.local/lib/python3.12/site-packages/airflow/example_dags/plugins/listener_plugin.py for tasks to queue
[2026-05-09T06:25:03.121+0000] {logging_mixin.py:188} INFO - [2026-05-09T06:25:03.121+0000] {dagbag.py:545} INFO - Filling up the DagBag from /home/airflow/.local/lib/python3.12/site-packages/airflow/example_dags/plugins/listener_plugin.py
[2026-05-09T06:25:03.123+0000] {processor.py:842} WARNING - No viable dags retrieved from /home/airflow/.local/lib/python3.12/site-packages/airflow/example_dags/plugins/listener_plugin.py
[2026-05-09T06:25:03.135+0000] {processor.py:183} INFO - Processing /home/airflow/.local/lib/python3.12/site-packages/airflow/example_dags/plugins/listener_plugin.py took 0.022 seconds
[2026-05-09T06:25:33.438+0000] {processor.py:161} INFO - Started process (PID=10443) to work on /home/airflow/.local/lib/python3.12/site-packages/airflow/example_dags/plugins/listener_plugin.py
[2026-05-09T06:25:33.440+0000] {processor.py:830} INFO - Processing file /home/airflow/.local/lib/python3.12/site-packages/airflow/example_dags/plugins/listener_plugin.py for tasks to queue
[2026-05-09T06:25:33.442+0000] {logging_mixin.py:188} INFO - [2026-05-09T06:25:33.441+0000] {dagbag.py:545} INFO - Filling up the DagBag from /home/airflow/.local/lib/python3.12/site-packages/airflow/example_dags/plugins/listener_plugin.py
[2026-05-09T06:25:33.444+0000] {processor.py:842} WARNING - No viable dags retrieved from /home/airflow/.local/lib/python3.12/site-packages/airflow/example_dags/plugins/listener_plugin.py
[2026-05-09T06:25:33.455+0000] {processor.py:183} INFO - Processing /home/airflow/.local/lib/python3.12/site-packages/airflow/example_dags/plugins/listener_plugin.py took 0.021 seconds
[2026-05-09T06:26:04.103+0000] {processor.py:161} INFO - Started process (PID=10503) to work on /home/airflow/.local/lib/python3.12/site-packages/airflow/example_dags/plugins/listener_plugin.py
[2026-05-09T06:26:04.104+0000] {processor.py:830} INFO - Processing file /home/airflow/.local/lib/python3.12/site-packages/airflow/example_dags/plugins/listener_plugin.py for tasks to queue
[2026-05-09T06:26:04.107+0000] {logging_mixin.py:188} INFO - [2026-05-09T06:26:04.107+0000] {dagbag.py:545} INFO - Filling up the DagBag from /home/airflow/.local/lib/python3.12/site-packages/airflow/example_dags/plugins/listener_plugin.py
[2026-05-09T06:26:04.110+0000] {processor.py:842} WARNING - No viable dags retrieved from /home/airflow/.local/lib/python3.12/site-packages/airflow/example_dags/plugins/listener_plugin.py
[2026-05-09T06:26:04.122+0000] {processor.py:183} INFO - Processing /home/airflow/.local/lib/python3.12/site-packages/airflow/example_dags/plugins/listener_plugin.py took 0.024 seconds
[2026-05-09T06:26:34.632+0000] {processor.py:161} INFO - Started process (PID=10564) to work on /home/airflow/.local/lib/python3.12/site-packages/airflow/example_dags/plugins/listener_plugin.py
[2026-05-09T06:26:34.634+0000] {processor.py:830} INFO - Processing file /home/airflow/.local/lib/python3.12/site-packages/airflow/example_dags/plugins/listener_plugin.py for tasks to queue
[2026-05-09T06:26:34.638+0000] {logging_mixin.py:188} INFO - [2026-05-09T06:26:34.637+0000] {dagbag.py:545} INFO - Filling up the DagBag from /home/airflow/.local/lib/python3.12/site-packages/airflow/example_dags/plugins/listener_plugin.py
[2026-05-09T06:26:34.641+0000] {processor.py:842} WARNING - No viable dags retrieved from /home/airflow/.local/lib/python3.12/site-packages/airflow/example_dags/plugins/listener_plugin.py
[2026-05-09T06:26:34.654+0000] {processor.py:183} INFO - Processing /home/airflow/.local/lib/python3.12/site-packages/airflow/example_dags/plugins/listener_plugin.py took 0.027 seconds
[2026-05-09T06:27:05.151+0000] {processor.py:161} INFO - Started process (PID=10624) to work on /home/airflow/.local/lib/python3.12/site-packages/airflow/example_dags/plugins/listener_plugin.py
[2026-05-09T06:27:05.152+0000] {processor.py:830} INFO - Processing file /home/airflow/.local/lib/python3.12/site-packages/airflow/example_dags/plugins/listener_plugin.py for tasks to queue
[2026-05-09T06:27:05.154+0000] {logging_mixin.py:188} INFO - [2026-05-09T06:27:05.154+0000] {dagbag.py:545} INFO - Filling up the DagBag from /home/airflow/.local/lib/python3.12/site-packages/airflow/example_dags/plugins/listener_plugin.py
[2026-05-09T06:27:05.157+0000] {processor.py:842} WARNING - No viable dags retrieved from /home/airflow/.local/lib/python3.12/site-packages/airflow/example_dags/plugins/listener_plugin.py
[2026-05-09T06:27:05.168+0000] {processor.py:183} INFO - Processing /home/airflow/.local/lib/python3.12/site-packages/airflow/example_dags/plugins/listener_plugin.py took 0.022 seconds
[2026-05-09T06:27:35.535+0000] {processor.py:161} INFO - Started process (PID=10685) to work on /home/airflow/.local/lib/python3.12/site-packages/airflow/example_dags/plugins/listener_plugin.py
[2026-05-09T06:27:35.536+0000] {processor.py:830} INFO - Processing file /home/airflow/.local/lib/python3.12/site-packages/airflow/example_dags/plugins/listener_plugin.py for tasks to queue
[2026-05-09T06:27:35.538+0000] {logging_mixin.py:188} INFO - [2026-05-09T06:27:35.538+0000] {dagbag.py:545} INFO - Filling up the DagBag from /home/airflow/.local/lib/python3.12/site-packages/airflow/example_dags/plugins/listener_plugin.py
[2026-05-09T06:27:35.541+0000] {processor.py:842} WARNING - No viable dags retrieved from /home/airflow/.local/lib/python3.12/site-packages/airflow/example_dags/plugins/listener_plugin.py
[2026-05-09T06:27:35.553+0000] {processor.py:183} INFO - Processing /home/airflow/.local/lib/python3.12/site-packages/airflow/example_dags/plugins/listener_plugin.py took 0.023 seconds
[2026-05-09T06:28:06.051+0000] {processor.py:161} INFO - Started process (PID=10745) to work on /home/airflow/.local/lib/python3.12/site-packages/airflow/example_dags/plugins/listener_plugin.py
[2026-05-09T06:28:06.052+0000] {processor.py:830} INFO - Processing file /home/airflow/.local/lib/python3.12/site-packages/airflow/example_dags/plugins/listener_plugin.py for tasks to queue
[2026-05-09T06:28:06.055+0000] {logging_mixin.py:188} INFO - [2026-05-09T06:28:06.054+0000] {dagbag.py:545} INFO - Filling up the DagBag from /home/airflow/.local/lib/python3.12/site-packages/airflow/example_dags/plugins/listener_plugin.py
[2026-05-09T06:28:06.057+0000] {processor.py:842} WARNING - No viable dags retrieved from /home/airflow/.local/lib/python3.12/site-packages/airflow/example_dags/plugins/listener_plugin.py
[2026-05-09T06:28:06.067+0000] {processor.py:183} INFO - Processing /home/airflow/.local/lib/python3.12/site-packages/airflow/example_dags/plugins/listener_plugin.py took 0.020 seconds
[2026-05-09T06:28:36.460+0000] {processor.py:161} INFO - Started process (PID=10805) to work on /home/airflow/.local/lib/python3.12/site-packages/airflow/example_dags/plugins/listener_plugin.py
[2026-05-09T06:28:36.462+0000] {processor.py:830} INFO - Processing file /home/airflow/.local/lib/python3.12/site-packages/airflow/example_dags/plugins/listener_plugin.py for tasks to queue
[2026-05-09T06:28:36.464+0000] {logging_mixin.py:188} INFO - [2026-05-09T06:28:36.463+0000] {dagbag.py:545} INFO - Filling up the DagBag from /home/airflow/.local/lib/python3.12/site-packages/airflow/example_dags/plugins/listener_plugin.py
[2026-05-09T06:28:36.466+0000] {processor.py:842} WARNING - No viable dags retrieved from /home/airflow/.local/lib/python3.12/site-packages/airflow/example_dags/plugins/listener_plugin.py
[2026-05-09T06:28:36.479+0000] {processor.py:183} INFO - Processing /home/airflow/.local/lib/python3.12/site-packages/airflow/example_dags/plugins/listener_plugin.py took 0.024 seconds
[2026-05-09T06:29:07.040+0000] {processor.py:161} INFO - Started process (PID=10865) to work on /home/airflow/.local/lib/python3.12/site-packages/airflow/example_dags/plugins/listener_plugin.py
[2026-05-09T06:29:07.042+0000] {processor.py:830} INFO - Processing file /home/airflow/.local/lib/python3.12/site-packages/airflow/example_dags/plugins/listener_plugin.py for tasks to queue
[2026-05-09T06:29:07.044+0000] {logging_mixin.py:188} INFO - [2026-05-09T06:29:07.044+0000] {dagbag.py:545} INFO - Filling up the DagBag from /home/airflow/.local/lib/python3.12/site-packages/airflow/example_dags/plugins/listener_plugin.py
[2026-05-09T06:29:07.047+0000] {processor.py:842} WARNING - No viable dags retrieved from /home/airflow/.local/lib/python3.12/site-packages/airflow/example_dags/plugins/listener_plugin.py
[2026-05-09T06:29:07.061+0000] {processor.py:183} INFO - Processing /home/airflow/.local/lib/python3.12/site-packages/airflow/example_dags/plugins/listener_plugin.py took 0.026 seconds
[2026-05-09T06:29:37.276+0000] {processor.py:161} INFO - Started process (PID=10923) to work on /home/airflow/.local/lib/python3.12/site-packages/airflow/example_dags/plugins/listener_plugin.py
[2026-05-09T06:29:37.277+0000] {processor.py:830} INFO - Processing file /home/airflow/.local/lib/python3.12/site-packages/airflow/example_dags/plugins/listener_plugin.py for tasks to queue
[2026-05-09T06:29:37.279+0000] {logging_mixin.py:188} INFO - [2026-05-09T06:29:37.279+0000] {dagbag.py:545} INFO - Filling up the DagBag from /home/airflow/.local/lib/python3.12/site-packages/airflow/example_dags/plugins/listener_plugin.py
[2026-05-09T06:29:37.281+0000] {processor.py:842} WARNING - No viable dags retrieved from /home/airflow/.local/lib/python3.12/site-packages/airflow/example_dags/plugins/listener_plugin.py
[2026-05-09T06:29:37.293+0000] {processor.py:183} INFO - Processing /home/airflow/.local/lib/python3.12/site-packages/airflow/example_dags/plugins/listener_plugin.py took 0.022 seconds
[2026-05-09T06:30:07.936+0000] {processor.py:161} INFO - Started process (PID=10983) to work on /home/airflow/.local/lib/python3.12/site-packages/airflow/example_dags/plugins/listener_plugin.py
[2026-05-09T06:30:07.937+0000] {processor.py:830} INFO - Processing file /home/airflow/.local/lib/python3.12/site-packages/airflow/example_dags/plugins/listener_plugin.py for tasks to queue
[2026-05-09T06:30:07.939+0000] {logging_mixin.py:188} INFO - [2026-05-09T06:30:07.938+0000] {dagbag.py:545} INFO - Filling up the DagBag from /home/airflow/.local/lib/python3.12/site-packages/airflow/example_dags/plugins/listener_plugin.py
[2026-05-09T06:30:07.944+0000] {processor.py:842} WARNING - No viable dags retrieved from /home/airflow/.local/lib/python3.12/site-packages/airflow/example_dags/plugins/listener_plugin.py
[2026-05-09T06:30:07.967+0000] {processor.py:183} INFO - Processing /home/airflow/.local/lib/python3.12/site-packages/airflow/example_dags/plugins/listener_plugin.py took 0.035 seconds
[2026-05-09T06:30:39.104+0000] {processor.py:161} INFO - Started process (PID=11045) to work on /home/airflow/.local/lib/python3.12/site-packages/airflow/example_dags/plugins/listener_plugin.py
[2026-05-09T06:30:39.105+0000] {processor.py:830} INFO - Processing file /home/airflow/.local/lib/python3.12/site-packages/airflow/example_dags/plugins/listener_plugin.py for tasks to queue
[2026-05-09T06:30:39.108+0000] {logging_mixin.py:188} INFO - [2026-05-09T06:30:39.108+0000] {dagbag.py:545} INFO - Filling up the DagBag from /home/airflow/.local/lib/python3.12/site-packages/airflow/example_dags/plugins/listener_plugin.py
[2026-05-09T06:30:39.110+0000] {processor.py:842} WARNING - No viable dags retrieved from /home/airflow/.local/lib/python3.12/site-packages/airflow/example_dags/plugins/listener_plugin.py
[2026-05-09T06:30:39.121+0000] {processor.py:183} INFO - Processing /home/airflow/.local/lib/python3.12/site-packages/airflow/example_dags/plugins/listener_plugin.py took 0.023 seconds
[2026-05-09T06:31:09.544+0000] {processor.py:161} INFO - Started process (PID=11105) to work on /home/airflow/.local/lib/python3.12/site-packages/airflow/example_dags/plugins/listener_plugin.py
[2026-05-09T06:31:09.546+0000] {processor.py:830} INFO - Processing file /home/airflow/.local/lib/python3.12/site-packages/airflow/example_dags/plugins/listener_plugin.py for tasks to queue
[2026-05-09T06:31:09.548+0000] {logging_mixin.py:188} INFO - [2026-05-09T06:31:09.548+0000] {dagbag.py:545} INFO - Filling up the DagBag from /home/airflow/.local/lib/python3.12/site-packages/airflow/example_dags/plugins/listener_plugin.py
[2026-05-09T06:31:09.551+0000] {processor.py:842} WARNING - No viable dags retrieved from /home/airflow/.local/lib/python3.12/site-packages/airflow/example_dags/plugins/listener_plugin.py
[2026-05-09T06:31:09.562+0000] {processor.py:183} INFO - Processing /home/airflow/.local/lib/python3.12/site-packages/airflow/example_dags/plugins/listener_plugin.py took 0.023 seconds
[2026-05-09T06:31:39.817+0000] {processor.py:161} INFO - Started process (PID=11163) to work on /home/airflow/.local/lib/python3.12/site-packages/airflow/example_dags/plugins/listener_plugin.py
[2026-05-09T06:31:39.818+0000] {processor.py:830} INFO - Processing file /home/airflow/.local/lib/python3.12/site-packages/airflow/example_dags/plugins/listener_plugin.py for tasks to queue
[2026-05-09T06:31:39.820+0000] {logging_mixin.py:188} INFO - [2026-05-09T06:31:39.819+0000] {dagbag.py:545} INFO - Filling up the DagBag from /home/airflow/.local/lib/python3.12/site-packages/airflow/example_dags/plugins/listener_plugin.py
[2026-05-09T06:31:39.822+0000] {processor.py:842} WARNING - No viable dags retrieved from /home/airflow/.local/lib/python3.12/site-packages/airflow/example_dags/plugins/listener_plugin.py
[2026-05-09T06:31:39.833+0000] {processor.py:183} INFO - Processing /home/airflow/.local/lib/python3.12/site-packages/airflow/example_dags/plugins/listener_plugin.py took 0.021 seconds
[2026-05-09T06:32:10.109+0000] {processor.py:161} INFO - Started process (PID=11223) to work on /home/airflow/.local/lib/python3.12/site-packages/airflow/example_dags/plugins/listener_plugin.py
[2026-05-09T06:32:10.110+0000] {processor.py:830} INFO - Processing file /home/airflow/.local/lib/python3.12/site-packages/airflow/example_dags/plugins/listener_plugin.py for tasks to queue
[2026-05-09T06:32:10.113+0000] {logging_mixin.py:188} INFO - [2026-05-09T06:32:10.112+0000] {dagbag.py:545} INFO - Filling up the DagBag from /home/airflow/.local/lib/python3.12/site-packages/airflow/example_dags/plugins/listener_plugin.py
[2026-05-09T06:32:10.115+0000] {processor.py:842} WARNING - No viable dags retrieved from /home/airflow/.local/lib/python3.12/site-packages/airflow/example_dags/plugins/listener_plugin.py
[2026-05-09T06:32:10.129+0000] {processor.py:183} INFO - Processing /home/airflow/.local/lib/python3.12/site-packages/airflow/example_dags/plugins/listener_plugin.py took 0.025 seconds
[2026-05-09T06:32:41.147+0000] {processor.py:161} INFO - Started process (PID=11284) to work on /home/airflow/.local/lib/python3.12/site-packages/airflow/example_dags/plugins/listener_plugin.py
[2026-05-09T06:32:41.149+0000] {processor.py:830} INFO - Processing file /home/airflow/.local/lib/python3.12/site-packages/airflow/example_dags/plugins/listener_plugin.py for tasks to queue
[2026-05-09T06:32:41.151+0000] {logging_mixin.py:188} INFO - [2026-05-09T06:32:41.150+0000] {dagbag.py:545} INFO - Filling up the DagBag from /home/airflow/.local/lib/python3.12/site-packages/airflow/example_dags/plugins/listener_plugin.py
[2026-05-09T06:32:41.153+0000] {processor.py:842} WARNING - No viable dags retrieved from /home/airflow/.local/lib/python3.12/site-packages/airflow/example_dags/plugins/listener_plugin.py
[2026-05-09T06:32:41.165+0000] {processor.py:183} INFO - Processing /home/airflow/.local/lib/python3.12/site-packages/airflow/example_dags/plugins/listener_plugin.py took 0.025 seconds
[2026-05-09T06:33:11.465+0000] {processor.py:161} INFO - Started process (PID=11344) to work on /home/airflow/.local/lib/python3.12/site-packages/airflow/example_dags/plugins/listener_plugin.py
[2026-05-09T06:33:11.467+0000] {processor.py:830} INFO - Processing file /home/airflow/.local/lib/python3.12/site-packages/airflow/example_dags/plugins/listener_plugin.py for tasks to queue
[2026-05-09T06:33:11.470+0000] {logging_mixin.py:188} INFO - [2026-05-09T06:33:11.469+0000] {dagbag.py:545} INFO - Filling up the DagBag from /home/airflow/.local/lib/python3.12/site-packages/airflow/example_dags/plugins/listener_plugin.py
[2026-05-09T06:33:11.472+0000] {processor.py:842} WARNING - No viable dags retrieved from /home/airflow/.local/lib/python3.12/site-packages/airflow/example_dags/plugins/listener_plugin.py
[2026-05-09T06:33:11.484+0000] {processor.py:183} INFO - Processing /home/airflow/.local/lib/python3.12/site-packages/airflow/example_dags/plugins/listener_plugin.py took 0.023 seconds
[2026-05-09T06:33:42.258+0000] {processor.py:161} INFO - Started process (PID=11404) to work on /home/airflow/.local/lib/python3.12/site-packages/airflow/example_dags/plugins/listener_plugin.py
[2026-05-09T06:33:42.260+0000] {processor.py:830} INFO - Processing file /home/airflow/.local/lib/python3.12/site-packages/airflow/example_dags/plugins/listener_plugin.py for tasks to queue
[2026-05-09T06:33:42.263+0000] {logging_mixin.py:188} INFO - [2026-05-09T06:33:42.262+0000] {dagbag.py:545} INFO - Filling up the DagBag from /home/airflow/.local/lib/python3.12/site-packages/airflow/example_dags/plugins/listener_plugin.py
[2026-05-09T06:33:42.266+0000] {processor.py:842} WARNING - No viable dags retrieved from /home/airflow/.local/lib/python3.12/site-packages/airflow/example_dags/plugins/listener_plugin.py
[2026-05-09T06:33:42.284+0000] {processor.py:183} INFO - Processing /home/airflow/.local/lib/python3.12/site-packages/airflow/example_dags/plugins/listener_plugin.py took 0.034 seconds
[2026-05-09T06:34:12.523+0000] {processor.py:161} INFO - Started process (PID=11464) to work on /home/airflow/.local/lib/python3.12/site-packages/airflow/example_dags/plugins/listener_plugin.py
[2026-05-09T06:34:12.524+0000] {processor.py:830} INFO - Processing file /home/airflow/.local/lib/python3.12/site-packages/airflow/example_dags/plugins/listener_plugin.py for tasks to queue
[2026-05-09T06:34:12.527+0000] {logging_mixin.py:188} INFO - [2026-05-09T06:34:12.527+0000] {dagbag.py:545} INFO - Filling up the DagBag from /home/airflow/.local/lib/python3.12/site-packages/airflow/example_dags/plugins/listener_plugin.py
[2026-05-09T06:34:12.531+0000] {processor.py:842} WARNING - No viable dags retrieved from /home/airflow/.local/lib/python3.12/site-packages/airflow/example_dags/plugins/listener_plugin.py
[2026-05-09T06:34:12.549+0000] {processor.py:183} INFO - Processing /home/airflow/.local/lib/python3.12/site-packages/airflow/example_dags/plugins/listener_plugin.py took 0.033 seconds
[2026-05-09T06:34:43.401+0000] {processor.py:161} INFO - Started process (PID=11524) to work on /home/airflow/.local/lib/python3.12/site-packages/airflow/example_dags/plugins/listener_plugin.py
[2026-05-09T06:34:43.403+0000] {processor.py:830} INFO - Processing file /home/airflow/.local/lib/python3.12/site-packages/airflow/example_dags/plugins/listener_plugin.py for tasks to queue
[2026-05-09T06:34:43.407+0000] {logging_mixin.py:188} INFO - [2026-05-09T06:34:43.406+0000] {dagbag.py:545} INFO - Filling up the DagBag from /home/airflow/.local/lib/python3.12/site-packages/airflow/example_dags/plugins/listener_plugin.py
[2026-05-09T06:34:43.411+0000] {processor.py:842} WARNING - No viable dags retrieved from /home/airflow/.local/lib/python3.12/site-packages/airflow/example_dags/plugins/listener_plugin.py
[2026-05-09T06:34:43.434+0000] {processor.py:183} INFO - Processing /home/airflow/.local/lib/python3.12/site-packages/airflow/example_dags/plugins/listener_plugin.py took 0.041 seconds
[2026-05-09T06:35:14.643+0000] {processor.py:161} INFO - Started process (PID=11584) to work on /home/airflow/.local/lib/python3.12/site-packages/airflow/example_dags/plugins/listener_plugin.py
[2026-05-09T06:35:14.645+0000] {processor.py:830} INFO - Processing file /home/airflow/.local/lib/python3.12/site-packages/airflow/example_dags/plugins/listener_plugin.py for tasks to queue
[2026-05-09T06:35:14.650+0000] {logging_mixin.py:188} INFO - [2026-05-09T06:35:14.649+0000] {dagbag.py:545} INFO - Filling up the DagBag from /home/airflow/.local/lib/python3.12/site-packages/airflow/example_dags/plugins/listener_plugin.py
[2026-05-09T06:35:14.655+0000] {processor.py:842} WARNING - No viable dags retrieved from /home/airflow/.local/lib/python3.12/site-packages/airflow/example_dags/plugins/listener_plugin.py
[2026-05-09T06:35:14.678+0000] {processor.py:183} INFO - Processing /home/airflow/.local/lib/python3.12/site-packages/airflow/example_dags/plugins/listener_plugin.py took 0.044 seconds
[2026-05-09T06:35:44.929+0000] {processor.py:161} INFO - Started process (PID=11642) to work on /home/airflow/.local/lib/python3.12/site-packages/airflow/example_dags/plugins/listener_plugin.py
[2026-05-09T06:35:44.930+0000] {processor.py:830} INFO - Processing file /home/airflow/.local/lib/python3.12/site-packages/airflow/example_dags/plugins/listener_plugin.py for tasks to queue
[2026-05-09T06:35:44.933+0000] {logging_mixin.py:188} INFO - [2026-05-09T06:35:44.933+0000] {dagbag.py:545} INFO - Filling up the DagBag from /home/airflow/.local/lib/python3.12/site-packages/airflow/example_dags/plugins/listener_plugin.py
[2026-05-09T06:35:44.938+0000] {processor.py:842} WARNING - No viable dags retrieved from /home/airflow/.local/lib/python3.12/site-packages/airflow/example_dags/plugins/listener_plugin.py
[2026-05-09T06:35:44.956+0000] {processor.py:183} INFO - Processing /home/airflow/.local/lib/python3.12/site-packages/airflow/example_dags/plugins/listener_plugin.py took 0.035 seconds
[2026-05-09T06:36:15.155+0000] {processor.py:161} INFO - Started process (PID=11702) to work on /home/airflow/.local/lib/python3.12/site-packages/airflow/example_dags/plugins/listener_plugin.py
[2026-05-09T06:36:15.157+0000] {processor.py:830} INFO - Processing file /home/airflow/.local/lib/python3.12/site-packages/airflow/example_dags/plugins/listener_plugin.py for tasks to queue
[2026-05-09T06:36:15.160+0000] {logging_mixin.py:188} INFO - [2026-05-09T06:36:15.159+0000] {dagbag.py:545} INFO - Filling up the DagBag from /home/airflow/.local/lib/python3.12/site-packages/airflow/example_dags/plugins/listener_plugin.py
[2026-05-09T06:36:15.167+0000] {processor.py:842} WARNING - No viable dags retrieved from /home/airflow/.local/lib/python3.12/site-packages/airflow/example_dags/plugins/listener_plugin.py
[2026-05-09T06:36:15.186+0000] {processor.py:183} INFO - Processing /home/airflow/.local/lib/python3.12/site-packages/airflow/example_dags/plugins/listener_plugin.py took 0.039 seconds
[2026-05-09T06:36:45.372+0000] {processor.py:161} INFO - Started process (PID=11762) to work on /home/airflow/.local/lib/python3.12/site-packages/airflow/example_dags/plugins/listener_plugin.py
[2026-05-09T06:36:45.374+0000] {processor.py:830} INFO - Processing file /home/airflow/.local/lib/python3.12/site-packages/airflow/example_dags/plugins/listener_plugin.py for tasks to queue
[2026-05-09T06:36:45.377+0000] {logging_mixin.py:188} INFO - [2026-05-09T06:36:45.376+0000] {dagbag.py:545} INFO - Filling up the DagBag from /home/airflow/.local/lib/python3.12/site-packages/airflow/example_dags/plugins/listener_plugin.py
[2026-05-09T06:36:45.380+0000] {processor.py:842} WARNING - No viable dags retrieved from /home/airflow/.local/lib/python3.12/site-packages/airflow/example_dags/plugins/listener_plugin.py
[2026-05-09T06:36:45.401+0000] {processor.py:183} INFO - Processing /home/airflow/.local/lib/python3.12/site-packages/airflow/example_dags/plugins/listener_plugin.py took 0.037 seconds
[2026-05-09T06:37:16.085+0000] {processor.py:161} INFO - Started process (PID=11822) to work on /home/airflow/.local/lib/python3.12/site-packages/airflow/example_dags/plugins/listener_plugin.py
[2026-05-09T06:37:16.088+0000] {processor.py:830} INFO - Processing file /home/airflow/.local/lib/python3.12/site-packages/airflow/example_dags/plugins/listener_plugin.py for tasks to queue
[2026-05-09T06:37:16.092+0000] {logging_mixin.py:188} INFO - [2026-05-09T06:37:16.092+0000] {dagbag.py:545} INFO - Filling up the DagBag from /home/airflow/.local/lib/python3.12/site-packages/airflow/example_dags/plugins/listener_plugin.py
[2026-05-09T06:37:16.097+0000] {processor.py:842} WARNING - No viable dags retrieved from /home/airflow/.local/lib/python3.12/site-packages/airflow/example_dags/plugins/listener_plugin.py
[2026-05-09T06:37:16.118+0000] {processor.py:183} INFO - Processing /home/airflow/.local/lib/python3.12/site-packages/airflow/example_dags/plugins/listener_plugin.py took 0.043 seconds
[2026-05-09T06:37:46.767+0000] {processor.py:161} INFO - Started process (PID=11882) to work on /home/airflow/.local/lib/python3.12/site-packages/airflow/example_dags/plugins/listener_plugin.py
[2026-05-09T06:37:46.768+0000] {processor.py:830} INFO - Processing file /home/airflow/.local/lib/python3.12/site-packages/airflow/example_dags/plugins/listener_plugin.py for tasks to queue
[2026-05-09T06:37:46.771+0000] {logging_mixin.py:188} INFO - [2026-05-09T06:37:46.771+0000] {dagbag.py:545} INFO - Filling up the DagBag from /home/airflow/.local/lib/python3.12/site-packages/airflow/example_dags/plugins/listener_plugin.py
[2026-05-09T06:37:46.775+0000] {processor.py:842} WARNING - No viable dags retrieved from /home/airflow/.local/lib/python3.12/site-packages/airflow/example_dags/plugins/listener_plugin.py
[2026-05-09T06:37:46.794+0000] {processor.py:183} INFO - Processing /home/airflow/.local/lib/python3.12/site-packages/airflow/example_dags/plugins/listener_plugin.py took 0.036 seconds
[2026-05-09T06:38:17.455+0000] {processor.py:161} INFO - Started process (PID=11942) to work on /home/airflow/.local/lib/python3.12/site-packages/airflow/example_dags/plugins/listener_plugin.py
[2026-05-09T06:38:17.458+0000] {processor.py:830} INFO - Processing file /home/airflow/.local/lib/python3.12/site-packages/airflow/example_dags/plugins/listener_plugin.py for tasks to queue
[2026-05-09T06:38:17.461+0000] {logging_mixin.py:188} INFO - [2026-05-09T06:38:17.460+0000] {dagbag.py:545} INFO - Filling up the DagBag from /home/airflow/.local/lib/python3.12/site-packages/airflow/example_dags/plugins/listener_plugin.py
[2026-05-09T06:38:17.465+0000] {processor.py:842} WARNING - No viable dags retrieved from /home/airflow/.local/lib/python3.12/site-packages/airflow/example_dags/plugins/listener_plugin.py
[2026-05-09T06:38:17.484+0000] {processor.py:183} INFO - Processing /home/airflow/.local/lib/python3.12/site-packages/airflow/example_dags/plugins/listener_plugin.py took 0.038 seconds
[2026-05-09T06:38:48.102+0000] {processor.py:161} INFO - Started process (PID=12002) to work on /home/airflow/.local/lib/python3.12/site-packages/airflow/example_dags/plugins/listener_plugin.py
[2026-05-09T06:38:48.104+0000] {processor.py:830} INFO - Processing file /home/airflow/.local/lib/python3.12/site-packages/airflow/example_dags/plugins/listener_plugin.py for tasks to queue
[2026-05-09T06:38:48.108+0000] {logging_mixin.py:188} INFO - [2026-05-09T06:38:48.107+0000] {dagbag.py:545} INFO - Filling up the DagBag from /home/airflow/.local/lib/python3.12/site-packages/airflow/example_dags/plugins/listener_plugin.py
[2026-05-09T06:38:48.112+0000] {processor.py:842} WARNING - No viable dags retrieved from /home/airflow/.local/lib/python3.12/site-packages/airflow/example_dags/plugins/listener_plugin.py
[2026-05-09T06:38:48.131+0000] {processor.py:183} INFO - Processing /home/airflow/.local/lib/python3.12/site-packages/airflow/example_dags/plugins/listener_plugin.py took 0.039 seconds
[2026-05-09T06:39:19.054+0000] {processor.py:161} INFO - Started process (PID=12062) to work on /home/airflow/.local/lib/python3.12/site-packages/airflow/example_dags/plugins/listener_plugin.py
[2026-05-09T06:39:19.057+0000] {processor.py:830} INFO - Processing file /home/airflow/.local/lib/python3.12/site-packages/airflow/example_dags/plugins/listener_plugin.py for tasks to queue
[2026-05-09T06:39:19.065+0000] {logging_mixin.py:188} INFO - [2026-05-09T06:39:19.063+0000] {dagbag.py:545} INFO - Filling up the DagBag from /home/airflow/.local/lib/python3.12/site-packages/airflow/example_dags/plugins/listener_plugin.py
[2026-05-09T06:39:19.073+0000] {processor.py:842} WARNING - No viable dags retrieved from /home/airflow/.local/lib/python3.12/site-packages/airflow/example_dags/plugins/listener_plugin.py
[2026-05-09T06:39:19.108+0000] {processor.py:183} INFO - Processing /home/airflow/.local/lib/python3.12/site-packages/airflow/example_dags/plugins/listener_plugin.py took 0.066 seconds
[2026-05-09T06:39:49.537+0000] {processor.py:161} INFO - Started process (PID=12122) to work on /home/airflow/.local/lib/python3.12/site-packages/airflow/example_dags/plugins/listener_plugin.py
[2026-05-09T06:39:49.539+0000] {processor.py:830} INFO - Processing file /home/airflow/.local/lib/python3.12/site-packages/airflow/example_dags/plugins/listener_plugin.py for tasks to queue
[2026-05-09T06:39:49.542+0000] {logging_mixin.py:188} INFO - [2026-05-09T06:39:49.542+0000] {dagbag.py:545} INFO - Filling up the DagBag from /home/airflow/.local/lib/python3.12/site-packages/airflow/example_dags/plugins/listener_plugin.py
[2026-05-09T06:39:49.546+0000] {processor.py:842} WARNING - No viable dags retrieved from /home/airflow/.local/lib/python3.12/site-packages/airflow/example_dags/plugins/listener_plugin.py
[2026-05-09T06:39:49.567+0000] {processor.py:183} INFO - Processing /home/airflow/.local/lib/python3.12/site-packages/airflow/example_dags/plugins/listener_plugin.py took 0.040 seconds
[2026-05-09T06:40:20.653+0000] {processor.py:161} INFO - Started process (PID=12182) to work on /home/airflow/.local/lib/python3.12/site-packages/airflow/example_dags/plugins/listener_plugin.py
[2026-05-09T06:40:20.655+0000] {processor.py:830} INFO - Processing file /home/airflow/.local/lib/python3.12/site-packages/airflow/example_dags/plugins/listener_plugin.py for tasks to queue
[2026-05-09T06:40:20.658+0000] {logging_mixin.py:188} INFO - [2026-05-09T06:40:20.658+0000] {dagbag.py:545} INFO - Filling up the DagBag from /home/airflow/.local/lib/python3.12/site-packages/airflow/example_dags/plugins/listener_plugin.py
[2026-05-09T06:40:20.663+0000] {processor.py:842} WARNING - No viable dags retrieved from /home/airflow/.local/lib/python3.12/site-packages/airflow/example_dags/plugins/listener_plugin.py
[2026-05-09T06:40:20.683+0000] {processor.py:183} INFO - Processing /home/airflow/.local/lib/python3.12/site-packages/airflow/example_dags/plugins/listener_plugin.py took 0.037 seconds
[2026-05-09T06:40:51.215+0000] {processor.py:161} INFO - Started process (PID=12242) to work on /home/airflow/.local/lib/python3.12/site-packages/airflow/example_dags/plugins/listener_plugin.py
[2026-05-09T06:40:51.217+0000] {processor.py:830} INFO - Processing file /home/airflow/.local/lib/python3.12/site-packages/airflow/example_dags/plugins/listener_plugin.py for tasks to queue
[2026-05-09T06:40:51.219+0000] {logging_mixin.py:188} INFO - [2026-05-09T06:40:51.219+0000] {dagbag.py:545} INFO - Filling up the DagBag from /home/airflow/.local/lib/python3.12/site-packages/airflow/example_dags/plugins/listener_plugin.py
[2026-05-09T06:40:51.223+0000] {processor.py:842} WARNING - No viable dags retrieved from /home/airflow/.local/lib/python3.12/site-packages/airflow/example_dags/plugins/listener_plugin.py
[2026-05-09T06:40:51.241+0000] {processor.py:183} INFO - Processing /home/airflow/.local/lib/python3.12/site-packages/airflow/example_dags/plugins/listener_plugin.py took 0.035 seconds
[2026-05-09T06:41:21.862+0000] {processor.py:161} INFO - Started process (PID=12302) to work on /home/airflow/.local/lib/python3.12/site-packages/airflow/example_dags/plugins/listener_plugin.py
[2026-05-09T06:41:21.864+0000] {processor.py:830} INFO - Processing file /home/airflow/.local/lib/python3.12/site-packages/airflow/example_dags/plugins/listener_plugin.py for tasks to queue
[2026-05-09T06:41:21.867+0000] {logging_mixin.py:188} INFO - [2026-05-09T06:41:21.867+0000] {dagbag.py:545} INFO - Filling up the DagBag from /home/airflow/.local/lib/python3.12/site-packages/airflow/example_dags/plugins/listener_plugin.py
[2026-05-09T06:41:21.871+0000] {processor.py:842} WARNING - No viable dags retrieved from /home/airflow/.local/lib/python3.12/site-packages/airflow/example_dags/plugins/listener_plugin.py
[2026-05-09T06:41:21.890+0000] {processor.py:183} INFO - Processing /home/airflow/.local/lib/python3.12/site-packages/airflow/example_dags/plugins/listener_plugin.py took 0.036 seconds
[2026-05-09T06:41:52.843+0000] {processor.py:161} INFO - Started process (PID=12362) to work on /home/airflow/.local/lib/python3.12/site-packages/airflow/example_dags/plugins/listener_plugin.py
[2026-05-09T06:41:52.845+0000] {processor.py:830} INFO - Processing file /home/airflow/.local/lib/python3.12/site-packages/airflow/example_dags/plugins/listener_plugin.py for tasks to queue
[2026-05-09T06:41:52.848+0000] {logging_mixin.py:188} INFO - [2026-05-09T06:41:52.848+0000] {dagbag.py:545} INFO - Filling up the DagBag from /home/airflow/.local/lib/python3.12/site-packages/airflow/example_dags/plugins/listener_plugin.py
[2026-05-09T06:41:52.852+0000] {processor.py:842} WARNING - No viable dags retrieved from /home/airflow/.local/lib/python3.12/site-packages/airflow/example_dags/plugins/listener_plugin.py
[2026-05-09T06:41:52.872+0000] {processor.py:183} INFO - Processing /home/airflow/.local/lib/python3.12/site-packages/airflow/example_dags/plugins/listener_plugin.py took 0.040 seconds
[2026-05-09T06:42:23.772+0000] {processor.py:161} INFO - Started process (PID=12422) to work on /home/airflow/.local/lib/python3.12/site-packages/airflow/example_dags/plugins/listener_plugin.py
[2026-05-09T06:42:23.775+0000] {processor.py:830} INFO - Processing file /home/airflow/.local/lib/python3.12/site-packages/airflow/example_dags/plugins/listener_plugin.py for tasks to queue
[2026-05-09T06:42:23.780+0000] {logging_mixin.py:188} INFO - [2026-05-09T06:42:23.779+0000] {dagbag.py:545} INFO - Filling up the DagBag from /home/airflow/.local/lib/python3.12/site-packages/airflow/example_dags/plugins/listener_plugin.py
[2026-05-09T06:42:23.788+0000] {processor.py:842} WARNING - No viable dags retrieved from /home/airflow/.local/lib/python3.12/site-packages/airflow/example_dags/plugins/listener_plugin.py
[2026-05-09T06:42:23.828+0000] {processor.py:183} INFO - Processing /home/airflow/.local/lib/python3.12/site-packages/airflow/example_dags/plugins/listener_plugin.py took 0.074 seconds
[2026-05-09T06:42:54.093+0000] {processor.py:161} INFO - Started process (PID=12482) to work on /home/airflow/.local/lib/python3.12/site-packages/airflow/example_dags/plugins/listener_plugin.py
[2026-05-09T06:42:54.096+0000] {processor.py:830} INFO - Processing file /home/airflow/.local/lib/python3.12/site-packages/airflow/example_dags/plugins/listener_plugin.py for tasks to queue
[2026-05-09T06:42:54.101+0000] {logging_mixin.py:188} INFO - [2026-05-09T06:42:54.100+0000] {dagbag.py:545} INFO - Filling up the DagBag from /home/airflow/.local/lib/python3.12/site-packages/airflow/example_dags/plugins/listener_plugin.py
[2026-05-09T06:42:54.107+0000] {processor.py:842} WARNING - No viable dags retrieved from /home/airflow/.local/lib/python3.12/site-packages/airflow/example_dags/plugins/listener_plugin.py
[2026-05-09T06:42:54.135+0000] {processor.py:183} INFO - Processing /home/airflow/.local/lib/python3.12/site-packages/airflow/example_dags/plugins/listener_plugin.py took 0.057 seconds
[2026-05-09T06:43:24.476+0000] {processor.py:161} INFO - Started process (PID=12542) to work on /home/airflow/.local/lib/python3.12/site-packages/airflow/example_dags/plugins/listener_plugin.py
[2026-05-09T06:43:24.479+0000] {processor.py:830} INFO - Processing file /home/airflow/.local/lib/python3.12/site-packages/airflow/example_dags/plugins/listener_plugin.py for tasks to queue
[2026-05-09T06:43:24.488+0000] {logging_mixin.py:188} INFO - [2026-05-09T06:43:24.487+0000] {dagbag.py:545} INFO - Filling up the DagBag from /home/airflow/.local/lib/python3.12/site-packages/airflow/example_dags/plugins/listener_plugin.py
[2026-05-09T06:43:24.492+0000] {processor.py:842} WARNING - No viable dags retrieved from /home/airflow/.local/lib/python3.12/site-packages/airflow/example_dags/plugins/listener_plugin.py
[2026-05-09T06:43:24.514+0000] {processor.py:183} INFO - Processing /home/airflow/.local/lib/python3.12/site-packages/airflow/example_dags/plugins/listener_plugin.py took 0.053 seconds
[2026-05-09T06:43:54.939+0000] {processor.py:161} INFO - Started process (PID=12602) to work on /home/airflow/.local/lib/python3.12/site-packages/airflow/example_dags/plugins/listener_plugin.py
[2026-05-09T06:43:54.941+0000] {processor.py:830} INFO - Processing file /home/airflow/.local/lib/python3.12/site-packages/airflow/example_dags/plugins/listener_plugin.py for tasks to queue
[2026-05-09T06:43:54.944+0000] {logging_mixin.py:188} INFO - [2026-05-09T06:43:54.943+0000] {dagbag.py:545} INFO - Filling up the DagBag from /home/airflow/.local/lib/python3.12/site-packages/airflow/example_dags/plugins/listener_plugin.py
[2026-05-09T06:43:54.947+0000] {processor.py:842} WARNING - No viable dags retrieved from /home/airflow/.local/lib/python3.12/site-packages/airflow/example_dags/plugins/listener_plugin.py
[2026-05-09T06:43:54.964+0000] {processor.py:183} INFO - Processing /home/airflow/.local/lib/python3.12/site-packages/airflow/example_dags/plugins/listener_plugin.py took 0.033 seconds
[2026-05-09T06:44:25.648+0000] {processor.py:161} INFO - Started process (PID=12662) to work on /home/airflow/.local/lib/python3.12/site-packages/airflow/example_dags/plugins/listener_plugin.py
[2026-05-09T06:44:25.650+0000] {processor.py:830} INFO - Processing file /home/airflow/.local/lib/python3.12/site-packages/airflow/example_dags/plugins/listener_plugin.py for tasks to queue
[2026-05-09T06:44:25.653+0000] {logging_mixin.py:188} INFO - [2026-05-09T06:44:25.653+0000] {dagbag.py:545} INFO - Filling up the DagBag from /home/airflow/.local/lib/python3.12/site-packages/airflow/example_dags/plugins/listener_plugin.py
[2026-05-09T06:44:25.657+0000] {processor.py:842} WARNING - No viable dags retrieved from /home/airflow/.local/lib/python3.12/site-packages/airflow/example_dags/plugins/listener_plugin.py
[2026-05-09T06:44:25.675+0000] {processor.py:183} INFO - Processing /home/airflow/.local/lib/python3.12/site-packages/airflow/example_dags/plugins/listener_plugin.py took 0.035 seconds
[2026-05-09T06:44:56.088+0000] {processor.py:161} INFO - Started process (PID=12722) to work on /home/airflow/.local/lib/python3.12/site-packages/airflow/example_dags/plugins/listener_plugin.py
[2026-05-09T06:44:56.092+0000] {processor.py:830} INFO - Processing file /home/airflow/.local/lib/python3.12/site-packages/airflow/example_dags/plugins/listener_plugin.py for tasks to queue
[2026-05-09T06:44:56.098+0000] {logging_mixin.py:188} INFO - [2026-05-09T06:44:56.097+0000] {dagbag.py:545} INFO - Filling up the DagBag from /home/airflow/.local/lib/python3.12/site-packages/airflow/example_dags/plugins/listener_plugin.py
[2026-05-09T06:44:56.106+0000] {processor.py:842} WARNING - No viable dags retrieved from /home/airflow/.local/lib/python3.12/site-packages/airflow/example_dags/plugins/listener_plugin.py
[2026-05-09T06:44:56.147+0000] {processor.py:183} INFO - Processing /home/airflow/.local/lib/python3.12/site-packages/airflow/example_dags/plugins/listener_plugin.py took 0.074 seconds
[2026-05-09T06:45:26.330+0000] {processor.py:161} INFO - Started process (PID=12782) to work on /home/airflow/.local/lib/python3.12/site-packages/airflow/example_dags/plugins/listener_plugin.py
[2026-05-09T06:45:26.332+0000] {processor.py:830} INFO - Processing file /home/airflow/.local/lib/python3.12/site-packages/airflow/example_dags/plugins/listener_plugin.py for tasks to queue
[2026-05-09T06:45:26.335+0000] {logging_mixin.py:188} INFO - [2026-05-09T06:45:26.335+0000] {dagbag.py:545} INFO - Filling up the DagBag from /home/airflow/.local/lib/python3.12/site-packages/airflow/example_dags/plugins/listener_plugin.py
[2026-05-09T06:45:26.339+0000] {processor.py:842} WARNING - No viable dags retrieved from /home/airflow/.local/lib/python3.12/site-packages/airflow/example_dags/plugins/listener_plugin.py
[2026-05-09T06:45:26.359+0000] {processor.py:183} INFO - Processing /home/airflow/.local/lib/python3.12/site-packages/airflow/example_dags/plugins/listener_plugin.py took 0.038 seconds
[2026-05-09T06:45:56.611+0000] {processor.py:161} INFO - Started process (PID=12842) to work on /home/airflow/.local/lib/python3.12/site-packages/airflow/example_dags/plugins/listener_plugin.py
[2026-05-09T06:45:56.613+0000] {processor.py:830} INFO - Processing file /home/airflow/.local/lib/python3.12/site-packages/airflow/example_dags/plugins/listener_plugin.py for tasks to queue
[2026-05-09T06:45:56.616+0000] {logging_mixin.py:188} INFO - [2026-05-09T06:45:56.616+0000] {dagbag.py:545} INFO - Filling up the DagBag from /home/airflow/.local/lib/python3.12/site-packages/airflow/example_dags/plugins/listener_plugin.py
[2026-05-09T06:45:56.620+0000] {processor.py:842} WARNING - No viable dags retrieved from /home/airflow/.local/lib/python3.12/site-packages/airflow/example_dags/plugins/listener_plugin.py
[2026-05-09T06:45:56.639+0000] {processor.py:183} INFO - Processing /home/airflow/.local/lib/python3.12/site-packages/airflow/example_dags/plugins/listener_plugin.py took 0.036 seconds
[2026-05-09T06:46:27.496+0000] {processor.py:161} INFO - Started process (PID=12902) to work on /home/airflow/.local/lib/python3.12/site-packages/airflow/example_dags/plugins/listener_plugin.py
[2026-05-09T06:46:27.497+0000] {processor.py:830} INFO - Processing file /home/airflow/.local/lib/python3.12/site-packages/airflow/example_dags/plugins/listener_plugin.py for tasks to queue
[2026-05-09T06:46:27.501+0000] {logging_mixin.py:188} INFO - [2026-05-09T06:46:27.500+0000] {dagbag.py:545} INFO - Filling up the DagBag from /home/airflow/.local/lib/python3.12/site-packages/airflow/example_dags/plugins/listener_plugin.py
[2026-05-09T06:46:27.505+0000] {processor.py:842} WARNING - No viable dags retrieved from /home/airflow/.local/lib/python3.12/site-packages/airflow/example_dags/plugins/listener_plugin.py
[2026-05-09T06:46:27.524+0000] {processor.py:183} INFO - Processing /home/airflow/.local/lib/python3.12/site-packages/airflow/example_dags/plugins/listener_plugin.py took 0.037 seconds
[2026-05-09T06:46:58.203+0000] {processor.py:161} INFO - Started process (PID=12962) to work on /home/airflow/.local/lib/python3.12/site-packages/airflow/example_dags/plugins/listener_plugin.py
[2026-05-09T06:46:58.205+0000] {processor.py:830} INFO - Processing file /home/airflow/.local/lib/python3.12/site-packages/airflow/example_dags/plugins/listener_plugin.py for tasks to queue
[2026-05-09T06:46:58.208+0000] {logging_mixin.py:188} INFO - [2026-05-09T06:46:58.207+0000] {dagbag.py:545} INFO - Filling up the DagBag from /home/airflow/.local/lib/python3.12/site-packages/airflow/example_dags/plugins/listener_plugin.py
[2026-05-09T06:46:58.211+0000] {processor.py:842} WARNING - No viable dags retrieved from /home/airflow/.local/lib/python3.12/site-packages/airflow/example_dags/plugins/listener_plugin.py
[2026-05-09T06:46:58.228+0000] {processor.py:183} INFO - Processing /home/airflow/.local/lib/python3.12/site-packages/airflow/example_dags/plugins/listener_plugin.py took 0.034 seconds
[2026-05-09T06:47:28.833+0000] {processor.py:161} INFO - Started process (PID=13022) to work on /home/airflow/.local/lib/python3.12/site-packages/airflow/example_dags/plugins/listener_plugin.py
[2026-05-09T06:47:28.835+0000] {processor.py:830} INFO - Processing file /home/airflow/.local/lib/python3.12/site-packages/airflow/example_dags/plugins/listener_plugin.py for tasks to queue
[2026-05-09T06:47:28.839+0000] {logging_mixin.py:188} INFO - [2026-05-09T06:47:28.839+0000] {dagbag.py:545} INFO - Filling up the DagBag from /home/airflow/.local/lib/python3.12/site-packages/airflow/example_dags/plugins/listener_plugin.py
[2026-05-09T06:47:28.845+0000] {processor.py:842} WARNING - No viable dags retrieved from /home/airflow/.local/lib/python3.12/site-packages/airflow/example_dags/plugins/listener_plugin.py
[2026-05-09T06:47:28.866+0000] {processor.py:183} INFO - Processing /home/airflow/.local/lib/python3.12/site-packages/airflow/example_dags/plugins/listener_plugin.py took 0.044 seconds
[2026-05-09T06:47:59.345+0000] {processor.py:161} INFO - Started process (PID=13082) to work on /home/airflow/.local/lib/python3.12/site-packages/airflow/example_dags/plugins/listener_plugin.py
[2026-05-09T06:47:59.347+0000] {processor.py:830} INFO - Processing file /home/airflow/.local/lib/python3.12/site-packages/airflow/example_dags/plugins/listener_plugin.py for tasks to queue
[2026-05-09T06:47:59.351+0000] {logging_mixin.py:188} INFO - [2026-05-09T06:47:59.350+0000] {dagbag.py:545} INFO - Filling up the DagBag from /home/airflow/.local/lib/python3.12/site-packages/airflow/example_dags/plugins/listener_plugin.py
[2026-05-09T06:47:59.356+0000] {processor.py:842} WARNING - No viable dags retrieved from /home/airflow/.local/lib/python3.12/site-packages/airflow/example_dags/plugins/listener_plugin.py
[2026-05-09T06:47:59.377+0000] {processor.py:183} INFO - Processing /home/airflow/.local/lib/python3.12/site-packages/airflow/example_dags/plugins/listener_plugin.py took 0.042 seconds
[2026-05-09T06:48:29.750+0000] {processor.py:161} INFO - Started process (PID=13142) to work on /home/airflow/.local/lib/python3.12/site-packages/airflow/example_dags/plugins/listener_plugin.py
[2026-05-09T06:48:29.752+0000] {processor.py:830} INFO - Processing file /home/airflow/.local/lib/python3.12/site-packages/airflow/example_dags/plugins/listener_plugin.py for tasks to queue
[2026-05-09T06:48:29.757+0000] {logging_mixin.py:188} INFO - [2026-05-09T06:48:29.756+0000] {dagbag.py:545} INFO - Filling up the DagBag from /home/airflow/.local/lib/python3.12/site-packages/airflow/example_dags/plugins/listener_plugin.py
[2026-05-09T06:48:29.761+0000] {processor.py:842} WARNING - No viable dags retrieved from /home/airflow/.local/lib/python3.12/site-packages/airflow/example_dags/plugins/listener_plugin.py
[2026-05-09T06:48:29.781+0000] {processor.py:183} INFO - Processing /home/airflow/.local/lib/python3.12/site-packages/airflow/example_dags/plugins/listener_plugin.py took 0.040 seconds
[2026-05-09T06:48:59.978+0000] {processor.py:161} INFO - Started process (PID=13202) to work on /home/airflow/.local/lib/python3.12/site-packages/airflow/example_dags/plugins/listener_plugin.py
[2026-05-09T06:48:59.980+0000] {processor.py:830} INFO - Processing file /home/airflow/.local/lib/python3.12/site-packages/airflow/example_dags/plugins/listener_plugin.py for tasks to queue
[2026-05-09T06:48:59.987+0000] {logging_mixin.py:188} INFO - [2026-05-09T06:48:59.987+0000] {dagbag.py:545} INFO - Filling up the DagBag from /home/airflow/.local/lib/python3.12/site-packages/airflow/example_dags/plugins/listener_plugin.py
[2026-05-09T06:48:59.991+0000] {processor.py:842} WARNING - No viable dags retrieved from /home/airflow/.local/lib/python3.12/site-packages/airflow/example_dags/plugins/listener_plugin.py
[2026-05-09T06:49:00.014+0000] {processor.py:183} INFO - Processing /home/airflow/.local/lib/python3.12/site-packages/airflow/example_dags/plugins/listener_plugin.py took 0.047 seconds
[2026-05-09T06:49:31.200+0000] {processor.py:161} INFO - Started process (PID=13263) to work on /home/airflow/.local/lib/python3.12/site-packages/airflow/example_dags/plugins/listener_plugin.py
[2026-05-09T06:49:31.204+0000] {processor.py:830} INFO - Processing file /home/airflow/.local/lib/python3.12/site-packages/airflow/example_dags/plugins/listener_plugin.py for tasks to queue
[2026-05-09T06:49:31.208+0000] {logging_mixin.py:188} INFO - [2026-05-09T06:49:31.208+0000] {dagbag.py:545} INFO - Filling up the DagBag from /home/airflow/.local/lib/python3.12/site-packages/airflow/example_dags/plugins/listener_plugin.py
[2026-05-09T06:49:31.216+0000] {processor.py:842} WARNING - No viable dags retrieved from /home/airflow/.local/lib/python3.12/site-packages/airflow/example_dags/plugins/listener_plugin.py
[2026-05-09T06:49:31.236+0000] {processor.py:183} INFO - Processing /home/airflow/.local/lib/python3.12/site-packages/airflow/example_dags/plugins/listener_plugin.py took 0.046 seconds
[2026-05-09T06:50:01.943+0000] {processor.py:161} INFO - Started process (PID=13323) to work on /home/airflow/.local/lib/python3.12/site-packages/airflow/example_dags/plugins/listener_plugin.py
[2026-05-09T06:50:01.945+0000] {processor.py:830} INFO - Processing file /home/airflow/.local/lib/python3.12/site-packages/airflow/example_dags/plugins/listener_plugin.py for tasks to queue
[2026-05-09T06:50:01.949+0000] {logging_mixin.py:188} INFO - [2026-05-09T06:50:01.949+0000] {dagbag.py:545} INFO - Filling up the DagBag from /home/airflow/.local/lib/python3.12/site-packages/airflow/example_dags/plugins/listener_plugin.py
[2026-05-09T06:50:01.954+0000] {processor.py:842} WARNING - No viable dags retrieved from /home/airflow/.local/lib/python3.12/site-packages/airflow/example_dags/plugins/listener_plugin.py
[2026-05-09T06:50:01.977+0000] {processor.py:183} INFO - Processing /home/airflow/.local/lib/python3.12/site-packages/airflow/example_dags/plugins/listener_plugin.py took 0.043 seconds
[2026-05-09T06:50:32.450+0000] {processor.py:161} INFO - Started process (PID=13389) to work on /home/airflow/.local/lib/python3.12/site-packages/airflow/example_dags/plugins/listener_plugin.py
[2026-05-09T06:50:32.452+0000] {processor.py:830} INFO - Processing file /home/airflow/.local/lib/python3.12/site-packages/airflow/example_dags/plugins/listener_plugin.py for tasks to queue
[2026-05-09T06:50:32.456+0000] {logging_mixin.py:188} INFO - [2026-05-09T06:50:32.455+0000] {dagbag.py:545} INFO - Filling up the DagBag from /home/airflow/.local/lib/python3.12/site-packages/airflow/example_dags/plugins/listener_plugin.py
[2026-05-09T06:50:32.460+0000] {processor.py:842} WARNING - No viable dags retrieved from /home/airflow/.local/lib/python3.12/site-packages/airflow/example_dags/plugins/listener_plugin.py
[2026-05-09T06:50:32.480+0000] {processor.py:183} INFO - Processing /home/airflow/.local/lib/python3.12/site-packages/airflow/example_dags/plugins/listener_plugin.py took 0.038 seconds
[2026-05-09T06:51:02.984+0000] {processor.py:161} INFO - Started process (PID=13449) to work on /home/airflow/.local/lib/python3.12/site-packages/airflow/example_dags/plugins/listener_plugin.py
[2026-05-09T06:51:02.986+0000] {processor.py:830} INFO - Processing file /home/airflow/.local/lib/python3.12/site-packages/airflow/example_dags/plugins/listener_plugin.py for tasks to queue
[2026-05-09T06:51:02.989+0000] {logging_mixin.py:188} INFO - [2026-05-09T06:51:02.989+0000] {dagbag.py:545} INFO - Filling up the DagBag from /home/airflow/.local/lib/python3.12/site-packages/airflow/example_dags/plugins/listener_plugin.py
[2026-05-09T06:51:02.993+0000] {processor.py:842} WARNING - No viable dags retrieved from /home/airflow/.local/lib/python3.12/site-packages/airflow/example_dags/plugins/listener_plugin.py
[2026-05-09T06:51:03.015+0000] {processor.py:183} INFO - Processing /home/airflow/.local/lib/python3.12/site-packages/airflow/example_dags/plugins/listener_plugin.py took 0.039 seconds
[2026-05-09T06:51:33.421+0000] {processor.py:161} INFO - Started process (PID=13509) to work on /home/airflow/.local/lib/python3.12/site-packages/airflow/example_dags/plugins/listener_plugin.py
[2026-05-09T06:51:33.423+0000] {processor.py:830} INFO - Processing file /home/airflow/.local/lib/python3.12/site-packages/airflow/example_dags/plugins/listener_plugin.py for tasks to queue
[2026-05-09T06:51:33.427+0000] {logging_mixin.py:188} INFO - [2026-05-09T06:51:33.426+0000] {dagbag.py:545} INFO - Filling up the DagBag from /home/airflow/.local/lib/python3.12/site-packages/airflow/example_dags/plugins/listener_plugin.py
[2026-05-09T06:51:33.431+0000] {processor.py:842} WARNING - No viable dags retrieved from /home/airflow/.local/lib/python3.12/site-packages/airflow/example_dags/plugins/listener_plugin.py
[2026-05-09T06:51:33.452+0000] {processor.py:183} INFO - Processing /home/airflow/.local/lib/python3.12/site-packages/airflow/example_dags/plugins/listener_plugin.py took 0.042 seconds
[2026-05-09T06:52:04.300+0000] {processor.py:161} INFO - Started process (PID=13569) to work on /home/airflow/.local/lib/python3.12/site-packages/airflow/example_dags/plugins/listener_plugin.py
[2026-05-09T06:52:04.302+0000] {processor.py:830} INFO - Processing file /home/airflow/.local/lib/python3.12/site-packages/airflow/example_dags/plugins/listener_plugin.py for tasks to queue
[2026-05-09T06:52:04.305+0000] {logging_mixin.py:188} INFO - [2026-05-09T06:52:04.305+0000] {dagbag.py:545} INFO - Filling up the DagBag from /home/airflow/.local/lib/python3.12/site-packages/airflow/example_dags/plugins/listener_plugin.py
[2026-05-09T06:52:04.309+0000] {processor.py:842} WARNING - No viable dags retrieved from /home/airflow/.local/lib/python3.12/site-packages/airflow/example_dags/plugins/listener_plugin.py
[2026-05-09T06:52:04.327+0000] {processor.py:183} INFO - Processing /home/airflow/.local/lib/python3.12/site-packages/airflow/example_dags/plugins/listener_plugin.py took 0.035 seconds
[2026-05-09T06:52:34.541+0000] {processor.py:161} INFO - Started process (PID=13629) to work on /home/airflow/.local/lib/python3.12/site-packages/airflow/example_dags/plugins/listener_plugin.py
[2026-05-09T06:52:34.543+0000] {processor.py:830} INFO - Processing file /home/airflow/.local/lib/python3.12/site-packages/airflow/example_dags/plugins/listener_plugin.py for tasks to queue
[2026-05-09T06:52:34.546+0000] {logging_mixin.py:188} INFO - [2026-05-09T06:52:34.546+0000] {dagbag.py:545} INFO - Filling up the DagBag from /home/airflow/.local/lib/python3.12/site-packages/airflow/example_dags/plugins/listener_plugin.py
[2026-05-09T06:52:34.551+0000] {processor.py:842} WARNING - No viable dags retrieved from /home/airflow/.local/lib/python3.12/site-packages/airflow/example_dags/plugins/listener_plugin.py
[2026-05-09T06:52:34.573+0000] {processor.py:183} INFO - Processing /home/airflow/.local/lib/python3.12/site-packages/airflow/example_dags/plugins/listener_plugin.py took 0.042 seconds
[2026-05-09T06:53:04.936+0000] {processor.py:161} INFO - Started process (PID=13688) to work on /home/airflow/.local/lib/python3.12/site-packages/airflow/example_dags/plugins/listener_plugin.py
[2026-05-09T06:53:04.938+0000] {processor.py:830} INFO - Processing file /home/airflow/.local/lib/python3.12/site-packages/airflow/example_dags/plugins/listener_plugin.py for tasks to queue
[2026-05-09T06:53:04.942+0000] {logging_mixin.py:188} INFO - [2026-05-09T06:53:04.941+0000] {dagbag.py:545} INFO - Filling up the DagBag from /home/airflow/.local/lib/python3.12/site-packages/airflow/example_dags/plugins/listener_plugin.py
[2026-05-09T06:53:04.947+0000] {processor.py:842} WARNING - No viable dags retrieved from /home/airflow/.local/lib/python3.12/site-packages/airflow/example_dags/plugins/listener_plugin.py
[2026-05-09T06:53:04.972+0000] {processor.py:183} INFO - Processing /home/airflow/.local/lib/python3.12/site-packages/airflow/example_dags/plugins/listener_plugin.py took 0.045 seconds
[2026-05-09T06:53:35.532+0000] {processor.py:161} INFO - Started process (PID=13748) to work on /home/airflow/.local/lib/python3.12/site-packages/airflow/example_dags/plugins/listener_plugin.py
[2026-05-09T06:53:35.535+0000] {processor.py:830} INFO - Processing file /home/airflow/.local/lib/python3.12/site-packages/airflow/example_dags/plugins/listener_plugin.py for tasks to queue
[2026-05-09T06:53:35.541+0000] {logging_mixin.py:188} INFO - [2026-05-09T06:53:35.541+0000] {dagbag.py:545} INFO - Filling up the DagBag from /home/airflow/.local/lib/python3.12/site-packages/airflow/example_dags/plugins/listener_plugin.py
[2026-05-09T06:53:35.547+0000] {processor.py:842} WARNING - No viable dags retrieved from /home/airflow/.local/lib/python3.12/site-packages/airflow/example_dags/plugins/listener_plugin.py
[2026-05-09T06:53:35.567+0000] {processor.py:183} INFO - Processing /home/airflow/.local/lib/python3.12/site-packages/airflow/example_dags/plugins/listener_plugin.py took 0.051 seconds
[2026-05-09T06:54:06.090+0000] {processor.py:161} INFO - Started process (PID=13808) to work on /home/airflow/.local/lib/python3.12/site-packages/airflow/example_dags/plugins/listener_plugin.py
[2026-05-09T06:54:06.092+0000] {processor.py:830} INFO - Processing file /home/airflow/.local/lib/python3.12/site-packages/airflow/example_dags/plugins/listener_plugin.py for tasks to queue
[2026-05-09T06:54:06.095+0000] {logging_mixin.py:188} INFO - [2026-05-09T06:54:06.095+0000] {dagbag.py:545} INFO - Filling up the DagBag from /home/airflow/.local/lib/python3.12/site-packages/airflow/example_dags/plugins/listener_plugin.py
[2026-05-09T06:54:06.099+0000] {processor.py:842} WARNING - No viable dags retrieved from /home/airflow/.local/lib/python3.12/site-packages/airflow/example_dags/plugins/listener_plugin.py
[2026-05-09T06:54:06.120+0000] {processor.py:183} INFO - Processing /home/airflow/.local/lib/python3.12/site-packages/airflow/example_dags/plugins/listener_plugin.py took 0.038 seconds
[2026-05-09T06:54:36.924+0000] {processor.py:161} INFO - Started process (PID=13868) to work on /home/airflow/.local/lib/python3.12/site-packages/airflow/example_dags/plugins/listener_plugin.py
[2026-05-09T06:54:36.926+0000] {processor.py:830} INFO - Processing file /home/airflow/.local/lib/python3.12/site-packages/airflow/example_dags/plugins/listener_plugin.py for tasks to queue
[2026-05-09T06:54:36.931+0000] {logging_mixin.py:188} INFO - [2026-05-09T06:54:36.930+0000] {dagbag.py:545} INFO - Filling up the DagBag from /home/airflow/.local/lib/python3.12/site-packages/airflow/example_dags/plugins/listener_plugin.py
[2026-05-09T06:54:36.937+0000] {processor.py:842} WARNING - No viable dags retrieved from /home/airflow/.local/lib/python3.12/site-packages/airflow/example_dags/plugins/listener_plugin.py
[2026-05-09T06:54:36.960+0000] {processor.py:183} INFO - Processing /home/airflow/.local/lib/python3.12/site-packages/airflow/example_dags/plugins/listener_plugin.py took 0.044 seconds
[2026-05-09T06:55:07.261+0000] {processor.py:161} INFO - Started process (PID=13928) to work on /home/airflow/.local/lib/python3.12/site-packages/airflow/example_dags/plugins/listener_plugin.py
[2026-05-09T06:55:07.263+0000] {processor.py:830} INFO - Processing file /home/airflow/.local/lib/python3.12/site-packages/airflow/example_dags/plugins/listener_plugin.py for tasks to queue
[2026-05-09T06:55:07.266+0000] {logging_mixin.py:188} INFO - [2026-05-09T06:55:07.266+0000] {dagbag.py:545} INFO - Filling up the DagBag from /home/airflow/.local/lib/python3.12/site-packages/airflow/example_dags/plugins/listener_plugin.py
[2026-05-09T06:55:07.271+0000] {processor.py:842} WARNING - No viable dags retrieved from /home/airflow/.local/lib/python3.12/site-packages/airflow/example_dags/plugins/listener_plugin.py
[2026-05-09T06:55:07.292+0000] {processor.py:183} INFO - Processing /home/airflow/.local/lib/python3.12/site-packages/airflow/example_dags/plugins/listener_plugin.py took 0.039 seconds
[2026-05-09T06:55:37.570+0000] {processor.py:161} INFO - Started process (PID=13988) to work on /home/airflow/.local/lib/python3.12/site-packages/airflow/example_dags/plugins/listener_plugin.py
[2026-05-09T06:55:37.573+0000] {processor.py:830} INFO - Processing file /home/airflow/.local/lib/python3.12/site-packages/airflow/example_dags/plugins/listener_plugin.py for tasks to queue
[2026-05-09T06:55:37.577+0000] {logging_mixin.py:188} INFO - [2026-05-09T06:55:37.577+0000] {dagbag.py:545} INFO - Filling up the DagBag from /home/airflow/.local/lib/python3.12/site-packages/airflow/example_dags/plugins/listener_plugin.py
[2026-05-09T06:55:37.583+0000] {processor.py:842} WARNING - No viable dags retrieved from /home/airflow/.local/lib/python3.12/site-packages/airflow/example_dags/plugins/listener_plugin.py
[2026-05-09T06:55:37.616+0000] {processor.py:183} INFO - Processing /home/airflow/.local/lib/python3.12/site-packages/airflow/example_dags/plugins/listener_plugin.py took 0.053 seconds
[2026-05-09T06:56:08.067+0000] {processor.py:161} INFO - Started process (PID=14049) to work on /home/airflow/.local/lib/python3.12/site-packages/airflow/example_dags/plugins/listener_plugin.py
[2026-05-09T06:56:08.068+0000] {processor.py:830} INFO - Processing file /home/airflow/.local/lib/python3.12/site-packages/airflow/example_dags/plugins/listener_plugin.py for tasks to queue
[2026-05-09T06:56:08.072+0000] {logging_mixin.py:188} INFO - [2026-05-09T06:56:08.071+0000] {dagbag.py:545} INFO - Filling up the DagBag from /home/airflow/.local/lib/python3.12/site-packages/airflow/example_dags/plugins/listener_plugin.py
[2026-05-09T06:56:08.076+0000] {processor.py:842} WARNING - No viable dags retrieved from /home/airflow/.local/lib/python3.12/site-packages/airflow/example_dags/plugins/listener_plugin.py
[2026-05-09T06:56:08.097+0000] {processor.py:183} INFO - Processing /home/airflow/.local/lib/python3.12/site-packages/airflow/example_dags/plugins/listener_plugin.py took 0.038 seconds
[2026-05-09T06:56:38.440+0000] {processor.py:161} INFO - Started process (PID=14109) to work on /home/airflow/.local/lib/python3.12/site-packages/airflow/example_dags/plugins/listener_plugin.py
[2026-05-09T06:56:38.442+0000] {processor.py:830} INFO - Processing file /home/airflow/.local/lib/python3.12/site-packages/airflow/example_dags/plugins/listener_plugin.py for tasks to queue
[2026-05-09T06:56:38.445+0000] {logging_mixin.py:188} INFO - [2026-05-09T06:56:38.445+0000] {dagbag.py:545} INFO - Filling up the DagBag from /home/airflow/.local/lib/python3.12/site-packages/airflow/example_dags/plugins/listener_plugin.py
[2026-05-09T06:56:38.450+0000] {processor.py:842} WARNING - No viable dags retrieved from /home/airflow/.local/lib/python3.12/site-packages/airflow/example_dags/plugins/listener_plugin.py
[2026-05-09T06:56:38.469+0000] {processor.py:183} INFO - Processing /home/airflow/.local/lib/python3.12/site-packages/airflow/example_dags/plugins/listener_plugin.py took 0.037 seconds
[2026-05-09T07:43:35.269+0000] {processor.py:161} INFO - Started process (PID=14170) to work on /home/airflow/.local/lib/python3.12/site-packages/airflow/example_dags/plugins/listener_plugin.py
[2026-05-09T07:43:35.280+0000] {processor.py:830} INFO - Processing file /home/airflow/.local/lib/python3.12/site-packages/airflow/example_dags/plugins/listener_plugin.py for tasks to queue
[2026-05-09T07:43:35.292+0000] {logging_mixin.py:188} INFO - [2026-05-09T07:43:35.291+0000] {dagbag.py:545} INFO - Filling up the DagBag from /home/airflow/.local/lib/python3.12/site-packages/airflow/example_dags/plugins/listener_plugin.py
[2026-05-09T07:43:35.306+0000] {processor.py:842} WARNING - No viable dags retrieved from /home/airflow/.local/lib/python3.12/site-packages/airflow/example_dags/plugins/listener_plugin.py
[2026-05-09T07:43:35.328+0000] {processor.py:183} INFO - Processing /home/airflow/.local/lib/python3.12/site-packages/airflow/example_dags/plugins/listener_plugin.py took 0.066 seconds
[2026-05-09T07:44:05.630+0000] {processor.py:161} INFO - Started process (PID=14230) to work on /home/airflow/.local/lib/python3.12/site-packages/airflow/example_dags/plugins/listener_plugin.py
[2026-05-09T07:44:05.634+0000] {processor.py:830} INFO - Processing file /home/airflow/.local/lib/python3.12/site-packages/airflow/example_dags/plugins/listener_plugin.py for tasks to queue
[2026-05-09T07:44:05.636+0000] {logging_mixin.py:188} INFO - [2026-05-09T07:44:05.636+0000] {dagbag.py:545} INFO - Filling up the DagBag from /home/airflow/.local/lib/python3.12/site-packages/airflow/example_dags/plugins/listener_plugin.py
[2026-05-09T07:44:05.640+0000] {processor.py:842} WARNING - No viable dags retrieved from /home/airflow/.local/lib/python3.12/site-packages/airflow/example_dags/plugins/listener_plugin.py
[2026-05-09T07:44:05.652+0000] {processor.py:183} INFO - Processing /home/airflow/.local/lib/python3.12/site-packages/airflow/example_dags/plugins/listener_plugin.py took 0.026 seconds
[2026-05-09T07:44:36.426+0000] {processor.py:161} INFO - Started process (PID=14290) to work on /home/airflow/.local/lib/python3.12/site-packages/airflow/example_dags/plugins/listener_plugin.py
[2026-05-09T07:44:36.433+0000] {processor.py:830} INFO - Processing file /home/airflow/.local/lib/python3.12/site-packages/airflow/example_dags/plugins/listener_plugin.py for tasks to queue
[2026-05-09T07:44:36.440+0000] {logging_mixin.py:188} INFO - [2026-05-09T07:44:36.440+0000] {dagbag.py:545} INFO - Filling up the DagBag from /home/airflow/.local/lib/python3.12/site-packages/airflow/example_dags/plugins/listener_plugin.py
[2026-05-09T07:44:36.452+0000] {processor.py:842} WARNING - No viable dags retrieved from /home/airflow/.local/lib/python3.12/site-packages/airflow/example_dags/plugins/listener_plugin.py
[2026-05-09T07:44:36.475+0000] {processor.py:183} INFO - Processing /home/airflow/.local/lib/python3.12/site-packages/airflow/example_dags/plugins/listener_plugin.py took 0.054 seconds
[2026-05-09T07:45:07.209+0000] {processor.py:161} INFO - Started process (PID=14350) to work on /home/airflow/.local/lib/python3.12/site-packages/airflow/example_dags/plugins/listener_plugin.py
[2026-05-09T07:45:07.210+0000] {processor.py:830} INFO - Processing file /home/airflow/.local/lib/python3.12/site-packages/airflow/example_dags/plugins/listener_plugin.py for tasks to queue
[2026-05-09T07:45:07.212+0000] {logging_mixin.py:188} INFO - [2026-05-09T07:45:07.212+0000] {dagbag.py:545} INFO - Filling up the DagBag from /home/airflow/.local/lib/python3.12/site-packages/airflow/example_dags/plugins/listener_plugin.py
[2026-05-09T07:45:07.215+0000] {processor.py:842} WARNING - No viable dags retrieved from /home/airflow/.local/lib/python3.12/site-packages/airflow/example_dags/plugins/listener_plugin.py
[2026-05-09T07:45:07.229+0000] {processor.py:183} INFO - Processing /home/airflow/.local/lib/python3.12/site-packages/airflow/example_dags/plugins/listener_plugin.py took 0.026 seconds
[2026-05-09T07:45:37.368+0000] {processor.py:161} INFO - Started process (PID=14410) to work on /home/airflow/.local/lib/python3.12/site-packages/airflow/example_dags/plugins/listener_plugin.py
[2026-05-09T07:45:37.369+0000] {processor.py:830} INFO - Processing file /home/airflow/.local/lib/python3.12/site-packages/airflow/example_dags/plugins/listener_plugin.py for tasks to queue
[2026-05-09T07:45:37.371+0000] {logging_mixin.py:188} INFO - [2026-05-09T07:45:37.371+0000] {dagbag.py:545} INFO - Filling up the DagBag from /home/airflow/.local/lib/python3.12/site-packages/airflow/example_dags/plugins/listener_plugin.py
[2026-05-09T07:45:37.373+0000] {processor.py:842} WARNING - No viable dags retrieved from /home/airflow/.local/lib/python3.12/site-packages/airflow/example_dags/plugins/listener_plugin.py
[2026-05-09T07:45:37.384+0000] {processor.py:183} INFO - Processing /home/airflow/.local/lib/python3.12/site-packages/airflow/example_dags/plugins/listener_plugin.py took 0.021 seconds
[2026-05-09T07:46:07.659+0000] {processor.py:161} INFO - Started process (PID=14470) to work on /home/airflow/.local/lib/python3.12/site-packages/airflow/example_dags/plugins/listener_plugin.py
[2026-05-09T07:46:07.661+0000] {processor.py:830} INFO - Processing file /home/airflow/.local/lib/python3.12/site-packages/airflow/example_dags/plugins/listener_plugin.py for tasks to queue
[2026-05-09T07:46:07.663+0000] {logging_mixin.py:188} INFO - [2026-05-09T07:46:07.663+0000] {dagbag.py:545} INFO - Filling up the DagBag from /home/airflow/.local/lib/python3.12/site-packages/airflow/example_dags/plugins/listener_plugin.py
[2026-05-09T07:46:07.666+0000] {processor.py:842} WARNING - No viable dags retrieved from /home/airflow/.local/lib/python3.12/site-packages/airflow/example_dags/plugins/listener_plugin.py
[2026-05-09T07:46:07.676+0000] {processor.py:183} INFO - Processing /home/airflow/.local/lib/python3.12/site-packages/airflow/example_dags/plugins/listener_plugin.py took 0.021 seconds
[2026-05-09T07:46:38.113+0000] {processor.py:161} INFO - Started process (PID=14530) to work on /home/airflow/.local/lib/python3.12/site-packages/airflow/example_dags/plugins/listener_plugin.py
[2026-05-09T07:46:38.114+0000] {processor.py:830} INFO - Processing file /home/airflow/.local/lib/python3.12/site-packages/airflow/example_dags/plugins/listener_plugin.py for tasks to queue
[2026-05-09T07:46:38.116+0000] {logging_mixin.py:188} INFO - [2026-05-09T07:46:38.116+0000] {dagbag.py:545} INFO - Filling up the DagBag from /home/airflow/.local/lib/python3.12/site-packages/airflow/example_dags/plugins/listener_plugin.py
[2026-05-09T07:46:38.118+0000] {processor.py:842} WARNING - No viable dags retrieved from /home/airflow/.local/lib/python3.12/site-packages/airflow/example_dags/plugins/listener_plugin.py
[2026-05-09T07:46:38.132+0000] {processor.py:183} INFO - Processing /home/airflow/.local/lib/python3.12/site-packages/airflow/example_dags/plugins/listener_plugin.py took 0.023 seconds
[2026-05-09T07:47:08.473+0000] {processor.py:161} INFO - Started process (PID=14590) to work on /home/airflow/.local/lib/python3.12/site-packages/airflow/example_dags/plugins/listener_plugin.py
[2026-05-09T07:47:08.474+0000] {processor.py:830} INFO - Processing file /home/airflow/.local/lib/python3.12/site-packages/airflow/example_dags/plugins/listener_plugin.py for tasks to queue
[2026-05-09T07:47:08.476+0000] {logging_mixin.py:188} INFO - [2026-05-09T07:47:08.476+0000] {dagbag.py:545} INFO - Filling up the DagBag from /home/airflow/.local/lib/python3.12/site-packages/airflow/example_dags/plugins/listener_plugin.py
[2026-05-09T07:47:08.479+0000] {processor.py:842} WARNING - No viable dags retrieved from /home/airflow/.local/lib/python3.12/site-packages/airflow/example_dags/plugins/listener_plugin.py
[2026-05-09T07:47:08.490+0000] {processor.py:183} INFO - Processing /home/airflow/.local/lib/python3.12/site-packages/airflow/example_dags/plugins/listener_plugin.py took 0.022 seconds
[2026-05-09T07:47:38.985+0000] {processor.py:161} INFO - Started process (PID=14650) to work on /home/airflow/.local/lib/python3.12/site-packages/airflow/example_dags/plugins/listener_plugin.py
[2026-05-09T07:47:38.986+0000] {processor.py:830} INFO - Processing file /home/airflow/.local/lib/python3.12/site-packages/airflow/example_dags/plugins/listener_plugin.py for tasks to queue
[2026-05-09T07:47:38.988+0000] {logging_mixin.py:188} INFO - [2026-05-09T07:47:38.988+0000] {dagbag.py:545} INFO - Filling up the DagBag from /home/airflow/.local/lib/python3.12/site-packages/airflow/example_dags/plugins/listener_plugin.py
[2026-05-09T07:47:38.991+0000] {processor.py:842} WARNING - No viable dags retrieved from /home/airflow/.local/lib/python3.12/site-packages/airflow/example_dags/plugins/listener_plugin.py
[2026-05-09T07:47:39.001+0000] {processor.py:183} INFO - Processing /home/airflow/.local/lib/python3.12/site-packages/airflow/example_dags/plugins/listener_plugin.py took 0.020 seconds
[2026-05-09T07:48:09.497+0000] {processor.py:161} INFO - Started process (PID=14710) to work on /home/airflow/.local/lib/python3.12/site-packages/airflow/example_dags/plugins/listener_plugin.py
[2026-05-09T07:48:09.498+0000] {processor.py:830} INFO - Processing file /home/airflow/.local/lib/python3.12/site-packages/airflow/example_dags/plugins/listener_plugin.py for tasks to queue
[2026-05-09T07:48:09.500+0000] {logging_mixin.py:188} INFO - [2026-05-09T07:48:09.500+0000] {dagbag.py:545} INFO - Filling up the DagBag from /home/airflow/.local/lib/python3.12/site-packages/airflow/example_dags/plugins/listener_plugin.py
[2026-05-09T07:48:09.504+0000] {processor.py:842} WARNING - No viable dags retrieved from /home/airflow/.local/lib/python3.12/site-packages/airflow/example_dags/plugins/listener_plugin.py
[2026-05-09T07:48:09.515+0000] {processor.py:183} INFO - Processing /home/airflow/.local/lib/python3.12/site-packages/airflow/example_dags/plugins/listener_plugin.py took 0.023 seconds
[2026-05-09T07:48:40.152+0000] {processor.py:161} INFO - Started process (PID=14770) to work on /home/airflow/.local/lib/python3.12/site-packages/airflow/example_dags/plugins/listener_plugin.py
[2026-05-09T07:48:40.154+0000] {processor.py:830} INFO - Processing file /home/airflow/.local/lib/python3.12/site-packages/airflow/example_dags/plugins/listener_plugin.py for tasks to queue
[2026-05-09T07:48:40.156+0000] {logging_mixin.py:188} INFO - [2026-05-09T07:48:40.156+0000] {dagbag.py:545} INFO - Filling up the DagBag from /home/airflow/.local/lib/python3.12/site-packages/airflow/example_dags/plugins/listener_plugin.py
[2026-05-09T07:48:40.159+0000] {processor.py:842} WARNING - No viable dags retrieved from /home/airflow/.local/lib/python3.12/site-packages/airflow/example_dags/plugins/listener_plugin.py
[2026-05-09T07:48:40.172+0000] {processor.py:183} INFO - Processing /home/airflow/.local/lib/python3.12/site-packages/airflow/example_dags/plugins/listener_plugin.py took 0.024 seconds
[2026-05-09T07:49:10.378+0000] {processor.py:161} INFO - Started process (PID=14830) to work on /home/airflow/.local/lib/python3.12/site-packages/airflow/example_dags/plugins/listener_plugin.py
[2026-05-09T07:49:10.380+0000] {processor.py:830} INFO - Processing file /home/airflow/.local/lib/python3.12/site-packages/airflow/example_dags/plugins/listener_plugin.py for tasks to queue
[2026-05-09T07:49:10.384+0000] {logging_mixin.py:188} INFO - [2026-05-09T07:49:10.384+0000] {dagbag.py:545} INFO - Filling up the DagBag from /home/airflow/.local/lib/python3.12/site-packages/airflow/example_dags/plugins/listener_plugin.py
[2026-05-09T07:49:10.387+0000] {processor.py:842} WARNING - No viable dags retrieved from /home/airflow/.local/lib/python3.12/site-packages/airflow/example_dags/plugins/listener_plugin.py
[2026-05-09T07:49:10.401+0000] {processor.py:183} INFO - Processing /home/airflow/.local/lib/python3.12/site-packages/airflow/example_dags/plugins/listener_plugin.py took 0.027 seconds
[2026-05-09T07:49:40.460+0000] {processor.py:161} INFO - Started process (PID=14890) to work on /home/airflow/.local/lib/python3.12/site-packages/airflow/example_dags/plugins/listener_plugin.py
[2026-05-09T07:49:40.461+0000] {processor.py:830} INFO - Processing file /home/airflow/.local/lib/python3.12/site-packages/airflow/example_dags/plugins/listener_plugin.py for tasks to queue
[2026-05-09T07:49:40.463+0000] {logging_mixin.py:188} INFO - [2026-05-09T07:49:40.463+0000] {dagbag.py:545} INFO - Filling up the DagBag from /home/airflow/.local/lib/python3.12/site-packages/airflow/example_dags/plugins/listener_plugin.py
[2026-05-09T07:49:40.466+0000] {processor.py:842} WARNING - No viable dags retrieved from /home/airflow/.local/lib/python3.12/site-packages/airflow/example_dags/plugins/listener_plugin.py
[2026-05-09T07:49:40.478+0000] {processor.py:183} INFO - Processing /home/airflow/.local/lib/python3.12/site-packages/airflow/example_dags/plugins/listener_plugin.py took 0.023 seconds
[2026-05-09T07:50:10.634+0000] {processor.py:161} INFO - Started process (PID=14950) to work on /home/airflow/.local/lib/python3.12/site-packages/airflow/example_dags/plugins/listener_plugin.py
[2026-05-09T07:50:10.636+0000] {processor.py:830} INFO - Processing file /home/airflow/.local/lib/python3.12/site-packages/airflow/example_dags/plugins/listener_plugin.py for tasks to queue
[2026-05-09T07:50:10.638+0000] {logging_mixin.py:188} INFO - [2026-05-09T07:50:10.638+0000] {dagbag.py:545} INFO - Filling up the DagBag from /home/airflow/.local/lib/python3.12/site-packages/airflow/example_dags/plugins/listener_plugin.py
[2026-05-09T07:50:10.642+0000] {processor.py:842} WARNING - No viable dags retrieved from /home/airflow/.local/lib/python3.12/site-packages/airflow/example_dags/plugins/listener_plugin.py
[2026-05-09T07:50:10.655+0000] {processor.py:183} INFO - Processing /home/airflow/.local/lib/python3.12/site-packages/airflow/example_dags/plugins/listener_plugin.py took 0.026 seconds
[2026-05-09T07:50:40.818+0000] {processor.py:161} INFO - Started process (PID=15010) to work on /home/airflow/.local/lib/python3.12/site-packages/airflow/example_dags/plugins/listener_plugin.py
[2026-05-09T07:50:40.820+0000] {processor.py:830} INFO - Processing file /home/airflow/.local/lib/python3.12/site-packages/airflow/example_dags/plugins/listener_plugin.py for tasks to queue
[2026-05-09T07:50:40.821+0000] {logging_mixin.py:188} INFO - [2026-05-09T07:50:40.821+0000] {dagbag.py:545} INFO - Filling up the DagBag from /home/airflow/.local/lib/python3.12/site-packages/airflow/example_dags/plugins/listener_plugin.py
[2026-05-09T07:50:40.824+0000] {processor.py:842} WARNING - No viable dags retrieved from /home/airflow/.local/lib/python3.12/site-packages/airflow/example_dags/plugins/listener_plugin.py
[2026-05-09T07:50:40.835+0000] {processor.py:183} INFO - Processing /home/airflow/.local/lib/python3.12/site-packages/airflow/example_dags/plugins/listener_plugin.py took 0.022 seconds
[2026-05-09T07:51:11.418+0000] {processor.py:161} INFO - Started process (PID=15070) to work on /home/airflow/.local/lib/python3.12/site-packages/airflow/example_dags/plugins/listener_plugin.py
[2026-05-09T07:51:11.420+0000] {processor.py:830} INFO - Processing file /home/airflow/.local/lib/python3.12/site-packages/airflow/example_dags/plugins/listener_plugin.py for tasks to queue
[2026-05-09T07:51:11.422+0000] {logging_mixin.py:188} INFO - [2026-05-09T07:51:11.422+0000] {dagbag.py:545} INFO - Filling up the DagBag from /home/airflow/.local/lib/python3.12/site-packages/airflow/example_dags/plugins/listener_plugin.py
[2026-05-09T07:51:11.427+0000] {processor.py:842} WARNING - No viable dags retrieved from /home/airflow/.local/lib/python3.12/site-packages/airflow/example_dags/plugins/listener_plugin.py
[2026-05-09T07:51:11.439+0000] {processor.py:183} INFO - Processing /home/airflow/.local/lib/python3.12/site-packages/airflow/example_dags/plugins/listener_plugin.py took 0.025 seconds
[2026-05-09T07:51:41.500+0000] {processor.py:161} INFO - Started process (PID=15130) to work on /home/airflow/.local/lib/python3.12/site-packages/airflow/example_dags/plugins/listener_plugin.py
[2026-05-09T07:51:41.501+0000] {processor.py:830} INFO - Processing file /home/airflow/.local/lib/python3.12/site-packages/airflow/example_dags/plugins/listener_plugin.py for tasks to queue
[2026-05-09T07:51:41.503+0000] {logging_mixin.py:188} INFO - [2026-05-09T07:51:41.503+0000] {dagbag.py:545} INFO - Filling up the DagBag from /home/airflow/.local/lib/python3.12/site-packages/airflow/example_dags/plugins/listener_plugin.py
[2026-05-09T07:51:41.506+0000] {processor.py:842} WARNING - No viable dags retrieved from /home/airflow/.local/lib/python3.12/site-packages/airflow/example_dags/plugins/listener_plugin.py
[2026-05-09T07:51:41.517+0000] {processor.py:183} INFO - Processing /home/airflow/.local/lib/python3.12/site-packages/airflow/example_dags/plugins/listener_plugin.py took 0.022 seconds
[2026-05-09T07:52:12.057+0000] {processor.py:161} INFO - Started process (PID=15190) to work on /home/airflow/.local/lib/python3.12/site-packages/airflow/example_dags/plugins/listener_plugin.py
[2026-05-09T07:52:12.059+0000] {processor.py:830} INFO - Processing file /home/airflow/.local/lib/python3.12/site-packages/airflow/example_dags/plugins/listener_plugin.py for tasks to queue
[2026-05-09T07:52:12.061+0000] {logging_mixin.py:188} INFO - [2026-05-09T07:52:12.060+0000] {dagbag.py:545} INFO - Filling up the DagBag from /home/airflow/.local/lib/python3.12/site-packages/airflow/example_dags/plugins/listener_plugin.py
[2026-05-09T07:52:12.063+0000] {processor.py:842} WARNING - No viable dags retrieved from /home/airflow/.local/lib/python3.12/site-packages/airflow/example_dags/plugins/listener_plugin.py
[2026-05-09T07:52:12.075+0000] {processor.py:183} INFO - Processing /home/airflow/.local/lib/python3.12/site-packages/airflow/example_dags/plugins/listener_plugin.py took 0.023 seconds
[2026-05-09T07:52:42.475+0000] {processor.py:161} INFO - Started process (PID=15250) to work on /home/airflow/.local/lib/python3.12/site-packages/airflow/example_dags/plugins/listener_plugin.py
[2026-05-09T07:52:42.477+0000] {processor.py:830} INFO - Processing file /home/airflow/.local/lib/python3.12/site-packages/airflow/example_dags/plugins/listener_plugin.py for tasks to queue
[2026-05-09T07:52:42.479+0000] {logging_mixin.py:188} INFO - [2026-05-09T07:52:42.478+0000] {dagbag.py:545} INFO - Filling up the DagBag from /home/airflow/.local/lib/python3.12/site-packages/airflow/example_dags/plugins/listener_plugin.py
[2026-05-09T07:52:42.481+0000] {processor.py:842} WARNING - No viable dags retrieved from /home/airflow/.local/lib/python3.12/site-packages/airflow/example_dags/plugins/listener_plugin.py
[2026-05-09T07:52:42.493+0000] {processor.py:183} INFO - Processing /home/airflow/.local/lib/python3.12/site-packages/airflow/example_dags/plugins/listener_plugin.py took 0.022 seconds
[2026-05-09T07:53:12.877+0000] {processor.py:161} INFO - Started process (PID=15309) to work on /home/airflow/.local/lib/python3.12/site-packages/airflow/example_dags/plugins/listener_plugin.py
[2026-05-09T07:53:12.879+0000] {processor.py:830} INFO - Processing file /home/airflow/.local/lib/python3.12/site-packages/airflow/example_dags/plugins/listener_plugin.py for tasks to queue
[2026-05-09T07:53:12.882+0000] {logging_mixin.py:188} INFO - [2026-05-09T07:53:12.881+0000] {dagbag.py:545} INFO - Filling up the DagBag from /home/airflow/.local/lib/python3.12/site-packages/airflow/example_dags/plugins/listener_plugin.py
[2026-05-09T07:53:12.885+0000] {processor.py:842} WARNING - No viable dags retrieved from /home/airflow/.local/lib/python3.12/site-packages/airflow/example_dags/plugins/listener_plugin.py
[2026-05-09T07:53:12.899+0000] {processor.py:183} INFO - Processing /home/airflow/.local/lib/python3.12/site-packages/airflow/example_dags/plugins/listener_plugin.py took 0.028 seconds
[2026-05-09T07:53:43.289+0000] {processor.py:161} INFO - Started process (PID=15369) to work on /home/airflow/.local/lib/python3.12/site-packages/airflow/example_dags/plugins/listener_plugin.py
[2026-05-09T07:53:43.290+0000] {processor.py:830} INFO - Processing file /home/airflow/.local/lib/python3.12/site-packages/airflow/example_dags/plugins/listener_plugin.py for tasks to queue
[2026-05-09T07:53:43.292+0000] {logging_mixin.py:188} INFO - [2026-05-09T07:53:43.291+0000] {dagbag.py:545} INFO - Filling up the DagBag from /home/airflow/.local/lib/python3.12/site-packages/airflow/example_dags/plugins/listener_plugin.py
[2026-05-09T07:53:43.294+0000] {processor.py:842} WARNING - No viable dags retrieved from /home/airflow/.local/lib/python3.12/site-packages/airflow/example_dags/plugins/listener_plugin.py
[2026-05-09T07:53:43.304+0000] {processor.py:183} INFO - Processing /home/airflow/.local/lib/python3.12/site-packages/airflow/example_dags/plugins/listener_plugin.py took 0.020 seconds
[2026-05-09T07:54:13.455+0000] {processor.py:161} INFO - Started process (PID=15429) to work on /home/airflow/.local/lib/python3.12/site-packages/airflow/example_dags/plugins/listener_plugin.py
[2026-05-09T07:54:13.457+0000] {processor.py:830} INFO - Processing file /home/airflow/.local/lib/python3.12/site-packages/airflow/example_dags/plugins/listener_plugin.py for tasks to queue
[2026-05-09T07:54:13.459+0000] {logging_mixin.py:188} INFO - [2026-05-09T07:54:13.458+0000] {dagbag.py:545} INFO - Filling up the DagBag from /home/airflow/.local/lib/python3.12/site-packages/airflow/example_dags/plugins/listener_plugin.py
[2026-05-09T07:54:13.462+0000] {processor.py:842} WARNING - No viable dags retrieved from /home/airflow/.local/lib/python3.12/site-packages/airflow/example_dags/plugins/listener_plugin.py
[2026-05-09T07:54:13.474+0000] {processor.py:183} INFO - Processing /home/airflow/.local/lib/python3.12/site-packages/airflow/example_dags/plugins/listener_plugin.py took 0.023 seconds
[2026-05-09T07:54:43.682+0000] {processor.py:161} INFO - Started process (PID=15489) to work on /home/airflow/.local/lib/python3.12/site-packages/airflow/example_dags/plugins/listener_plugin.py
[2026-05-09T07:54:43.683+0000] {processor.py:830} INFO - Processing file /home/airflow/.local/lib/python3.12/site-packages/airflow/example_dags/plugins/listener_plugin.py for tasks to queue
[2026-05-09T07:54:43.686+0000] {logging_mixin.py:188} INFO - [2026-05-09T07:54:43.685+0000] {dagbag.py:545} INFO - Filling up the DagBag from /home/airflow/.local/lib/python3.12/site-packages/airflow/example_dags/plugins/listener_plugin.py
[2026-05-09T07:54:43.688+0000] {processor.py:842} WARNING - No viable dags retrieved from /home/airflow/.local/lib/python3.12/site-packages/airflow/example_dags/plugins/listener_plugin.py
[2026-05-09T07:54:43.701+0000] {processor.py:183} INFO - Processing /home/airflow/.local/lib/python3.12/site-packages/airflow/example_dags/plugins/listener_plugin.py took 0.024 seconds
[2026-05-09T07:55:13.831+0000] {processor.py:161} INFO - Started process (PID=15549) to work on /home/airflow/.local/lib/python3.12/site-packages/airflow/example_dags/plugins/listener_plugin.py
[2026-05-09T07:55:13.832+0000] {processor.py:830} INFO - Processing file /home/airflow/.local/lib/python3.12/site-packages/airflow/example_dags/plugins/listener_plugin.py for tasks to queue
[2026-05-09T07:55:13.834+0000] {logging_mixin.py:188} INFO - [2026-05-09T07:55:13.834+0000] {dagbag.py:545} INFO - Filling up the DagBag from /home/airflow/.local/lib/python3.12/site-packages/airflow/example_dags/plugins/listener_plugin.py
[2026-05-09T07:55:13.836+0000] {processor.py:842} WARNING - No viable dags retrieved from /home/airflow/.local/lib/python3.12/site-packages/airflow/example_dags/plugins/listener_plugin.py
[2026-05-09T07:55:13.847+0000] {processor.py:183} INFO - Processing /home/airflow/.local/lib/python3.12/site-packages/airflow/example_dags/plugins/listener_plugin.py took 0.020 seconds
[2026-05-09T07:55:44.295+0000] {processor.py:161} INFO - Started process (PID=15609) to work on /home/airflow/.local/lib/python3.12/site-packages/airflow/example_dags/plugins/listener_plugin.py
[2026-05-09T07:55:44.296+0000] {processor.py:830} INFO - Processing file /home/airflow/.local/lib/python3.12/site-packages/airflow/example_dags/plugins/listener_plugin.py for tasks to queue
[2026-05-09T07:55:44.298+0000] {logging_mixin.py:188} INFO - [2026-05-09T07:55:44.298+0000] {dagbag.py:545} INFO - Filling up the DagBag from /home/airflow/.local/lib/python3.12/site-packages/airflow/example_dags/plugins/listener_plugin.py
[2026-05-09T07:55:44.300+0000] {processor.py:842} WARNING - No viable dags retrieved from /home/airflow/.local/lib/python3.12/site-packages/airflow/example_dags/plugins/listener_plugin.py
[2026-05-09T07:55:44.310+0000] {processor.py:183} INFO - Processing /home/airflow/.local/lib/python3.12/site-packages/airflow/example_dags/plugins/listener_plugin.py took 0.019 seconds
[2026-05-09T07:56:14.416+0000] {processor.py:161} INFO - Started process (PID=15669) to work on /home/airflow/.local/lib/python3.12/site-packages/airflow/example_dags/plugins/listener_plugin.py
[2026-05-09T07:56:14.418+0000] {processor.py:830} INFO - Processing file /home/airflow/.local/lib/python3.12/site-packages/airflow/example_dags/plugins/listener_plugin.py for tasks to queue
[2026-05-09T07:56:14.420+0000] {logging_mixin.py:188} INFO - [2026-05-09T07:56:14.419+0000] {dagbag.py:545} INFO - Filling up the DagBag from /home/airflow/.local/lib/python3.12/site-packages/airflow/example_dags/plugins/listener_plugin.py
[2026-05-09T07:56:14.423+0000] {processor.py:842} WARNING - No viable dags retrieved from /home/airflow/.local/lib/python3.12/site-packages/airflow/example_dags/plugins/listener_plugin.py
[2026-05-09T07:56:14.437+0000] {processor.py:183} INFO - Processing /home/airflow/.local/lib/python3.12/site-packages/airflow/example_dags/plugins/listener_plugin.py took 0.025 seconds
[2026-05-09T07:56:44.543+0000] {processor.py:161} INFO - Started process (PID=15729) to work on /home/airflow/.local/lib/python3.12/site-packages/airflow/example_dags/plugins/listener_plugin.py
[2026-05-09T07:56:44.545+0000] {processor.py:830} INFO - Processing file /home/airflow/.local/lib/python3.12/site-packages/airflow/example_dags/plugins/listener_plugin.py for tasks to queue
[2026-05-09T07:56:44.548+0000] {logging_mixin.py:188} INFO - [2026-05-09T07:56:44.547+0000] {dagbag.py:545} INFO - Filling up the DagBag from /home/airflow/.local/lib/python3.12/site-packages/airflow/example_dags/plugins/listener_plugin.py
[2026-05-09T07:56:44.550+0000] {processor.py:842} WARNING - No viable dags retrieved from /home/airflow/.local/lib/python3.12/site-packages/airflow/example_dags/plugins/listener_plugin.py
[2026-05-09T07:56:44.565+0000] {processor.py:183} INFO - Processing /home/airflow/.local/lib/python3.12/site-packages/airflow/example_dags/plugins/listener_plugin.py took 0.028 seconds
[2026-05-09T07:57:14.642+0000] {processor.py:161} INFO - Started process (PID=15789) to work on /home/airflow/.local/lib/python3.12/site-packages/airflow/example_dags/plugins/listener_plugin.py
[2026-05-09T07:57:14.643+0000] {processor.py:830} INFO - Processing file /home/airflow/.local/lib/python3.12/site-packages/airflow/example_dags/plugins/listener_plugin.py for tasks to queue
[2026-05-09T07:57:14.645+0000] {logging_mixin.py:188} INFO - [2026-05-09T07:57:14.645+0000] {dagbag.py:545} INFO - Filling up the DagBag from /home/airflow/.local/lib/python3.12/site-packages/airflow/example_dags/plugins/listener_plugin.py
[2026-05-09T07:57:14.647+0000] {processor.py:842} WARNING - No viable dags retrieved from /home/airflow/.local/lib/python3.12/site-packages/airflow/example_dags/plugins/listener_plugin.py
[2026-05-09T07:57:14.657+0000] {processor.py:183} INFO - Processing /home/airflow/.local/lib/python3.12/site-packages/airflow/example_dags/plugins/listener_plugin.py took 0.020 seconds
[2026-05-09T07:57:44.825+0000] {processor.py:161} INFO - Started process (PID=15849) to work on /home/airflow/.local/lib/python3.12/site-packages/airflow/example_dags/plugins/listener_plugin.py
[2026-05-09T07:57:44.827+0000] {processor.py:830} INFO - Processing file /home/airflow/.local/lib/python3.12/site-packages/airflow/example_dags/plugins/listener_plugin.py for tasks to queue
[2026-05-09T07:57:44.829+0000] {logging_mixin.py:188} INFO - [2026-05-09T07:57:44.829+0000] {dagbag.py:545} INFO - Filling up the DagBag from /home/airflow/.local/lib/python3.12/site-packages/airflow/example_dags/plugins/listener_plugin.py
[2026-05-09T07:57:44.831+0000] {processor.py:842} WARNING - No viable dags retrieved from /home/airflow/.local/lib/python3.12/site-packages/airflow/example_dags/plugins/listener_plugin.py
[2026-05-09T07:57:44.843+0000] {processor.py:183} INFO - Processing /home/airflow/.local/lib/python3.12/site-packages/airflow/example_dags/plugins/listener_plugin.py took 0.023 seconds
[2026-05-09T07:58:15.152+0000] {processor.py:161} INFO - Started process (PID=15909) to work on /home/airflow/.local/lib/python3.12/site-packages/airflow/example_dags/plugins/listener_plugin.py
[2026-05-09T07:58:15.153+0000] {processor.py:830} INFO - Processing file /home/airflow/.local/lib/python3.12/site-packages/airflow/example_dags/plugins/listener_plugin.py for tasks to queue
[2026-05-09T07:58:15.155+0000] {logging_mixin.py:188} INFO - [2026-05-09T07:58:15.155+0000] {dagbag.py:545} INFO - Filling up the DagBag from /home/airflow/.local/lib/python3.12/site-packages/airflow/example_dags/plugins/listener_plugin.py
[2026-05-09T07:58:15.157+0000] {processor.py:842} WARNING - No viable dags retrieved from /home/airflow/.local/lib/python3.12/site-packages/airflow/example_dags/plugins/listener_plugin.py
[2026-05-09T07:58:15.169+0000] {processor.py:183} INFO - Processing /home/airflow/.local/lib/python3.12/site-packages/airflow/example_dags/plugins/listener_plugin.py took 0.021 seconds
[2026-05-09T07:58:45.701+0000] {processor.py:161} INFO - Started process (PID=15969) to work on /home/airflow/.local/lib/python3.12/site-packages/airflow/example_dags/plugins/listener_plugin.py
[2026-05-09T07:58:45.702+0000] {processor.py:830} INFO - Processing file /home/airflow/.local/lib/python3.12/site-packages/airflow/example_dags/plugins/listener_plugin.py for tasks to queue
[2026-05-09T07:58:45.704+0000] {logging_mixin.py:188} INFO - [2026-05-09T07:58:45.704+0000] {dagbag.py:545} INFO - Filling up the DagBag from /home/airflow/.local/lib/python3.12/site-packages/airflow/example_dags/plugins/listener_plugin.py
[2026-05-09T07:58:45.707+0000] {processor.py:842} WARNING - No viable dags retrieved from /home/airflow/.local/lib/python3.12/site-packages/airflow/example_dags/plugins/listener_plugin.py
[2026-05-09T07:58:45.721+0000] {processor.py:183} INFO - Processing /home/airflow/.local/lib/python3.12/site-packages/airflow/example_dags/plugins/listener_plugin.py took 0.024 seconds
[2026-05-09T07:59:16.144+0000] {processor.py:161} INFO - Started process (PID=16029) to work on /home/airflow/.local/lib/python3.12/site-packages/airflow/example_dags/plugins/listener_plugin.py
[2026-05-09T07:59:16.146+0000] {processor.py:830} INFO - Processing file /home/airflow/.local/lib/python3.12/site-packages/airflow/example_dags/plugins/listener_plugin.py for tasks to queue
[2026-05-09T07:59:16.148+0000] {logging_mixin.py:188} INFO - [2026-05-09T07:59:16.148+0000] {dagbag.py:545} INFO - Filling up the DagBag from /home/airflow/.local/lib/python3.12/site-packages/airflow/example_dags/plugins/listener_plugin.py
[2026-05-09T07:59:16.151+0000] {processor.py:842} WARNING - No viable dags retrieved from /home/airflow/.local/lib/python3.12/site-packages/airflow/example_dags/plugins/listener_plugin.py
[2026-05-09T07:59:16.163+0000] {processor.py:183} INFO - Processing /home/airflow/.local/lib/python3.12/site-packages/airflow/example_dags/plugins/listener_plugin.py took 0.024 seconds
[2026-05-09T07:59:46.580+0000] {processor.py:161} INFO - Started process (PID=16089) to work on /home/airflow/.local/lib/python3.12/site-packages/airflow/example_dags/plugins/listener_plugin.py
[2026-05-09T07:59:46.581+0000] {processor.py:830} INFO - Processing file /home/airflow/.local/lib/python3.12/site-packages/airflow/example_dags/plugins/listener_plugin.py for tasks to queue
[2026-05-09T07:59:46.583+0000] {logging_mixin.py:188} INFO - [2026-05-09T07:59:46.582+0000] {dagbag.py:545} INFO - Filling up the DagBag from /home/airflow/.local/lib/python3.12/site-packages/airflow/example_dags/plugins/listener_plugin.py
[2026-05-09T07:59:46.586+0000] {processor.py:842} WARNING - No viable dags retrieved from /home/airflow/.local/lib/python3.12/site-packages/airflow/example_dags/plugins/listener_plugin.py
[2026-05-09T07:59:46.601+0000] {processor.py:183} INFO - Processing /home/airflow/.local/lib/python3.12/site-packages/airflow/example_dags/plugins/listener_plugin.py took 0.026 seconds
[2026-05-09T08:00:17.108+0000] {processor.py:161} INFO - Started process (PID=16149) to work on /home/airflow/.local/lib/python3.12/site-packages/airflow/example_dags/plugins/listener_plugin.py
[2026-05-09T08:00:17.110+0000] {processor.py:830} INFO - Processing file /home/airflow/.local/lib/python3.12/site-packages/airflow/example_dags/plugins/listener_plugin.py for tasks to queue
[2026-05-09T08:00:17.112+0000] {logging_mixin.py:188} INFO - [2026-05-09T08:00:17.112+0000] {dagbag.py:545} INFO - Filling up the DagBag from /home/airflow/.local/lib/python3.12/site-packages/airflow/example_dags/plugins/listener_plugin.py
[2026-05-09T08:00:17.114+0000] {processor.py:842} WARNING - No viable dags retrieved from /home/airflow/.local/lib/python3.12/site-packages/airflow/example_dags/plugins/listener_plugin.py
[2026-05-09T08:00:17.126+0000] {processor.py:183} INFO - Processing /home/airflow/.local/lib/python3.12/site-packages/airflow/example_dags/plugins/listener_plugin.py took 0.022 seconds
[2026-05-09T08:00:47.439+0000] {processor.py:161} INFO - Started process (PID=16209) to work on /home/airflow/.local/lib/python3.12/site-packages/airflow/example_dags/plugins/listener_plugin.py
[2026-05-09T08:00:47.441+0000] {processor.py:830} INFO - Processing file /home/airflow/.local/lib/python3.12/site-packages/airflow/example_dags/plugins/listener_plugin.py for tasks to queue
[2026-05-09T08:00:47.443+0000] {logging_mixin.py:188} INFO - [2026-05-09T08:00:47.442+0000] {dagbag.py:545} INFO - Filling up the DagBag from /home/airflow/.local/lib/python3.12/site-packages/airflow/example_dags/plugins/listener_plugin.py
[2026-05-09T08:00:47.445+0000] {processor.py:842} WARNING - No viable dags retrieved from /home/airflow/.local/lib/python3.12/site-packages/airflow/example_dags/plugins/listener_plugin.py
[2026-05-09T08:00:47.459+0000] {processor.py:183} INFO - Processing /home/airflow/.local/lib/python3.12/site-packages/airflow/example_dags/plugins/listener_plugin.py took 0.025 seconds
[2026-05-09T08:01:17.774+0000] {processor.py:161} INFO - Started process (PID=16269) to work on /home/airflow/.local/lib/python3.12/site-packages/airflow/example_dags/plugins/listener_plugin.py
[2026-05-09T08:01:17.777+0000] {processor.py:830} INFO - Processing file /home/airflow/.local/lib/python3.12/site-packages/airflow/example_dags/plugins/listener_plugin.py for tasks to queue
[2026-05-09T08:01:17.779+0000] {logging_mixin.py:188} INFO - [2026-05-09T08:01:17.779+0000] {dagbag.py:545} INFO - Filling up the DagBag from /home/airflow/.local/lib/python3.12/site-packages/airflow/example_dags/plugins/listener_plugin.py
[2026-05-09T08:01:17.781+0000] {processor.py:842} WARNING - No viable dags retrieved from /home/airflow/.local/lib/python3.12/site-packages/airflow/example_dags/plugins/listener_plugin.py
[2026-05-09T08:01:17.794+0000] {processor.py:183} INFO - Processing /home/airflow/.local/lib/python3.12/site-packages/airflow/example_dags/plugins/listener_plugin.py took 0.024 seconds
[2026-05-09T08:01:48.089+0000] {processor.py:161} INFO - Started process (PID=16329) to work on /home/airflow/.local/lib/python3.12/site-packages/airflow/example_dags/plugins/listener_plugin.py
[2026-05-09T08:01:48.090+0000] {processor.py:830} INFO - Processing file /home/airflow/.local/lib/python3.12/site-packages/airflow/example_dags/plugins/listener_plugin.py for tasks to queue
[2026-05-09T08:01:48.092+0000] {logging_mixin.py:188} INFO - [2026-05-09T08:01:48.092+0000] {dagbag.py:545} INFO - Filling up the DagBag from /home/airflow/.local/lib/python3.12/site-packages/airflow/example_dags/plugins/listener_plugin.py
[2026-05-09T08:01:48.094+0000] {processor.py:842} WARNING - No viable dags retrieved from /home/airflow/.local/lib/python3.12/site-packages/airflow/example_dags/plugins/listener_plugin.py
[2026-05-09T08:01:48.105+0000] {processor.py:183} INFO - Processing /home/airflow/.local/lib/python3.12/site-packages/airflow/example_dags/plugins/listener_plugin.py took 0.020 seconds
[2026-05-09T08:02:18.592+0000] {processor.py:161} INFO - Started process (PID=16389) to work on /home/airflow/.local/lib/python3.12/site-packages/airflow/example_dags/plugins/listener_plugin.py
[2026-05-09T08:02:18.594+0000] {processor.py:830} INFO - Processing file /home/airflow/.local/lib/python3.12/site-packages/airflow/example_dags/plugins/listener_plugin.py for tasks to queue
[2026-05-09T08:02:18.596+0000] {logging_mixin.py:188} INFO - [2026-05-09T08:02:18.596+0000] {dagbag.py:545} INFO - Filling up the DagBag from /home/airflow/.local/lib/python3.12/site-packages/airflow/example_dags/plugins/listener_plugin.py
[2026-05-09T08:02:18.598+0000] {processor.py:842} WARNING - No viable dags retrieved from /home/airflow/.local/lib/python3.12/site-packages/airflow/example_dags/plugins/listener_plugin.py
[2026-05-09T08:02:18.609+0000] {processor.py:183} INFO - Processing /home/airflow/.local/lib/python3.12/site-packages/airflow/example_dags/plugins/listener_plugin.py took 0.021 seconds
[2026-05-09T08:02:49.469+0000] {processor.py:161} INFO - Started process (PID=16449) to work on /home/airflow/.local/lib/python3.12/site-packages/airflow/example_dags/plugins/listener_plugin.py
[2026-05-09T08:02:49.470+0000] {processor.py:830} INFO - Processing file /home/airflow/.local/lib/python3.12/site-packages/airflow/example_dags/plugins/listener_plugin.py for tasks to queue
[2026-05-09T08:02:49.472+0000] {logging_mixin.py:188} INFO - [2026-05-09T08:02:49.472+0000] {dagbag.py:545} INFO - Filling up the DagBag from /home/airflow/.local/lib/python3.12/site-packages/airflow/example_dags/plugins/listener_plugin.py
[2026-05-09T08:02:49.474+0000] {processor.py:842} WARNING - No viable dags retrieved from /home/airflow/.local/lib/python3.12/site-packages/airflow/example_dags/plugins/listener_plugin.py
[2026-05-09T08:02:49.486+0000] {processor.py:183} INFO - Processing /home/airflow/.local/lib/python3.12/site-packages/airflow/example_dags/plugins/listener_plugin.py took 0.021 seconds
[2026-05-09T08:03:20.323+0000] {processor.py:161} INFO - Started process (PID=16515) to work on /home/airflow/.local/lib/python3.12/site-packages/airflow/example_dags/plugins/listener_plugin.py
[2026-05-09T08:03:20.324+0000] {processor.py:830} INFO - Processing file /home/airflow/.local/lib/python3.12/site-packages/airflow/example_dags/plugins/listener_plugin.py for tasks to queue
[2026-05-09T08:03:20.326+0000] {logging_mixin.py:188} INFO - [2026-05-09T08:03:20.326+0000] {dagbag.py:545} INFO - Filling up the DagBag from /home/airflow/.local/lib/python3.12/site-packages/airflow/example_dags/plugins/listener_plugin.py
[2026-05-09T08:03:20.329+0000] {processor.py:842} WARNING - No viable dags retrieved from /home/airflow/.local/lib/python3.12/site-packages/airflow/example_dags/plugins/listener_plugin.py
[2026-05-09T08:03:20.342+0000] {processor.py:183} INFO - Processing /home/airflow/.local/lib/python3.12/site-packages/airflow/example_dags/plugins/listener_plugin.py took 0.024 seconds
[2026-05-09T08:03:51.056+0000] {processor.py:161} INFO - Started process (PID=16575) to work on /home/airflow/.local/lib/python3.12/site-packages/airflow/example_dags/plugins/listener_plugin.py
[2026-05-09T08:03:51.057+0000] {processor.py:830} INFO - Processing file /home/airflow/.local/lib/python3.12/site-packages/airflow/example_dags/plugins/listener_plugin.py for tasks to queue
[2026-05-09T08:03:51.059+0000] {logging_mixin.py:188} INFO - [2026-05-09T08:03:51.059+0000] {dagbag.py:545} INFO - Filling up the DagBag from /home/airflow/.local/lib/python3.12/site-packages/airflow/example_dags/plugins/listener_plugin.py
[2026-05-09T08:03:51.061+0000] {processor.py:842} WARNING - No viable dags retrieved from /home/airflow/.local/lib/python3.12/site-packages/airflow/example_dags/plugins/listener_plugin.py
[2026-05-09T08:03:51.071+0000] {processor.py:183} INFO - Processing /home/airflow/.local/lib/python3.12/site-packages/airflow/example_dags/plugins/listener_plugin.py took 0.020 seconds
[2026-05-09T08:04:21.204+0000] {processor.py:161} INFO - Started process (PID=16635) to work on /home/airflow/.local/lib/python3.12/site-packages/airflow/example_dags/plugins/listener_plugin.py
[2026-05-09T08:04:21.205+0000] {processor.py:830} INFO - Processing file /home/airflow/.local/lib/python3.12/site-packages/airflow/example_dags/plugins/listener_plugin.py for tasks to queue
[2026-05-09T08:04:21.208+0000] {logging_mixin.py:188} INFO - [2026-05-09T08:04:21.207+0000] {dagbag.py:545} INFO - Filling up the DagBag from /home/airflow/.local/lib/python3.12/site-packages/airflow/example_dags/plugins/listener_plugin.py
[2026-05-09T08:04:21.210+0000] {processor.py:842} WARNING - No viable dags retrieved from /home/airflow/.local/lib/python3.12/site-packages/airflow/example_dags/plugins/listener_plugin.py
[2026-05-09T08:04:21.220+0000] {processor.py:183} INFO - Processing /home/airflow/.local/lib/python3.12/site-packages/airflow/example_dags/plugins/listener_plugin.py took 0.020 seconds
[2026-05-09T08:04:51.417+0000] {processor.py:161} INFO - Started process (PID=16695) to work on /home/airflow/.local/lib/python3.12/site-packages/airflow/example_dags/plugins/listener_plugin.py
[2026-05-09T08:04:51.418+0000] {processor.py:830} INFO - Processing file /home/airflow/.local/lib/python3.12/site-packages/airflow/example_dags/plugins/listener_plugin.py for tasks to queue
[2026-05-09T08:04:51.420+0000] {logging_mixin.py:188} INFO - [2026-05-09T08:04:51.420+0000] {dagbag.py:545} INFO - Filling up the DagBag from /home/airflow/.local/lib/python3.12/site-packages/airflow/example_dags/plugins/listener_plugin.py
[2026-05-09T08:04:51.422+0000] {processor.py:842} WARNING - No viable dags retrieved from /home/airflow/.local/lib/python3.12/site-packages/airflow/example_dags/plugins/listener_plugin.py
[2026-05-09T08:04:51.432+0000] {processor.py:183} INFO - Processing /home/airflow/.local/lib/python3.12/site-packages/airflow/example_dags/plugins/listener_plugin.py took 0.020 seconds
[2026-05-09T08:05:21.942+0000] {processor.py:161} INFO - Started process (PID=16755) to work on /home/airflow/.local/lib/python3.12/site-packages/airflow/example_dags/plugins/listener_plugin.py
[2026-05-09T08:05:21.947+0000] {processor.py:830} INFO - Processing file /home/airflow/.local/lib/python3.12/site-packages/airflow/example_dags/plugins/listener_plugin.py for tasks to queue
[2026-05-09T08:05:21.949+0000] {logging_mixin.py:188} INFO - [2026-05-09T08:05:21.948+0000] {dagbag.py:545} INFO - Filling up the DagBag from /home/airflow/.local/lib/python3.12/site-packages/airflow/example_dags/plugins/listener_plugin.py
[2026-05-09T08:05:21.951+0000] {processor.py:842} WARNING - No viable dags retrieved from /home/airflow/.local/lib/python3.12/site-packages/airflow/example_dags/plugins/listener_plugin.py
[2026-05-09T08:05:21.962+0000] {processor.py:183} INFO - Processing /home/airflow/.local/lib/python3.12/site-packages/airflow/example_dags/plugins/listener_plugin.py took 0.025 seconds
[2026-05-09T08:05:52.415+0000] {processor.py:161} INFO - Started process (PID=16815) to work on /home/airflow/.local/lib/python3.12/site-packages/airflow/example_dags/plugins/listener_plugin.py
[2026-05-09T08:05:52.416+0000] {processor.py:830} INFO - Processing file /home/airflow/.local/lib/python3.12/site-packages/airflow/example_dags/plugins/listener_plugin.py for tasks to queue
[2026-05-09T08:05:52.418+0000] {logging_mixin.py:188} INFO - [2026-05-09T08:05:52.418+0000] {dagbag.py:545} INFO - Filling up the DagBag from /home/airflow/.local/lib/python3.12/site-packages/airflow/example_dags/plugins/listener_plugin.py
[2026-05-09T08:05:52.421+0000] {processor.py:842} WARNING - No viable dags retrieved from /home/airflow/.local/lib/python3.12/site-packages/airflow/example_dags/plugins/listener_plugin.py
[2026-05-09T08:05:52.435+0000] {processor.py:183} INFO - Processing /home/airflow/.local/lib/python3.12/site-packages/airflow/example_dags/plugins/listener_plugin.py took 0.024 seconds
[2026-05-09T08:06:22.502+0000] {processor.py:161} INFO - Started process (PID=16875) to work on /home/airflow/.local/lib/python3.12/site-packages/airflow/example_dags/plugins/listener_plugin.py
[2026-05-09T08:06:22.503+0000] {processor.py:830} INFO - Processing file /home/airflow/.local/lib/python3.12/site-packages/airflow/example_dags/plugins/listener_plugin.py for tasks to queue
[2026-05-09T08:06:22.505+0000] {logging_mixin.py:188} INFO - [2026-05-09T08:06:22.505+0000] {dagbag.py:545} INFO - Filling up the DagBag from /home/airflow/.local/lib/python3.12/site-packages/airflow/example_dags/plugins/listener_plugin.py
[2026-05-09T08:06:22.508+0000] {processor.py:842} WARNING - No viable dags retrieved from /home/airflow/.local/lib/python3.12/site-packages/airflow/example_dags/plugins/listener_plugin.py
[2026-05-09T08:06:22.519+0000] {processor.py:183} INFO - Processing /home/airflow/.local/lib/python3.12/site-packages/airflow/example_dags/plugins/listener_plugin.py took 0.021 seconds
[2026-05-09T08:06:52.804+0000] {processor.py:161} INFO - Started process (PID=16935) to work on /home/airflow/.local/lib/python3.12/site-packages/airflow/example_dags/plugins/listener_plugin.py
[2026-05-09T08:06:52.806+0000] {processor.py:830} INFO - Processing file /home/airflow/.local/lib/python3.12/site-packages/airflow/example_dags/plugins/listener_plugin.py for tasks to queue
[2026-05-09T08:06:52.808+0000] {logging_mixin.py:188} INFO - [2026-05-09T08:06:52.807+0000] {dagbag.py:545} INFO - Filling up the DagBag from /home/airflow/.local/lib/python3.12/site-packages/airflow/example_dags/plugins/listener_plugin.py
[2026-05-09T08:06:52.810+0000] {processor.py:842} WARNING - No viable dags retrieved from /home/airflow/.local/lib/python3.12/site-packages/airflow/example_dags/plugins/listener_plugin.py
[2026-05-09T08:06:52.821+0000] {processor.py:183} INFO - Processing /home/airflow/.local/lib/python3.12/site-packages/airflow/example_dags/plugins/listener_plugin.py took 0.022 seconds
[2026-05-09T08:07:23.277+0000] {processor.py:161} INFO - Started process (PID=16995) to work on /home/airflow/.local/lib/python3.12/site-packages/airflow/example_dags/plugins/listener_plugin.py
[2026-05-09T08:07:23.279+0000] {processor.py:830} INFO - Processing file /home/airflow/.local/lib/python3.12/site-packages/airflow/example_dags/plugins/listener_plugin.py for tasks to queue
[2026-05-09T08:07:23.281+0000] {logging_mixin.py:188} INFO - [2026-05-09T08:07:23.280+0000] {dagbag.py:545} INFO - Filling up the DagBag from /home/airflow/.local/lib/python3.12/site-packages/airflow/example_dags/plugins/listener_plugin.py
[2026-05-09T08:07:23.283+0000] {processor.py:842} WARNING - No viable dags retrieved from /home/airflow/.local/lib/python3.12/site-packages/airflow/example_dags/plugins/listener_plugin.py
[2026-05-09T08:07:23.295+0000] {processor.py:183} INFO - Processing /home/airflow/.local/lib/python3.12/site-packages/airflow/example_dags/plugins/listener_plugin.py took 0.023 seconds
[2026-05-09T08:07:53.670+0000] {processor.py:161} INFO - Started process (PID=17055) to work on /home/airflow/.local/lib/python3.12/site-packages/airflow/example_dags/plugins/listener_plugin.py
[2026-05-09T08:07:53.672+0000] {processor.py:830} INFO - Processing file /home/airflow/.local/lib/python3.12/site-packages/airflow/example_dags/plugins/listener_plugin.py for tasks to queue
[2026-05-09T08:07:53.675+0000] {logging_mixin.py:188} INFO - [2026-05-09T08:07:53.674+0000] {dagbag.py:545} INFO - Filling up the DagBag from /home/airflow/.local/lib/python3.12/site-packages/airflow/example_dags/plugins/listener_plugin.py
[2026-05-09T08:07:53.677+0000] {processor.py:842} WARNING - No viable dags retrieved from /home/airflow/.local/lib/python3.12/site-packages/airflow/example_dags/plugins/listener_plugin.py
[2026-05-09T08:07:53.688+0000] {processor.py:183} INFO - Processing /home/airflow/.local/lib/python3.12/site-packages/airflow/example_dags/plugins/listener_plugin.py took 0.023 seconds
[2026-05-09T08:08:24.230+0000] {processor.py:161} INFO - Started process (PID=17115) to work on /home/airflow/.local/lib/python3.12/site-packages/airflow/example_dags/plugins/listener_plugin.py
[2026-05-09T08:08:24.232+0000] {processor.py:830} INFO - Processing file /home/airflow/.local/lib/python3.12/site-packages/airflow/example_dags/plugins/listener_plugin.py for tasks to queue
[2026-05-09T08:08:24.233+0000] {logging_mixin.py:188} INFO - [2026-05-09T08:08:24.233+0000] {dagbag.py:545} INFO - Filling up the DagBag from /home/airflow/.local/lib/python3.12/site-packages/airflow/example_dags/plugins/listener_plugin.py
[2026-05-09T08:08:24.237+0000] {processor.py:842} WARNING - No viable dags retrieved from /home/airflow/.local/lib/python3.12/site-packages/airflow/example_dags/plugins/listener_plugin.py
[2026-05-09T08:08:24.249+0000] {processor.py:183} INFO - Processing /home/airflow/.local/lib/python3.12/site-packages/airflow/example_dags/plugins/listener_plugin.py took 0.024 seconds
[2026-05-09T08:08:54.329+0000] {processor.py:161} INFO - Started process (PID=17175) to work on /home/airflow/.local/lib/python3.12/site-packages/airflow/example_dags/plugins/listener_plugin.py
[2026-05-09T08:08:54.331+0000] {processor.py:830} INFO - Processing file /home/airflow/.local/lib/python3.12/site-packages/airflow/example_dags/plugins/listener_plugin.py for tasks to queue
[2026-05-09T08:08:54.333+0000] {logging_mixin.py:188} INFO - [2026-05-09T08:08:54.333+0000] {dagbag.py:545} INFO - Filling up the DagBag from /home/airflow/.local/lib/python3.12/site-packages/airflow/example_dags/plugins/listener_plugin.py
[2026-05-09T08:08:54.335+0000] {processor.py:842} WARNING - No viable dags retrieved from /home/airflow/.local/lib/python3.12/site-packages/airflow/example_dags/plugins/listener_plugin.py
[2026-05-09T08:08:54.348+0000] {processor.py:183} INFO - Processing /home/airflow/.local/lib/python3.12/site-packages/airflow/example_dags/plugins/listener_plugin.py took 0.023 seconds
[2026-05-09T08:09:24.500+0000] {processor.py:161} INFO - Started process (PID=17235) to work on /home/airflow/.local/lib/python3.12/site-packages/airflow/example_dags/plugins/listener_plugin.py
[2026-05-09T08:09:24.503+0000] {processor.py:830} INFO - Processing file /home/airflow/.local/lib/python3.12/site-packages/airflow/example_dags/plugins/listener_plugin.py for tasks to queue
[2026-05-09T08:09:24.505+0000] {logging_mixin.py:188} INFO - [2026-05-09T08:09:24.504+0000] {dagbag.py:545} INFO - Filling up the DagBag from /home/airflow/.local/lib/python3.12/site-packages/airflow/example_dags/plugins/listener_plugin.py
[2026-05-09T08:09:24.507+0000] {processor.py:842} WARNING - No viable dags retrieved from /home/airflow/.local/lib/python3.12/site-packages/airflow/example_dags/plugins/listener_plugin.py
[2026-05-09T08:09:24.519+0000] {processor.py:183} INFO - Processing /home/airflow/.local/lib/python3.12/site-packages/airflow/example_dags/plugins/listener_plugin.py took 0.023 seconds
[2026-05-09T08:09:54.726+0000] {processor.py:161} INFO - Started process (PID=17295) to work on /home/airflow/.local/lib/python3.12/site-packages/airflow/example_dags/plugins/listener_plugin.py
[2026-05-09T08:09:54.727+0000] {processor.py:830} INFO - Processing file /home/airflow/.local/lib/python3.12/site-packages/airflow/example_dags/plugins/listener_plugin.py for tasks to queue
[2026-05-09T08:09:54.729+0000] {logging_mixin.py:188} INFO - [2026-05-09T08:09:54.729+0000] {dagbag.py:545} INFO - Filling up the DagBag from /home/airflow/.local/lib/python3.12/site-packages/airflow/example_dags/plugins/listener_plugin.py
[2026-05-09T08:09:54.732+0000] {processor.py:842} WARNING - No viable dags retrieved from /home/airflow/.local/lib/python3.12/site-packages/airflow/example_dags/plugins/listener_plugin.py
[2026-05-09T08:09:54.743+0000] {processor.py:183} INFO - Processing /home/airflow/.local/lib/python3.12/site-packages/airflow/example_dags/plugins/listener_plugin.py took 0.022 seconds
[2026-05-09T08:10:25.087+0000] {processor.py:161} INFO - Started process (PID=17355) to work on /home/airflow/.local/lib/python3.12/site-packages/airflow/example_dags/plugins/listener_plugin.py
[2026-05-09T08:10:25.088+0000] {processor.py:830} INFO - Processing file /home/airflow/.local/lib/python3.12/site-packages/airflow/example_dags/plugins/listener_plugin.py for tasks to queue
[2026-05-09T08:10:25.090+0000] {logging_mixin.py:188} INFO - [2026-05-09T08:10:25.089+0000] {dagbag.py:545} INFO - Filling up the DagBag from /home/airflow/.local/lib/python3.12/site-packages/airflow/example_dags/plugins/listener_plugin.py
[2026-05-09T08:10:25.092+0000] {processor.py:842} WARNING - No viable dags retrieved from /home/airflow/.local/lib/python3.12/site-packages/airflow/example_dags/plugins/listener_plugin.py
[2026-05-09T08:10:25.102+0000] {processor.py:183} INFO - Processing /home/airflow/.local/lib/python3.12/site-packages/airflow/example_dags/plugins/listener_plugin.py took 0.020 seconds
[2026-05-09T08:10:55.559+0000] {processor.py:161} INFO - Started process (PID=17415) to work on /home/airflow/.local/lib/python3.12/site-packages/airflow/example_dags/plugins/listener_plugin.py
[2026-05-09T08:10:55.560+0000] {processor.py:830} INFO - Processing file /home/airflow/.local/lib/python3.12/site-packages/airflow/example_dags/plugins/listener_plugin.py for tasks to queue
[2026-05-09T08:10:55.562+0000] {logging_mixin.py:188} INFO - [2026-05-09T08:10:55.562+0000] {dagbag.py:545} INFO - Filling up the DagBag from /home/airflow/.local/lib/python3.12/site-packages/airflow/example_dags/plugins/listener_plugin.py
[2026-05-09T08:10:55.564+0000] {processor.py:842} WARNING - No viable dags retrieved from /home/airflow/.local/lib/python3.12/site-packages/airflow/example_dags/plugins/listener_plugin.py
[2026-05-09T08:10:55.575+0000] {processor.py:183} INFO - Processing /home/airflow/.local/lib/python3.12/site-packages/airflow/example_dags/plugins/listener_plugin.py took 0.021 seconds
[2026-05-09T08:11:26.123+0000] {processor.py:161} INFO - Started process (PID=17475) to work on /home/airflow/.local/lib/python3.12/site-packages/airflow/example_dags/plugins/listener_plugin.py
[2026-05-09T08:11:26.125+0000] {processor.py:830} INFO - Processing file /home/airflow/.local/lib/python3.12/site-packages/airflow/example_dags/plugins/listener_plugin.py for tasks to queue
[2026-05-09T08:11:26.127+0000] {logging_mixin.py:188} INFO - [2026-05-09T08:11:26.127+0000] {dagbag.py:545} INFO - Filling up the DagBag from /home/airflow/.local/lib/python3.12/site-packages/airflow/example_dags/plugins/listener_plugin.py
[2026-05-09T08:11:26.130+0000] {processor.py:842} WARNING - No viable dags retrieved from /home/airflow/.local/lib/python3.12/site-packages/airflow/example_dags/plugins/listener_plugin.py
[2026-05-09T08:11:26.143+0000] {processor.py:183} INFO - Processing /home/airflow/.local/lib/python3.12/site-packages/airflow/example_dags/plugins/listener_plugin.py took 0.026 seconds
[2026-05-09T08:11:56.840+0000] {processor.py:161} INFO - Started process (PID=17535) to work on /home/airflow/.local/lib/python3.12/site-packages/airflow/example_dags/plugins/listener_plugin.py
[2026-05-09T08:11:56.842+0000] {processor.py:830} INFO - Processing file /home/airflow/.local/lib/python3.12/site-packages/airflow/example_dags/plugins/listener_plugin.py for tasks to queue
[2026-05-09T08:11:56.843+0000] {logging_mixin.py:188} INFO - [2026-05-09T08:11:56.843+0000] {dagbag.py:545} INFO - Filling up the DagBag from /home/airflow/.local/lib/python3.12/site-packages/airflow/example_dags/plugins/listener_plugin.py
[2026-05-09T08:11:56.846+0000] {processor.py:842} WARNING - No viable dags retrieved from /home/airflow/.local/lib/python3.12/site-packages/airflow/example_dags/plugins/listener_plugin.py
[2026-05-09T08:11:56.858+0000] {processor.py:183} INFO - Processing /home/airflow/.local/lib/python3.12/site-packages/airflow/example_dags/plugins/listener_plugin.py took 0.023 seconds
[2026-05-09T08:12:27.379+0000] {processor.py:161} INFO - Started process (PID=17595) to work on /home/airflow/.local/lib/python3.12/site-packages/airflow/example_dags/plugins/listener_plugin.py
[2026-05-09T08:12:27.380+0000] {processor.py:830} INFO - Processing file /home/airflow/.local/lib/python3.12/site-packages/airflow/example_dags/plugins/listener_plugin.py for tasks to queue
[2026-05-09T08:12:27.382+0000] {logging_mixin.py:188} INFO - [2026-05-09T08:12:27.382+0000] {dagbag.py:545} INFO - Filling up the DagBag from /home/airflow/.local/lib/python3.12/site-packages/airflow/example_dags/plugins/listener_plugin.py
[2026-05-09T08:12:27.384+0000] {processor.py:842} WARNING - No viable dags retrieved from /home/airflow/.local/lib/python3.12/site-packages/airflow/example_dags/plugins/listener_plugin.py
[2026-05-09T08:12:27.397+0000] {processor.py:183} INFO - Processing /home/airflow/.local/lib/python3.12/site-packages/airflow/example_dags/plugins/listener_plugin.py took 0.022 seconds
[2026-05-09T08:12:58.067+0000] {processor.py:161} INFO - Started process (PID=17655) to work on /home/airflow/.local/lib/python3.12/site-packages/airflow/example_dags/plugins/listener_plugin.py
[2026-05-09T08:12:58.068+0000] {processor.py:830} INFO - Processing file /home/airflow/.local/lib/python3.12/site-packages/airflow/example_dags/plugins/listener_plugin.py for tasks to queue
[2026-05-09T08:12:58.070+0000] {logging_mixin.py:188} INFO - [2026-05-09T08:12:58.070+0000] {dagbag.py:545} INFO - Filling up the DagBag from /home/airflow/.local/lib/python3.12/site-packages/airflow/example_dags/plugins/listener_plugin.py
[2026-05-09T08:12:58.072+0000] {processor.py:842} WARNING - No viable dags retrieved from /home/airflow/.local/lib/python3.12/site-packages/airflow/example_dags/plugins/listener_plugin.py
[2026-05-09T08:12:58.082+0000] {processor.py:183} INFO - Processing /home/airflow/.local/lib/python3.12/site-packages/airflow/example_dags/plugins/listener_plugin.py took 0.020 seconds
[2026-05-09T08:13:28.707+0000] {processor.py:161} INFO - Started process (PID=17715) to work on /home/airflow/.local/lib/python3.12/site-packages/airflow/example_dags/plugins/listener_plugin.py
[2026-05-09T08:13:28.708+0000] {processor.py:830} INFO - Processing file /home/airflow/.local/lib/python3.12/site-packages/airflow/example_dags/plugins/listener_plugin.py for tasks to queue
[2026-05-09T08:13:28.710+0000] {logging_mixin.py:188} INFO - [2026-05-09T08:13:28.710+0000] {dagbag.py:545} INFO - Filling up the DagBag from /home/airflow/.local/lib/python3.12/site-packages/airflow/example_dags/plugins/listener_plugin.py
[2026-05-09T08:13:28.713+0000] {processor.py:842} WARNING - No viable dags retrieved from /home/airflow/.local/lib/python3.12/site-packages/airflow/example_dags/plugins/listener_plugin.py
[2026-05-09T08:13:28.726+0000] {processor.py:183} INFO - Processing /home/airflow/.local/lib/python3.12/site-packages/airflow/example_dags/plugins/listener_plugin.py took 0.024 seconds
[2026-05-09T08:13:59.517+0000] {processor.py:161} INFO - Started process (PID=17775) to work on /home/airflow/.local/lib/python3.12/site-packages/airflow/example_dags/plugins/listener_plugin.py
[2026-05-09T08:13:59.518+0000] {processor.py:830} INFO - Processing file /home/airflow/.local/lib/python3.12/site-packages/airflow/example_dags/plugins/listener_plugin.py for tasks to queue
[2026-05-09T08:13:59.520+0000] {logging_mixin.py:188} INFO - [2026-05-09T08:13:59.520+0000] {dagbag.py:545} INFO - Filling up the DagBag from /home/airflow/.local/lib/python3.12/site-packages/airflow/example_dags/plugins/listener_plugin.py
[2026-05-09T08:13:59.523+0000] {processor.py:842} WARNING - No viable dags retrieved from /home/airflow/.local/lib/python3.12/site-packages/airflow/example_dags/plugins/listener_plugin.py
[2026-05-09T08:13:59.534+0000] {processor.py:183} INFO - Processing /home/airflow/.local/lib/python3.12/site-packages/airflow/example_dags/plugins/listener_plugin.py took 0.022 seconds
[2026-05-09T08:14:30.109+0000] {processor.py:161} INFO - Started process (PID=17835) to work on /home/airflow/.local/lib/python3.12/site-packages/airflow/example_dags/plugins/listener_plugin.py
[2026-05-09T08:14:30.110+0000] {processor.py:830} INFO - Processing file /home/airflow/.local/lib/python3.12/site-packages/airflow/example_dags/plugins/listener_plugin.py for tasks to queue
[2026-05-09T08:14:30.113+0000] {logging_mixin.py:188} INFO - [2026-05-09T08:14:30.113+0000] {dagbag.py:545} INFO - Filling up the DagBag from /home/airflow/.local/lib/python3.12/site-packages/airflow/example_dags/plugins/listener_plugin.py
[2026-05-09T08:14:30.115+0000] {processor.py:842} WARNING - No viable dags retrieved from /home/airflow/.local/lib/python3.12/site-packages/airflow/example_dags/plugins/listener_plugin.py
[2026-05-09T08:14:30.128+0000] {processor.py:183} INFO - Processing /home/airflow/.local/lib/python3.12/site-packages/airflow/example_dags/plugins/listener_plugin.py took 0.023 seconds
[2026-05-09T08:15:00.584+0000] {processor.py:161} INFO - Started process (PID=17895) to work on /home/airflow/.local/lib/python3.12/site-packages/airflow/example_dags/plugins/listener_plugin.py
[2026-05-09T08:15:00.586+0000] {processor.py:830} INFO - Processing file /home/airflow/.local/lib/python3.12/site-packages/airflow/example_dags/plugins/listener_plugin.py for tasks to queue
[2026-05-09T08:15:00.588+0000] {logging_mixin.py:188} INFO - [2026-05-09T08:15:00.588+0000] {dagbag.py:545} INFO - Filling up the DagBag from /home/airflow/.local/lib/python3.12/site-packages/airflow/example_dags/plugins/listener_plugin.py
[2026-05-09T08:15:00.590+0000] {processor.py:842} WARNING - No viable dags retrieved from /home/airflow/.local/lib/python3.12/site-packages/airflow/example_dags/plugins/listener_plugin.py
[2026-05-09T08:15:00.602+0000] {processor.py:183} INFO - Processing /home/airflow/.local/lib/python3.12/site-packages/airflow/example_dags/plugins/listener_plugin.py took 0.022 seconds
[2026-05-09T08:15:31.307+0000] {processor.py:161} INFO - Started process (PID=17955) to work on /home/airflow/.local/lib/python3.12/site-packages/airflow/example_dags/plugins/listener_plugin.py
[2026-05-09T08:15:31.309+0000] {processor.py:830} INFO - Processing file /home/airflow/.local/lib/python3.12/site-packages/airflow/example_dags/plugins/listener_plugin.py for tasks to queue
[2026-05-09T08:15:31.310+0000] {logging_mixin.py:188} INFO - [2026-05-09T08:15:31.310+0000] {dagbag.py:545} INFO - Filling up the DagBag from /home/airflow/.local/lib/python3.12/site-packages/airflow/example_dags/plugins/listener_plugin.py
[2026-05-09T08:15:31.312+0000] {processor.py:842} WARNING - No viable dags retrieved from /home/airflow/.local/lib/python3.12/site-packages/airflow/example_dags/plugins/listener_plugin.py
[2026-05-09T08:15:31.322+0000] {processor.py:183} INFO - Processing /home/airflow/.local/lib/python3.12/site-packages/airflow/example_dags/plugins/listener_plugin.py took 0.020 seconds
[2026-05-09T08:16:01.958+0000] {processor.py:161} INFO - Started process (PID=18016) to work on /home/airflow/.local/lib/python3.12/site-packages/airflow/example_dags/plugins/listener_plugin.py
[2026-05-09T08:16:01.959+0000] {processor.py:830} INFO - Processing file /home/airflow/.local/lib/python3.12/site-packages/airflow/example_dags/plugins/listener_plugin.py for tasks to queue
[2026-05-09T08:16:01.961+0000] {logging_mixin.py:188} INFO - [2026-05-09T08:16:01.961+0000] {dagbag.py:545} INFO - Filling up the DagBag from /home/airflow/.local/lib/python3.12/site-packages/airflow/example_dags/plugins/listener_plugin.py
[2026-05-09T08:16:01.963+0000] {processor.py:842} WARNING - No viable dags retrieved from /home/airflow/.local/lib/python3.12/site-packages/airflow/example_dags/plugins/listener_plugin.py
[2026-05-09T08:16:01.974+0000] {processor.py:183} INFO - Processing /home/airflow/.local/lib/python3.12/site-packages/airflow/example_dags/plugins/listener_plugin.py took 0.021 seconds
[2026-05-09T08:16:32.853+0000] {processor.py:161} INFO - Started process (PID=18076) to work on /home/airflow/.local/lib/python3.12/site-packages/airflow/example_dags/plugins/listener_plugin.py
[2026-05-09T08:16:32.854+0000] {processor.py:830} INFO - Processing file /home/airflow/.local/lib/python3.12/site-packages/airflow/example_dags/plugins/listener_plugin.py for tasks to queue
[2026-05-09T08:16:32.856+0000] {logging_mixin.py:188} INFO - [2026-05-09T08:16:32.855+0000] {dagbag.py:545} INFO - Filling up the DagBag from /home/airflow/.local/lib/python3.12/site-packages/airflow/example_dags/plugins/listener_plugin.py
[2026-05-09T08:16:32.858+0000] {processor.py:842} WARNING - No viable dags retrieved from /home/airflow/.local/lib/python3.12/site-packages/airflow/example_dags/plugins/listener_plugin.py
[2026-05-09T08:16:32.868+0000] {processor.py:183} INFO - Processing /home/airflow/.local/lib/python3.12/site-packages/airflow/example_dags/plugins/listener_plugin.py took 0.019 seconds
[2026-05-09T08:17:03.721+0000] {processor.py:161} INFO - Started process (PID=18136) to work on /home/airflow/.local/lib/python3.12/site-packages/airflow/example_dags/plugins/listener_plugin.py
[2026-05-09T08:17:03.722+0000] {processor.py:830} INFO - Processing file /home/airflow/.local/lib/python3.12/site-packages/airflow/example_dags/plugins/listener_plugin.py for tasks to queue
[2026-05-09T08:17:03.724+0000] {logging_mixin.py:188} INFO - [2026-05-09T08:17:03.724+0000] {dagbag.py:545} INFO - Filling up the DagBag from /home/airflow/.local/lib/python3.12/site-packages/airflow/example_dags/plugins/listener_plugin.py
[2026-05-09T08:17:03.726+0000] {processor.py:842} WARNING - No viable dags retrieved from /home/airflow/.local/lib/python3.12/site-packages/airflow/example_dags/plugins/listener_plugin.py
[2026-05-09T08:17:03.737+0000] {processor.py:183} INFO - Processing /home/airflow/.local/lib/python3.12/site-packages/airflow/example_dags/plugins/listener_plugin.py took 0.020 seconds
[2026-05-09T08:17:34.517+0000] {processor.py:161} INFO - Started process (PID=18196) to work on /home/airflow/.local/lib/python3.12/site-packages/airflow/example_dags/plugins/listener_plugin.py
[2026-05-09T08:17:34.518+0000] {processor.py:830} INFO - Processing file /home/airflow/.local/lib/python3.12/site-packages/airflow/example_dags/plugins/listener_plugin.py for tasks to queue
[2026-05-09T08:17:34.520+0000] {logging_mixin.py:188} INFO - [2026-05-09T08:17:34.520+0000] {dagbag.py:545} INFO - Filling up the DagBag from /home/airflow/.local/lib/python3.12/site-packages/airflow/example_dags/plugins/listener_plugin.py
[2026-05-09T08:17:34.523+0000] {processor.py:842} WARNING - No viable dags retrieved from /home/airflow/.local/lib/python3.12/site-packages/airflow/example_dags/plugins/listener_plugin.py
[2026-05-09T08:17:34.535+0000] {processor.py:183} INFO - Processing /home/airflow/.local/lib/python3.12/site-packages/airflow/example_dags/plugins/listener_plugin.py took 0.023 seconds
[2026-05-09T08:18:05.030+0000] {processor.py:161} INFO - Started process (PID=18256) to work on /home/airflow/.local/lib/python3.12/site-packages/airflow/example_dags/plugins/listener_plugin.py
[2026-05-09T08:18:05.032+0000] {processor.py:830} INFO - Processing file /home/airflow/.local/lib/python3.12/site-packages/airflow/example_dags/plugins/listener_plugin.py for tasks to queue
[2026-05-09T08:18:05.034+0000] {logging_mixin.py:188} INFO - [2026-05-09T08:18:05.033+0000] {dagbag.py:545} INFO - Filling up the DagBag from /home/airflow/.local/lib/python3.12/site-packages/airflow/example_dags/plugins/listener_plugin.py
[2026-05-09T08:18:05.036+0000] {processor.py:842} WARNING - No viable dags retrieved from /home/airflow/.local/lib/python3.12/site-packages/airflow/example_dags/plugins/listener_plugin.py
[2026-05-09T08:18:05.048+0000] {processor.py:183} INFO - Processing /home/airflow/.local/lib/python3.12/site-packages/airflow/example_dags/plugins/listener_plugin.py took 0.022 seconds
[2026-05-09T08:18:35.735+0000] {processor.py:161} INFO - Started process (PID=18316) to work on /home/airflow/.local/lib/python3.12/site-packages/airflow/example_dags/plugins/listener_plugin.py
[2026-05-09T08:18:35.737+0000] {processor.py:830} INFO - Processing file /home/airflow/.local/lib/python3.12/site-packages/airflow/example_dags/plugins/listener_plugin.py for tasks to queue
[2026-05-09T08:18:35.740+0000] {logging_mixin.py:188} INFO - [2026-05-09T08:18:35.739+0000] {dagbag.py:545} INFO - Filling up the DagBag from /home/airflow/.local/lib/python3.12/site-packages/airflow/example_dags/plugins/listener_plugin.py
[2026-05-09T08:18:35.743+0000] {processor.py:842} WARNING - No viable dags retrieved from /home/airflow/.local/lib/python3.12/site-packages/airflow/example_dags/plugins/listener_plugin.py
[2026-05-09T08:18:35.756+0000] {processor.py:183} INFO - Processing /home/airflow/.local/lib/python3.12/site-packages/airflow/example_dags/plugins/listener_plugin.py took 0.025 seconds
[2026-05-09T08:19:05.838+0000] {processor.py:161} INFO - Started process (PID=18375) to work on /home/airflow/.local/lib/python3.12/site-packages/airflow/example_dags/plugins/listener_plugin.py
[2026-05-09T08:19:05.839+0000] {processor.py:830} INFO - Processing file /home/airflow/.local/lib/python3.12/site-packages/airflow/example_dags/plugins/listener_plugin.py for tasks to queue
[2026-05-09T08:19:05.841+0000] {logging_mixin.py:188} INFO - [2026-05-09T08:19:05.841+0000] {dagbag.py:545} INFO - Filling up the DagBag from /home/airflow/.local/lib/python3.12/site-packages/airflow/example_dags/plugins/listener_plugin.py
[2026-05-09T08:19:05.844+0000] {processor.py:842} WARNING - No viable dags retrieved from /home/airflow/.local/lib/python3.12/site-packages/airflow/example_dags/plugins/listener_plugin.py
[2026-05-09T08:19:05.855+0000] {processor.py:183} INFO - Processing /home/airflow/.local/lib/python3.12/site-packages/airflow/example_dags/plugins/listener_plugin.py took 0.022 seconds
[2026-05-09T08:19:36.007+0000] {processor.py:161} INFO - Started process (PID=18434) to work on /home/airflow/.local/lib/python3.12/site-packages/airflow/example_dags/plugins/listener_plugin.py
[2026-05-09T08:19:36.009+0000] {processor.py:830} INFO - Processing file /home/airflow/.local/lib/python3.12/site-packages/airflow/example_dags/plugins/listener_plugin.py for tasks to queue
[2026-05-09T08:19:36.011+0000] {logging_mixin.py:188} INFO - [2026-05-09T08:19:36.011+0000] {dagbag.py:545} INFO - Filling up the DagBag from /home/airflow/.local/lib/python3.12/site-packages/airflow/example_dags/plugins/listener_plugin.py
[2026-05-09T08:19:36.016+0000] {processor.py:842} WARNING - No viable dags retrieved from /home/airflow/.local/lib/python3.12/site-packages/airflow/example_dags/plugins/listener_plugin.py
[2026-05-09T08:19:36.031+0000] {processor.py:183} INFO - Processing /home/airflow/.local/lib/python3.12/site-packages/airflow/example_dags/plugins/listener_plugin.py took 0.028 seconds
[2026-05-09T08:20:06.495+0000] {processor.py:161} INFO - Started process (PID=18494) to work on /home/airflow/.local/lib/python3.12/site-packages/airflow/example_dags/plugins/listener_plugin.py
[2026-05-09T08:20:06.496+0000] {processor.py:830} INFO - Processing file /home/airflow/.local/lib/python3.12/site-packages/airflow/example_dags/plugins/listener_plugin.py for tasks to queue
[2026-05-09T08:20:06.497+0000] {logging_mixin.py:188} INFO - [2026-05-09T08:20:06.497+0000] {dagbag.py:545} INFO - Filling up the DagBag from /home/airflow/.local/lib/python3.12/site-packages/airflow/example_dags/plugins/listener_plugin.py
[2026-05-09T08:20:06.500+0000] {processor.py:842} WARNING - No viable dags retrieved from /home/airflow/.local/lib/python3.12/site-packages/airflow/example_dags/plugins/listener_plugin.py
[2026-05-09T08:20:06.513+0000] {processor.py:183} INFO - Processing /home/airflow/.local/lib/python3.12/site-packages/airflow/example_dags/plugins/listener_plugin.py took 0.023 seconds
[2026-05-09T08:20:37.277+0000] {processor.py:161} INFO - Started process (PID=18554) to work on /home/airflow/.local/lib/python3.12/site-packages/airflow/example_dags/plugins/listener_plugin.py
[2026-05-09T08:20:37.278+0000] {processor.py:830} INFO - Processing file /home/airflow/.local/lib/python3.12/site-packages/airflow/example_dags/plugins/listener_plugin.py for tasks to queue
[2026-05-09T08:20:37.281+0000] {logging_mixin.py:188} INFO - [2026-05-09T08:20:37.281+0000] {dagbag.py:545} INFO - Filling up the DagBag from /home/airflow/.local/lib/python3.12/site-packages/airflow/example_dags/plugins/listener_plugin.py
[2026-05-09T08:20:37.284+0000] {processor.py:842} WARNING - No viable dags retrieved from /home/airflow/.local/lib/python3.12/site-packages/airflow/example_dags/plugins/listener_plugin.py
[2026-05-09T08:20:37.303+0000] {processor.py:183} INFO - Processing /home/airflow/.local/lib/python3.12/site-packages/airflow/example_dags/plugins/listener_plugin.py took 0.034 seconds
[2026-05-09T08:21:07.707+0000] {processor.py:161} INFO - Started process (PID=18615) to work on /home/airflow/.local/lib/python3.12/site-packages/airflow/example_dags/plugins/listener_plugin.py
[2026-05-09T08:21:07.708+0000] {processor.py:830} INFO - Processing file /home/airflow/.local/lib/python3.12/site-packages/airflow/example_dags/plugins/listener_plugin.py for tasks to queue
[2026-05-09T08:21:07.712+0000] {logging_mixin.py:188} INFO - [2026-05-09T08:21:07.711+0000] {dagbag.py:545} INFO - Filling up the DagBag from /home/airflow/.local/lib/python3.12/site-packages/airflow/example_dags/plugins/listener_plugin.py
[2026-05-09T08:21:07.719+0000] {processor.py:842} WARNING - No viable dags retrieved from /home/airflow/.local/lib/python3.12/site-packages/airflow/example_dags/plugins/listener_plugin.py
[2026-05-09T08:21:07.744+0000] {processor.py:183} INFO - Processing /home/airflow/.local/lib/python3.12/site-packages/airflow/example_dags/plugins/listener_plugin.py took 0.047 seconds
[2026-05-09T08:21:38.616+0000] {processor.py:161} INFO - Started process (PID=18676) to work on /home/airflow/.local/lib/python3.12/site-packages/airflow/example_dags/plugins/listener_plugin.py
[2026-05-09T08:21:38.625+0000] {processor.py:830} INFO - Processing file /home/airflow/.local/lib/python3.12/site-packages/airflow/example_dags/plugins/listener_plugin.py for tasks to queue
[2026-05-09T08:21:38.632+0000] {logging_mixin.py:188} INFO - [2026-05-09T08:21:38.631+0000] {dagbag.py:545} INFO - Filling up the DagBag from /home/airflow/.local/lib/python3.12/site-packages/airflow/example_dags/plugins/listener_plugin.py
[2026-05-09T08:21:38.641+0000] {processor.py:842} WARNING - No viable dags retrieved from /home/airflow/.local/lib/python3.12/site-packages/airflow/example_dags/plugins/listener_plugin.py
[2026-05-09T08:21:38.663+0000] {processor.py:183} INFO - Processing /home/airflow/.local/lib/python3.12/site-packages/airflow/example_dags/plugins/listener_plugin.py took 0.062 seconds
[2026-05-09T18:58:45.221+0000] {processor.py:161} INFO - Started process (PID=108) to work on /home/airflow/.local/lib/python3.12/site-packages/airflow/example_dags/plugins/listener_plugin.py
[2026-05-09T18:58:45.223+0000] {processor.py:830} INFO - Processing file /home/airflow/.local/lib/python3.12/site-packages/airflow/example_dags/plugins/listener_plugin.py for tasks to queue
[2026-05-09T18:58:45.226+0000] {logging_mixin.py:188} INFO - [2026-05-09T18:58:45.226+0000] {dagbag.py:545} INFO - Filling up the DagBag from /home/airflow/.local/lib/python3.12/site-packages/airflow/example_dags/plugins/listener_plugin.py
[2026-05-09T18:58:45.232+0000] {processor.py:842} WARNING - No viable dags retrieved from /home/airflow/.local/lib/python3.12/site-packages/airflow/example_dags/plugins/listener_plugin.py
[2026-05-09T18:58:45.247+0000] {processor.py:183} INFO - Processing /home/airflow/.local/lib/python3.12/site-packages/airflow/example_dags/plugins/listener_plugin.py took 0.031 seconds
[2026-05-09T18:59:15.615+0000] {processor.py:161} INFO - Started process (PID=166) to work on /home/airflow/.local/lib/python3.12/site-packages/airflow/example_dags/plugins/listener_plugin.py
[2026-05-09T18:59:15.617+0000] {processor.py:830} INFO - Processing file /home/airflow/.local/lib/python3.12/site-packages/airflow/example_dags/plugins/listener_plugin.py for tasks to queue
[2026-05-09T18:59:15.622+0000] {logging_mixin.py:188} INFO - [2026-05-09T18:59:15.622+0000] {dagbag.py:545} INFO - Filling up the DagBag from /home/airflow/.local/lib/python3.12/site-packages/airflow/example_dags/plugins/listener_plugin.py
[2026-05-09T18:59:15.628+0000] {processor.py:842} WARNING - No viable dags retrieved from /home/airflow/.local/lib/python3.12/site-packages/airflow/example_dags/plugins/listener_plugin.py
[2026-05-09T18:59:15.643+0000] {processor.py:183} INFO - Processing /home/airflow/.local/lib/python3.12/site-packages/airflow/example_dags/plugins/listener_plugin.py took 0.036 seconds
[2026-05-09T18:59:46.236+0000] {processor.py:161} INFO - Started process (PID=226) to work on /home/airflow/.local/lib/python3.12/site-packages/airflow/example_dags/plugins/listener_plugin.py
[2026-05-09T18:59:46.237+0000] {processor.py:830} INFO - Processing file /home/airflow/.local/lib/python3.12/site-packages/airflow/example_dags/plugins/listener_plugin.py for tasks to queue
[2026-05-09T18:59:46.240+0000] {logging_mixin.py:188} INFO - [2026-05-09T18:59:46.240+0000] {dagbag.py:545} INFO - Filling up the DagBag from /home/airflow/.local/lib/python3.12/site-packages/airflow/example_dags/plugins/listener_plugin.py
[2026-05-09T18:59:46.242+0000] {processor.py:842} WARNING - No viable dags retrieved from /home/airflow/.local/lib/python3.12/site-packages/airflow/example_dags/plugins/listener_plugin.py
[2026-05-09T18:59:46.257+0000] {processor.py:183} INFO - Processing /home/airflow/.local/lib/python3.12/site-packages/airflow/example_dags/plugins/listener_plugin.py took 0.025 seconds
[2026-05-09T19:00:16.652+0000] {processor.py:161} INFO - Started process (PID=286) to work on /home/airflow/.local/lib/python3.12/site-packages/airflow/example_dags/plugins/listener_plugin.py
[2026-05-09T19:00:16.653+0000] {processor.py:830} INFO - Processing file /home/airflow/.local/lib/python3.12/site-packages/airflow/example_dags/plugins/listener_plugin.py for tasks to queue
[2026-05-09T19:00:16.655+0000] {logging_mixin.py:188} INFO - [2026-05-09T19:00:16.655+0000] {dagbag.py:545} INFO - Filling up the DagBag from /home/airflow/.local/lib/python3.12/site-packages/airflow/example_dags/plugins/listener_plugin.py
[2026-05-09T19:00:16.657+0000] {processor.py:842} WARNING - No viable dags retrieved from /home/airflow/.local/lib/python3.12/site-packages/airflow/example_dags/plugins/listener_plugin.py
[2026-05-09T19:00:16.669+0000] {processor.py:183} INFO - Processing /home/airflow/.local/lib/python3.12/site-packages/airflow/example_dags/plugins/listener_plugin.py took 0.021 seconds
[2026-05-09T19:00:47.900+0000] {processor.py:161} INFO - Started process (PID=348) to work on /home/airflow/.local/lib/python3.12/site-packages/airflow/example_dags/plugins/listener_plugin.py
[2026-05-09T19:00:47.901+0000] {processor.py:830} INFO - Processing file /home/airflow/.local/lib/python3.12/site-packages/airflow/example_dags/plugins/listener_plugin.py for tasks to queue
[2026-05-09T19:00:47.903+0000] {logging_mixin.py:188} INFO - [2026-05-09T19:00:47.902+0000] {dagbag.py:545} INFO - Filling up the DagBag from /home/airflow/.local/lib/python3.12/site-packages/airflow/example_dags/plugins/listener_plugin.py
[2026-05-09T19:00:47.905+0000] {processor.py:842} WARNING - No viable dags retrieved from /home/airflow/.local/lib/python3.12/site-packages/airflow/example_dags/plugins/listener_plugin.py
[2026-05-09T19:00:47.921+0000] {processor.py:183} INFO - Processing /home/airflow/.local/lib/python3.12/site-packages/airflow/example_dags/plugins/listener_plugin.py took 0.026 seconds
[2026-05-09T19:01:17.964+0000] {processor.py:161} INFO - Started process (PID=406) to work on /home/airflow/.local/lib/python3.12/site-packages/airflow/example_dags/plugins/listener_plugin.py
[2026-05-09T19:01:17.965+0000] {processor.py:830} INFO - Processing file /home/airflow/.local/lib/python3.12/site-packages/airflow/example_dags/plugins/listener_plugin.py for tasks to queue
[2026-05-09T19:01:17.967+0000] {logging_mixin.py:188} INFO - [2026-05-09T19:01:17.967+0000] {dagbag.py:545} INFO - Filling up the DagBag from /home/airflow/.local/lib/python3.12/site-packages/airflow/example_dags/plugins/listener_plugin.py
[2026-05-09T19:01:17.970+0000] {processor.py:842} WARNING - No viable dags retrieved from /home/airflow/.local/lib/python3.12/site-packages/airflow/example_dags/plugins/listener_plugin.py
[2026-05-09T19:01:17.983+0000] {processor.py:183} INFO - Processing /home/airflow/.local/lib/python3.12/site-packages/airflow/example_dags/plugins/listener_plugin.py took 0.025 seconds
[2026-05-09T19:01:48.255+0000] {processor.py:161} INFO - Started process (PID=466) to work on /home/airflow/.local/lib/python3.12/site-packages/airflow/example_dags/plugins/listener_plugin.py
[2026-05-09T19:01:48.257+0000] {processor.py:830} INFO - Processing file /home/airflow/.local/lib/python3.12/site-packages/airflow/example_dags/plugins/listener_plugin.py for tasks to queue
[2026-05-09T19:01:48.259+0000] {logging_mixin.py:188} INFO - [2026-05-09T19:01:48.258+0000] {dagbag.py:545} INFO - Filling up the DagBag from /home/airflow/.local/lib/python3.12/site-packages/airflow/example_dags/plugins/listener_plugin.py
[2026-05-09T19:01:48.262+0000] {processor.py:842} WARNING - No viable dags retrieved from /home/airflow/.local/lib/python3.12/site-packages/airflow/example_dags/plugins/listener_plugin.py
[2026-05-09T19:01:48.274+0000] {processor.py:183} INFO - Processing /home/airflow/.local/lib/python3.12/site-packages/airflow/example_dags/plugins/listener_plugin.py took 0.024 seconds
[2026-05-09T19:02:18.989+0000] {processor.py:161} INFO - Started process (PID=526) to work on /home/airflow/.local/lib/python3.12/site-packages/airflow/example_dags/plugins/listener_plugin.py
[2026-05-09T19:02:18.991+0000] {processor.py:830} INFO - Processing file /home/airflow/.local/lib/python3.12/site-packages/airflow/example_dags/plugins/listener_plugin.py for tasks to queue
[2026-05-09T19:02:18.994+0000] {logging_mixin.py:188} INFO - [2026-05-09T19:02:18.993+0000] {dagbag.py:545} INFO - Filling up the DagBag from /home/airflow/.local/lib/python3.12/site-packages/airflow/example_dags/plugins/listener_plugin.py
[2026-05-09T19:02:18.997+0000] {processor.py:842} WARNING - No viable dags retrieved from /home/airflow/.local/lib/python3.12/site-packages/airflow/example_dags/plugins/listener_plugin.py
[2026-05-09T19:02:19.011+0000] {processor.py:183} INFO - Processing /home/airflow/.local/lib/python3.12/site-packages/airflow/example_dags/plugins/listener_plugin.py took 0.030 seconds
[2026-05-09T19:02:50.009+0000] {processor.py:161} INFO - Started process (PID=586) to work on /home/airflow/.local/lib/python3.12/site-packages/airflow/example_dags/plugins/listener_plugin.py
[2026-05-09T19:02:50.011+0000] {processor.py:830} INFO - Processing file /home/airflow/.local/lib/python3.12/site-packages/airflow/example_dags/plugins/listener_plugin.py for tasks to queue
[2026-05-09T19:02:50.013+0000] {logging_mixin.py:188} INFO - [2026-05-09T19:02:50.012+0000] {dagbag.py:545} INFO - Filling up the DagBag from /home/airflow/.local/lib/python3.12/site-packages/airflow/example_dags/plugins/listener_plugin.py
[2026-05-09T19:02:50.015+0000] {processor.py:842} WARNING - No viable dags retrieved from /home/airflow/.local/lib/python3.12/site-packages/airflow/example_dags/plugins/listener_plugin.py
[2026-05-09T19:02:50.030+0000] {processor.py:183} INFO - Processing /home/airflow/.local/lib/python3.12/site-packages/airflow/example_dags/plugins/listener_plugin.py took 0.027 seconds
[2026-05-09T19:03:21.072+0000] {processor.py:161} INFO - Started process (PID=646) to work on /home/airflow/.local/lib/python3.12/site-packages/airflow/example_dags/plugins/listener_plugin.py
[2026-05-09T19:03:21.073+0000] {processor.py:830} INFO - Processing file /home/airflow/.local/lib/python3.12/site-packages/airflow/example_dags/plugins/listener_plugin.py for tasks to queue
[2026-05-09T19:03:21.076+0000] {logging_mixin.py:188} INFO - [2026-05-09T19:03:21.076+0000] {dagbag.py:545} INFO - Filling up the DagBag from /home/airflow/.local/lib/python3.12/site-packages/airflow/example_dags/plugins/listener_plugin.py
[2026-05-09T19:03:21.079+0000] {processor.py:842} WARNING - No viable dags retrieved from /home/airflow/.local/lib/python3.12/site-packages/airflow/example_dags/plugins/listener_plugin.py
[2026-05-09T19:03:21.091+0000] {processor.py:183} INFO - Processing /home/airflow/.local/lib/python3.12/site-packages/airflow/example_dags/plugins/listener_plugin.py took 0.024 seconds
[2026-05-09T19:03:52.834+0000] {processor.py:161} INFO - Started process (PID=708) to work on /home/airflow/.local/lib/python3.12/site-packages/airflow/example_dags/plugins/listener_plugin.py
[2026-05-09T19:03:52.836+0000] {processor.py:830} INFO - Processing file /home/airflow/.local/lib/python3.12/site-packages/airflow/example_dags/plugins/listener_plugin.py for tasks to queue
[2026-05-09T19:03:52.840+0000] {logging_mixin.py:188} INFO - [2026-05-09T19:03:52.839+0000] {dagbag.py:545} INFO - Filling up the DagBag from /home/airflow/.local/lib/python3.12/site-packages/airflow/example_dags/plugins/listener_plugin.py
[2026-05-09T19:03:52.844+0000] {processor.py:842} WARNING - No viable dags retrieved from /home/airflow/.local/lib/python3.12/site-packages/airflow/example_dags/plugins/listener_plugin.py
[2026-05-09T19:03:52.863+0000] {processor.py:183} INFO - Processing /home/airflow/.local/lib/python3.12/site-packages/airflow/example_dags/plugins/listener_plugin.py took 0.036 seconds
[2026-05-09T19:04:24.256+0000] {processor.py:161} INFO - Started process (PID=769) to work on /home/airflow/.local/lib/python3.12/site-packages/airflow/example_dags/plugins/listener_plugin.py
[2026-05-09T19:04:24.258+0000] {processor.py:830} INFO - Processing file /home/airflow/.local/lib/python3.12/site-packages/airflow/example_dags/plugins/listener_plugin.py for tasks to queue
[2026-05-09T19:04:24.262+0000] {logging_mixin.py:188} INFO - [2026-05-09T19:04:24.262+0000] {dagbag.py:545} INFO - Filling up the DagBag from /home/airflow/.local/lib/python3.12/site-packages/airflow/example_dags/plugins/listener_plugin.py
[2026-05-09T19:04:24.267+0000] {processor.py:842} WARNING - No viable dags retrieved from /home/airflow/.local/lib/python3.12/site-packages/airflow/example_dags/plugins/listener_plugin.py
[2026-05-09T19:04:24.299+0000] {processor.py:183} INFO - Processing /home/airflow/.local/lib/python3.12/site-packages/airflow/example_dags/plugins/listener_plugin.py took 0.064 seconds
[2026-05-09T19:04:54.545+0000] {processor.py:161} INFO - Started process (PID=827) to work on /home/airflow/.local/lib/python3.12/site-packages/airflow/example_dags/plugins/listener_plugin.py
[2026-05-09T19:04:54.547+0000] {processor.py:830} INFO - Processing file /home/airflow/.local/lib/python3.12/site-packages/airflow/example_dags/plugins/listener_plugin.py for tasks to queue
[2026-05-09T19:04:54.550+0000] {logging_mixin.py:188} INFO - [2026-05-09T19:04:54.549+0000] {dagbag.py:545} INFO - Filling up the DagBag from /home/airflow/.local/lib/python3.12/site-packages/airflow/example_dags/plugins/listener_plugin.py
[2026-05-09T19:04:54.553+0000] {processor.py:842} WARNING - No viable dags retrieved from /home/airflow/.local/lib/python3.12/site-packages/airflow/example_dags/plugins/listener_plugin.py
[2026-05-09T19:04:54.572+0000] {processor.py:183} INFO - Processing /home/airflow/.local/lib/python3.12/site-packages/airflow/example_dags/plugins/listener_plugin.py took 0.037 seconds
[2026-05-09T19:05:24.921+0000] {processor.py:161} INFO - Started process (PID=887) to work on /home/airflow/.local/lib/python3.12/site-packages/airflow/example_dags/plugins/listener_plugin.py
[2026-05-09T19:05:24.923+0000] {processor.py:830} INFO - Processing file /home/airflow/.local/lib/python3.12/site-packages/airflow/example_dags/plugins/listener_plugin.py for tasks to queue
[2026-05-09T19:05:24.927+0000] {logging_mixin.py:188} INFO - [2026-05-09T19:05:24.926+0000] {dagbag.py:545} INFO - Filling up the DagBag from /home/airflow/.local/lib/python3.12/site-packages/airflow/example_dags/plugins/listener_plugin.py
[2026-05-09T19:05:24.931+0000] {processor.py:842} WARNING - No viable dags retrieved from /home/airflow/.local/lib/python3.12/site-packages/airflow/example_dags/plugins/listener_plugin.py
[2026-05-09T19:05:24.951+0000] {processor.py:183} INFO - Processing /home/airflow/.local/lib/python3.12/site-packages/airflow/example_dags/plugins/listener_plugin.py took 0.041 seconds
[2026-05-09T19:05:55.855+0000] {processor.py:161} INFO - Started process (PID=947) to work on /home/airflow/.local/lib/python3.12/site-packages/airflow/example_dags/plugins/listener_plugin.py
[2026-05-09T19:05:55.858+0000] {processor.py:830} INFO - Processing file /home/airflow/.local/lib/python3.12/site-packages/airflow/example_dags/plugins/listener_plugin.py for tasks to queue
[2026-05-09T19:05:55.862+0000] {logging_mixin.py:188} INFO - [2026-05-09T19:05:55.861+0000] {dagbag.py:545} INFO - Filling up the DagBag from /home/airflow/.local/lib/python3.12/site-packages/airflow/example_dags/plugins/listener_plugin.py
[2026-05-09T19:05:55.868+0000] {processor.py:842} WARNING - No viable dags retrieved from /home/airflow/.local/lib/python3.12/site-packages/airflow/example_dags/plugins/listener_plugin.py
[2026-05-09T19:05:55.899+0000] {processor.py:183} INFO - Processing /home/airflow/.local/lib/python3.12/site-packages/airflow/example_dags/plugins/listener_plugin.py took 0.054 seconds
[2026-05-09T19:06:25.966+0000] {processor.py:161} INFO - Started process (PID=1006) to work on /home/airflow/.local/lib/python3.12/site-packages/airflow/example_dags/plugins/listener_plugin.py
[2026-05-09T19:06:25.968+0000] {processor.py:830} INFO - Processing file /home/airflow/.local/lib/python3.12/site-packages/airflow/example_dags/plugins/listener_plugin.py for tasks to queue
[2026-05-09T19:06:25.971+0000] {logging_mixin.py:188} INFO - [2026-05-09T19:06:25.970+0000] {dagbag.py:545} INFO - Filling up the DagBag from /home/airflow/.local/lib/python3.12/site-packages/airflow/example_dags/plugins/listener_plugin.py
[2026-05-09T19:06:25.975+0000] {processor.py:842} WARNING - No viable dags retrieved from /home/airflow/.local/lib/python3.12/site-packages/airflow/example_dags/plugins/listener_plugin.py
[2026-05-09T19:06:25.996+0000] {processor.py:183} INFO - Processing /home/airflow/.local/lib/python3.12/site-packages/airflow/example_dags/plugins/listener_plugin.py took 0.036 seconds
[2026-05-09T19:06:57.191+0000] {processor.py:161} INFO - Started process (PID=1066) to work on /home/airflow/.local/lib/python3.12/site-packages/airflow/example_dags/plugins/listener_plugin.py
[2026-05-09T19:06:57.192+0000] {processor.py:830} INFO - Processing file /home/airflow/.local/lib/python3.12/site-packages/airflow/example_dags/plugins/listener_plugin.py for tasks to queue
[2026-05-09T19:06:57.196+0000] {logging_mixin.py:188} INFO - [2026-05-09T19:06:57.195+0000] {dagbag.py:545} INFO - Filling up the DagBag from /home/airflow/.local/lib/python3.12/site-packages/airflow/example_dags/plugins/listener_plugin.py
[2026-05-09T19:06:57.200+0000] {processor.py:842} WARNING - No viable dags retrieved from /home/airflow/.local/lib/python3.12/site-packages/airflow/example_dags/plugins/listener_plugin.py
[2026-05-09T19:06:57.220+0000] {processor.py:183} INFO - Processing /home/airflow/.local/lib/python3.12/site-packages/airflow/example_dags/plugins/listener_plugin.py took 0.039 seconds
[2026-05-09T19:07:29.041+0000] {processor.py:161} INFO - Started process (PID=1127) to work on /home/airflow/.local/lib/python3.12/site-packages/airflow/example_dags/plugins/listener_plugin.py
[2026-05-09T19:07:29.043+0000] {processor.py:830} INFO - Processing file /home/airflow/.local/lib/python3.12/site-packages/airflow/example_dags/plugins/listener_plugin.py for tasks to queue
[2026-05-09T19:07:29.061+0000] {logging_mixin.py:188} INFO - [2026-05-09T19:07:29.050+0000] {dagbag.py:545} INFO - Filling up the DagBag from /home/airflow/.local/lib/python3.12/site-packages/airflow/example_dags/plugins/listener_plugin.py
[2026-05-09T19:07:29.072+0000] {processor.py:842} WARNING - No viable dags retrieved from /home/airflow/.local/lib/python3.12/site-packages/airflow/example_dags/plugins/listener_plugin.py
[2026-05-09T19:07:29.104+0000] {processor.py:183} INFO - Processing /home/airflow/.local/lib/python3.12/site-packages/airflow/example_dags/plugins/listener_plugin.py took 0.096 seconds
[2026-05-09T19:07:59.978+0000] {processor.py:161} INFO - Started process (PID=1188) to work on /home/airflow/.local/lib/python3.12/site-packages/airflow/example_dags/plugins/listener_plugin.py
[2026-05-09T19:07:59.980+0000] {processor.py:830} INFO - Processing file /home/airflow/.local/lib/python3.12/site-packages/airflow/example_dags/plugins/listener_plugin.py for tasks to queue
[2026-05-09T19:07:59.983+0000] {logging_mixin.py:188} INFO - [2026-05-09T19:07:59.983+0000] {dagbag.py:545} INFO - Filling up the DagBag from /home/airflow/.local/lib/python3.12/site-packages/airflow/example_dags/plugins/listener_plugin.py
[2026-05-09T19:07:59.987+0000] {processor.py:842} WARNING - No viable dags retrieved from /home/airflow/.local/lib/python3.12/site-packages/airflow/example_dags/plugins/listener_plugin.py
[2026-05-09T19:08:00.010+0000] {processor.py:183} INFO - Processing /home/airflow/.local/lib/python3.12/site-packages/airflow/example_dags/plugins/listener_plugin.py took 0.038 seconds
[2026-05-09T19:08:30.295+0000] {processor.py:161} INFO - Started process (PID=1247) to work on /home/airflow/.local/lib/python3.12/site-packages/airflow/example_dags/plugins/listener_plugin.py
[2026-05-09T19:08:30.298+0000] {processor.py:830} INFO - Processing file /home/airflow/.local/lib/python3.12/site-packages/airflow/example_dags/plugins/listener_plugin.py for tasks to queue
[2026-05-09T19:08:30.302+0000] {logging_mixin.py:188} INFO - [2026-05-09T19:08:30.302+0000] {dagbag.py:545} INFO - Filling up the DagBag from /home/airflow/.local/lib/python3.12/site-packages/airflow/example_dags/plugins/listener_plugin.py
[2026-05-09T19:08:30.307+0000] {processor.py:842} WARNING - No viable dags retrieved from /home/airflow/.local/lib/python3.12/site-packages/airflow/example_dags/plugins/listener_plugin.py
[2026-05-09T19:08:30.332+0000] {processor.py:183} INFO - Processing /home/airflow/.local/lib/python3.12/site-packages/airflow/example_dags/plugins/listener_plugin.py took 0.047 seconds
[2026-05-09T19:09:00.924+0000] {processor.py:161} INFO - Started process (PID=1307) to work on /home/airflow/.local/lib/python3.12/site-packages/airflow/example_dags/plugins/listener_plugin.py
[2026-05-09T19:09:00.926+0000] {processor.py:830} INFO - Processing file /home/airflow/.local/lib/python3.12/site-packages/airflow/example_dags/plugins/listener_plugin.py for tasks to queue
[2026-05-09T19:09:00.930+0000] {logging_mixin.py:188} INFO - [2026-05-09T19:09:00.929+0000] {dagbag.py:545} INFO - Filling up the DagBag from /home/airflow/.local/lib/python3.12/site-packages/airflow/example_dags/plugins/listener_plugin.py
[2026-05-09T19:09:00.934+0000] {processor.py:842} WARNING - No viable dags retrieved from /home/airflow/.local/lib/python3.12/site-packages/airflow/example_dags/plugins/listener_plugin.py
[2026-05-09T19:09:00.947+0000] {processor.py:183} INFO - Processing /home/airflow/.local/lib/python3.12/site-packages/airflow/example_dags/plugins/listener_plugin.py took 0.028 seconds
[2026-05-09T19:09:31.436+0000] {processor.py:161} INFO - Started process (PID=1367) to work on /home/airflow/.local/lib/python3.12/site-packages/airflow/example_dags/plugins/listener_plugin.py
[2026-05-09T19:09:31.437+0000] {processor.py:830} INFO - Processing file /home/airflow/.local/lib/python3.12/site-packages/airflow/example_dags/plugins/listener_plugin.py for tasks to queue
[2026-05-09T19:09:31.439+0000] {logging_mixin.py:188} INFO - [2026-05-09T19:09:31.439+0000] {dagbag.py:545} INFO - Filling up the DagBag from /home/airflow/.local/lib/python3.12/site-packages/airflow/example_dags/plugins/listener_plugin.py
[2026-05-09T19:09:31.442+0000] {processor.py:842} WARNING - No viable dags retrieved from /home/airflow/.local/lib/python3.12/site-packages/airflow/example_dags/plugins/listener_plugin.py
[2026-05-09T19:09:31.454+0000] {processor.py:183} INFO - Processing /home/airflow/.local/lib/python3.12/site-packages/airflow/example_dags/plugins/listener_plugin.py took 0.022 seconds
[2026-05-09T19:10:01.630+0000] {processor.py:161} INFO - Started process (PID=1427) to work on /home/airflow/.local/lib/python3.12/site-packages/airflow/example_dags/plugins/listener_plugin.py
[2026-05-09T19:10:01.631+0000] {processor.py:830} INFO - Processing file /home/airflow/.local/lib/python3.12/site-packages/airflow/example_dags/plugins/listener_plugin.py for tasks to queue
[2026-05-09T19:10:01.633+0000] {logging_mixin.py:188} INFO - [2026-05-09T19:10:01.633+0000] {dagbag.py:545} INFO - Filling up the DagBag from /home/airflow/.local/lib/python3.12/site-packages/airflow/example_dags/plugins/listener_plugin.py
[2026-05-09T19:10:01.636+0000] {processor.py:842} WARNING - No viable dags retrieved from /home/airflow/.local/lib/python3.12/site-packages/airflow/example_dags/plugins/listener_plugin.py
[2026-05-09T19:10:01.647+0000] {processor.py:183} INFO - Processing /home/airflow/.local/lib/python3.12/site-packages/airflow/example_dags/plugins/listener_plugin.py took 0.022 seconds
[2026-05-09T19:10:32.681+0000] {processor.py:161} INFO - Started process (PID=1487) to work on /home/airflow/.local/lib/python3.12/site-packages/airflow/example_dags/plugins/listener_plugin.py
[2026-05-09T19:10:32.682+0000] {processor.py:830} INFO - Processing file /home/airflow/.local/lib/python3.12/site-packages/airflow/example_dags/plugins/listener_plugin.py for tasks to queue
[2026-05-09T19:10:32.684+0000] {logging_mixin.py:188} INFO - [2026-05-09T19:10:32.684+0000] {dagbag.py:545} INFO - Filling up the DagBag from /home/airflow/.local/lib/python3.12/site-packages/airflow/example_dags/plugins/listener_plugin.py
[2026-05-09T19:10:32.687+0000] {processor.py:842} WARNING - No viable dags retrieved from /home/airflow/.local/lib/python3.12/site-packages/airflow/example_dags/plugins/listener_plugin.py
[2026-05-09T19:10:32.699+0000] {processor.py:183} INFO - Processing /home/airflow/.local/lib/python3.12/site-packages/airflow/example_dags/plugins/listener_plugin.py took 0.024 seconds
[2026-05-09T19:11:02.779+0000] {processor.py:161} INFO - Started process (PID=1545) to work on /home/airflow/.local/lib/python3.12/site-packages/airflow/example_dags/plugins/listener_plugin.py
[2026-05-09T19:11:02.781+0000] {processor.py:830} INFO - Processing file /home/airflow/.local/lib/python3.12/site-packages/airflow/example_dags/plugins/listener_plugin.py for tasks to queue
[2026-05-09T19:11:02.782+0000] {logging_mixin.py:188} INFO - [2026-05-09T19:11:02.782+0000] {dagbag.py:545} INFO - Filling up the DagBag from /home/airflow/.local/lib/python3.12/site-packages/airflow/example_dags/plugins/listener_plugin.py
[2026-05-09T19:11:02.786+0000] {processor.py:842} WARNING - No viable dags retrieved from /home/airflow/.local/lib/python3.12/site-packages/airflow/example_dags/plugins/listener_plugin.py
[2026-05-09T19:11:02.800+0000] {processor.py:183} INFO - Processing /home/airflow/.local/lib/python3.12/site-packages/airflow/example_dags/plugins/listener_plugin.py took 0.025 seconds
[2026-05-09T19:11:42.751+0000] {processor.py:161} INFO - Started process (PID=1610) to work on /home/airflow/.local/lib/python3.12/site-packages/airflow/example_dags/plugins/listener_plugin.py
[2026-05-09T19:11:42.753+0000] {processor.py:830} INFO - Processing file /home/airflow/.local/lib/python3.12/site-packages/airflow/example_dags/plugins/listener_plugin.py for tasks to queue
[2026-05-09T19:11:42.755+0000] {logging_mixin.py:188} INFO - [2026-05-09T19:11:42.755+0000] {dagbag.py:545} INFO - Filling up the DagBag from /home/airflow/.local/lib/python3.12/site-packages/airflow/example_dags/plugins/listener_plugin.py
[2026-05-09T19:11:42.758+0000] {processor.py:842} WARNING - No viable dags retrieved from /home/airflow/.local/lib/python3.12/site-packages/airflow/example_dags/plugins/listener_plugin.py
[2026-05-09T19:11:42.771+0000] {processor.py:183} INFO - Processing /home/airflow/.local/lib/python3.12/site-packages/airflow/example_dags/plugins/listener_plugin.py took 0.025 seconds
[2026-05-09T19:12:12.999+0000] {processor.py:161} INFO - Started process (PID=1669) to work on /home/airflow/.local/lib/python3.12/site-packages/airflow/example_dags/plugins/listener_plugin.py
[2026-05-09T19:12:13.000+0000] {processor.py:830} INFO - Processing file /home/airflow/.local/lib/python3.12/site-packages/airflow/example_dags/plugins/listener_plugin.py for tasks to queue
[2026-05-09T19:12:13.003+0000] {logging_mixin.py:188} INFO - [2026-05-09T19:12:13.003+0000] {dagbag.py:545} INFO - Filling up the DagBag from /home/airflow/.local/lib/python3.12/site-packages/airflow/example_dags/plugins/listener_plugin.py
[2026-05-09T19:12:13.007+0000] {processor.py:842} WARNING - No viable dags retrieved from /home/airflow/.local/lib/python3.12/site-packages/airflow/example_dags/plugins/listener_plugin.py
[2026-05-09T19:12:13.024+0000] {processor.py:183} INFO - Processing /home/airflow/.local/lib/python3.12/site-packages/airflow/example_dags/plugins/listener_plugin.py took 0.031 seconds
[2026-05-09T19:12:43.248+0000] {processor.py:161} INFO - Started process (PID=1728) to work on /home/airflow/.local/lib/python3.12/site-packages/airflow/example_dags/plugins/listener_plugin.py
[2026-05-09T19:12:43.250+0000] {processor.py:830} INFO - Processing file /home/airflow/.local/lib/python3.12/site-packages/airflow/example_dags/plugins/listener_plugin.py for tasks to queue
[2026-05-09T19:12:43.252+0000] {logging_mixin.py:188} INFO - [2026-05-09T19:12:43.252+0000] {dagbag.py:545} INFO - Filling up the DagBag from /home/airflow/.local/lib/python3.12/site-packages/airflow/example_dags/plugins/listener_plugin.py
[2026-05-09T19:12:43.255+0000] {processor.py:842} WARNING - No viable dags retrieved from /home/airflow/.local/lib/python3.12/site-packages/airflow/example_dags/plugins/listener_plugin.py
[2026-05-09T19:12:43.271+0000] {processor.py:183} INFO - Processing /home/airflow/.local/lib/python3.12/site-packages/airflow/example_dags/plugins/listener_plugin.py took 0.030 seconds
[2026-05-09T19:13:13.564+0000] {processor.py:161} INFO - Started process (PID=1785) to work on /home/airflow/.local/lib/python3.12/site-packages/airflow/example_dags/plugins/listener_plugin.py
[2026-05-09T19:13:13.565+0000] {processor.py:830} INFO - Processing file /home/airflow/.local/lib/python3.12/site-packages/airflow/example_dags/plugins/listener_plugin.py for tasks to queue
[2026-05-09T19:13:13.567+0000] {logging_mixin.py:188} INFO - [2026-05-09T19:13:13.567+0000] {dagbag.py:545} INFO - Filling up the DagBag from /home/airflow/.local/lib/python3.12/site-packages/airflow/example_dags/plugins/listener_plugin.py
[2026-05-09T19:13:13.569+0000] {processor.py:842} WARNING - No viable dags retrieved from /home/airflow/.local/lib/python3.12/site-packages/airflow/example_dags/plugins/listener_plugin.py
[2026-05-09T19:13:13.581+0000] {processor.py:183} INFO - Processing /home/airflow/.local/lib/python3.12/site-packages/airflow/example_dags/plugins/listener_plugin.py took 0.022 seconds
[2026-05-09T19:13:44.202+0000] {processor.py:161} INFO - Started process (PID=1845) to work on /home/airflow/.local/lib/python3.12/site-packages/airflow/example_dags/plugins/listener_plugin.py
[2026-05-09T19:13:44.204+0000] {processor.py:830} INFO - Processing file /home/airflow/.local/lib/python3.12/site-packages/airflow/example_dags/plugins/listener_plugin.py for tasks to queue
[2026-05-09T19:13:44.207+0000] {logging_mixin.py:188} INFO - [2026-05-09T19:13:44.206+0000] {dagbag.py:545} INFO - Filling up the DagBag from /home/airflow/.local/lib/python3.12/site-packages/airflow/example_dags/plugins/listener_plugin.py
[2026-05-09T19:13:44.209+0000] {processor.py:842} WARNING - No viable dags retrieved from /home/airflow/.local/lib/python3.12/site-packages/airflow/example_dags/plugins/listener_plugin.py
[2026-05-09T19:13:44.223+0000] {processor.py:183} INFO - Processing /home/airflow/.local/lib/python3.12/site-packages/airflow/example_dags/plugins/listener_plugin.py took 0.029 seconds
[2026-05-09T19:14:15.318+0000] {processor.py:161} INFO - Started process (PID=1913) to work on /home/airflow/.local/lib/python3.12/site-packages/airflow/example_dags/plugins/listener_plugin.py
[2026-05-09T19:14:15.320+0000] {processor.py:830} INFO - Processing file /home/airflow/.local/lib/python3.12/site-packages/airflow/example_dags/plugins/listener_plugin.py for tasks to queue
[2026-05-09T19:14:15.322+0000] {logging_mixin.py:188} INFO - [2026-05-09T19:14:15.321+0000] {dagbag.py:545} INFO - Filling up the DagBag from /home/airflow/.local/lib/python3.12/site-packages/airflow/example_dags/plugins/listener_plugin.py
[2026-05-09T19:14:15.324+0000] {processor.py:842} WARNING - No viable dags retrieved from /home/airflow/.local/lib/python3.12/site-packages/airflow/example_dags/plugins/listener_plugin.py
[2026-05-09T19:14:15.335+0000] {processor.py:183} INFO - Processing /home/airflow/.local/lib/python3.12/site-packages/airflow/example_dags/plugins/listener_plugin.py took 0.022 seconds
[2026-05-09T19:14:45.598+0000] {processor.py:161} INFO - Started process (PID=1973) to work on /home/airflow/.local/lib/python3.12/site-packages/airflow/example_dags/plugins/listener_plugin.py
[2026-05-09T19:14:45.599+0000] {processor.py:830} INFO - Processing file /home/airflow/.local/lib/python3.12/site-packages/airflow/example_dags/plugins/listener_plugin.py for tasks to queue
[2026-05-09T19:14:45.601+0000] {logging_mixin.py:188} INFO - [2026-05-09T19:14:45.601+0000] {dagbag.py:545} INFO - Filling up the DagBag from /home/airflow/.local/lib/python3.12/site-packages/airflow/example_dags/plugins/listener_plugin.py
[2026-05-09T19:14:45.603+0000] {processor.py:842} WARNING - No viable dags retrieved from /home/airflow/.local/lib/python3.12/site-packages/airflow/example_dags/plugins/listener_plugin.py
[2026-05-09T19:14:45.615+0000] {processor.py:183} INFO - Processing /home/airflow/.local/lib/python3.12/site-packages/airflow/example_dags/plugins/listener_plugin.py took 0.022 seconds
[2026-05-09T19:15:15.747+0000] {processor.py:161} INFO - Started process (PID=2031) to work on /home/airflow/.local/lib/python3.12/site-packages/airflow/example_dags/plugins/listener_plugin.py
[2026-05-09T19:15:15.749+0000] {processor.py:830} INFO - Processing file /home/airflow/.local/lib/python3.12/site-packages/airflow/example_dags/plugins/listener_plugin.py for tasks to queue
[2026-05-09T19:15:15.751+0000] {logging_mixin.py:188} INFO - [2026-05-09T19:15:15.750+0000] {dagbag.py:545} INFO - Filling up the DagBag from /home/airflow/.local/lib/python3.12/site-packages/airflow/example_dags/plugins/listener_plugin.py
[2026-05-09T19:15:15.754+0000] {processor.py:842} WARNING - No viable dags retrieved from /home/airflow/.local/lib/python3.12/site-packages/airflow/example_dags/plugins/listener_plugin.py
[2026-05-09T19:15:15.765+0000] {processor.py:183} INFO - Processing /home/airflow/.local/lib/python3.12/site-packages/airflow/example_dags/plugins/listener_plugin.py took 0.022 seconds
[2026-05-09T19:15:45.910+0000] {processor.py:161} INFO - Started process (PID=2091) to work on /home/airflow/.local/lib/python3.12/site-packages/airflow/example_dags/plugins/listener_plugin.py
[2026-05-09T19:15:45.911+0000] {processor.py:830} INFO - Processing file /home/airflow/.local/lib/python3.12/site-packages/airflow/example_dags/plugins/listener_plugin.py for tasks to queue
[2026-05-09T19:15:45.913+0000] {logging_mixin.py:188} INFO - [2026-05-09T19:15:45.913+0000] {dagbag.py:545} INFO - Filling up the DagBag from /home/airflow/.local/lib/python3.12/site-packages/airflow/example_dags/plugins/listener_plugin.py
[2026-05-09T19:15:45.916+0000] {processor.py:842} WARNING - No viable dags retrieved from /home/airflow/.local/lib/python3.12/site-packages/airflow/example_dags/plugins/listener_plugin.py
[2026-05-09T19:15:45.929+0000] {processor.py:183} INFO - Processing /home/airflow/.local/lib/python3.12/site-packages/airflow/example_dags/plugins/listener_plugin.py took 0.024 seconds
[2026-05-09T19:16:16.780+0000] {processor.py:161} INFO - Started process (PID=2150) to work on /home/airflow/.local/lib/python3.12/site-packages/airflow/example_dags/plugins/listener_plugin.py
[2026-05-09T19:16:16.781+0000] {processor.py:830} INFO - Processing file /home/airflow/.local/lib/python3.12/site-packages/airflow/example_dags/plugins/listener_plugin.py for tasks to queue
[2026-05-09T19:16:16.783+0000] {logging_mixin.py:188} INFO - [2026-05-09T19:16:16.783+0000] {dagbag.py:545} INFO - Filling up the DagBag from /home/airflow/.local/lib/python3.12/site-packages/airflow/example_dags/plugins/listener_plugin.py
[2026-05-09T19:16:16.785+0000] {processor.py:842} WARNING - No viable dags retrieved from /home/airflow/.local/lib/python3.12/site-packages/airflow/example_dags/plugins/listener_plugin.py
[2026-05-09T19:16:16.799+0000] {processor.py:183} INFO - Processing /home/airflow/.local/lib/python3.12/site-packages/airflow/example_dags/plugins/listener_plugin.py took 0.023 seconds
[2026-05-09T19:16:47.412+0000] {processor.py:161} INFO - Started process (PID=2210) to work on /home/airflow/.local/lib/python3.12/site-packages/airflow/example_dags/plugins/listener_plugin.py
[2026-05-09T19:16:47.414+0000] {processor.py:830} INFO - Processing file /home/airflow/.local/lib/python3.12/site-packages/airflow/example_dags/plugins/listener_plugin.py for tasks to queue
[2026-05-09T19:16:47.416+0000] {logging_mixin.py:188} INFO - [2026-05-09T19:16:47.416+0000] {dagbag.py:545} INFO - Filling up the DagBag from /home/airflow/.local/lib/python3.12/site-packages/airflow/example_dags/plugins/listener_plugin.py
[2026-05-09T19:16:47.420+0000] {processor.py:842} WARNING - No viable dags retrieved from /home/airflow/.local/lib/python3.12/site-packages/airflow/example_dags/plugins/listener_plugin.py
[2026-05-09T19:16:47.434+0000] {processor.py:183} INFO - Processing /home/airflow/.local/lib/python3.12/site-packages/airflow/example_dags/plugins/listener_plugin.py took 0.026 seconds
[2026-05-09T19:17:17.718+0000] {processor.py:161} INFO - Started process (PID=2270) to work on /home/airflow/.local/lib/python3.12/site-packages/airflow/example_dags/plugins/listener_plugin.py
[2026-05-09T19:17:17.719+0000] {processor.py:830} INFO - Processing file /home/airflow/.local/lib/python3.12/site-packages/airflow/example_dags/plugins/listener_plugin.py for tasks to queue
[2026-05-09T19:17:17.721+0000] {logging_mixin.py:188} INFO - [2026-05-09T19:17:17.721+0000] {dagbag.py:545} INFO - Filling up the DagBag from /home/airflow/.local/lib/python3.12/site-packages/airflow/example_dags/plugins/listener_plugin.py
[2026-05-09T19:17:17.724+0000] {processor.py:842} WARNING - No viable dags retrieved from /home/airflow/.local/lib/python3.12/site-packages/airflow/example_dags/plugins/listener_plugin.py
[2026-05-09T19:17:17.736+0000] {processor.py:183} INFO - Processing /home/airflow/.local/lib/python3.12/site-packages/airflow/example_dags/plugins/listener_plugin.py took 0.023 seconds
[2026-05-09T19:17:47.937+0000] {processor.py:161} INFO - Started process (PID=2330) to work on /home/airflow/.local/lib/python3.12/site-packages/airflow/example_dags/plugins/listener_plugin.py
[2026-05-09T19:17:47.939+0000] {processor.py:830} INFO - Processing file /home/airflow/.local/lib/python3.12/site-packages/airflow/example_dags/plugins/listener_plugin.py for tasks to queue
[2026-05-09T19:17:47.942+0000] {logging_mixin.py:188} INFO - [2026-05-09T19:17:47.941+0000] {dagbag.py:545} INFO - Filling up the DagBag from /home/airflow/.local/lib/python3.12/site-packages/airflow/example_dags/plugins/listener_plugin.py
[2026-05-09T19:17:47.946+0000] {processor.py:842} WARNING - No viable dags retrieved from /home/airflow/.local/lib/python3.12/site-packages/airflow/example_dags/plugins/listener_plugin.py
[2026-05-09T19:17:47.966+0000] {processor.py:183} INFO - Processing /home/airflow/.local/lib/python3.12/site-packages/airflow/example_dags/plugins/listener_plugin.py took 0.036 seconds
[2026-05-09T19:18:19.036+0000] {processor.py:161} INFO - Started process (PID=2390) to work on /home/airflow/.local/lib/python3.12/site-packages/airflow/example_dags/plugins/listener_plugin.py
[2026-05-09T19:18:19.039+0000] {processor.py:830} INFO - Processing file /home/airflow/.local/lib/python3.12/site-packages/airflow/example_dags/plugins/listener_plugin.py for tasks to queue
[2026-05-09T19:18:19.044+0000] {logging_mixin.py:188} INFO - [2026-05-09T19:18:19.043+0000] {dagbag.py:545} INFO - Filling up the DagBag from /home/airflow/.local/lib/python3.12/site-packages/airflow/example_dags/plugins/listener_plugin.py
[2026-05-09T19:18:19.049+0000] {processor.py:842} WARNING - No viable dags retrieved from /home/airflow/.local/lib/python3.12/site-packages/airflow/example_dags/plugins/listener_plugin.py
[2026-05-09T19:18:19.071+0000] {processor.py:183} INFO - Processing /home/airflow/.local/lib/python3.12/site-packages/airflow/example_dags/plugins/listener_plugin.py took 0.046 seconds
[2026-05-09T19:18:49.169+0000] {processor.py:161} INFO - Started process (PID=2451) to work on /home/airflow/.local/lib/python3.12/site-packages/airflow/example_dags/plugins/listener_plugin.py
[2026-05-09T19:18:49.171+0000] {processor.py:830} INFO - Processing file /home/airflow/.local/lib/python3.12/site-packages/airflow/example_dags/plugins/listener_plugin.py for tasks to queue
[2026-05-09T19:18:49.175+0000] {logging_mixin.py:188} INFO - [2026-05-09T19:18:49.174+0000] {dagbag.py:545} INFO - Filling up the DagBag from /home/airflow/.local/lib/python3.12/site-packages/airflow/example_dags/plugins/listener_plugin.py
[2026-05-09T19:18:49.180+0000] {processor.py:842} WARNING - No viable dags retrieved from /home/airflow/.local/lib/python3.12/site-packages/airflow/example_dags/plugins/listener_plugin.py
[2026-05-09T19:18:49.207+0000] {processor.py:183} INFO - Processing /home/airflow/.local/lib/python3.12/site-packages/airflow/example_dags/plugins/listener_plugin.py took 0.046 seconds
[2026-05-09T19:19:19.465+0000] {processor.py:161} INFO - Started process (PID=2510) to work on /home/airflow/.local/lib/python3.12/site-packages/airflow/example_dags/plugins/listener_plugin.py
[2026-05-09T19:19:19.467+0000] {processor.py:830} INFO - Processing file /home/airflow/.local/lib/python3.12/site-packages/airflow/example_dags/plugins/listener_plugin.py for tasks to queue
[2026-05-09T19:19:19.475+0000] {logging_mixin.py:188} INFO - [2026-05-09T19:19:19.473+0000] {dagbag.py:545} INFO - Filling up the DagBag from /home/airflow/.local/lib/python3.12/site-packages/airflow/example_dags/plugins/listener_plugin.py
[2026-05-09T19:19:19.485+0000] {processor.py:842} WARNING - No viable dags retrieved from /home/airflow/.local/lib/python3.12/site-packages/airflow/example_dags/plugins/listener_plugin.py
[2026-05-09T19:19:19.515+0000] {processor.py:183} INFO - Processing /home/airflow/.local/lib/python3.12/site-packages/airflow/example_dags/plugins/listener_plugin.py took 0.070 seconds
[2026-05-09T19:19:50.070+0000] {processor.py:161} INFO - Started process (PID=2570) to work on /home/airflow/.local/lib/python3.12/site-packages/airflow/example_dags/plugins/listener_plugin.py
[2026-05-09T19:19:50.072+0000] {processor.py:830} INFO - Processing file /home/airflow/.local/lib/python3.12/site-packages/airflow/example_dags/plugins/listener_plugin.py for tasks to queue
[2026-05-09T19:19:50.075+0000] {logging_mixin.py:188} INFO - [2026-05-09T19:19:50.075+0000] {dagbag.py:545} INFO - Filling up the DagBag from /home/airflow/.local/lib/python3.12/site-packages/airflow/example_dags/plugins/listener_plugin.py
[2026-05-09T19:19:50.080+0000] {processor.py:842} WARNING - No viable dags retrieved from /home/airflow/.local/lib/python3.12/site-packages/airflow/example_dags/plugins/listener_plugin.py
[2026-05-09T19:19:50.104+0000] {processor.py:183} INFO - Processing /home/airflow/.local/lib/python3.12/site-packages/airflow/example_dags/plugins/listener_plugin.py took 0.046 seconds
[2026-05-09T19:20:20.686+0000] {processor.py:161} INFO - Started process (PID=2630) to work on /home/airflow/.local/lib/python3.12/site-packages/airflow/example_dags/plugins/listener_plugin.py
[2026-05-09T19:20:20.687+0000] {processor.py:830} INFO - Processing file /home/airflow/.local/lib/python3.12/site-packages/airflow/example_dags/plugins/listener_plugin.py for tasks to queue
[2026-05-09T19:20:20.691+0000] {logging_mixin.py:188} INFO - [2026-05-09T19:20:20.690+0000] {dagbag.py:545} INFO - Filling up the DagBag from /home/airflow/.local/lib/python3.12/site-packages/airflow/example_dags/plugins/listener_plugin.py
[2026-05-09T19:20:20.695+0000] {processor.py:842} WARNING - No viable dags retrieved from /home/airflow/.local/lib/python3.12/site-packages/airflow/example_dags/plugins/listener_plugin.py
[2026-05-09T19:20:20.720+0000] {processor.py:183} INFO - Processing /home/airflow/.local/lib/python3.12/site-packages/airflow/example_dags/plugins/listener_plugin.py took 0.043 seconds
[2026-05-09T19:20:51.318+0000] {processor.py:161} INFO - Started process (PID=2690) to work on /home/airflow/.local/lib/python3.12/site-packages/airflow/example_dags/plugins/listener_plugin.py
[2026-05-09T19:20:51.320+0000] {processor.py:830} INFO - Processing file /home/airflow/.local/lib/python3.12/site-packages/airflow/example_dags/plugins/listener_plugin.py for tasks to queue
[2026-05-09T19:20:51.324+0000] {logging_mixin.py:188} INFO - [2026-05-09T19:20:51.323+0000] {dagbag.py:545} INFO - Filling up the DagBag from /home/airflow/.local/lib/python3.12/site-packages/airflow/example_dags/plugins/listener_plugin.py
[2026-05-09T19:20:51.328+0000] {processor.py:842} WARNING - No viable dags retrieved from /home/airflow/.local/lib/python3.12/site-packages/airflow/example_dags/plugins/listener_plugin.py
[2026-05-09T19:20:51.353+0000] {processor.py:183} INFO - Processing /home/airflow/.local/lib/python3.12/site-packages/airflow/example_dags/plugins/listener_plugin.py took 0.043 seconds
[2026-05-09T19:21:21.862+0000] {processor.py:161} INFO - Started process (PID=2751) to work on /home/airflow/.local/lib/python3.12/site-packages/airflow/example_dags/plugins/listener_plugin.py
[2026-05-09T19:21:21.864+0000] {processor.py:830} INFO - Processing file /home/airflow/.local/lib/python3.12/site-packages/airflow/example_dags/plugins/listener_plugin.py for tasks to queue
[2026-05-09T19:21:21.869+0000] {logging_mixin.py:188} INFO - [2026-05-09T19:21:21.869+0000] {dagbag.py:545} INFO - Filling up the DagBag from /home/airflow/.local/lib/python3.12/site-packages/airflow/example_dags/plugins/listener_plugin.py
[2026-05-09T19:21:21.876+0000] {processor.py:842} WARNING - No viable dags retrieved from /home/airflow/.local/lib/python3.12/site-packages/airflow/example_dags/plugins/listener_plugin.py
[2026-05-09T19:21:21.904+0000] {processor.py:183} INFO - Processing /home/airflow/.local/lib/python3.12/site-packages/airflow/example_dags/plugins/listener_plugin.py took 0.053 seconds
[2026-05-09T19:21:52.235+0000] {processor.py:161} INFO - Started process (PID=2811) to work on /home/airflow/.local/lib/python3.12/site-packages/airflow/example_dags/plugins/listener_plugin.py
[2026-05-09T19:21:52.236+0000] {processor.py:830} INFO - Processing file /home/airflow/.local/lib/python3.12/site-packages/airflow/example_dags/plugins/listener_plugin.py for tasks to queue
[2026-05-09T19:21:52.240+0000] {logging_mixin.py:188} INFO - [2026-05-09T19:21:52.239+0000] {dagbag.py:545} INFO - Filling up the DagBag from /home/airflow/.local/lib/python3.12/site-packages/airflow/example_dags/plugins/listener_plugin.py
[2026-05-09T19:21:52.244+0000] {processor.py:842} WARNING - No viable dags retrieved from /home/airflow/.local/lib/python3.12/site-packages/airflow/example_dags/plugins/listener_plugin.py
[2026-05-09T19:21:52.270+0000] {processor.py:183} INFO - Processing /home/airflow/.local/lib/python3.12/site-packages/airflow/example_dags/plugins/listener_plugin.py took 0.047 seconds
[2026-05-09T19:22:23.134+0000] {processor.py:161} INFO - Started process (PID=2871) to work on /home/airflow/.local/lib/python3.12/site-packages/airflow/example_dags/plugins/listener_plugin.py
[2026-05-09T19:22:23.136+0000] {processor.py:830} INFO - Processing file /home/airflow/.local/lib/python3.12/site-packages/airflow/example_dags/plugins/listener_plugin.py for tasks to queue
[2026-05-09T19:22:23.138+0000] {logging_mixin.py:188} INFO - [2026-05-09T19:22:23.137+0000] {dagbag.py:545} INFO - Filling up the DagBag from /home/airflow/.local/lib/python3.12/site-packages/airflow/example_dags/plugins/listener_plugin.py
[2026-05-09T19:22:23.140+0000] {processor.py:842} WARNING - No viable dags retrieved from /home/airflow/.local/lib/python3.12/site-packages/airflow/example_dags/plugins/listener_plugin.py
[2026-05-09T19:22:23.155+0000] {processor.py:183} INFO - Processing /home/airflow/.local/lib/python3.12/site-packages/airflow/example_dags/plugins/listener_plugin.py took 0.025 seconds
[2026-05-09T19:22:53.537+0000] {processor.py:161} INFO - Started process (PID=2931) to work on /home/airflow/.local/lib/python3.12/site-packages/airflow/example_dags/plugins/listener_plugin.py
[2026-05-09T19:22:53.538+0000] {processor.py:830} INFO - Processing file /home/airflow/.local/lib/python3.12/site-packages/airflow/example_dags/plugins/listener_plugin.py for tasks to queue
[2026-05-09T19:22:53.540+0000] {logging_mixin.py:188} INFO - [2026-05-09T19:22:53.540+0000] {dagbag.py:545} INFO - Filling up the DagBag from /home/airflow/.local/lib/python3.12/site-packages/airflow/example_dags/plugins/listener_plugin.py
[2026-05-09T19:22:53.543+0000] {processor.py:842} WARNING - No viable dags retrieved from /home/airflow/.local/lib/python3.12/site-packages/airflow/example_dags/plugins/listener_plugin.py
[2026-05-09T19:22:53.557+0000] {processor.py:183} INFO - Processing /home/airflow/.local/lib/python3.12/site-packages/airflow/example_dags/plugins/listener_plugin.py took 0.025 seconds
[2026-05-09T19:23:24.222+0000] {processor.py:161} INFO - Started process (PID=2991) to work on /home/airflow/.local/lib/python3.12/site-packages/airflow/example_dags/plugins/listener_plugin.py
[2026-05-09T19:23:24.223+0000] {processor.py:830} INFO - Processing file /home/airflow/.local/lib/python3.12/site-packages/airflow/example_dags/plugins/listener_plugin.py for tasks to queue
[2026-05-09T19:23:24.225+0000] {logging_mixin.py:188} INFO - [2026-05-09T19:23:24.224+0000] {dagbag.py:545} INFO - Filling up the DagBag from /home/airflow/.local/lib/python3.12/site-packages/airflow/example_dags/plugins/listener_plugin.py
[2026-05-09T19:23:24.227+0000] {processor.py:842} WARNING - No viable dags retrieved from /home/airflow/.local/lib/python3.12/site-packages/airflow/example_dags/plugins/listener_plugin.py
[2026-05-09T19:23:24.242+0000] {processor.py:183} INFO - Processing /home/airflow/.local/lib/python3.12/site-packages/airflow/example_dags/plugins/listener_plugin.py took 0.024 seconds
[2026-05-09T19:23:54.917+0000] {processor.py:161} INFO - Started process (PID=3051) to work on /home/airflow/.local/lib/python3.12/site-packages/airflow/example_dags/plugins/listener_plugin.py
[2026-05-09T19:23:54.919+0000] {processor.py:830} INFO - Processing file /home/airflow/.local/lib/python3.12/site-packages/airflow/example_dags/plugins/listener_plugin.py for tasks to queue
[2026-05-09T19:23:54.922+0000] {logging_mixin.py:188} INFO - [2026-05-09T19:23:54.922+0000] {dagbag.py:545} INFO - Filling up the DagBag from /home/airflow/.local/lib/python3.12/site-packages/airflow/example_dags/plugins/listener_plugin.py
[2026-05-09T19:23:54.928+0000] {processor.py:842} WARNING - No viable dags retrieved from /home/airflow/.local/lib/python3.12/site-packages/airflow/example_dags/plugins/listener_plugin.py
[2026-05-09T19:23:54.940+0000] {processor.py:183} INFO - Processing /home/airflow/.local/lib/python3.12/site-packages/airflow/example_dags/plugins/listener_plugin.py took 0.027 seconds
[2026-05-09T19:24:25.623+0000] {processor.py:161} INFO - Started process (PID=3111) to work on /home/airflow/.local/lib/python3.12/site-packages/airflow/example_dags/plugins/listener_plugin.py
[2026-05-09T19:24:25.625+0000] {processor.py:830} INFO - Processing file /home/airflow/.local/lib/python3.12/site-packages/airflow/example_dags/plugins/listener_plugin.py for tasks to queue
[2026-05-09T19:24:25.627+0000] {logging_mixin.py:188} INFO - [2026-05-09T19:24:25.627+0000] {dagbag.py:545} INFO - Filling up the DagBag from /home/airflow/.local/lib/python3.12/site-packages/airflow/example_dags/plugins/listener_plugin.py
[2026-05-09T19:24:25.630+0000] {processor.py:842} WARNING - No viable dags retrieved from /home/airflow/.local/lib/python3.12/site-packages/airflow/example_dags/plugins/listener_plugin.py
[2026-05-09T19:24:25.642+0000] {processor.py:183} INFO - Processing /home/airflow/.local/lib/python3.12/site-packages/airflow/example_dags/plugins/listener_plugin.py took 0.024 seconds
[2026-05-09T19:24:56.377+0000] {processor.py:161} INFO - Started process (PID=3171) to work on /home/airflow/.local/lib/python3.12/site-packages/airflow/example_dags/plugins/listener_plugin.py
[2026-05-09T19:24:56.378+0000] {processor.py:830} INFO - Processing file /home/airflow/.local/lib/python3.12/site-packages/airflow/example_dags/plugins/listener_plugin.py for tasks to queue
[2026-05-09T19:24:56.380+0000] {logging_mixin.py:188} INFO - [2026-05-09T19:24:56.380+0000] {dagbag.py:545} INFO - Filling up the DagBag from /home/airflow/.local/lib/python3.12/site-packages/airflow/example_dags/plugins/listener_plugin.py
[2026-05-09T19:24:56.384+0000] {processor.py:842} WARNING - No viable dags retrieved from /home/airflow/.local/lib/python3.12/site-packages/airflow/example_dags/plugins/listener_plugin.py
[2026-05-09T19:24:56.397+0000] {processor.py:183} INFO - Processing /home/airflow/.local/lib/python3.12/site-packages/airflow/example_dags/plugins/listener_plugin.py took 0.027 seconds
[2026-05-09T19:25:27.135+0000] {processor.py:161} INFO - Started process (PID=3231) to work on /home/airflow/.local/lib/python3.12/site-packages/airflow/example_dags/plugins/listener_plugin.py
[2026-05-09T19:25:27.136+0000] {processor.py:830} INFO - Processing file /home/airflow/.local/lib/python3.12/site-packages/airflow/example_dags/plugins/listener_plugin.py for tasks to queue
[2026-05-09T19:25:27.138+0000] {logging_mixin.py:188} INFO - [2026-05-09T19:25:27.138+0000] {dagbag.py:545} INFO - Filling up the DagBag from /home/airflow/.local/lib/python3.12/site-packages/airflow/example_dags/plugins/listener_plugin.py
[2026-05-09T19:25:27.141+0000] {processor.py:842} WARNING - No viable dags retrieved from /home/airflow/.local/lib/python3.12/site-packages/airflow/example_dags/plugins/listener_plugin.py
[2026-05-09T19:25:27.153+0000] {processor.py:183} INFO - Processing /home/airflow/.local/lib/python3.12/site-packages/airflow/example_dags/plugins/listener_plugin.py took 0.023 seconds
[2026-05-09T19:25:57.997+0000] {processor.py:161} INFO - Started process (PID=3291) to work on /home/airflow/.local/lib/python3.12/site-packages/airflow/example_dags/plugins/listener_plugin.py
[2026-05-09T19:25:57.998+0000] {processor.py:830} INFO - Processing file /home/airflow/.local/lib/python3.12/site-packages/airflow/example_dags/plugins/listener_plugin.py for tasks to queue
[2026-05-09T19:25:58.001+0000] {logging_mixin.py:188} INFO - [2026-05-09T19:25:58.001+0000] {dagbag.py:545} INFO - Filling up the DagBag from /home/airflow/.local/lib/python3.12/site-packages/airflow/example_dags/plugins/listener_plugin.py
[2026-05-09T19:25:58.004+0000] {processor.py:842} WARNING - No viable dags retrieved from /home/airflow/.local/lib/python3.12/site-packages/airflow/example_dags/plugins/listener_plugin.py
[2026-05-09T19:25:58.016+0000] {processor.py:183} INFO - Processing /home/airflow/.local/lib/python3.12/site-packages/airflow/example_dags/plugins/listener_plugin.py took 0.023 seconds
[2026-05-09T19:26:28.509+0000] {processor.py:161} INFO - Started process (PID=3351) to work on /home/airflow/.local/lib/python3.12/site-packages/airflow/example_dags/plugins/listener_plugin.py
[2026-05-09T19:26:28.511+0000] {processor.py:830} INFO - Processing file /home/airflow/.local/lib/python3.12/site-packages/airflow/example_dags/plugins/listener_plugin.py for tasks to queue
[2026-05-09T19:26:28.513+0000] {logging_mixin.py:188} INFO - [2026-05-09T19:26:28.512+0000] {dagbag.py:545} INFO - Filling up the DagBag from /home/airflow/.local/lib/python3.12/site-packages/airflow/example_dags/plugins/listener_plugin.py
[2026-05-09T19:26:28.515+0000] {processor.py:842} WARNING - No viable dags retrieved from /home/airflow/.local/lib/python3.12/site-packages/airflow/example_dags/plugins/listener_plugin.py
[2026-05-09T19:26:28.528+0000] {processor.py:183} INFO - Processing /home/airflow/.local/lib/python3.12/site-packages/airflow/example_dags/plugins/listener_plugin.py took 0.023 seconds
[2026-05-09T19:26:58.748+0000] {processor.py:161} INFO - Started process (PID=3411) to work on /home/airflow/.local/lib/python3.12/site-packages/airflow/example_dags/plugins/listener_plugin.py
[2026-05-09T19:26:58.750+0000] {processor.py:830} INFO - Processing file /home/airflow/.local/lib/python3.12/site-packages/airflow/example_dags/plugins/listener_plugin.py for tasks to queue
[2026-05-09T19:26:58.752+0000] {logging_mixin.py:188} INFO - [2026-05-09T19:26:58.752+0000] {dagbag.py:545} INFO - Filling up the DagBag from /home/airflow/.local/lib/python3.12/site-packages/airflow/example_dags/plugins/listener_plugin.py
[2026-05-09T19:26:58.755+0000] {processor.py:842} WARNING - No viable dags retrieved from /home/airflow/.local/lib/python3.12/site-packages/airflow/example_dags/plugins/listener_plugin.py
[2026-05-09T19:26:58.769+0000] {processor.py:183} INFO - Processing /home/airflow/.local/lib/python3.12/site-packages/airflow/example_dags/plugins/listener_plugin.py took 0.027 seconds
[2026-05-09T19:27:29.454+0000] {processor.py:161} INFO - Started process (PID=3471) to work on /home/airflow/.local/lib/python3.12/site-packages/airflow/example_dags/plugins/listener_plugin.py
[2026-05-09T19:27:29.461+0000] {processor.py:830} INFO - Processing file /home/airflow/.local/lib/python3.12/site-packages/airflow/example_dags/plugins/listener_plugin.py for tasks to queue
[2026-05-09T19:27:29.464+0000] {logging_mixin.py:188} INFO - [2026-05-09T19:27:29.464+0000] {dagbag.py:545} INFO - Filling up the DagBag from /home/airflow/.local/lib/python3.12/site-packages/airflow/example_dags/plugins/listener_plugin.py
[2026-05-09T19:27:29.467+0000] {processor.py:842} WARNING - No viable dags retrieved from /home/airflow/.local/lib/python3.12/site-packages/airflow/example_dags/plugins/listener_plugin.py
[2026-05-09T19:27:29.484+0000] {processor.py:183} INFO - Processing /home/airflow/.local/lib/python3.12/site-packages/airflow/example_dags/plugins/listener_plugin.py took 0.037 seconds
[2026-05-09T19:27:59.847+0000] {processor.py:161} INFO - Started process (PID=3531) to work on /home/airflow/.local/lib/python3.12/site-packages/airflow/example_dags/plugins/listener_plugin.py
[2026-05-09T19:27:59.849+0000] {processor.py:830} INFO - Processing file /home/airflow/.local/lib/python3.12/site-packages/airflow/example_dags/plugins/listener_plugin.py for tasks to queue
[2026-05-09T19:27:59.851+0000] {logging_mixin.py:188} INFO - [2026-05-09T19:27:59.851+0000] {dagbag.py:545} INFO - Filling up the DagBag from /home/airflow/.local/lib/python3.12/site-packages/airflow/example_dags/plugins/listener_plugin.py
[2026-05-09T19:27:59.854+0000] {processor.py:842} WARNING - No viable dags retrieved from /home/airflow/.local/lib/python3.12/site-packages/airflow/example_dags/plugins/listener_plugin.py
[2026-05-09T19:27:59.867+0000] {processor.py:183} INFO - Processing /home/airflow/.local/lib/python3.12/site-packages/airflow/example_dags/plugins/listener_plugin.py took 0.026 seconds
[2026-05-09T19:28:30.370+0000] {processor.py:161} INFO - Started process (PID=3591) to work on /home/airflow/.local/lib/python3.12/site-packages/airflow/example_dags/plugins/listener_plugin.py
[2026-05-09T19:28:30.372+0000] {processor.py:830} INFO - Processing file /home/airflow/.local/lib/python3.12/site-packages/airflow/example_dags/plugins/listener_plugin.py for tasks to queue
[2026-05-09T19:28:30.374+0000] {logging_mixin.py:188} INFO - [2026-05-09T19:28:30.373+0000] {dagbag.py:545} INFO - Filling up the DagBag from /home/airflow/.local/lib/python3.12/site-packages/airflow/example_dags/plugins/listener_plugin.py
[2026-05-09T19:28:30.377+0000] {processor.py:842} WARNING - No viable dags retrieved from /home/airflow/.local/lib/python3.12/site-packages/airflow/example_dags/plugins/listener_plugin.py
[2026-05-09T19:28:30.391+0000] {processor.py:183} INFO - Processing /home/airflow/.local/lib/python3.12/site-packages/airflow/example_dags/plugins/listener_plugin.py took 0.026 seconds
[2026-05-09T19:29:00.689+0000] {processor.py:161} INFO - Started process (PID=3651) to work on /home/airflow/.local/lib/python3.12/site-packages/airflow/example_dags/plugins/listener_plugin.py
[2026-05-09T19:29:00.690+0000] {processor.py:830} INFO - Processing file /home/airflow/.local/lib/python3.12/site-packages/airflow/example_dags/plugins/listener_plugin.py for tasks to queue
[2026-05-09T19:29:00.692+0000] {logging_mixin.py:188} INFO - [2026-05-09T19:29:00.692+0000] {dagbag.py:545} INFO - Filling up the DagBag from /home/airflow/.local/lib/python3.12/site-packages/airflow/example_dags/plugins/listener_plugin.py
[2026-05-09T19:29:00.695+0000] {processor.py:842} WARNING - No viable dags retrieved from /home/airflow/.local/lib/python3.12/site-packages/airflow/example_dags/plugins/listener_plugin.py
[2026-05-09T19:29:00.707+0000] {processor.py:183} INFO - Processing /home/airflow/.local/lib/python3.12/site-packages/airflow/example_dags/plugins/listener_plugin.py took 0.023 seconds
[2026-05-09T19:29:31.199+0000] {processor.py:161} INFO - Started process (PID=3711) to work on /home/airflow/.local/lib/python3.12/site-packages/airflow/example_dags/plugins/listener_plugin.py
[2026-05-09T19:29:31.201+0000] {processor.py:830} INFO - Processing file /home/airflow/.local/lib/python3.12/site-packages/airflow/example_dags/plugins/listener_plugin.py for tasks to queue
[2026-05-09T19:29:31.204+0000] {logging_mixin.py:188} INFO - [2026-05-09T19:29:31.204+0000] {dagbag.py:545} INFO - Filling up the DagBag from /home/airflow/.local/lib/python3.12/site-packages/airflow/example_dags/plugins/listener_plugin.py
[2026-05-09T19:29:31.207+0000] {processor.py:842} WARNING - No viable dags retrieved from /home/airflow/.local/lib/python3.12/site-packages/airflow/example_dags/plugins/listener_plugin.py
[2026-05-09T19:29:31.221+0000] {processor.py:183} INFO - Processing /home/airflow/.local/lib/python3.12/site-packages/airflow/example_dags/plugins/listener_plugin.py took 0.028 seconds
[2026-05-09T19:30:01.403+0000] {processor.py:161} INFO - Started process (PID=3771) to work on /home/airflow/.local/lib/python3.12/site-packages/airflow/example_dags/plugins/listener_plugin.py
[2026-05-09T19:30:01.405+0000] {processor.py:830} INFO - Processing file /home/airflow/.local/lib/python3.12/site-packages/airflow/example_dags/plugins/listener_plugin.py for tasks to queue
[2026-05-09T19:30:01.407+0000] {logging_mixin.py:188} INFO - [2026-05-09T19:30:01.406+0000] {dagbag.py:545} INFO - Filling up the DagBag from /home/airflow/.local/lib/python3.12/site-packages/airflow/example_dags/plugins/listener_plugin.py
[2026-05-09T19:30:01.409+0000] {processor.py:842} WARNING - No viable dags retrieved from /home/airflow/.local/lib/python3.12/site-packages/airflow/example_dags/plugins/listener_plugin.py
[2026-05-09T19:30:01.420+0000] {processor.py:183} INFO - Processing /home/airflow/.local/lib/python3.12/site-packages/airflow/example_dags/plugins/listener_plugin.py took 0.021 seconds
[2026-05-09T19:30:31.839+0000] {processor.py:161} INFO - Started process (PID=3831) to work on /home/airflow/.local/lib/python3.12/site-packages/airflow/example_dags/plugins/listener_plugin.py
[2026-05-09T19:30:31.840+0000] {processor.py:830} INFO - Processing file /home/airflow/.local/lib/python3.12/site-packages/airflow/example_dags/plugins/listener_plugin.py for tasks to queue
[2026-05-09T19:30:31.842+0000] {logging_mixin.py:188} INFO - [2026-05-09T19:30:31.842+0000] {dagbag.py:545} INFO - Filling up the DagBag from /home/airflow/.local/lib/python3.12/site-packages/airflow/example_dags/plugins/listener_plugin.py
[2026-05-09T19:30:31.845+0000] {processor.py:842} WARNING - No viable dags retrieved from /home/airflow/.local/lib/python3.12/site-packages/airflow/example_dags/plugins/listener_plugin.py
[2026-05-09T19:30:31.859+0000] {processor.py:183} INFO - Processing /home/airflow/.local/lib/python3.12/site-packages/airflow/example_dags/plugins/listener_plugin.py took 0.025 seconds
[2026-05-09T19:31:02.583+0000] {processor.py:161} INFO - Started process (PID=3891) to work on /home/airflow/.local/lib/python3.12/site-packages/airflow/example_dags/plugins/listener_plugin.py
[2026-05-09T19:31:02.585+0000] {processor.py:830} INFO - Processing file /home/airflow/.local/lib/python3.12/site-packages/airflow/example_dags/plugins/listener_plugin.py for tasks to queue
[2026-05-09T19:31:02.587+0000] {logging_mixin.py:188} INFO - [2026-05-09T19:31:02.587+0000] {dagbag.py:545} INFO - Filling up the DagBag from /home/airflow/.local/lib/python3.12/site-packages/airflow/example_dags/plugins/listener_plugin.py
[2026-05-09T19:31:02.589+0000] {processor.py:842} WARNING - No viable dags retrieved from /home/airflow/.local/lib/python3.12/site-packages/airflow/example_dags/plugins/listener_plugin.py
[2026-05-09T19:31:02.602+0000] {processor.py:183} INFO - Processing /home/airflow/.local/lib/python3.12/site-packages/airflow/example_dags/plugins/listener_plugin.py took 0.024 seconds
[2026-05-09T19:31:32.818+0000] {processor.py:161} INFO - Started process (PID=3951) to work on /home/airflow/.local/lib/python3.12/site-packages/airflow/example_dags/plugins/listener_plugin.py
[2026-05-09T19:31:32.819+0000] {processor.py:830} INFO - Processing file /home/airflow/.local/lib/python3.12/site-packages/airflow/example_dags/plugins/listener_plugin.py for tasks to queue
[2026-05-09T19:31:32.822+0000] {logging_mixin.py:188} INFO - [2026-05-09T19:31:32.821+0000] {dagbag.py:545} INFO - Filling up the DagBag from /home/airflow/.local/lib/python3.12/site-packages/airflow/example_dags/plugins/listener_plugin.py
[2026-05-09T19:31:32.825+0000] {processor.py:842} WARNING - No viable dags retrieved from /home/airflow/.local/lib/python3.12/site-packages/airflow/example_dags/plugins/listener_plugin.py
[2026-05-09T19:31:32.838+0000] {processor.py:183} INFO - Processing /home/airflow/.local/lib/python3.12/site-packages/airflow/example_dags/plugins/listener_plugin.py took 0.025 seconds
[2026-05-09T19:32:03.558+0000] {processor.py:161} INFO - Started process (PID=4012) to work on /home/airflow/.local/lib/python3.12/site-packages/airflow/example_dags/plugins/listener_plugin.py
[2026-05-09T19:32:03.560+0000] {processor.py:830} INFO - Processing file /home/airflow/.local/lib/python3.12/site-packages/airflow/example_dags/plugins/listener_plugin.py for tasks to queue
[2026-05-09T19:32:03.562+0000] {logging_mixin.py:188} INFO - [2026-05-09T19:32:03.562+0000] {dagbag.py:545} INFO - Filling up the DagBag from /home/airflow/.local/lib/python3.12/site-packages/airflow/example_dags/plugins/listener_plugin.py
[2026-05-09T19:32:03.566+0000] {processor.py:842} WARNING - No viable dags retrieved from /home/airflow/.local/lib/python3.12/site-packages/airflow/example_dags/plugins/listener_plugin.py
[2026-05-09T19:32:03.578+0000] {processor.py:183} INFO - Processing /home/airflow/.local/lib/python3.12/site-packages/airflow/example_dags/plugins/listener_plugin.py took 0.025 seconds
[2026-05-09T19:32:34.107+0000] {processor.py:161} INFO - Started process (PID=4072) to work on /home/airflow/.local/lib/python3.12/site-packages/airflow/example_dags/plugins/listener_plugin.py
[2026-05-09T19:32:34.108+0000] {processor.py:830} INFO - Processing file /home/airflow/.local/lib/python3.12/site-packages/airflow/example_dags/plugins/listener_plugin.py for tasks to queue
[2026-05-09T19:32:34.111+0000] {logging_mixin.py:188} INFO - [2026-05-09T19:32:34.111+0000] {dagbag.py:545} INFO - Filling up the DagBag from /home/airflow/.local/lib/python3.12/site-packages/airflow/example_dags/plugins/listener_plugin.py
[2026-05-09T19:32:34.114+0000] {processor.py:842} WARNING - No viable dags retrieved from /home/airflow/.local/lib/python3.12/site-packages/airflow/example_dags/plugins/listener_plugin.py
[2026-05-09T19:32:34.129+0000] {processor.py:183} INFO - Processing /home/airflow/.local/lib/python3.12/site-packages/airflow/example_dags/plugins/listener_plugin.py took 0.029 seconds
[2026-05-09T19:33:04.358+0000] {processor.py:161} INFO - Started process (PID=4132) to work on /home/airflow/.local/lib/python3.12/site-packages/airflow/example_dags/plugins/listener_plugin.py
[2026-05-09T19:33:04.359+0000] {processor.py:830} INFO - Processing file /home/airflow/.local/lib/python3.12/site-packages/airflow/example_dags/plugins/listener_plugin.py for tasks to queue
[2026-05-09T19:33:04.361+0000] {logging_mixin.py:188} INFO - [2026-05-09T19:33:04.360+0000] {dagbag.py:545} INFO - Filling up the DagBag from /home/airflow/.local/lib/python3.12/site-packages/airflow/example_dags/plugins/listener_plugin.py
[2026-05-09T19:33:04.364+0000] {processor.py:842} WARNING - No viable dags retrieved from /home/airflow/.local/lib/python3.12/site-packages/airflow/example_dags/plugins/listener_plugin.py
[2026-05-09T19:33:04.376+0000] {processor.py:183} INFO - Processing /home/airflow/.local/lib/python3.12/site-packages/airflow/example_dags/plugins/listener_plugin.py took 0.023 seconds
[2026-05-09T19:33:34.832+0000] {processor.py:161} INFO - Started process (PID=4192) to work on /home/airflow/.local/lib/python3.12/site-packages/airflow/example_dags/plugins/listener_plugin.py
[2026-05-09T19:33:34.834+0000] {processor.py:830} INFO - Processing file /home/airflow/.local/lib/python3.12/site-packages/airflow/example_dags/plugins/listener_plugin.py for tasks to queue
[2026-05-09T19:33:34.836+0000] {logging_mixin.py:188} INFO - [2026-05-09T19:33:34.835+0000] {dagbag.py:545} INFO - Filling up the DagBag from /home/airflow/.local/lib/python3.12/site-packages/airflow/example_dags/plugins/listener_plugin.py
[2026-05-09T19:33:34.838+0000] {processor.py:842} WARNING - No viable dags retrieved from /home/airflow/.local/lib/python3.12/site-packages/airflow/example_dags/plugins/listener_plugin.py
[2026-05-09T19:33:34.851+0000] {processor.py:183} INFO - Processing /home/airflow/.local/lib/python3.12/site-packages/airflow/example_dags/plugins/listener_plugin.py took 0.023 seconds
[2026-05-09T19:34:05.471+0000] {processor.py:161} INFO - Started process (PID=4252) to work on /home/airflow/.local/lib/python3.12/site-packages/airflow/example_dags/plugins/listener_plugin.py
[2026-05-09T19:34:05.472+0000] {processor.py:830} INFO - Processing file /home/airflow/.local/lib/python3.12/site-packages/airflow/example_dags/plugins/listener_plugin.py for tasks to queue
[2026-05-09T19:34:05.474+0000] {logging_mixin.py:188} INFO - [2026-05-09T19:34:05.474+0000] {dagbag.py:545} INFO - Filling up the DagBag from /home/airflow/.local/lib/python3.12/site-packages/airflow/example_dags/plugins/listener_plugin.py
[2026-05-09T19:34:05.477+0000] {processor.py:842} WARNING - No viable dags retrieved from /home/airflow/.local/lib/python3.12/site-packages/airflow/example_dags/plugins/listener_plugin.py
[2026-05-09T19:34:05.489+0000] {processor.py:183} INFO - Processing /home/airflow/.local/lib/python3.12/site-packages/airflow/example_dags/plugins/listener_plugin.py took 0.024 seconds
[2026-05-09T19:34:35.887+0000] {processor.py:161} INFO - Started process (PID=4312) to work on /home/airflow/.local/lib/python3.12/site-packages/airflow/example_dags/plugins/listener_plugin.py
[2026-05-09T19:34:35.889+0000] {processor.py:830} INFO - Processing file /home/airflow/.local/lib/python3.12/site-packages/airflow/example_dags/plugins/listener_plugin.py for tasks to queue
[2026-05-09T19:34:35.892+0000] {logging_mixin.py:188} INFO - [2026-05-09T19:34:35.892+0000] {dagbag.py:545} INFO - Filling up the DagBag from /home/airflow/.local/lib/python3.12/site-packages/airflow/example_dags/plugins/listener_plugin.py
[2026-05-09T19:34:35.899+0000] {processor.py:842} WARNING - No viable dags retrieved from /home/airflow/.local/lib/python3.12/site-packages/airflow/example_dags/plugins/listener_plugin.py
[2026-05-09T19:34:35.916+0000] {processor.py:183} INFO - Processing /home/airflow/.local/lib/python3.12/site-packages/airflow/example_dags/plugins/listener_plugin.py took 0.033 seconds
[2026-05-09T19:35:06.167+0000] {processor.py:161} INFO - Started process (PID=4372) to work on /home/airflow/.local/lib/python3.12/site-packages/airflow/example_dags/plugins/listener_plugin.py
[2026-05-09T19:35:06.168+0000] {processor.py:830} INFO - Processing file /home/airflow/.local/lib/python3.12/site-packages/airflow/example_dags/plugins/listener_plugin.py for tasks to queue
[2026-05-09T19:35:06.170+0000] {logging_mixin.py:188} INFO - [2026-05-09T19:35:06.170+0000] {dagbag.py:545} INFO - Filling up the DagBag from /home/airflow/.local/lib/python3.12/site-packages/airflow/example_dags/plugins/listener_plugin.py
[2026-05-09T19:35:06.173+0000] {processor.py:842} WARNING - No viable dags retrieved from /home/airflow/.local/lib/python3.12/site-packages/airflow/example_dags/plugins/listener_plugin.py
[2026-05-09T19:35:06.185+0000] {processor.py:183} INFO - Processing /home/airflow/.local/lib/python3.12/site-packages/airflow/example_dags/plugins/listener_plugin.py took 0.023 seconds
[2026-05-09T19:35:36.364+0000] {processor.py:161} INFO - Started process (PID=4432) to work on /home/airflow/.local/lib/python3.12/site-packages/airflow/example_dags/plugins/listener_plugin.py
[2026-05-09T19:35:36.366+0000] {processor.py:830} INFO - Processing file /home/airflow/.local/lib/python3.12/site-packages/airflow/example_dags/plugins/listener_plugin.py for tasks to queue
[2026-05-09T19:35:36.370+0000] {logging_mixin.py:188} INFO - [2026-05-09T19:35:36.369+0000] {dagbag.py:545} INFO - Filling up the DagBag from /home/airflow/.local/lib/python3.12/site-packages/airflow/example_dags/plugins/listener_plugin.py
[2026-05-09T19:35:36.373+0000] {processor.py:842} WARNING - No viable dags retrieved from /home/airflow/.local/lib/python3.12/site-packages/airflow/example_dags/plugins/listener_plugin.py
[2026-05-09T19:35:36.387+0000] {processor.py:183} INFO - Processing /home/airflow/.local/lib/python3.12/site-packages/airflow/example_dags/plugins/listener_plugin.py took 0.027 seconds
[2026-05-09T19:36:06.803+0000] {processor.py:161} INFO - Started process (PID=4492) to work on /home/airflow/.local/lib/python3.12/site-packages/airflow/example_dags/plugins/listener_plugin.py
[2026-05-09T19:36:06.804+0000] {processor.py:830} INFO - Processing file /home/airflow/.local/lib/python3.12/site-packages/airflow/example_dags/plugins/listener_plugin.py for tasks to queue
[2026-05-09T19:36:06.806+0000] {logging_mixin.py:188} INFO - [2026-05-09T19:36:06.805+0000] {dagbag.py:545} INFO - Filling up the DagBag from /home/airflow/.local/lib/python3.12/site-packages/airflow/example_dags/plugins/listener_plugin.py
[2026-05-09T19:36:06.809+0000] {processor.py:842} WARNING - No viable dags retrieved from /home/airflow/.local/lib/python3.12/site-packages/airflow/example_dags/plugins/listener_plugin.py
[2026-05-09T19:36:06.822+0000] {processor.py:183} INFO - Processing /home/airflow/.local/lib/python3.12/site-packages/airflow/example_dags/plugins/listener_plugin.py took 0.025 seconds
[2026-05-09T19:36:37.154+0000] {processor.py:161} INFO - Started process (PID=4551) to work on /home/airflow/.local/lib/python3.12/site-packages/airflow/example_dags/plugins/listener_plugin.py
[2026-05-09T19:36:37.156+0000] {processor.py:830} INFO - Processing file /home/airflow/.local/lib/python3.12/site-packages/airflow/example_dags/plugins/listener_plugin.py for tasks to queue
[2026-05-09T19:36:37.157+0000] {logging_mixin.py:188} INFO - [2026-05-09T19:36:37.157+0000] {dagbag.py:545} INFO - Filling up the DagBag from /home/airflow/.local/lib/python3.12/site-packages/airflow/example_dags/plugins/listener_plugin.py
[2026-05-09T19:36:37.159+0000] {processor.py:842} WARNING - No viable dags retrieved from /home/airflow/.local/lib/python3.12/site-packages/airflow/example_dags/plugins/listener_plugin.py
[2026-05-09T19:36:37.171+0000] {processor.py:183} INFO - Processing /home/airflow/.local/lib/python3.12/site-packages/airflow/example_dags/plugins/listener_plugin.py took 0.021 seconds
[2026-05-09T19:37:07.764+0000] {processor.py:161} INFO - Started process (PID=4611) to work on /home/airflow/.local/lib/python3.12/site-packages/airflow/example_dags/plugins/listener_plugin.py
[2026-05-09T19:37:07.765+0000] {processor.py:830} INFO - Processing file /home/airflow/.local/lib/python3.12/site-packages/airflow/example_dags/plugins/listener_plugin.py for tasks to queue
[2026-05-09T19:37:07.767+0000] {logging_mixin.py:188} INFO - [2026-05-09T19:37:07.767+0000] {dagbag.py:545} INFO - Filling up the DagBag from /home/airflow/.local/lib/python3.12/site-packages/airflow/example_dags/plugins/listener_plugin.py
[2026-05-09T19:37:07.770+0000] {processor.py:842} WARNING - No viable dags retrieved from /home/airflow/.local/lib/python3.12/site-packages/airflow/example_dags/plugins/listener_plugin.py
[2026-05-09T19:37:07.783+0000] {processor.py:183} INFO - Processing /home/airflow/.local/lib/python3.12/site-packages/airflow/example_dags/plugins/listener_plugin.py took 0.024 seconds
[2026-05-09T19:37:38.229+0000] {processor.py:161} INFO - Started process (PID=4671) to work on /home/airflow/.local/lib/python3.12/site-packages/airflow/example_dags/plugins/listener_plugin.py
[2026-05-09T19:37:38.231+0000] {processor.py:830} INFO - Processing file /home/airflow/.local/lib/python3.12/site-packages/airflow/example_dags/plugins/listener_plugin.py for tasks to queue
[2026-05-09T19:37:38.235+0000] {logging_mixin.py:188} INFO - [2026-05-09T19:37:38.234+0000] {dagbag.py:545} INFO - Filling up the DagBag from /home/airflow/.local/lib/python3.12/site-packages/airflow/example_dags/plugins/listener_plugin.py
[2026-05-09T19:37:38.239+0000] {processor.py:842} WARNING - No viable dags retrieved from /home/airflow/.local/lib/python3.12/site-packages/airflow/example_dags/plugins/listener_plugin.py
[2026-05-09T19:37:38.253+0000] {processor.py:183} INFO - Processing /home/airflow/.local/lib/python3.12/site-packages/airflow/example_dags/plugins/listener_plugin.py took 0.030 seconds
[2026-05-09T19:38:08.589+0000] {processor.py:161} INFO - Started process (PID=4731) to work on /home/airflow/.local/lib/python3.12/site-packages/airflow/example_dags/plugins/listener_plugin.py
[2026-05-09T19:38:08.590+0000] {processor.py:830} INFO - Processing file /home/airflow/.local/lib/python3.12/site-packages/airflow/example_dags/plugins/listener_plugin.py for tasks to queue
[2026-05-09T19:38:08.593+0000] {logging_mixin.py:188} INFO - [2026-05-09T19:38:08.592+0000] {dagbag.py:545} INFO - Filling up the DagBag from /home/airflow/.local/lib/python3.12/site-packages/airflow/example_dags/plugins/listener_plugin.py
[2026-05-09T19:38:08.595+0000] {processor.py:842} WARNING - No viable dags retrieved from /home/airflow/.local/lib/python3.12/site-packages/airflow/example_dags/plugins/listener_plugin.py
[2026-05-09T19:38:08.609+0000] {processor.py:183} INFO - Processing /home/airflow/.local/lib/python3.12/site-packages/airflow/example_dags/plugins/listener_plugin.py took 0.027 seconds
[2026-05-09T19:38:38.941+0000] {processor.py:161} INFO - Started process (PID=4791) to work on /home/airflow/.local/lib/python3.12/site-packages/airflow/example_dags/plugins/listener_plugin.py
[2026-05-09T19:38:38.942+0000] {processor.py:830} INFO - Processing file /home/airflow/.local/lib/python3.12/site-packages/airflow/example_dags/plugins/listener_plugin.py for tasks to queue
[2026-05-09T19:38:38.944+0000] {logging_mixin.py:188} INFO - [2026-05-09T19:38:38.943+0000] {dagbag.py:545} INFO - Filling up the DagBag from /home/airflow/.local/lib/python3.12/site-packages/airflow/example_dags/plugins/listener_plugin.py
[2026-05-09T19:38:38.946+0000] {processor.py:842} WARNING - No viable dags retrieved from /home/airflow/.local/lib/python3.12/site-packages/airflow/example_dags/plugins/listener_plugin.py
[2026-05-09T19:38:38.958+0000] {processor.py:183} INFO - Processing /home/airflow/.local/lib/python3.12/site-packages/airflow/example_dags/plugins/listener_plugin.py took 0.022 seconds
[2026-05-09T19:39:09.196+0000] {processor.py:161} INFO - Started process (PID=4851) to work on /home/airflow/.local/lib/python3.12/site-packages/airflow/example_dags/plugins/listener_plugin.py
[2026-05-09T19:39:09.197+0000] {processor.py:830} INFO - Processing file /home/airflow/.local/lib/python3.12/site-packages/airflow/example_dags/plugins/listener_plugin.py for tasks to queue
[2026-05-09T19:39:09.201+0000] {logging_mixin.py:188} INFO - [2026-05-09T19:39:09.200+0000] {dagbag.py:545} INFO - Filling up the DagBag from /home/airflow/.local/lib/python3.12/site-packages/airflow/example_dags/plugins/listener_plugin.py
[2026-05-09T19:39:09.204+0000] {processor.py:842} WARNING - No viable dags retrieved from /home/airflow/.local/lib/python3.12/site-packages/airflow/example_dags/plugins/listener_plugin.py
[2026-05-09T19:39:09.217+0000] {processor.py:183} INFO - Processing /home/airflow/.local/lib/python3.12/site-packages/airflow/example_dags/plugins/listener_plugin.py took 0.027 seconds
[2026-05-09T19:39:39.557+0000] {processor.py:161} INFO - Started process (PID=4911) to work on /home/airflow/.local/lib/python3.12/site-packages/airflow/example_dags/plugins/listener_plugin.py
[2026-05-09T19:39:39.559+0000] {processor.py:830} INFO - Processing file /home/airflow/.local/lib/python3.12/site-packages/airflow/example_dags/plugins/listener_plugin.py for tasks to queue
[2026-05-09T19:39:39.561+0000] {logging_mixin.py:188} INFO - [2026-05-09T19:39:39.560+0000] {dagbag.py:545} INFO - Filling up the DagBag from /home/airflow/.local/lib/python3.12/site-packages/airflow/example_dags/plugins/listener_plugin.py
[2026-05-09T19:39:39.563+0000] {processor.py:842} WARNING - No viable dags retrieved from /home/airflow/.local/lib/python3.12/site-packages/airflow/example_dags/plugins/listener_plugin.py
[2026-05-09T19:39:39.576+0000] {processor.py:183} INFO - Processing /home/airflow/.local/lib/python3.12/site-packages/airflow/example_dags/plugins/listener_plugin.py took 0.025 seconds
[2026-05-09T19:40:09.955+0000] {processor.py:161} INFO - Started process (PID=4971) to work on /home/airflow/.local/lib/python3.12/site-packages/airflow/example_dags/plugins/listener_plugin.py
[2026-05-09T19:40:09.957+0000] {processor.py:830} INFO - Processing file /home/airflow/.local/lib/python3.12/site-packages/airflow/example_dags/plugins/listener_plugin.py for tasks to queue
[2026-05-09T19:40:09.959+0000] {logging_mixin.py:188} INFO - [2026-05-09T19:40:09.958+0000] {dagbag.py:545} INFO - Filling up the DagBag from /home/airflow/.local/lib/python3.12/site-packages/airflow/example_dags/plugins/listener_plugin.py
[2026-05-09T19:40:09.961+0000] {processor.py:842} WARNING - No viable dags retrieved from /home/airflow/.local/lib/python3.12/site-packages/airflow/example_dags/plugins/listener_plugin.py
[2026-05-09T19:40:09.973+0000] {processor.py:183} INFO - Processing /home/airflow/.local/lib/python3.12/site-packages/airflow/example_dags/plugins/listener_plugin.py took 0.023 seconds
[2026-05-09T19:40:40.449+0000] {processor.py:161} INFO - Started process (PID=5031) to work on /home/airflow/.local/lib/python3.12/site-packages/airflow/example_dags/plugins/listener_plugin.py
[2026-05-09T19:40:40.451+0000] {processor.py:830} INFO - Processing file /home/airflow/.local/lib/python3.12/site-packages/airflow/example_dags/plugins/listener_plugin.py for tasks to queue
[2026-05-09T19:40:40.453+0000] {logging_mixin.py:188} INFO - [2026-05-09T19:40:40.452+0000] {dagbag.py:545} INFO - Filling up the DagBag from /home/airflow/.local/lib/python3.12/site-packages/airflow/example_dags/plugins/listener_plugin.py
[2026-05-09T19:40:40.455+0000] {processor.py:842} WARNING - No viable dags retrieved from /home/airflow/.local/lib/python3.12/site-packages/airflow/example_dags/plugins/listener_plugin.py
[2026-05-09T19:40:40.467+0000] {processor.py:183} INFO - Processing /home/airflow/.local/lib/python3.12/site-packages/airflow/example_dags/plugins/listener_plugin.py took 0.022 seconds
[2026-05-09T19:41:10.918+0000] {processor.py:161} INFO - Started process (PID=5091) to work on /home/airflow/.local/lib/python3.12/site-packages/airflow/example_dags/plugins/listener_plugin.py
[2026-05-09T19:41:10.919+0000] {processor.py:830} INFO - Processing file /home/airflow/.local/lib/python3.12/site-packages/airflow/example_dags/plugins/listener_plugin.py for tasks to queue
[2026-05-09T19:41:10.922+0000] {logging_mixin.py:188} INFO - [2026-05-09T19:41:10.921+0000] {dagbag.py:545} INFO - Filling up the DagBag from /home/airflow/.local/lib/python3.12/site-packages/airflow/example_dags/plugins/listener_plugin.py
[2026-05-09T19:41:10.924+0000] {processor.py:842} WARNING - No viable dags retrieved from /home/airflow/.local/lib/python3.12/site-packages/airflow/example_dags/plugins/listener_plugin.py
[2026-05-09T19:41:10.937+0000] {processor.py:183} INFO - Processing /home/airflow/.local/lib/python3.12/site-packages/airflow/example_dags/plugins/listener_plugin.py took 0.024 seconds
[2026-05-09T19:41:41.902+0000] {processor.py:161} INFO - Started process (PID=5151) to work on /home/airflow/.local/lib/python3.12/site-packages/airflow/example_dags/plugins/listener_plugin.py
[2026-05-09T19:41:41.903+0000] {processor.py:830} INFO - Processing file /home/airflow/.local/lib/python3.12/site-packages/airflow/example_dags/plugins/listener_plugin.py for tasks to queue
[2026-05-09T19:41:41.905+0000] {logging_mixin.py:188} INFO - [2026-05-09T19:41:41.905+0000] {dagbag.py:545} INFO - Filling up the DagBag from /home/airflow/.local/lib/python3.12/site-packages/airflow/example_dags/plugins/listener_plugin.py
[2026-05-09T19:41:41.907+0000] {processor.py:842} WARNING - No viable dags retrieved from /home/airflow/.local/lib/python3.12/site-packages/airflow/example_dags/plugins/listener_plugin.py
[2026-05-09T19:41:41.918+0000] {processor.py:183} INFO - Processing /home/airflow/.local/lib/python3.12/site-packages/airflow/example_dags/plugins/listener_plugin.py took 0.021 seconds
[2026-05-09T19:42:12.384+0000] {processor.py:161} INFO - Started process (PID=5211) to work on /home/airflow/.local/lib/python3.12/site-packages/airflow/example_dags/plugins/listener_plugin.py
[2026-05-09T19:42:12.386+0000] {processor.py:830} INFO - Processing file /home/airflow/.local/lib/python3.12/site-packages/airflow/example_dags/plugins/listener_plugin.py for tasks to queue
[2026-05-09T19:42:12.388+0000] {logging_mixin.py:188} INFO - [2026-05-09T19:42:12.388+0000] {dagbag.py:545} INFO - Filling up the DagBag from /home/airflow/.local/lib/python3.12/site-packages/airflow/example_dags/plugins/listener_plugin.py
[2026-05-09T19:42:12.391+0000] {processor.py:842} WARNING - No viable dags retrieved from /home/airflow/.local/lib/python3.12/site-packages/airflow/example_dags/plugins/listener_plugin.py
[2026-05-09T19:42:12.403+0000] {processor.py:183} INFO - Processing /home/airflow/.local/lib/python3.12/site-packages/airflow/example_dags/plugins/listener_plugin.py took 0.024 seconds
[2026-05-09T19:42:42.669+0000] {processor.py:161} INFO - Started process (PID=5271) to work on /home/airflow/.local/lib/python3.12/site-packages/airflow/example_dags/plugins/listener_plugin.py
[2026-05-09T19:42:42.670+0000] {processor.py:830} INFO - Processing file /home/airflow/.local/lib/python3.12/site-packages/airflow/example_dags/plugins/listener_plugin.py for tasks to queue
[2026-05-09T19:42:42.672+0000] {logging_mixin.py:188} INFO - [2026-05-09T19:42:42.672+0000] {dagbag.py:545} INFO - Filling up the DagBag from /home/airflow/.local/lib/python3.12/site-packages/airflow/example_dags/plugins/listener_plugin.py
[2026-05-09T19:42:42.675+0000] {processor.py:842} WARNING - No viable dags retrieved from /home/airflow/.local/lib/python3.12/site-packages/airflow/example_dags/plugins/listener_plugin.py
[2026-05-09T19:42:42.687+0000] {processor.py:183} INFO - Processing /home/airflow/.local/lib/python3.12/site-packages/airflow/example_dags/plugins/listener_plugin.py took 0.022 seconds
[2026-05-09T19:43:13.058+0000] {processor.py:161} INFO - Started process (PID=5331) to work on /home/airflow/.local/lib/python3.12/site-packages/airflow/example_dags/plugins/listener_plugin.py
[2026-05-09T19:43:13.061+0000] {processor.py:830} INFO - Processing file /home/airflow/.local/lib/python3.12/site-packages/airflow/example_dags/plugins/listener_plugin.py for tasks to queue
[2026-05-09T19:43:13.063+0000] {logging_mixin.py:188} INFO - [2026-05-09T19:43:13.063+0000] {dagbag.py:545} INFO - Filling up the DagBag from /home/airflow/.local/lib/python3.12/site-packages/airflow/example_dags/plugins/listener_plugin.py
[2026-05-09T19:43:13.066+0000] {processor.py:842} WARNING - No viable dags retrieved from /home/airflow/.local/lib/python3.12/site-packages/airflow/example_dags/plugins/listener_plugin.py
[2026-05-09T19:43:13.083+0000] {processor.py:183} INFO - Processing /home/airflow/.local/lib/python3.12/site-packages/airflow/example_dags/plugins/listener_plugin.py took 0.030 seconds
[2026-05-09T19:43:43.295+0000] {processor.py:161} INFO - Started process (PID=5391) to work on /home/airflow/.local/lib/python3.12/site-packages/airflow/example_dags/plugins/listener_plugin.py
[2026-05-09T19:43:43.296+0000] {processor.py:830} INFO - Processing file /home/airflow/.local/lib/python3.12/site-packages/airflow/example_dags/plugins/listener_plugin.py for tasks to queue
[2026-05-09T19:43:43.298+0000] {logging_mixin.py:188} INFO - [2026-05-09T19:43:43.298+0000] {dagbag.py:545} INFO - Filling up the DagBag from /home/airflow/.local/lib/python3.12/site-packages/airflow/example_dags/plugins/listener_plugin.py
[2026-05-09T19:43:43.301+0000] {processor.py:842} WARNING - No viable dags retrieved from /home/airflow/.local/lib/python3.12/site-packages/airflow/example_dags/plugins/listener_plugin.py
[2026-05-09T19:43:43.313+0000] {processor.py:183} INFO - Processing /home/airflow/.local/lib/python3.12/site-packages/airflow/example_dags/plugins/listener_plugin.py took 0.023 seconds
[2026-05-09T19:44:13.700+0000] {processor.py:161} INFO - Started process (PID=5451) to work on /home/airflow/.local/lib/python3.12/site-packages/airflow/example_dags/plugins/listener_plugin.py
[2026-05-09T19:44:13.704+0000] {processor.py:830} INFO - Processing file /home/airflow/.local/lib/python3.12/site-packages/airflow/example_dags/plugins/listener_plugin.py for tasks to queue
[2026-05-09T19:44:13.706+0000] {logging_mixin.py:188} INFO - [2026-05-09T19:44:13.706+0000] {dagbag.py:545} INFO - Filling up the DagBag from /home/airflow/.local/lib/python3.12/site-packages/airflow/example_dags/plugins/listener_plugin.py
[2026-05-09T19:44:13.709+0000] {processor.py:842} WARNING - No viable dags retrieved from /home/airflow/.local/lib/python3.12/site-packages/airflow/example_dags/plugins/listener_plugin.py
[2026-05-09T19:44:13.719+0000] {processor.py:183} INFO - Processing /home/airflow/.local/lib/python3.12/site-packages/airflow/example_dags/plugins/listener_plugin.py took 0.024 seconds
[2026-05-09T19:44:44.157+0000] {processor.py:161} INFO - Started process (PID=5511) to work on /home/airflow/.local/lib/python3.12/site-packages/airflow/example_dags/plugins/listener_plugin.py
[2026-05-09T19:44:44.158+0000] {processor.py:830} INFO - Processing file /home/airflow/.local/lib/python3.12/site-packages/airflow/example_dags/plugins/listener_plugin.py for tasks to queue
[2026-05-09T19:44:44.160+0000] {logging_mixin.py:188} INFO - [2026-05-09T19:44:44.160+0000] {dagbag.py:545} INFO - Filling up the DagBag from /home/airflow/.local/lib/python3.12/site-packages/airflow/example_dags/plugins/listener_plugin.py
[2026-05-09T19:44:44.162+0000] {processor.py:842} WARNING - No viable dags retrieved from /home/airflow/.local/lib/python3.12/site-packages/airflow/example_dags/plugins/listener_plugin.py
[2026-05-09T19:44:44.176+0000] {processor.py:183} INFO - Processing /home/airflow/.local/lib/python3.12/site-packages/airflow/example_dags/plugins/listener_plugin.py took 0.024 seconds
[2026-05-09T19:45:14.862+0000] {processor.py:161} INFO - Started process (PID=5571) to work on /home/airflow/.local/lib/python3.12/site-packages/airflow/example_dags/plugins/listener_plugin.py
[2026-05-09T19:45:14.864+0000] {processor.py:830} INFO - Processing file /home/airflow/.local/lib/python3.12/site-packages/airflow/example_dags/plugins/listener_plugin.py for tasks to queue
[2026-05-09T19:45:14.867+0000] {logging_mixin.py:188} INFO - [2026-05-09T19:45:14.866+0000] {dagbag.py:545} INFO - Filling up the DagBag from /home/airflow/.local/lib/python3.12/site-packages/airflow/example_dags/plugins/listener_plugin.py
[2026-05-09T19:45:14.872+0000] {processor.py:842} WARNING - No viable dags retrieved from /home/airflow/.local/lib/python3.12/site-packages/airflow/example_dags/plugins/listener_plugin.py
[2026-05-09T19:45:14.886+0000] {processor.py:183} INFO - Processing /home/airflow/.local/lib/python3.12/site-packages/airflow/example_dags/plugins/listener_plugin.py took 0.028 seconds
[2026-05-09T19:45:45.193+0000] {processor.py:161} INFO - Started process (PID=5631) to work on /home/airflow/.local/lib/python3.12/site-packages/airflow/example_dags/plugins/listener_plugin.py
[2026-05-09T19:45:45.195+0000] {processor.py:830} INFO - Processing file /home/airflow/.local/lib/python3.12/site-packages/airflow/example_dags/plugins/listener_plugin.py for tasks to queue
[2026-05-09T19:45:45.197+0000] {logging_mixin.py:188} INFO - [2026-05-09T19:45:45.197+0000] {dagbag.py:545} INFO - Filling up the DagBag from /home/airflow/.local/lib/python3.12/site-packages/airflow/example_dags/plugins/listener_plugin.py
[2026-05-09T19:45:45.199+0000] {processor.py:842} WARNING - No viable dags retrieved from /home/airflow/.local/lib/python3.12/site-packages/airflow/example_dags/plugins/listener_plugin.py
[2026-05-09T19:45:45.212+0000] {processor.py:183} INFO - Processing /home/airflow/.local/lib/python3.12/site-packages/airflow/example_dags/plugins/listener_plugin.py took 0.023 seconds
[2026-05-09T19:46:15.483+0000] {processor.py:161} INFO - Started process (PID=5691) to work on /home/airflow/.local/lib/python3.12/site-packages/airflow/example_dags/plugins/listener_plugin.py
[2026-05-09T19:46:15.485+0000] {processor.py:830} INFO - Processing file /home/airflow/.local/lib/python3.12/site-packages/airflow/example_dags/plugins/listener_plugin.py for tasks to queue
[2026-05-09T19:46:15.488+0000] {logging_mixin.py:188} INFO - [2026-05-09T19:46:15.487+0000] {dagbag.py:545} INFO - Filling up the DagBag from /home/airflow/.local/lib/python3.12/site-packages/airflow/example_dags/plugins/listener_plugin.py
[2026-05-09T19:46:15.490+0000] {processor.py:842} WARNING - No viable dags retrieved from /home/airflow/.local/lib/python3.12/site-packages/airflow/example_dags/plugins/listener_plugin.py
[2026-05-09T19:46:15.506+0000] {processor.py:183} INFO - Processing /home/airflow/.local/lib/python3.12/site-packages/airflow/example_dags/plugins/listener_plugin.py took 0.027 seconds
[2026-05-09T19:46:45.906+0000] {processor.py:161} INFO - Started process (PID=5751) to work on /home/airflow/.local/lib/python3.12/site-packages/airflow/example_dags/plugins/listener_plugin.py
[2026-05-09T19:46:45.908+0000] {processor.py:830} INFO - Processing file /home/airflow/.local/lib/python3.12/site-packages/airflow/example_dags/plugins/listener_plugin.py for tasks to queue
[2026-05-09T19:46:45.910+0000] {logging_mixin.py:188} INFO - [2026-05-09T19:46:45.909+0000] {dagbag.py:545} INFO - Filling up the DagBag from /home/airflow/.local/lib/python3.12/site-packages/airflow/example_dags/plugins/listener_plugin.py
[2026-05-09T19:46:45.912+0000] {processor.py:842} WARNING - No viable dags retrieved from /home/airflow/.local/lib/python3.12/site-packages/airflow/example_dags/plugins/listener_plugin.py
[2026-05-09T19:46:45.923+0000] {processor.py:183} INFO - Processing /home/airflow/.local/lib/python3.12/site-packages/airflow/example_dags/plugins/listener_plugin.py took 0.021 seconds
[2026-05-09T19:47:16.105+0000] {processor.py:161} INFO - Started process (PID=5811) to work on /home/airflow/.local/lib/python3.12/site-packages/airflow/example_dags/plugins/listener_plugin.py
[2026-05-09T19:47:16.107+0000] {processor.py:830} INFO - Processing file /home/airflow/.local/lib/python3.12/site-packages/airflow/example_dags/plugins/listener_plugin.py for tasks to queue
[2026-05-09T19:47:16.109+0000] {logging_mixin.py:188} INFO - [2026-05-09T19:47:16.109+0000] {dagbag.py:545} INFO - Filling up the DagBag from /home/airflow/.local/lib/python3.12/site-packages/airflow/example_dags/plugins/listener_plugin.py
[2026-05-09T19:47:16.112+0000] {processor.py:842} WARNING - No viable dags retrieved from /home/airflow/.local/lib/python3.12/site-packages/airflow/example_dags/plugins/listener_plugin.py
[2026-05-09T19:47:16.123+0000] {processor.py:183} INFO - Processing /home/airflow/.local/lib/python3.12/site-packages/airflow/example_dags/plugins/listener_plugin.py took 0.023 seconds
[2026-05-09T19:47:46.784+0000] {processor.py:161} INFO - Started process (PID=5872) to work on /home/airflow/.local/lib/python3.12/site-packages/airflow/example_dags/plugins/listener_plugin.py
[2026-05-09T19:47:46.786+0000] {processor.py:830} INFO - Processing file /home/airflow/.local/lib/python3.12/site-packages/airflow/example_dags/plugins/listener_plugin.py for tasks to queue
[2026-05-09T19:47:46.788+0000] {logging_mixin.py:188} INFO - [2026-05-09T19:47:46.788+0000] {dagbag.py:545} INFO - Filling up the DagBag from /home/airflow/.local/lib/python3.12/site-packages/airflow/example_dags/plugins/listener_plugin.py
[2026-05-09T19:47:46.790+0000] {processor.py:842} WARNING - No viable dags retrieved from /home/airflow/.local/lib/python3.12/site-packages/airflow/example_dags/plugins/listener_plugin.py
[2026-05-09T19:47:46.802+0000] {processor.py:183} INFO - Processing /home/airflow/.local/lib/python3.12/site-packages/airflow/example_dags/plugins/listener_plugin.py took 0.023 seconds
[2026-05-09T19:48:17.175+0000] {processor.py:161} INFO - Started process (PID=5932) to work on /home/airflow/.local/lib/python3.12/site-packages/airflow/example_dags/plugins/listener_plugin.py
[2026-05-09T19:48:17.176+0000] {processor.py:830} INFO - Processing file /home/airflow/.local/lib/python3.12/site-packages/airflow/example_dags/plugins/listener_plugin.py for tasks to queue
[2026-05-09T19:48:17.179+0000] {logging_mixin.py:188} INFO - [2026-05-09T19:48:17.178+0000] {dagbag.py:545} INFO - Filling up the DagBag from /home/airflow/.local/lib/python3.12/site-packages/airflow/example_dags/plugins/listener_plugin.py
[2026-05-09T19:48:17.182+0000] {processor.py:842} WARNING - No viable dags retrieved from /home/airflow/.local/lib/python3.12/site-packages/airflow/example_dags/plugins/listener_plugin.py
[2026-05-09T19:48:17.197+0000] {processor.py:183} INFO - Processing /home/airflow/.local/lib/python3.12/site-packages/airflow/example_dags/plugins/listener_plugin.py took 0.026 seconds
[2026-05-09T19:48:47.603+0000] {processor.py:161} INFO - Started process (PID=5992) to work on /home/airflow/.local/lib/python3.12/site-packages/airflow/example_dags/plugins/listener_plugin.py
[2026-05-09T19:48:47.605+0000] {processor.py:830} INFO - Processing file /home/airflow/.local/lib/python3.12/site-packages/airflow/example_dags/plugins/listener_plugin.py for tasks to queue
[2026-05-09T19:48:47.607+0000] {logging_mixin.py:188} INFO - [2026-05-09T19:48:47.607+0000] {dagbag.py:545} INFO - Filling up the DagBag from /home/airflow/.local/lib/python3.12/site-packages/airflow/example_dags/plugins/listener_plugin.py
[2026-05-09T19:48:47.610+0000] {processor.py:842} WARNING - No viable dags retrieved from /home/airflow/.local/lib/python3.12/site-packages/airflow/example_dags/plugins/listener_plugin.py
[2026-05-09T19:48:47.623+0000] {processor.py:183} INFO - Processing /home/airflow/.local/lib/python3.12/site-packages/airflow/example_dags/plugins/listener_plugin.py took 0.025 seconds
[2026-05-09T19:49:18.576+0000] {processor.py:161} INFO - Started process (PID=6052) to work on /home/airflow/.local/lib/python3.12/site-packages/airflow/example_dags/plugins/listener_plugin.py
[2026-05-09T19:49:18.583+0000] {processor.py:830} INFO - Processing file /home/airflow/.local/lib/python3.12/site-packages/airflow/example_dags/plugins/listener_plugin.py for tasks to queue
[2026-05-09T19:49:18.588+0000] {logging_mixin.py:188} INFO - [2026-05-09T19:49:18.587+0000] {dagbag.py:545} INFO - Filling up the DagBag from /home/airflow/.local/lib/python3.12/site-packages/airflow/example_dags/plugins/listener_plugin.py
[2026-05-09T19:49:18.595+0000] {processor.py:842} WARNING - No viable dags retrieved from /home/airflow/.local/lib/python3.12/site-packages/airflow/example_dags/plugins/listener_plugin.py
[2026-05-09T19:49:18.612+0000] {processor.py:183} INFO - Processing /home/airflow/.local/lib/python3.12/site-packages/airflow/example_dags/plugins/listener_plugin.py took 0.042 seconds
[2026-05-09T19:49:49.543+0000] {processor.py:161} INFO - Started process (PID=6118) to work on /home/airflow/.local/lib/python3.12/site-packages/airflow/example_dags/plugins/listener_plugin.py
[2026-05-09T19:49:49.545+0000] {processor.py:830} INFO - Processing file /home/airflow/.local/lib/python3.12/site-packages/airflow/example_dags/plugins/listener_plugin.py for tasks to queue
[2026-05-09T19:49:49.547+0000] {logging_mixin.py:188} INFO - [2026-05-09T19:49:49.547+0000] {dagbag.py:545} INFO - Filling up the DagBag from /home/airflow/.local/lib/python3.12/site-packages/airflow/example_dags/plugins/listener_plugin.py
[2026-05-09T19:49:49.549+0000] {processor.py:842} WARNING - No viable dags retrieved from /home/airflow/.local/lib/python3.12/site-packages/airflow/example_dags/plugins/listener_plugin.py
[2026-05-09T19:49:49.563+0000] {processor.py:183} INFO - Processing /home/airflow/.local/lib/python3.12/site-packages/airflow/example_dags/plugins/listener_plugin.py took 0.024 seconds
[2026-05-09T19:50:20.250+0000] {processor.py:161} INFO - Started process (PID=6178) to work on /home/airflow/.local/lib/python3.12/site-packages/airflow/example_dags/plugins/listener_plugin.py
[2026-05-09T19:50:20.251+0000] {processor.py:830} INFO - Processing file /home/airflow/.local/lib/python3.12/site-packages/airflow/example_dags/plugins/listener_plugin.py for tasks to queue
[2026-05-09T19:50:20.253+0000] {logging_mixin.py:188} INFO - [2026-05-09T19:50:20.253+0000] {dagbag.py:545} INFO - Filling up the DagBag from /home/airflow/.local/lib/python3.12/site-packages/airflow/example_dags/plugins/listener_plugin.py
[2026-05-09T19:50:20.256+0000] {processor.py:842} WARNING - No viable dags retrieved from /home/airflow/.local/lib/python3.12/site-packages/airflow/example_dags/plugins/listener_plugin.py
[2026-05-09T19:50:20.271+0000] {processor.py:183} INFO - Processing /home/airflow/.local/lib/python3.12/site-packages/airflow/example_dags/plugins/listener_plugin.py took 0.026 seconds
[2026-05-09T19:50:50.626+0000] {processor.py:161} INFO - Started process (PID=6238) to work on /home/airflow/.local/lib/python3.12/site-packages/airflow/example_dags/plugins/listener_plugin.py
[2026-05-09T19:50:50.628+0000] {processor.py:830} INFO - Processing file /home/airflow/.local/lib/python3.12/site-packages/airflow/example_dags/plugins/listener_plugin.py for tasks to queue
[2026-05-09T19:50:50.631+0000] {logging_mixin.py:188} INFO - [2026-05-09T19:50:50.631+0000] {dagbag.py:545} INFO - Filling up the DagBag from /home/airflow/.local/lib/python3.12/site-packages/airflow/example_dags/plugins/listener_plugin.py
[2026-05-09T19:50:50.635+0000] {processor.py:842} WARNING - No viable dags retrieved from /home/airflow/.local/lib/python3.12/site-packages/airflow/example_dags/plugins/listener_plugin.py
[2026-05-09T19:50:50.660+0000] {processor.py:183} INFO - Processing /home/airflow/.local/lib/python3.12/site-packages/airflow/example_dags/plugins/listener_plugin.py took 0.042 seconds
[2026-05-09T19:51:20.907+0000] {processor.py:161} INFO - Started process (PID=6297) to work on /home/airflow/.local/lib/python3.12/site-packages/airflow/example_dags/plugins/listener_plugin.py
[2026-05-09T19:51:20.908+0000] {processor.py:830} INFO - Processing file /home/airflow/.local/lib/python3.12/site-packages/airflow/example_dags/plugins/listener_plugin.py for tasks to queue
[2026-05-09T19:51:20.911+0000] {logging_mixin.py:188} INFO - [2026-05-09T19:51:20.911+0000] {dagbag.py:545} INFO - Filling up the DagBag from /home/airflow/.local/lib/python3.12/site-packages/airflow/example_dags/plugins/listener_plugin.py
[2026-05-09T19:51:20.913+0000] {processor.py:842} WARNING - No viable dags retrieved from /home/airflow/.local/lib/python3.12/site-packages/airflow/example_dags/plugins/listener_plugin.py
[2026-05-09T19:51:20.927+0000] {processor.py:183} INFO - Processing /home/airflow/.local/lib/python3.12/site-packages/airflow/example_dags/plugins/listener_plugin.py took 0.027 seconds
[2026-05-09T19:51:51.695+0000] {processor.py:161} INFO - Started process (PID=6358) to work on /home/airflow/.local/lib/python3.12/site-packages/airflow/example_dags/plugins/listener_plugin.py
[2026-05-09T19:51:51.696+0000] {processor.py:830} INFO - Processing file /home/airflow/.local/lib/python3.12/site-packages/airflow/example_dags/plugins/listener_plugin.py for tasks to queue
[2026-05-09T19:51:51.698+0000] {logging_mixin.py:188} INFO - [2026-05-09T19:51:51.697+0000] {dagbag.py:545} INFO - Filling up the DagBag from /home/airflow/.local/lib/python3.12/site-packages/airflow/example_dags/plugins/listener_plugin.py
[2026-05-09T19:51:51.699+0000] {processor.py:842} WARNING - No viable dags retrieved from /home/airflow/.local/lib/python3.12/site-packages/airflow/example_dags/plugins/listener_plugin.py
[2026-05-09T19:51:51.711+0000] {processor.py:183} INFO - Processing /home/airflow/.local/lib/python3.12/site-packages/airflow/example_dags/plugins/listener_plugin.py took 0.021 seconds
[2026-05-09T19:52:22.018+0000] {processor.py:161} INFO - Started process (PID=6418) to work on /home/airflow/.local/lib/python3.12/site-packages/airflow/example_dags/plugins/listener_plugin.py
[2026-05-09T19:52:22.020+0000] {processor.py:830} INFO - Processing file /home/airflow/.local/lib/python3.12/site-packages/airflow/example_dags/plugins/listener_plugin.py for tasks to queue
[2026-05-09T19:52:22.022+0000] {logging_mixin.py:188} INFO - [2026-05-09T19:52:22.022+0000] {dagbag.py:545} INFO - Filling up the DagBag from /home/airflow/.local/lib/python3.12/site-packages/airflow/example_dags/plugins/listener_plugin.py
[2026-05-09T19:52:22.024+0000] {processor.py:842} WARNING - No viable dags retrieved from /home/airflow/.local/lib/python3.12/site-packages/airflow/example_dags/plugins/listener_plugin.py
[2026-05-09T19:52:22.038+0000] {processor.py:183} INFO - Processing /home/airflow/.local/lib/python3.12/site-packages/airflow/example_dags/plugins/listener_plugin.py took 0.026 seconds
[2026-05-09T19:52:52.554+0000] {processor.py:161} INFO - Started process (PID=6478) to work on /home/airflow/.local/lib/python3.12/site-packages/airflow/example_dags/plugins/listener_plugin.py
[2026-05-09T19:52:52.555+0000] {processor.py:830} INFO - Processing file /home/airflow/.local/lib/python3.12/site-packages/airflow/example_dags/plugins/listener_plugin.py for tasks to queue
[2026-05-09T19:52:52.559+0000] {logging_mixin.py:188} INFO - [2026-05-09T19:52:52.558+0000] {dagbag.py:545} INFO - Filling up the DagBag from /home/airflow/.local/lib/python3.12/site-packages/airflow/example_dags/plugins/listener_plugin.py
[2026-05-09T19:52:52.565+0000] {processor.py:842} WARNING - No viable dags retrieved from /home/airflow/.local/lib/python3.12/site-packages/airflow/example_dags/plugins/listener_plugin.py
[2026-05-09T19:52:52.578+0000] {processor.py:183} INFO - Processing /home/airflow/.local/lib/python3.12/site-packages/airflow/example_dags/plugins/listener_plugin.py took 0.033 seconds
