[2026-05-10T03:43:43.649+0000] {processor.py:161} INFO - Started process (PID=76) to work on /home/airflow/.local/lib/python3.12/site-packages/airflow/example_dags/example_bash_decorator.py
[2026-05-10T03:43:43.650+0000] {processor.py:830} INFO - Processing file /home/airflow/.local/lib/python3.12/site-packages/airflow/example_dags/example_bash_decorator.py for tasks to queue
[2026-05-10T03:43:43.653+0000] {logging_mixin.py:188} INFO - [2026-05-10T03:43:43.652+0000] {dagbag.py:545} INFO - Filling up the DagBag from /home/airflow/.local/lib/python3.12/site-packages/airflow/example_dags/example_bash_decorator.py
[2026-05-10T03:43:43.674+0000] {processor.py:840} INFO - DAG(s) 'example_bash_decorator' retrieved from /home/airflow/.local/lib/python3.12/site-packages/airflow/example_dags/example_bash_decorator.py
[2026-05-10T03:43:43.775+0000] {logging_mixin.py:188} INFO - [2026-05-10T03:43:43.775+0000] {dag.py:3096} INFO - Sync 1 DAGs
[2026-05-10T03:43:43.786+0000] {logging_mixin.py:188} INFO - [2026-05-10T03:43:43.785+0000] {dag.py:3954} INFO - Setting next_dagrun for example_bash_decorator to None, run_after=None
[2026-05-10T03:43:43.806+0000] {processor.py:183} INFO - Processing /home/airflow/.local/lib/python3.12/site-packages/airflow/example_dags/example_bash_decorator.py took 0.164 seconds
[2026-05-10T03:44:13.981+0000] {processor.py:161} INFO - Started process (PID=136) to work on /home/airflow/.local/lib/python3.12/site-packages/airflow/example_dags/example_bash_decorator.py
[2026-05-10T03:44:13.983+0000] {processor.py:830} INFO - Processing file /home/airflow/.local/lib/python3.12/site-packages/airflow/example_dags/example_bash_decorator.py for tasks to queue
[2026-05-10T03:44:13.985+0000] {logging_mixin.py:188} INFO - [2026-05-10T03:44:13.985+0000] {dagbag.py:545} INFO - Filling up the DagBag from /home/airflow/.local/lib/python3.12/site-packages/airflow/example_dags/example_bash_decorator.py
[2026-05-10T03:44:14.003+0000] {processor.py:840} INFO - DAG(s) 'example_bash_decorator' retrieved from /home/airflow/.local/lib/python3.12/site-packages/airflow/example_dags/example_bash_decorator.py
[2026-05-10T03:44:14.035+0000] {logging_mixin.py:188} INFO - [2026-05-10T03:44:14.035+0000] {dag.py:3096} INFO - Sync 1 DAGs
[2026-05-10T03:44:14.052+0000] {logging_mixin.py:188} INFO - [2026-05-10T03:44:14.051+0000] {dag.py:3954} INFO - Setting next_dagrun for example_bash_decorator to None, run_after=None
[2026-05-10T03:44:14.072+0000] {processor.py:183} INFO - Processing /home/airflow/.local/lib/python3.12/site-packages/airflow/example_dags/example_bash_decorator.py took 0.100 seconds
[2026-05-10T03:44:45.237+0000] {processor.py:161} INFO - Started process (PID=196) to work on /home/airflow/.local/lib/python3.12/site-packages/airflow/example_dags/example_bash_decorator.py
[2026-05-10T03:44:45.241+0000] {processor.py:830} INFO - Processing file /home/airflow/.local/lib/python3.12/site-packages/airflow/example_dags/example_bash_decorator.py for tasks to queue
[2026-05-10T03:44:45.244+0000] {logging_mixin.py:188} INFO - [2026-05-10T03:44:45.244+0000] {dagbag.py:545} INFO - Filling up the DagBag from /home/airflow/.local/lib/python3.12/site-packages/airflow/example_dags/example_bash_decorator.py
[2026-05-10T03:44:45.259+0000] {processor.py:840} INFO - DAG(s) 'example_bash_decorator' retrieved from /home/airflow/.local/lib/python3.12/site-packages/airflow/example_dags/example_bash_decorator.py
[2026-05-10T03:44:45.282+0000] {logging_mixin.py:188} INFO - [2026-05-10T03:44:45.282+0000] {dag.py:3096} INFO - Sync 1 DAGs
[2026-05-10T03:44:45.297+0000] {logging_mixin.py:188} INFO - [2026-05-10T03:44:45.296+0000] {dag.py:3954} INFO - Setting next_dagrun for example_bash_decorator to None, run_after=None
[2026-05-10T03:44:45.317+0000] {processor.py:183} INFO - Processing /home/airflow/.local/lib/python3.12/site-packages/airflow/example_dags/example_bash_decorator.py took 0.085 seconds
[2026-05-10T03:45:17.484+0000] {processor.py:161} INFO - Started process (PID=262) to work on /home/airflow/.local/lib/python3.12/site-packages/airflow/example_dags/example_bash_decorator.py
[2026-05-10T03:45:17.486+0000] {processor.py:830} INFO - Processing file /home/airflow/.local/lib/python3.12/site-packages/airflow/example_dags/example_bash_decorator.py for tasks to queue
[2026-05-10T03:45:17.493+0000] {logging_mixin.py:188} INFO - [2026-05-10T03:45:17.492+0000] {dagbag.py:545} INFO - Filling up the DagBag from /home/airflow/.local/lib/python3.12/site-packages/airflow/example_dags/example_bash_decorator.py
[2026-05-10T03:45:17.514+0000] {processor.py:840} INFO - DAG(s) 'example_bash_decorator' retrieved from /home/airflow/.local/lib/python3.12/site-packages/airflow/example_dags/example_bash_decorator.py
[2026-05-10T03:45:17.569+0000] {logging_mixin.py:188} INFO - [2026-05-10T03:45:17.569+0000] {dag.py:3096} INFO - Sync 1 DAGs
[2026-05-10T03:45:17.606+0000] {logging_mixin.py:188} INFO - [2026-05-10T03:45:17.606+0000] {dag.py:3954} INFO - Setting next_dagrun for example_bash_decorator to None, run_after=None
[2026-05-10T03:45:17.660+0000] {processor.py:183} INFO - Processing /home/airflow/.local/lib/python3.12/site-packages/airflow/example_dags/example_bash_decorator.py took 0.186 seconds
[2026-05-10T03:45:48.315+0000] {processor.py:161} INFO - Started process (PID=322) to work on /home/airflow/.local/lib/python3.12/site-packages/airflow/example_dags/example_bash_decorator.py
[2026-05-10T03:45:48.321+0000] {processor.py:830} INFO - Processing file /home/airflow/.local/lib/python3.12/site-packages/airflow/example_dags/example_bash_decorator.py for tasks to queue
[2026-05-10T03:45:48.325+0000] {logging_mixin.py:188} INFO - [2026-05-10T03:45:48.324+0000] {dagbag.py:545} INFO - Filling up the DagBag from /home/airflow/.local/lib/python3.12/site-packages/airflow/example_dags/example_bash_decorator.py
[2026-05-10T03:45:48.350+0000] {processor.py:840} INFO - DAG(s) 'example_bash_decorator' retrieved from /home/airflow/.local/lib/python3.12/site-packages/airflow/example_dags/example_bash_decorator.py
[2026-05-10T03:45:48.400+0000] {logging_mixin.py:188} INFO - [2026-05-10T03:45:48.400+0000] {dag.py:3096} INFO - Sync 1 DAGs
[2026-05-10T03:45:48.426+0000] {logging_mixin.py:188} INFO - [2026-05-10T03:45:48.426+0000] {dag.py:3954} INFO - Setting next_dagrun for example_bash_decorator to None, run_after=None
[2026-05-10T03:45:48.478+0000] {processor.py:183} INFO - Processing /home/airflow/.local/lib/python3.12/site-packages/airflow/example_dags/example_bash_decorator.py took 0.174 seconds
[2026-05-10T03:46:18.648+0000] {processor.py:161} INFO - Started process (PID=382) to work on /home/airflow/.local/lib/python3.12/site-packages/airflow/example_dags/example_bash_decorator.py
[2026-05-10T03:46:18.649+0000] {processor.py:830} INFO - Processing file /home/airflow/.local/lib/python3.12/site-packages/airflow/example_dags/example_bash_decorator.py for tasks to queue
[2026-05-10T03:46:18.655+0000] {logging_mixin.py:188} INFO - [2026-05-10T03:46:18.654+0000] {dagbag.py:545} INFO - Filling up the DagBag from /home/airflow/.local/lib/python3.12/site-packages/airflow/example_dags/example_bash_decorator.py
[2026-05-10T03:46:18.671+0000] {processor.py:840} INFO - DAG(s) 'example_bash_decorator' retrieved from /home/airflow/.local/lib/python3.12/site-packages/airflow/example_dags/example_bash_decorator.py
[2026-05-10T03:46:18.703+0000] {logging_mixin.py:188} INFO - [2026-05-10T03:46:18.702+0000] {dag.py:3096} INFO - Sync 1 DAGs
[2026-05-10T03:46:18.717+0000] {logging_mixin.py:188} INFO - [2026-05-10T03:46:18.716+0000] {dag.py:3954} INFO - Setting next_dagrun for example_bash_decorator to None, run_after=None
[2026-05-10T03:46:18.740+0000] {processor.py:183} INFO - Processing /home/airflow/.local/lib/python3.12/site-packages/airflow/example_dags/example_bash_decorator.py took 0.099 seconds
[2026-05-10T03:46:50.662+0000] {processor.py:161} INFO - Started process (PID=442) to work on /home/airflow/.local/lib/python3.12/site-packages/airflow/example_dags/example_bash_decorator.py
[2026-05-10T03:46:50.672+0000] {processor.py:830} INFO - Processing file /home/airflow/.local/lib/python3.12/site-packages/airflow/example_dags/example_bash_decorator.py for tasks to queue
[2026-05-10T03:46:50.678+0000] {logging_mixin.py:188} INFO - [2026-05-10T03:46:50.676+0000] {dagbag.py:545} INFO - Filling up the DagBag from /home/airflow/.local/lib/python3.12/site-packages/airflow/example_dags/example_bash_decorator.py
[2026-05-10T03:46:50.722+0000] {processor.py:840} INFO - DAG(s) 'example_bash_decorator' retrieved from /home/airflow/.local/lib/python3.12/site-packages/airflow/example_dags/example_bash_decorator.py
[2026-05-10T03:46:50.828+0000] {logging_mixin.py:188} INFO - [2026-05-10T03:46:50.827+0000] {dag.py:3096} INFO - Sync 1 DAGs
[2026-05-10T03:46:50.887+0000] {logging_mixin.py:188} INFO - [2026-05-10T03:46:50.883+0000] {dag.py:3954} INFO - Setting next_dagrun for example_bash_decorator to None, run_after=None
[2026-05-10T03:46:50.988+0000] {processor.py:183} INFO - Processing /home/airflow/.local/lib/python3.12/site-packages/airflow/example_dags/example_bash_decorator.py took 0.336 seconds
[2026-05-10T03:47:21.537+0000] {processor.py:161} INFO - Started process (PID=502) to work on /home/airflow/.local/lib/python3.12/site-packages/airflow/example_dags/example_bash_decorator.py
[2026-05-10T03:47:21.541+0000] {processor.py:830} INFO - Processing file /home/airflow/.local/lib/python3.12/site-packages/airflow/example_dags/example_bash_decorator.py for tasks to queue
[2026-05-10T03:47:21.550+0000] {logging_mixin.py:188} INFO - [2026-05-10T03:47:21.549+0000] {dagbag.py:545} INFO - Filling up the DagBag from /home/airflow/.local/lib/python3.12/site-packages/airflow/example_dags/example_bash_decorator.py
[2026-05-10T03:47:21.572+0000] {processor.py:840} INFO - DAG(s) 'example_bash_decorator' retrieved from /home/airflow/.local/lib/python3.12/site-packages/airflow/example_dags/example_bash_decorator.py
[2026-05-10T03:47:21.636+0000] {logging_mixin.py:188} INFO - [2026-05-10T03:47:21.636+0000] {dag.py:3096} INFO - Sync 1 DAGs
[2026-05-10T03:47:21.674+0000] {logging_mixin.py:188} INFO - [2026-05-10T03:47:21.673+0000] {dag.py:3954} INFO - Setting next_dagrun for example_bash_decorator to None, run_after=None
[2026-05-10T03:47:21.733+0000] {processor.py:183} INFO - Processing /home/airflow/.local/lib/python3.12/site-packages/airflow/example_dags/example_bash_decorator.py took 0.207 seconds
[2026-05-10T03:47:52.308+0000] {processor.py:161} INFO - Started process (PID=562) to work on /home/airflow/.local/lib/python3.12/site-packages/airflow/example_dags/example_bash_decorator.py
[2026-05-10T03:47:52.309+0000] {processor.py:830} INFO - Processing file /home/airflow/.local/lib/python3.12/site-packages/airflow/example_dags/example_bash_decorator.py for tasks to queue
[2026-05-10T03:47:52.312+0000] {logging_mixin.py:188} INFO - [2026-05-10T03:47:52.311+0000] {dagbag.py:545} INFO - Filling up the DagBag from /home/airflow/.local/lib/python3.12/site-packages/airflow/example_dags/example_bash_decorator.py
[2026-05-10T03:47:52.324+0000] {processor.py:840} INFO - DAG(s) 'example_bash_decorator' retrieved from /home/airflow/.local/lib/python3.12/site-packages/airflow/example_dags/example_bash_decorator.py
[2026-05-10T03:47:52.348+0000] {logging_mixin.py:188} INFO - [2026-05-10T03:47:52.348+0000] {dag.py:3096} INFO - Sync 1 DAGs
[2026-05-10T03:47:52.360+0000] {logging_mixin.py:188} INFO - [2026-05-10T03:47:52.360+0000] {dag.py:3954} INFO - Setting next_dagrun for example_bash_decorator to None, run_after=None
[2026-05-10T03:47:52.382+0000] {processor.py:183} INFO - Processing /home/airflow/.local/lib/python3.12/site-packages/airflow/example_dags/example_bash_decorator.py took 0.079 seconds
[2026-05-10T03:48:22.505+0000] {processor.py:161} INFO - Started process (PID=621) to work on /home/airflow/.local/lib/python3.12/site-packages/airflow/example_dags/example_bash_decorator.py
[2026-05-10T03:48:22.506+0000] {processor.py:830} INFO - Processing file /home/airflow/.local/lib/python3.12/site-packages/airflow/example_dags/example_bash_decorator.py for tasks to queue
[2026-05-10T03:48:22.508+0000] {logging_mixin.py:188} INFO - [2026-05-10T03:48:22.508+0000] {dagbag.py:545} INFO - Filling up the DagBag from /home/airflow/.local/lib/python3.12/site-packages/airflow/example_dags/example_bash_decorator.py
[2026-05-10T03:48:22.526+0000] {processor.py:840} INFO - DAG(s) 'example_bash_decorator' retrieved from /home/airflow/.local/lib/python3.12/site-packages/airflow/example_dags/example_bash_decorator.py
[2026-05-10T03:48:22.555+0000] {logging_mixin.py:188} INFO - [2026-05-10T03:48:22.554+0000] {dag.py:3096} INFO - Sync 1 DAGs
[2026-05-10T03:48:22.570+0000] {logging_mixin.py:188} INFO - [2026-05-10T03:48:22.570+0000] {dag.py:3954} INFO - Setting next_dagrun for example_bash_decorator to None, run_after=None
[2026-05-10T03:48:22.607+0000] {processor.py:183} INFO - Processing /home/airflow/.local/lib/python3.12/site-packages/airflow/example_dags/example_bash_decorator.py took 0.109 seconds
[2026-05-10T03:48:52.796+0000] {processor.py:161} INFO - Started process (PID=680) to work on /home/airflow/.local/lib/python3.12/site-packages/airflow/example_dags/example_bash_decorator.py
[2026-05-10T03:48:52.798+0000] {processor.py:830} INFO - Processing file /home/airflow/.local/lib/python3.12/site-packages/airflow/example_dags/example_bash_decorator.py for tasks to queue
[2026-05-10T03:48:52.801+0000] {logging_mixin.py:188} INFO - [2026-05-10T03:48:52.800+0000] {dagbag.py:545} INFO - Filling up the DagBag from /home/airflow/.local/lib/python3.12/site-packages/airflow/example_dags/example_bash_decorator.py
[2026-05-10T03:48:52.812+0000] {processor.py:840} INFO - DAG(s) 'example_bash_decorator' retrieved from /home/airflow/.local/lib/python3.12/site-packages/airflow/example_dags/example_bash_decorator.py
[2026-05-10T03:48:52.834+0000] {logging_mixin.py:188} INFO - [2026-05-10T03:48:52.834+0000] {dag.py:3096} INFO - Sync 1 DAGs
[2026-05-10T03:48:52.845+0000] {logging_mixin.py:188} INFO - [2026-05-10T03:48:52.845+0000] {dag.py:3954} INFO - Setting next_dagrun for example_bash_decorator to None, run_after=None
[2026-05-10T03:48:52.864+0000] {processor.py:183} INFO - Processing /home/airflow/.local/lib/python3.12/site-packages/airflow/example_dags/example_bash_decorator.py took 0.073 seconds
[2026-05-10T03:49:22.916+0000] {processor.py:161} INFO - Started process (PID=740) to work on /home/airflow/.local/lib/python3.12/site-packages/airflow/example_dags/example_bash_decorator.py
[2026-05-10T03:49:22.917+0000] {processor.py:830} INFO - Processing file /home/airflow/.local/lib/python3.12/site-packages/airflow/example_dags/example_bash_decorator.py for tasks to queue
[2026-05-10T03:49:22.919+0000] {logging_mixin.py:188} INFO - [2026-05-10T03:49:22.919+0000] {dagbag.py:545} INFO - Filling up the DagBag from /home/airflow/.local/lib/python3.12/site-packages/airflow/example_dags/example_bash_decorator.py
[2026-05-10T03:49:22.932+0000] {processor.py:840} INFO - DAG(s) 'example_bash_decorator' retrieved from /home/airflow/.local/lib/python3.12/site-packages/airflow/example_dags/example_bash_decorator.py
[2026-05-10T03:49:22.952+0000] {logging_mixin.py:188} INFO - [2026-05-10T03:49:22.952+0000] {dag.py:3096} INFO - Sync 1 DAGs
[2026-05-10T03:49:22.965+0000] {logging_mixin.py:188} INFO - [2026-05-10T03:49:22.964+0000] {dag.py:3954} INFO - Setting next_dagrun for example_bash_decorator to None, run_after=None
[2026-05-10T03:49:22.984+0000] {processor.py:183} INFO - Processing /home/airflow/.local/lib/python3.12/site-packages/airflow/example_dags/example_bash_decorator.py took 0.073 seconds
[2026-05-10T03:49:53.849+0000] {processor.py:161} INFO - Started process (PID=800) to work on /home/airflow/.local/lib/python3.12/site-packages/airflow/example_dags/example_bash_decorator.py
[2026-05-10T03:49:53.851+0000] {processor.py:830} INFO - Processing file /home/airflow/.local/lib/python3.12/site-packages/airflow/example_dags/example_bash_decorator.py for tasks to queue
[2026-05-10T03:49:53.853+0000] {logging_mixin.py:188} INFO - [2026-05-10T03:49:53.853+0000] {dagbag.py:545} INFO - Filling up the DagBag from /home/airflow/.local/lib/python3.12/site-packages/airflow/example_dags/example_bash_decorator.py
[2026-05-10T03:49:53.866+0000] {processor.py:840} INFO - DAG(s) 'example_bash_decorator' retrieved from /home/airflow/.local/lib/python3.12/site-packages/airflow/example_dags/example_bash_decorator.py
[2026-05-10T03:49:53.887+0000] {logging_mixin.py:188} INFO - [2026-05-10T03:49:53.887+0000] {dag.py:3096} INFO - Sync 1 DAGs
[2026-05-10T03:49:53.899+0000] {logging_mixin.py:188} INFO - [2026-05-10T03:49:53.899+0000] {dag.py:3954} INFO - Setting next_dagrun for example_bash_decorator to None, run_after=None
[2026-05-10T03:49:53.918+0000] {processor.py:183} INFO - Processing /home/airflow/.local/lib/python3.12/site-packages/airflow/example_dags/example_bash_decorator.py took 0.074 seconds
[2026-05-10T03:50:24.499+0000] {processor.py:161} INFO - Started process (PID=860) to work on /home/airflow/.local/lib/python3.12/site-packages/airflow/example_dags/example_bash_decorator.py
[2026-05-10T03:50:24.502+0000] {processor.py:830} INFO - Processing file /home/airflow/.local/lib/python3.12/site-packages/airflow/example_dags/example_bash_decorator.py for tasks to queue
[2026-05-10T03:50:24.504+0000] {logging_mixin.py:188} INFO - [2026-05-10T03:50:24.504+0000] {dagbag.py:545} INFO - Filling up the DagBag from /home/airflow/.local/lib/python3.12/site-packages/airflow/example_dags/example_bash_decorator.py
[2026-05-10T03:50:24.517+0000] {processor.py:840} INFO - DAG(s) 'example_bash_decorator' retrieved from /home/airflow/.local/lib/python3.12/site-packages/airflow/example_dags/example_bash_decorator.py
[2026-05-10T03:50:24.539+0000] {logging_mixin.py:188} INFO - [2026-05-10T03:50:24.539+0000] {dag.py:3096} INFO - Sync 1 DAGs
[2026-05-10T03:50:24.551+0000] {logging_mixin.py:188} INFO - [2026-05-10T03:50:24.550+0000] {dag.py:3954} INFO - Setting next_dagrun for example_bash_decorator to None, run_after=None
[2026-05-10T03:50:24.571+0000] {processor.py:183} INFO - Processing /home/airflow/.local/lib/python3.12/site-packages/airflow/example_dags/example_bash_decorator.py took 0.077 seconds
[2026-05-10T03:50:54.807+0000] {processor.py:161} INFO - Started process (PID=920) to work on /home/airflow/.local/lib/python3.12/site-packages/airflow/example_dags/example_bash_decorator.py
[2026-05-10T03:50:54.811+0000] {processor.py:830} INFO - Processing file /home/airflow/.local/lib/python3.12/site-packages/airflow/example_dags/example_bash_decorator.py for tasks to queue
[2026-05-10T03:50:54.813+0000] {logging_mixin.py:188} INFO - [2026-05-10T03:50:54.813+0000] {dagbag.py:545} INFO - Filling up the DagBag from /home/airflow/.local/lib/python3.12/site-packages/airflow/example_dags/example_bash_decorator.py
[2026-05-10T03:50:54.825+0000] {processor.py:840} INFO - DAG(s) 'example_bash_decorator' retrieved from /home/airflow/.local/lib/python3.12/site-packages/airflow/example_dags/example_bash_decorator.py
[2026-05-10T03:50:54.857+0000] {logging_mixin.py:188} INFO - [2026-05-10T03:50:54.856+0000] {dag.py:3096} INFO - Sync 1 DAGs
[2026-05-10T03:50:54.869+0000] {logging_mixin.py:188} INFO - [2026-05-10T03:50:54.869+0000] {dag.py:3954} INFO - Setting next_dagrun for example_bash_decorator to None, run_after=None
[2026-05-10T03:50:54.897+0000] {processor.py:183} INFO - Processing /home/airflow/.local/lib/python3.12/site-packages/airflow/example_dags/example_bash_decorator.py took 0.096 seconds
[2026-05-10T03:51:25.186+0000] {processor.py:161} INFO - Started process (PID=980) to work on /home/airflow/.local/lib/python3.12/site-packages/airflow/example_dags/example_bash_decorator.py
[2026-05-10T03:51:25.187+0000] {processor.py:830} INFO - Processing file /home/airflow/.local/lib/python3.12/site-packages/airflow/example_dags/example_bash_decorator.py for tasks to queue
[2026-05-10T03:51:25.190+0000] {logging_mixin.py:188} INFO - [2026-05-10T03:51:25.190+0000] {dagbag.py:545} INFO - Filling up the DagBag from /home/airflow/.local/lib/python3.12/site-packages/airflow/example_dags/example_bash_decorator.py
[2026-05-10T03:51:25.204+0000] {processor.py:840} INFO - DAG(s) 'example_bash_decorator' retrieved from /home/airflow/.local/lib/python3.12/site-packages/airflow/example_dags/example_bash_decorator.py
[2026-05-10T03:51:25.225+0000] {logging_mixin.py:188} INFO - [2026-05-10T03:51:25.225+0000] {dag.py:3096} INFO - Sync 1 DAGs
[2026-05-10T03:51:25.236+0000] {logging_mixin.py:188} INFO - [2026-05-10T03:51:25.236+0000] {dag.py:3954} INFO - Setting next_dagrun for example_bash_decorator to None, run_after=None
[2026-05-10T03:51:25.254+0000] {processor.py:183} INFO - Processing /home/airflow/.local/lib/python3.12/site-packages/airflow/example_dags/example_bash_decorator.py took 0.074 seconds
[2026-05-10T03:51:55.533+0000] {processor.py:161} INFO - Started process (PID=1040) to work on /home/airflow/.local/lib/python3.12/site-packages/airflow/example_dags/example_bash_decorator.py
[2026-05-10T03:51:55.535+0000] {processor.py:830} INFO - Processing file /home/airflow/.local/lib/python3.12/site-packages/airflow/example_dags/example_bash_decorator.py for tasks to queue
[2026-05-10T03:51:55.537+0000] {logging_mixin.py:188} INFO - [2026-05-10T03:51:55.537+0000] {dagbag.py:545} INFO - Filling up the DagBag from /home/airflow/.local/lib/python3.12/site-packages/airflow/example_dags/example_bash_decorator.py
[2026-05-10T03:51:55.549+0000] {processor.py:840} INFO - DAG(s) 'example_bash_decorator' retrieved from /home/airflow/.local/lib/python3.12/site-packages/airflow/example_dags/example_bash_decorator.py
[2026-05-10T03:51:55.574+0000] {logging_mixin.py:188} INFO - [2026-05-10T03:51:55.573+0000] {dag.py:3096} INFO - Sync 1 DAGs
[2026-05-10T03:51:55.584+0000] {logging_mixin.py:188} INFO - [2026-05-10T03:51:55.584+0000] {dag.py:3954} INFO - Setting next_dagrun for example_bash_decorator to None, run_after=None
[2026-05-10T03:51:55.609+0000] {processor.py:183} INFO - Processing /home/airflow/.local/lib/python3.12/site-packages/airflow/example_dags/example_bash_decorator.py took 0.081 seconds
[2026-05-10T03:52:25.821+0000] {processor.py:161} INFO - Started process (PID=1100) to work on /home/airflow/.local/lib/python3.12/site-packages/airflow/example_dags/example_bash_decorator.py
[2026-05-10T03:52:25.822+0000] {processor.py:830} INFO - Processing file /home/airflow/.local/lib/python3.12/site-packages/airflow/example_dags/example_bash_decorator.py for tasks to queue
[2026-05-10T03:52:25.825+0000] {logging_mixin.py:188} INFO - [2026-05-10T03:52:25.824+0000] {dagbag.py:545} INFO - Filling up the DagBag from /home/airflow/.local/lib/python3.12/site-packages/airflow/example_dags/example_bash_decorator.py
[2026-05-10T03:52:25.837+0000] {processor.py:840} INFO - DAG(s) 'example_bash_decorator' retrieved from /home/airflow/.local/lib/python3.12/site-packages/airflow/example_dags/example_bash_decorator.py
[2026-05-10T03:52:25.860+0000] {logging_mixin.py:188} INFO - [2026-05-10T03:52:25.860+0000] {dag.py:3096} INFO - Sync 1 DAGs
[2026-05-10T03:52:25.872+0000] {logging_mixin.py:188} INFO - [2026-05-10T03:52:25.872+0000] {dag.py:3954} INFO - Setting next_dagrun for example_bash_decorator to None, run_after=None
[2026-05-10T03:52:25.892+0000] {processor.py:183} INFO - Processing /home/airflow/.local/lib/python3.12/site-packages/airflow/example_dags/example_bash_decorator.py took 0.077 seconds
[2026-05-10T03:52:56.253+0000] {processor.py:161} INFO - Started process (PID=1160) to work on /home/airflow/.local/lib/python3.12/site-packages/airflow/example_dags/example_bash_decorator.py
[2026-05-10T03:52:56.255+0000] {processor.py:830} INFO - Processing file /home/airflow/.local/lib/python3.12/site-packages/airflow/example_dags/example_bash_decorator.py for tasks to queue
[2026-05-10T03:52:56.257+0000] {logging_mixin.py:188} INFO - [2026-05-10T03:52:56.257+0000] {dagbag.py:545} INFO - Filling up the DagBag from /home/airflow/.local/lib/python3.12/site-packages/airflow/example_dags/example_bash_decorator.py
[2026-05-10T03:52:56.269+0000] {processor.py:840} INFO - DAG(s) 'example_bash_decorator' retrieved from /home/airflow/.local/lib/python3.12/site-packages/airflow/example_dags/example_bash_decorator.py
[2026-05-10T03:52:56.291+0000] {logging_mixin.py:188} INFO - [2026-05-10T03:52:56.290+0000] {dag.py:3096} INFO - Sync 1 DAGs
[2026-05-10T03:52:56.302+0000] {logging_mixin.py:188} INFO - [2026-05-10T03:52:56.302+0000] {dag.py:3954} INFO - Setting next_dagrun for example_bash_decorator to None, run_after=None
[2026-05-10T03:52:56.320+0000] {processor.py:183} INFO - Processing /home/airflow/.local/lib/python3.12/site-packages/airflow/example_dags/example_bash_decorator.py took 0.073 seconds
[2026-05-10T03:53:26.963+0000] {processor.py:161} INFO - Started process (PID=1220) to work on /home/airflow/.local/lib/python3.12/site-packages/airflow/example_dags/example_bash_decorator.py
[2026-05-10T03:53:26.965+0000] {processor.py:830} INFO - Processing file /home/airflow/.local/lib/python3.12/site-packages/airflow/example_dags/example_bash_decorator.py for tasks to queue
[2026-05-10T03:53:26.967+0000] {logging_mixin.py:188} INFO - [2026-05-10T03:53:26.967+0000] {dagbag.py:545} INFO - Filling up the DagBag from /home/airflow/.local/lib/python3.12/site-packages/airflow/example_dags/example_bash_decorator.py
[2026-05-10T03:53:26.980+0000] {processor.py:840} INFO - DAG(s) 'example_bash_decorator' retrieved from /home/airflow/.local/lib/python3.12/site-packages/airflow/example_dags/example_bash_decorator.py
[2026-05-10T03:53:27.003+0000] {logging_mixin.py:188} INFO - [2026-05-10T03:53:27.002+0000] {dag.py:3096} INFO - Sync 1 DAGs
[2026-05-10T03:53:27.015+0000] {logging_mixin.py:188} INFO - [2026-05-10T03:53:27.015+0000] {dag.py:3954} INFO - Setting next_dagrun for example_bash_decorator to None, run_after=None
[2026-05-10T03:53:27.035+0000] {processor.py:183} INFO - Processing /home/airflow/.local/lib/python3.12/site-packages/airflow/example_dags/example_bash_decorator.py took 0.077 seconds
[2026-05-10T03:53:57.494+0000] {processor.py:161} INFO - Started process (PID=1280) to work on /home/airflow/.local/lib/python3.12/site-packages/airflow/example_dags/example_bash_decorator.py
[2026-05-10T03:53:57.496+0000] {processor.py:830} INFO - Processing file /home/airflow/.local/lib/python3.12/site-packages/airflow/example_dags/example_bash_decorator.py for tasks to queue
[2026-05-10T03:53:57.498+0000] {logging_mixin.py:188} INFO - [2026-05-10T03:53:57.498+0000] {dagbag.py:545} INFO - Filling up the DagBag from /home/airflow/.local/lib/python3.12/site-packages/airflow/example_dags/example_bash_decorator.py
[2026-05-10T03:53:57.510+0000] {processor.py:840} INFO - DAG(s) 'example_bash_decorator' retrieved from /home/airflow/.local/lib/python3.12/site-packages/airflow/example_dags/example_bash_decorator.py
[2026-05-10T03:53:57.532+0000] {logging_mixin.py:188} INFO - [2026-05-10T03:53:57.532+0000] {dag.py:3096} INFO - Sync 1 DAGs
[2026-05-10T03:53:57.544+0000] {logging_mixin.py:188} INFO - [2026-05-10T03:53:57.543+0000] {dag.py:3954} INFO - Setting next_dagrun for example_bash_decorator to None, run_after=None
[2026-05-10T03:53:57.563+0000] {processor.py:183} INFO - Processing /home/airflow/.local/lib/python3.12/site-packages/airflow/example_dags/example_bash_decorator.py took 0.075 seconds
[2026-05-10T03:54:28.405+0000] {processor.py:161} INFO - Started process (PID=1340) to work on /home/airflow/.local/lib/python3.12/site-packages/airflow/example_dags/example_bash_decorator.py
[2026-05-10T03:54:28.406+0000] {processor.py:830} INFO - Processing file /home/airflow/.local/lib/python3.12/site-packages/airflow/example_dags/example_bash_decorator.py for tasks to queue
[2026-05-10T03:54:28.409+0000] {logging_mixin.py:188} INFO - [2026-05-10T03:54:28.409+0000] {dagbag.py:545} INFO - Filling up the DagBag from /home/airflow/.local/lib/python3.12/site-packages/airflow/example_dags/example_bash_decorator.py
[2026-05-10T03:54:28.428+0000] {processor.py:840} INFO - DAG(s) 'example_bash_decorator' retrieved from /home/airflow/.local/lib/python3.12/site-packages/airflow/example_dags/example_bash_decorator.py
[2026-05-10T03:54:28.453+0000] {logging_mixin.py:188} INFO - [2026-05-10T03:54:28.453+0000] {dag.py:3096} INFO - Sync 1 DAGs
[2026-05-10T03:54:28.473+0000] {logging_mixin.py:188} INFO - [2026-05-10T03:54:28.472+0000] {dag.py:3954} INFO - Setting next_dagrun for example_bash_decorator to None, run_after=None
[2026-05-10T03:54:28.497+0000] {processor.py:183} INFO - Processing /home/airflow/.local/lib/python3.12/site-packages/airflow/example_dags/example_bash_decorator.py took 0.099 seconds
[2026-05-10T03:54:59.578+0000] {processor.py:161} INFO - Started process (PID=1400) to work on /home/airflow/.local/lib/python3.12/site-packages/airflow/example_dags/example_bash_decorator.py
[2026-05-10T03:54:59.579+0000] {processor.py:830} INFO - Processing file /home/airflow/.local/lib/python3.12/site-packages/airflow/example_dags/example_bash_decorator.py for tasks to queue
[2026-05-10T03:54:59.582+0000] {logging_mixin.py:188} INFO - [2026-05-10T03:54:59.581+0000] {dagbag.py:545} INFO - Filling up the DagBag from /home/airflow/.local/lib/python3.12/site-packages/airflow/example_dags/example_bash_decorator.py
[2026-05-10T03:54:59.597+0000] {processor.py:840} INFO - DAG(s) 'example_bash_decorator' retrieved from /home/airflow/.local/lib/python3.12/site-packages/airflow/example_dags/example_bash_decorator.py
[2026-05-10T03:54:59.626+0000] {logging_mixin.py:188} INFO - [2026-05-10T03:54:59.626+0000] {dag.py:3096} INFO - Sync 1 DAGs
[2026-05-10T03:54:59.641+0000] {logging_mixin.py:188} INFO - [2026-05-10T03:54:59.641+0000] {dag.py:3954} INFO - Setting next_dagrun for example_bash_decorator to None, run_after=None
[2026-05-10T03:54:59.850+0000] {processor.py:183} INFO - Processing /home/airflow/.local/lib/python3.12/site-packages/airflow/example_dags/example_bash_decorator.py took 0.278 seconds
[2026-05-10T03:55:29.942+0000] {processor.py:161} INFO - Started process (PID=1460) to work on /home/airflow/.local/lib/python3.12/site-packages/airflow/example_dags/example_bash_decorator.py
[2026-05-10T03:55:29.945+0000] {processor.py:830} INFO - Processing file /home/airflow/.local/lib/python3.12/site-packages/airflow/example_dags/example_bash_decorator.py for tasks to queue
[2026-05-10T03:55:29.948+0000] {logging_mixin.py:188} INFO - [2026-05-10T03:55:29.948+0000] {dagbag.py:545} INFO - Filling up the DagBag from /home/airflow/.local/lib/python3.12/site-packages/airflow/example_dags/example_bash_decorator.py
[2026-05-10T03:55:29.962+0000] {processor.py:840} INFO - DAG(s) 'example_bash_decorator' retrieved from /home/airflow/.local/lib/python3.12/site-packages/airflow/example_dags/example_bash_decorator.py
[2026-05-10T03:55:29.994+0000] {logging_mixin.py:188} INFO - [2026-05-10T03:55:29.993+0000] {dag.py:3096} INFO - Sync 1 DAGs
[2026-05-10T03:55:30.013+0000] {logging_mixin.py:188} INFO - [2026-05-10T03:55:30.012+0000] {dag.py:3954} INFO - Setting next_dagrun for example_bash_decorator to None, run_after=None
[2026-05-10T03:55:30.038+0000] {processor.py:183} INFO - Processing /home/airflow/.local/lib/python3.12/site-packages/airflow/example_dags/example_bash_decorator.py took 0.103 seconds
[2026-05-10T03:56:00.165+0000] {processor.py:161} INFO - Started process (PID=1520) to work on /home/airflow/.local/lib/python3.12/site-packages/airflow/example_dags/example_bash_decorator.py
[2026-05-10T03:56:00.167+0000] {processor.py:830} INFO - Processing file /home/airflow/.local/lib/python3.12/site-packages/airflow/example_dags/example_bash_decorator.py for tasks to queue
[2026-05-10T03:56:00.172+0000] {logging_mixin.py:188} INFO - [2026-05-10T03:56:00.172+0000] {dagbag.py:545} INFO - Filling up the DagBag from /home/airflow/.local/lib/python3.12/site-packages/airflow/example_dags/example_bash_decorator.py
[2026-05-10T03:56:00.191+0000] {processor.py:840} INFO - DAG(s) 'example_bash_decorator' retrieved from /home/airflow/.local/lib/python3.12/site-packages/airflow/example_dags/example_bash_decorator.py
[2026-05-10T03:56:00.233+0000] {logging_mixin.py:188} INFO - [2026-05-10T03:56:00.232+0000] {dag.py:3096} INFO - Sync 1 DAGs
[2026-05-10T03:56:00.255+0000] {logging_mixin.py:188} INFO - [2026-05-10T03:56:00.255+0000] {dag.py:3954} INFO - Setting next_dagrun for example_bash_decorator to None, run_after=None
[2026-05-10T03:56:00.287+0000] {processor.py:183} INFO - Processing /home/airflow/.local/lib/python3.12/site-packages/airflow/example_dags/example_bash_decorator.py took 0.130 seconds
[2026-05-10T03:56:30.806+0000] {processor.py:161} INFO - Started process (PID=1580) to work on /home/airflow/.local/lib/python3.12/site-packages/airflow/example_dags/example_bash_decorator.py
[2026-05-10T03:56:30.808+0000] {processor.py:830} INFO - Processing file /home/airflow/.local/lib/python3.12/site-packages/airflow/example_dags/example_bash_decorator.py for tasks to queue
[2026-05-10T03:56:30.810+0000] {logging_mixin.py:188} INFO - [2026-05-10T03:56:30.810+0000] {dagbag.py:545} INFO - Filling up the DagBag from /home/airflow/.local/lib/python3.12/site-packages/airflow/example_dags/example_bash_decorator.py
[2026-05-10T03:56:30.833+0000] {processor.py:840} INFO - DAG(s) 'example_bash_decorator' retrieved from /home/airflow/.local/lib/python3.12/site-packages/airflow/example_dags/example_bash_decorator.py
[2026-05-10T03:56:30.862+0000] {logging_mixin.py:188} INFO - [2026-05-10T03:56:30.861+0000] {dag.py:3096} INFO - Sync 1 DAGs
[2026-05-10T03:56:30.883+0000] {logging_mixin.py:188} INFO - [2026-05-10T03:56:30.882+0000] {dag.py:3954} INFO - Setting next_dagrun for example_bash_decorator to None, run_after=None
[2026-05-10T03:56:30.922+0000] {processor.py:183} INFO - Processing /home/airflow/.local/lib/python3.12/site-packages/airflow/example_dags/example_bash_decorator.py took 0.123 seconds
[2026-05-10T03:57:01.053+0000] {processor.py:161} INFO - Started process (PID=1640) to work on /home/airflow/.local/lib/python3.12/site-packages/airflow/example_dags/example_bash_decorator.py
[2026-05-10T03:57:01.054+0000] {processor.py:830} INFO - Processing file /home/airflow/.local/lib/python3.12/site-packages/airflow/example_dags/example_bash_decorator.py for tasks to queue
[2026-05-10T03:57:01.056+0000] {logging_mixin.py:188} INFO - [2026-05-10T03:57:01.056+0000] {dagbag.py:545} INFO - Filling up the DagBag from /home/airflow/.local/lib/python3.12/site-packages/airflow/example_dags/example_bash_decorator.py
[2026-05-10T03:57:01.068+0000] {processor.py:840} INFO - DAG(s) 'example_bash_decorator' retrieved from /home/airflow/.local/lib/python3.12/site-packages/airflow/example_dags/example_bash_decorator.py
[2026-05-10T03:57:01.090+0000] {logging_mixin.py:188} INFO - [2026-05-10T03:57:01.090+0000] {dag.py:3096} INFO - Sync 1 DAGs
[2026-05-10T03:57:01.102+0000] {logging_mixin.py:188} INFO - [2026-05-10T03:57:01.102+0000] {dag.py:3954} INFO - Setting next_dagrun for example_bash_decorator to None, run_after=None
[2026-05-10T03:57:01.122+0000] {processor.py:183} INFO - Processing /home/airflow/.local/lib/python3.12/site-packages/airflow/example_dags/example_bash_decorator.py took 0.075 seconds
[2026-05-10T03:57:31.270+0000] {processor.py:161} INFO - Started process (PID=1700) to work on /home/airflow/.local/lib/python3.12/site-packages/airflow/example_dags/example_bash_decorator.py
[2026-05-10T03:57:31.272+0000] {processor.py:830} INFO - Processing file /home/airflow/.local/lib/python3.12/site-packages/airflow/example_dags/example_bash_decorator.py for tasks to queue
[2026-05-10T03:57:31.274+0000] {logging_mixin.py:188} INFO - [2026-05-10T03:57:31.274+0000] {dagbag.py:545} INFO - Filling up the DagBag from /home/airflow/.local/lib/python3.12/site-packages/airflow/example_dags/example_bash_decorator.py
[2026-05-10T03:57:31.293+0000] {processor.py:840} INFO - DAG(s) 'example_bash_decorator' retrieved from /home/airflow/.local/lib/python3.12/site-packages/airflow/example_dags/example_bash_decorator.py
[2026-05-10T03:57:31.315+0000] {logging_mixin.py:188} INFO - [2026-05-10T03:57:31.315+0000] {dag.py:3096} INFO - Sync 1 DAGs
[2026-05-10T03:57:31.329+0000] {logging_mixin.py:188} INFO - [2026-05-10T03:57:31.329+0000] {dag.py:3954} INFO - Setting next_dagrun for example_bash_decorator to None, run_after=None
[2026-05-10T03:57:31.351+0000] {processor.py:183} INFO - Processing /home/airflow/.local/lib/python3.12/site-packages/airflow/example_dags/example_bash_decorator.py took 0.089 seconds
[2026-05-10T03:58:01.533+0000] {processor.py:161} INFO - Started process (PID=1760) to work on /home/airflow/.local/lib/python3.12/site-packages/airflow/example_dags/example_bash_decorator.py
[2026-05-10T03:58:01.535+0000] {processor.py:830} INFO - Processing file /home/airflow/.local/lib/python3.12/site-packages/airflow/example_dags/example_bash_decorator.py for tasks to queue
[2026-05-10T03:58:01.537+0000] {logging_mixin.py:188} INFO - [2026-05-10T03:58:01.537+0000] {dagbag.py:545} INFO - Filling up the DagBag from /home/airflow/.local/lib/python3.12/site-packages/airflow/example_dags/example_bash_decorator.py
[2026-05-10T03:58:01.552+0000] {processor.py:840} INFO - DAG(s) 'example_bash_decorator' retrieved from /home/airflow/.local/lib/python3.12/site-packages/airflow/example_dags/example_bash_decorator.py
[2026-05-10T03:58:01.573+0000] {logging_mixin.py:188} INFO - [2026-05-10T03:58:01.573+0000] {dag.py:3096} INFO - Sync 1 DAGs
[2026-05-10T03:58:01.587+0000] {logging_mixin.py:188} INFO - [2026-05-10T03:58:01.587+0000] {dag.py:3954} INFO - Setting next_dagrun for example_bash_decorator to None, run_after=None
[2026-05-10T03:58:01.605+0000] {processor.py:183} INFO - Processing /home/airflow/.local/lib/python3.12/site-packages/airflow/example_dags/example_bash_decorator.py took 0.078 seconds
[2026-05-10T03:58:31.908+0000] {processor.py:161} INFO - Started process (PID=1820) to work on /home/airflow/.local/lib/python3.12/site-packages/airflow/example_dags/example_bash_decorator.py
[2026-05-10T03:58:31.910+0000] {processor.py:830} INFO - Processing file /home/airflow/.local/lib/python3.12/site-packages/airflow/example_dags/example_bash_decorator.py for tasks to queue
[2026-05-10T03:58:31.915+0000] {logging_mixin.py:188} INFO - [2026-05-10T03:58:31.914+0000] {dagbag.py:545} INFO - Filling up the DagBag from /home/airflow/.local/lib/python3.12/site-packages/airflow/example_dags/example_bash_decorator.py
[2026-05-10T03:58:31.939+0000] {processor.py:840} INFO - DAG(s) 'example_bash_decorator' retrieved from /home/airflow/.local/lib/python3.12/site-packages/airflow/example_dags/example_bash_decorator.py
[2026-05-10T03:58:31.970+0000] {logging_mixin.py:188} INFO - [2026-05-10T03:58:31.970+0000] {dag.py:3096} INFO - Sync 1 DAGs
[2026-05-10T03:58:31.986+0000] {logging_mixin.py:188} INFO - [2026-05-10T03:58:31.986+0000] {dag.py:3954} INFO - Setting next_dagrun for example_bash_decorator to None, run_after=None
[2026-05-10T03:58:32.017+0000] {processor.py:183} INFO - Processing /home/airflow/.local/lib/python3.12/site-packages/airflow/example_dags/example_bash_decorator.py took 0.120 seconds
[2026-05-10T03:59:02.182+0000] {processor.py:161} INFO - Started process (PID=1880) to work on /home/airflow/.local/lib/python3.12/site-packages/airflow/example_dags/example_bash_decorator.py
[2026-05-10T03:59:02.183+0000] {processor.py:830} INFO - Processing file /home/airflow/.local/lib/python3.12/site-packages/airflow/example_dags/example_bash_decorator.py for tasks to queue
[2026-05-10T03:59:02.186+0000] {logging_mixin.py:188} INFO - [2026-05-10T03:59:02.185+0000] {dagbag.py:545} INFO - Filling up the DagBag from /home/airflow/.local/lib/python3.12/site-packages/airflow/example_dags/example_bash_decorator.py
[2026-05-10T03:59:02.196+0000] {processor.py:840} INFO - DAG(s) 'example_bash_decorator' retrieved from /home/airflow/.local/lib/python3.12/site-packages/airflow/example_dags/example_bash_decorator.py
[2026-05-10T03:59:02.217+0000] {logging_mixin.py:188} INFO - [2026-05-10T03:59:02.217+0000] {dag.py:3096} INFO - Sync 1 DAGs
[2026-05-10T03:59:02.230+0000] {logging_mixin.py:188} INFO - [2026-05-10T03:59:02.230+0000] {dag.py:3954} INFO - Setting next_dagrun for example_bash_decorator to None, run_after=None
[2026-05-10T03:59:02.251+0000] {processor.py:183} INFO - Processing /home/airflow/.local/lib/python3.12/site-packages/airflow/example_dags/example_bash_decorator.py took 0.075 seconds
[2026-05-10T03:59:32.420+0000] {processor.py:161} INFO - Started process (PID=1940) to work on /home/airflow/.local/lib/python3.12/site-packages/airflow/example_dags/example_bash_decorator.py
[2026-05-10T03:59:32.422+0000] {processor.py:830} INFO - Processing file /home/airflow/.local/lib/python3.12/site-packages/airflow/example_dags/example_bash_decorator.py for tasks to queue
[2026-05-10T03:59:32.425+0000] {logging_mixin.py:188} INFO - [2026-05-10T03:59:32.424+0000] {dagbag.py:545} INFO - Filling up the DagBag from /home/airflow/.local/lib/python3.12/site-packages/airflow/example_dags/example_bash_decorator.py
[2026-05-10T03:59:32.437+0000] {processor.py:840} INFO - DAG(s) 'example_bash_decorator' retrieved from /home/airflow/.local/lib/python3.12/site-packages/airflow/example_dags/example_bash_decorator.py
[2026-05-10T03:59:32.456+0000] {logging_mixin.py:188} INFO - [2026-05-10T03:59:32.456+0000] {dag.py:3096} INFO - Sync 1 DAGs
[2026-05-10T03:59:32.466+0000] {logging_mixin.py:188} INFO - [2026-05-10T03:59:32.466+0000] {dag.py:3954} INFO - Setting next_dagrun for example_bash_decorator to None, run_after=None
[2026-05-10T03:59:32.482+0000] {processor.py:183} INFO - Processing /home/airflow/.local/lib/python3.12/site-packages/airflow/example_dags/example_bash_decorator.py took 0.067 seconds
[2026-05-10T04:00:03.054+0000] {processor.py:161} INFO - Started process (PID=2000) to work on /home/airflow/.local/lib/python3.12/site-packages/airflow/example_dags/example_bash_decorator.py
[2026-05-10T04:00:03.055+0000] {processor.py:830} INFO - Processing file /home/airflow/.local/lib/python3.12/site-packages/airflow/example_dags/example_bash_decorator.py for tasks to queue
[2026-05-10T04:00:03.057+0000] {logging_mixin.py:188} INFO - [2026-05-10T04:00:03.057+0000] {dagbag.py:545} INFO - Filling up the DagBag from /home/airflow/.local/lib/python3.12/site-packages/airflow/example_dags/example_bash_decorator.py
[2026-05-10T04:00:03.067+0000] {processor.py:840} INFO - DAG(s) 'example_bash_decorator' retrieved from /home/airflow/.local/lib/python3.12/site-packages/airflow/example_dags/example_bash_decorator.py
[2026-05-10T04:00:03.085+0000] {logging_mixin.py:188} INFO - [2026-05-10T04:00:03.085+0000] {dag.py:3096} INFO - Sync 1 DAGs
[2026-05-10T04:00:03.097+0000] {logging_mixin.py:188} INFO - [2026-05-10T04:00:03.096+0000] {dag.py:3954} INFO - Setting next_dagrun for example_bash_decorator to None, run_after=None
[2026-05-10T04:00:03.113+0000] {processor.py:183} INFO - Processing /home/airflow/.local/lib/python3.12/site-packages/airflow/example_dags/example_bash_decorator.py took 0.063 seconds
[2026-05-10T04:00:33.239+0000] {processor.py:161} INFO - Started process (PID=2060) to work on /home/airflow/.local/lib/python3.12/site-packages/airflow/example_dags/example_bash_decorator.py
[2026-05-10T04:00:33.240+0000] {processor.py:830} INFO - Processing file /home/airflow/.local/lib/python3.12/site-packages/airflow/example_dags/example_bash_decorator.py for tasks to queue
[2026-05-10T04:00:33.243+0000] {logging_mixin.py:188} INFO - [2026-05-10T04:00:33.242+0000] {dagbag.py:545} INFO - Filling up the DagBag from /home/airflow/.local/lib/python3.12/site-packages/airflow/example_dags/example_bash_decorator.py
[2026-05-10T04:00:33.256+0000] {processor.py:840} INFO - DAG(s) 'example_bash_decorator' retrieved from /home/airflow/.local/lib/python3.12/site-packages/airflow/example_dags/example_bash_decorator.py
[2026-05-10T04:00:33.279+0000] {logging_mixin.py:188} INFO - [2026-05-10T04:00:33.279+0000] {dag.py:3096} INFO - Sync 1 DAGs
[2026-05-10T04:00:33.289+0000] {logging_mixin.py:188} INFO - [2026-05-10T04:00:33.289+0000] {dag.py:3954} INFO - Setting next_dagrun for example_bash_decorator to None, run_after=None
[2026-05-10T04:00:33.307+0000] {processor.py:183} INFO - Processing /home/airflow/.local/lib/python3.12/site-packages/airflow/example_dags/example_bash_decorator.py took 0.074 seconds
[2026-05-10T04:01:03.768+0000] {processor.py:161} INFO - Started process (PID=2120) to work on /home/airflow/.local/lib/python3.12/site-packages/airflow/example_dags/example_bash_decorator.py
[2026-05-10T04:01:03.770+0000] {processor.py:830} INFO - Processing file /home/airflow/.local/lib/python3.12/site-packages/airflow/example_dags/example_bash_decorator.py for tasks to queue
[2026-05-10T04:01:03.772+0000] {logging_mixin.py:188} INFO - [2026-05-10T04:01:03.772+0000] {dagbag.py:545} INFO - Filling up the DagBag from /home/airflow/.local/lib/python3.12/site-packages/airflow/example_dags/example_bash_decorator.py
[2026-05-10T04:01:03.783+0000] {processor.py:840} INFO - DAG(s) 'example_bash_decorator' retrieved from /home/airflow/.local/lib/python3.12/site-packages/airflow/example_dags/example_bash_decorator.py
[2026-05-10T04:01:03.802+0000] {logging_mixin.py:188} INFO - [2026-05-10T04:01:03.802+0000] {dag.py:3096} INFO - Sync 1 DAGs
[2026-05-10T04:01:03.812+0000] {logging_mixin.py:188} INFO - [2026-05-10T04:01:03.812+0000] {dag.py:3954} INFO - Setting next_dagrun for example_bash_decorator to None, run_after=None
[2026-05-10T04:01:03.830+0000] {processor.py:183} INFO - Processing /home/airflow/.local/lib/python3.12/site-packages/airflow/example_dags/example_bash_decorator.py took 0.067 seconds
[2026-05-10T04:01:34.133+0000] {processor.py:161} INFO - Started process (PID=2180) to work on /home/airflow/.local/lib/python3.12/site-packages/airflow/example_dags/example_bash_decorator.py
[2026-05-10T04:01:34.134+0000] {processor.py:830} INFO - Processing file /home/airflow/.local/lib/python3.12/site-packages/airflow/example_dags/example_bash_decorator.py for tasks to queue
[2026-05-10T04:01:34.140+0000] {logging_mixin.py:188} INFO - [2026-05-10T04:01:34.139+0000] {dagbag.py:545} INFO - Filling up the DagBag from /home/airflow/.local/lib/python3.12/site-packages/airflow/example_dags/example_bash_decorator.py
[2026-05-10T04:01:34.153+0000] {processor.py:840} INFO - DAG(s) 'example_bash_decorator' retrieved from /home/airflow/.local/lib/python3.12/site-packages/airflow/example_dags/example_bash_decorator.py
[2026-05-10T04:01:34.175+0000] {logging_mixin.py:188} INFO - [2026-05-10T04:01:34.175+0000] {dag.py:3096} INFO - Sync 1 DAGs
[2026-05-10T04:01:34.188+0000] {logging_mixin.py:188} INFO - [2026-05-10T04:01:34.188+0000] {dag.py:3954} INFO - Setting next_dagrun for example_bash_decorator to None, run_after=None
[2026-05-10T04:01:34.209+0000] {processor.py:183} INFO - Processing /home/airflow/.local/lib/python3.12/site-packages/airflow/example_dags/example_bash_decorator.py took 0.083 seconds
[2026-05-10T04:02:04.425+0000] {processor.py:161} INFO - Started process (PID=2239) to work on /home/airflow/.local/lib/python3.12/site-packages/airflow/example_dags/example_bash_decorator.py
[2026-05-10T04:02:04.427+0000] {processor.py:830} INFO - Processing file /home/airflow/.local/lib/python3.12/site-packages/airflow/example_dags/example_bash_decorator.py for tasks to queue
[2026-05-10T04:02:04.429+0000] {logging_mixin.py:188} INFO - [2026-05-10T04:02:04.429+0000] {dagbag.py:545} INFO - Filling up the DagBag from /home/airflow/.local/lib/python3.12/site-packages/airflow/example_dags/example_bash_decorator.py
[2026-05-10T04:02:04.441+0000] {processor.py:840} INFO - DAG(s) 'example_bash_decorator' retrieved from /home/airflow/.local/lib/python3.12/site-packages/airflow/example_dags/example_bash_decorator.py
[2026-05-10T04:02:04.464+0000] {logging_mixin.py:188} INFO - [2026-05-10T04:02:04.464+0000] {dag.py:3096} INFO - Sync 1 DAGs
[2026-05-10T04:02:04.478+0000] {logging_mixin.py:188} INFO - [2026-05-10T04:02:04.478+0000] {dag.py:3954} INFO - Setting next_dagrun for example_bash_decorator to None, run_after=None
[2026-05-10T04:02:04.498+0000] {processor.py:183} INFO - Processing /home/airflow/.local/lib/python3.12/site-packages/airflow/example_dags/example_bash_decorator.py took 0.078 seconds
[2026-05-10T04:02:35.216+0000] {processor.py:161} INFO - Started process (PID=2299) to work on /home/airflow/.local/lib/python3.12/site-packages/airflow/example_dags/example_bash_decorator.py
[2026-05-10T04:02:35.218+0000] {processor.py:830} INFO - Processing file /home/airflow/.local/lib/python3.12/site-packages/airflow/example_dags/example_bash_decorator.py for tasks to queue
[2026-05-10T04:02:35.220+0000] {logging_mixin.py:188} INFO - [2026-05-10T04:02:35.220+0000] {dagbag.py:545} INFO - Filling up the DagBag from /home/airflow/.local/lib/python3.12/site-packages/airflow/example_dags/example_bash_decorator.py
[2026-05-10T04:02:35.231+0000] {processor.py:840} INFO - DAG(s) 'example_bash_decorator' retrieved from /home/airflow/.local/lib/python3.12/site-packages/airflow/example_dags/example_bash_decorator.py
[2026-05-10T04:02:35.250+0000] {logging_mixin.py:188} INFO - [2026-05-10T04:02:35.250+0000] {dag.py:3096} INFO - Sync 1 DAGs
[2026-05-10T04:02:35.260+0000] {logging_mixin.py:188} INFO - [2026-05-10T04:02:35.260+0000] {dag.py:3954} INFO - Setting next_dagrun for example_bash_decorator to None, run_after=None
[2026-05-10T04:02:35.281+0000] {processor.py:183} INFO - Processing /home/airflow/.local/lib/python3.12/site-packages/airflow/example_dags/example_bash_decorator.py took 0.069 seconds
[2026-05-10T04:03:05.735+0000] {processor.py:161} INFO - Started process (PID=2359) to work on /home/airflow/.local/lib/python3.12/site-packages/airflow/example_dags/example_bash_decorator.py
[2026-05-10T04:03:05.736+0000] {processor.py:830} INFO - Processing file /home/airflow/.local/lib/python3.12/site-packages/airflow/example_dags/example_bash_decorator.py for tasks to queue
[2026-05-10T04:03:05.738+0000] {logging_mixin.py:188} INFO - [2026-05-10T04:03:05.738+0000] {dagbag.py:545} INFO - Filling up the DagBag from /home/airflow/.local/lib/python3.12/site-packages/airflow/example_dags/example_bash_decorator.py
[2026-05-10T04:03:05.748+0000] {processor.py:840} INFO - DAG(s) 'example_bash_decorator' retrieved from /home/airflow/.local/lib/python3.12/site-packages/airflow/example_dags/example_bash_decorator.py
[2026-05-10T04:03:05.767+0000] {logging_mixin.py:188} INFO - [2026-05-10T04:03:05.767+0000] {dag.py:3096} INFO - Sync 1 DAGs
[2026-05-10T04:03:05.777+0000] {logging_mixin.py:188} INFO - [2026-05-10T04:03:05.777+0000] {dag.py:3954} INFO - Setting next_dagrun for example_bash_decorator to None, run_after=None
[2026-05-10T04:03:05.795+0000] {processor.py:183} INFO - Processing /home/airflow/.local/lib/python3.12/site-packages/airflow/example_dags/example_bash_decorator.py took 0.064 seconds
[2026-05-10T04:03:35.871+0000] {processor.py:161} INFO - Started process (PID=2419) to work on /home/airflow/.local/lib/python3.12/site-packages/airflow/example_dags/example_bash_decorator.py
[2026-05-10T04:03:35.872+0000] {processor.py:830} INFO - Processing file /home/airflow/.local/lib/python3.12/site-packages/airflow/example_dags/example_bash_decorator.py for tasks to queue
[2026-05-10T04:03:35.875+0000] {logging_mixin.py:188} INFO - [2026-05-10T04:03:35.874+0000] {dagbag.py:545} INFO - Filling up the DagBag from /home/airflow/.local/lib/python3.12/site-packages/airflow/example_dags/example_bash_decorator.py
[2026-05-10T04:03:35.886+0000] {processor.py:840} INFO - DAG(s) 'example_bash_decorator' retrieved from /home/airflow/.local/lib/python3.12/site-packages/airflow/example_dags/example_bash_decorator.py
[2026-05-10T04:03:35.904+0000] {logging_mixin.py:188} INFO - [2026-05-10T04:03:35.904+0000] {dag.py:3096} INFO - Sync 1 DAGs
[2026-05-10T04:03:35.914+0000] {logging_mixin.py:188} INFO - [2026-05-10T04:03:35.914+0000] {dag.py:3954} INFO - Setting next_dagrun for example_bash_decorator to None, run_after=None
[2026-05-10T04:03:35.929+0000] {processor.py:183} INFO - Processing /home/airflow/.local/lib/python3.12/site-packages/airflow/example_dags/example_bash_decorator.py took 0.063 seconds
[2026-05-10T04:04:06.351+0000] {processor.py:161} INFO - Started process (PID=2480) to work on /home/airflow/.local/lib/python3.12/site-packages/airflow/example_dags/example_bash_decorator.py
[2026-05-10T04:04:06.352+0000] {processor.py:830} INFO - Processing file /home/airflow/.local/lib/python3.12/site-packages/airflow/example_dags/example_bash_decorator.py for tasks to queue
[2026-05-10T04:04:06.354+0000] {logging_mixin.py:188} INFO - [2026-05-10T04:04:06.354+0000] {dagbag.py:545} INFO - Filling up the DagBag from /home/airflow/.local/lib/python3.12/site-packages/airflow/example_dags/example_bash_decorator.py
[2026-05-10T04:04:06.364+0000] {processor.py:840} INFO - DAG(s) 'example_bash_decorator' retrieved from /home/airflow/.local/lib/python3.12/site-packages/airflow/example_dags/example_bash_decorator.py
[2026-05-10T04:04:06.384+0000] {logging_mixin.py:188} INFO - [2026-05-10T04:04:06.384+0000] {dag.py:3096} INFO - Sync 1 DAGs
[2026-05-10T04:04:06.395+0000] {logging_mixin.py:188} INFO - [2026-05-10T04:04:06.395+0000] {dag.py:3954} INFO - Setting next_dagrun for example_bash_decorator to None, run_after=None
[2026-05-10T04:04:06.412+0000] {processor.py:183} INFO - Processing /home/airflow/.local/lib/python3.12/site-packages/airflow/example_dags/example_bash_decorator.py took 0.065 seconds
[2026-05-10T04:04:36.912+0000] {processor.py:161} INFO - Started process (PID=2540) to work on /home/airflow/.local/lib/python3.12/site-packages/airflow/example_dags/example_bash_decorator.py
[2026-05-10T04:04:36.914+0000] {processor.py:830} INFO - Processing file /home/airflow/.local/lib/python3.12/site-packages/airflow/example_dags/example_bash_decorator.py for tasks to queue
[2026-05-10T04:04:36.917+0000] {logging_mixin.py:188} INFO - [2026-05-10T04:04:36.917+0000] {dagbag.py:545} INFO - Filling up the DagBag from /home/airflow/.local/lib/python3.12/site-packages/airflow/example_dags/example_bash_decorator.py
[2026-05-10T04:04:36.929+0000] {processor.py:840} INFO - DAG(s) 'example_bash_decorator' retrieved from /home/airflow/.local/lib/python3.12/site-packages/airflow/example_dags/example_bash_decorator.py
[2026-05-10T04:04:36.948+0000] {logging_mixin.py:188} INFO - [2026-05-10T04:04:36.948+0000] {dag.py:3096} INFO - Sync 1 DAGs
[2026-05-10T04:04:36.958+0000] {logging_mixin.py:188} INFO - [2026-05-10T04:04:36.958+0000] {dag.py:3954} INFO - Setting next_dagrun for example_bash_decorator to None, run_after=None
[2026-05-10T04:04:36.976+0000] {processor.py:183} INFO - Processing /home/airflow/.local/lib/python3.12/site-packages/airflow/example_dags/example_bash_decorator.py took 0.079 seconds
[2026-05-10T04:05:07.769+0000] {processor.py:161} INFO - Started process (PID=2600) to work on /home/airflow/.local/lib/python3.12/site-packages/airflow/example_dags/example_bash_decorator.py
[2026-05-10T04:05:07.770+0000] {processor.py:830} INFO - Processing file /home/airflow/.local/lib/python3.12/site-packages/airflow/example_dags/example_bash_decorator.py for tasks to queue
[2026-05-10T04:05:07.773+0000] {logging_mixin.py:188} INFO - [2026-05-10T04:05:07.772+0000] {dagbag.py:545} INFO - Filling up the DagBag from /home/airflow/.local/lib/python3.12/site-packages/airflow/example_dags/example_bash_decorator.py
[2026-05-10T04:05:07.785+0000] {processor.py:840} INFO - DAG(s) 'example_bash_decorator' retrieved from /home/airflow/.local/lib/python3.12/site-packages/airflow/example_dags/example_bash_decorator.py
[2026-05-10T04:05:07.803+0000] {logging_mixin.py:188} INFO - [2026-05-10T04:05:07.803+0000] {dag.py:3096} INFO - Sync 1 DAGs
[2026-05-10T04:05:07.813+0000] {logging_mixin.py:188} INFO - [2026-05-10T04:05:07.813+0000] {dag.py:3954} INFO - Setting next_dagrun for example_bash_decorator to None, run_after=None
[2026-05-10T04:05:07.828+0000] {processor.py:183} INFO - Processing /home/airflow/.local/lib/python3.12/site-packages/airflow/example_dags/example_bash_decorator.py took 0.063 seconds
[2026-05-10T04:05:38.735+0000] {processor.py:161} INFO - Started process (PID=2660) to work on /home/airflow/.local/lib/python3.12/site-packages/airflow/example_dags/example_bash_decorator.py
[2026-05-10T04:05:38.736+0000] {processor.py:830} INFO - Processing file /home/airflow/.local/lib/python3.12/site-packages/airflow/example_dags/example_bash_decorator.py for tasks to queue
[2026-05-10T04:05:38.738+0000] {logging_mixin.py:188} INFO - [2026-05-10T04:05:38.738+0000] {dagbag.py:545} INFO - Filling up the DagBag from /home/airflow/.local/lib/python3.12/site-packages/airflow/example_dags/example_bash_decorator.py
[2026-05-10T04:05:38.749+0000] {processor.py:840} INFO - DAG(s) 'example_bash_decorator' retrieved from /home/airflow/.local/lib/python3.12/site-packages/airflow/example_dags/example_bash_decorator.py
[2026-05-10T04:05:38.768+0000] {logging_mixin.py:188} INFO - [2026-05-10T04:05:38.767+0000] {dag.py:3096} INFO - Sync 1 DAGs
[2026-05-10T04:05:38.778+0000] {logging_mixin.py:188} INFO - [2026-05-10T04:05:38.778+0000] {dag.py:3954} INFO - Setting next_dagrun for example_bash_decorator to None, run_after=None
[2026-05-10T04:05:38.796+0000] {processor.py:183} INFO - Processing /home/airflow/.local/lib/python3.12/site-packages/airflow/example_dags/example_bash_decorator.py took 0.067 seconds
[2026-05-10T04:06:09.392+0000] {processor.py:161} INFO - Started process (PID=2719) to work on /home/airflow/.local/lib/python3.12/site-packages/airflow/example_dags/example_bash_decorator.py
[2026-05-10T04:06:09.394+0000] {processor.py:830} INFO - Processing file /home/airflow/.local/lib/python3.12/site-packages/airflow/example_dags/example_bash_decorator.py for tasks to queue
[2026-05-10T04:06:09.396+0000] {logging_mixin.py:188} INFO - [2026-05-10T04:06:09.395+0000] {dagbag.py:545} INFO - Filling up the DagBag from /home/airflow/.local/lib/python3.12/site-packages/airflow/example_dags/example_bash_decorator.py
[2026-05-10T04:06:09.406+0000] {processor.py:840} INFO - DAG(s) 'example_bash_decorator' retrieved from /home/airflow/.local/lib/python3.12/site-packages/airflow/example_dags/example_bash_decorator.py
[2026-05-10T04:06:09.425+0000] {logging_mixin.py:188} INFO - [2026-05-10T04:06:09.425+0000] {dag.py:3096} INFO - Sync 1 DAGs
[2026-05-10T04:06:09.436+0000] {logging_mixin.py:188} INFO - [2026-05-10T04:06:09.435+0000] {dag.py:3954} INFO - Setting next_dagrun for example_bash_decorator to None, run_after=None
[2026-05-10T04:06:09.452+0000] {processor.py:183} INFO - Processing /home/airflow/.local/lib/python3.12/site-packages/airflow/example_dags/example_bash_decorator.py took 0.064 seconds
[2026-05-10T04:06:39.933+0000] {processor.py:161} INFO - Started process (PID=2779) to work on /home/airflow/.local/lib/python3.12/site-packages/airflow/example_dags/example_bash_decorator.py
[2026-05-10T04:06:39.936+0000] {processor.py:830} INFO - Processing file /home/airflow/.local/lib/python3.12/site-packages/airflow/example_dags/example_bash_decorator.py for tasks to queue
[2026-05-10T04:06:39.938+0000] {logging_mixin.py:188} INFO - [2026-05-10T04:06:39.938+0000] {dagbag.py:545} INFO - Filling up the DagBag from /home/airflow/.local/lib/python3.12/site-packages/airflow/example_dags/example_bash_decorator.py
[2026-05-10T04:06:39.955+0000] {processor.py:840} INFO - DAG(s) 'example_bash_decorator' retrieved from /home/airflow/.local/lib/python3.12/site-packages/airflow/example_dags/example_bash_decorator.py
[2026-05-10T04:06:39.983+0000] {logging_mixin.py:188} INFO - [2026-05-10T04:06:39.983+0000] {dag.py:3096} INFO - Sync 1 DAGs
[2026-05-10T04:06:40.000+0000] {logging_mixin.py:188} INFO - [2026-05-10T04:06:40.000+0000] {dag.py:3954} INFO - Setting next_dagrun for example_bash_decorator to None, run_after=None
[2026-05-10T04:06:40.023+0000] {processor.py:183} INFO - Processing /home/airflow/.local/lib/python3.12/site-packages/airflow/example_dags/example_bash_decorator.py took 0.095 seconds
[2026-05-10T04:07:10.295+0000] {processor.py:161} INFO - Started process (PID=2839) to work on /home/airflow/.local/lib/python3.12/site-packages/airflow/example_dags/example_bash_decorator.py
[2026-05-10T04:07:10.297+0000] {processor.py:830} INFO - Processing file /home/airflow/.local/lib/python3.12/site-packages/airflow/example_dags/example_bash_decorator.py for tasks to queue
[2026-05-10T04:07:10.300+0000] {logging_mixin.py:188} INFO - [2026-05-10T04:07:10.300+0000] {dagbag.py:545} INFO - Filling up the DagBag from /home/airflow/.local/lib/python3.12/site-packages/airflow/example_dags/example_bash_decorator.py
[2026-05-10T04:07:10.313+0000] {processor.py:840} INFO - DAG(s) 'example_bash_decorator' retrieved from /home/airflow/.local/lib/python3.12/site-packages/airflow/example_dags/example_bash_decorator.py
[2026-05-10T04:07:10.336+0000] {logging_mixin.py:188} INFO - [2026-05-10T04:07:10.336+0000] {dag.py:3096} INFO - Sync 1 DAGs
[2026-05-10T04:07:10.347+0000] {logging_mixin.py:188} INFO - [2026-05-10T04:07:10.347+0000] {dag.py:3954} INFO - Setting next_dagrun for example_bash_decorator to None, run_after=None
[2026-05-10T04:07:10.361+0000] {processor.py:183} INFO - Processing /home/airflow/.local/lib/python3.12/site-packages/airflow/example_dags/example_bash_decorator.py took 0.071 seconds
[2026-05-10T04:07:40.542+0000] {processor.py:161} INFO - Started process (PID=2899) to work on /home/airflow/.local/lib/python3.12/site-packages/airflow/example_dags/example_bash_decorator.py
[2026-05-10T04:07:40.543+0000] {processor.py:830} INFO - Processing file /home/airflow/.local/lib/python3.12/site-packages/airflow/example_dags/example_bash_decorator.py for tasks to queue
[2026-05-10T04:07:40.545+0000] {logging_mixin.py:188} INFO - [2026-05-10T04:07:40.545+0000] {dagbag.py:545} INFO - Filling up the DagBag from /home/airflow/.local/lib/python3.12/site-packages/airflow/example_dags/example_bash_decorator.py
[2026-05-10T04:07:40.560+0000] {processor.py:840} INFO - DAG(s) 'example_bash_decorator' retrieved from /home/airflow/.local/lib/python3.12/site-packages/airflow/example_dags/example_bash_decorator.py
[2026-05-10T04:07:40.578+0000] {logging_mixin.py:188} INFO - [2026-05-10T04:07:40.578+0000] {dag.py:3096} INFO - Sync 1 DAGs
[2026-05-10T04:07:40.591+0000] {logging_mixin.py:188} INFO - [2026-05-10T04:07:40.590+0000] {dag.py:3954} INFO - Setting next_dagrun for example_bash_decorator to None, run_after=None
[2026-05-10T04:07:40.608+0000] {processor.py:183} INFO - Processing /home/airflow/.local/lib/python3.12/site-packages/airflow/example_dags/example_bash_decorator.py took 0.073 seconds
[2026-05-10T04:08:11.113+0000] {processor.py:161} INFO - Started process (PID=2959) to work on /home/airflow/.local/lib/python3.12/site-packages/airflow/example_dags/example_bash_decorator.py
[2026-05-10T04:08:11.115+0000] {processor.py:830} INFO - Processing file /home/airflow/.local/lib/python3.12/site-packages/airflow/example_dags/example_bash_decorator.py for tasks to queue
[2026-05-10T04:08:11.117+0000] {logging_mixin.py:188} INFO - [2026-05-10T04:08:11.116+0000] {dagbag.py:545} INFO - Filling up the DagBag from /home/airflow/.local/lib/python3.12/site-packages/airflow/example_dags/example_bash_decorator.py
[2026-05-10T04:08:11.127+0000] {processor.py:840} INFO - DAG(s) 'example_bash_decorator' retrieved from /home/airflow/.local/lib/python3.12/site-packages/airflow/example_dags/example_bash_decorator.py
[2026-05-10T04:08:11.146+0000] {logging_mixin.py:188} INFO - [2026-05-10T04:08:11.146+0000] {dag.py:3096} INFO - Sync 1 DAGs
[2026-05-10T04:08:11.156+0000] {logging_mixin.py:188} INFO - [2026-05-10T04:08:11.156+0000] {dag.py:3954} INFO - Setting next_dagrun for example_bash_decorator to None, run_after=None
[2026-05-10T04:08:11.172+0000] {processor.py:183} INFO - Processing /home/airflow/.local/lib/python3.12/site-packages/airflow/example_dags/example_bash_decorator.py took 0.064 seconds
[2026-05-10T04:08:42.007+0000] {processor.py:161} INFO - Started process (PID=3019) to work on /home/airflow/.local/lib/python3.12/site-packages/airflow/example_dags/example_bash_decorator.py
[2026-05-10T04:08:42.009+0000] {processor.py:830} INFO - Processing file /home/airflow/.local/lib/python3.12/site-packages/airflow/example_dags/example_bash_decorator.py for tasks to queue
[2026-05-10T04:08:42.012+0000] {logging_mixin.py:188} INFO - [2026-05-10T04:08:42.011+0000] {dagbag.py:545} INFO - Filling up the DagBag from /home/airflow/.local/lib/python3.12/site-packages/airflow/example_dags/example_bash_decorator.py
[2026-05-10T04:08:42.023+0000] {processor.py:840} INFO - DAG(s) 'example_bash_decorator' retrieved from /home/airflow/.local/lib/python3.12/site-packages/airflow/example_dags/example_bash_decorator.py
[2026-05-10T04:08:42.042+0000] {logging_mixin.py:188} INFO - [2026-05-10T04:08:42.042+0000] {dag.py:3096} INFO - Sync 1 DAGs
[2026-05-10T04:08:42.052+0000] {logging_mixin.py:188} INFO - [2026-05-10T04:08:42.052+0000] {dag.py:3954} INFO - Setting next_dagrun for example_bash_decorator to None, run_after=None
[2026-05-10T04:08:42.071+0000] {processor.py:183} INFO - Processing /home/airflow/.local/lib/python3.12/site-packages/airflow/example_dags/example_bash_decorator.py took 0.069 seconds
[2026-05-10T04:09:12.244+0000] {processor.py:161} INFO - Started process (PID=3079) to work on /home/airflow/.local/lib/python3.12/site-packages/airflow/example_dags/example_bash_decorator.py
[2026-05-10T04:09:12.246+0000] {processor.py:830} INFO - Processing file /home/airflow/.local/lib/python3.12/site-packages/airflow/example_dags/example_bash_decorator.py for tasks to queue
[2026-05-10T04:09:12.248+0000] {logging_mixin.py:188} INFO - [2026-05-10T04:09:12.248+0000] {dagbag.py:545} INFO - Filling up the DagBag from /home/airflow/.local/lib/python3.12/site-packages/airflow/example_dags/example_bash_decorator.py
[2026-05-10T04:09:12.258+0000] {processor.py:840} INFO - DAG(s) 'example_bash_decorator' retrieved from /home/airflow/.local/lib/python3.12/site-packages/airflow/example_dags/example_bash_decorator.py
[2026-05-10T04:09:12.281+0000] {logging_mixin.py:188} INFO - [2026-05-10T04:09:12.281+0000] {dag.py:3096} INFO - Sync 1 DAGs
[2026-05-10T04:09:12.292+0000] {logging_mixin.py:188} INFO - [2026-05-10T04:09:12.292+0000] {dag.py:3954} INFO - Setting next_dagrun for example_bash_decorator to None, run_after=None
[2026-05-10T04:09:12.311+0000] {processor.py:183} INFO - Processing /home/airflow/.local/lib/python3.12/site-packages/airflow/example_dags/example_bash_decorator.py took 0.071 seconds
[2026-05-10T04:09:42.451+0000] {processor.py:161} INFO - Started process (PID=3139) to work on /home/airflow/.local/lib/python3.12/site-packages/airflow/example_dags/example_bash_decorator.py
[2026-05-10T04:09:42.453+0000] {processor.py:830} INFO - Processing file /home/airflow/.local/lib/python3.12/site-packages/airflow/example_dags/example_bash_decorator.py for tasks to queue
[2026-05-10T04:09:42.455+0000] {logging_mixin.py:188} INFO - [2026-05-10T04:09:42.455+0000] {dagbag.py:545} INFO - Filling up the DagBag from /home/airflow/.local/lib/python3.12/site-packages/airflow/example_dags/example_bash_decorator.py
[2026-05-10T04:09:42.469+0000] {processor.py:840} INFO - DAG(s) 'example_bash_decorator' retrieved from /home/airflow/.local/lib/python3.12/site-packages/airflow/example_dags/example_bash_decorator.py
[2026-05-10T04:09:42.491+0000] {logging_mixin.py:188} INFO - [2026-05-10T04:09:42.491+0000] {dag.py:3096} INFO - Sync 1 DAGs
[2026-05-10T04:09:42.501+0000] {logging_mixin.py:188} INFO - [2026-05-10T04:09:42.501+0000] {dag.py:3954} INFO - Setting next_dagrun for example_bash_decorator to None, run_after=None
[2026-05-10T04:09:42.517+0000] {processor.py:183} INFO - Processing /home/airflow/.local/lib/python3.12/site-packages/airflow/example_dags/example_bash_decorator.py took 0.071 seconds
[2026-05-10T04:10:12.667+0000] {processor.py:161} INFO - Started process (PID=3199) to work on /home/airflow/.local/lib/python3.12/site-packages/airflow/example_dags/example_bash_decorator.py
[2026-05-10T04:10:12.669+0000] {processor.py:830} INFO - Processing file /home/airflow/.local/lib/python3.12/site-packages/airflow/example_dags/example_bash_decorator.py for tasks to queue
[2026-05-10T04:10:12.671+0000] {logging_mixin.py:188} INFO - [2026-05-10T04:10:12.671+0000] {dagbag.py:545} INFO - Filling up the DagBag from /home/airflow/.local/lib/python3.12/site-packages/airflow/example_dags/example_bash_decorator.py
[2026-05-10T04:10:12.682+0000] {processor.py:840} INFO - DAG(s) 'example_bash_decorator' retrieved from /home/airflow/.local/lib/python3.12/site-packages/airflow/example_dags/example_bash_decorator.py
[2026-05-10T04:10:12.701+0000] {logging_mixin.py:188} INFO - [2026-05-10T04:10:12.701+0000] {dag.py:3096} INFO - Sync 1 DAGs
[2026-05-10T04:10:12.711+0000] {logging_mixin.py:188} INFO - [2026-05-10T04:10:12.711+0000] {dag.py:3954} INFO - Setting next_dagrun for example_bash_decorator to None, run_after=None
[2026-05-10T04:10:12.728+0000] {processor.py:183} INFO - Processing /home/airflow/.local/lib/python3.12/site-packages/airflow/example_dags/example_bash_decorator.py took 0.066 seconds
[2026-05-10T04:10:42.847+0000] {processor.py:161} INFO - Started process (PID=3259) to work on /home/airflow/.local/lib/python3.12/site-packages/airflow/example_dags/example_bash_decorator.py
[2026-05-10T04:10:42.848+0000] {processor.py:830} INFO - Processing file /home/airflow/.local/lib/python3.12/site-packages/airflow/example_dags/example_bash_decorator.py for tasks to queue
[2026-05-10T04:10:42.851+0000] {logging_mixin.py:188} INFO - [2026-05-10T04:10:42.851+0000] {dagbag.py:545} INFO - Filling up the DagBag from /home/airflow/.local/lib/python3.12/site-packages/airflow/example_dags/example_bash_decorator.py
[2026-05-10T04:10:42.863+0000] {processor.py:840} INFO - DAG(s) 'example_bash_decorator' retrieved from /home/airflow/.local/lib/python3.12/site-packages/airflow/example_dags/example_bash_decorator.py
[2026-05-10T04:10:42.882+0000] {logging_mixin.py:188} INFO - [2026-05-10T04:10:42.882+0000] {dag.py:3096} INFO - Sync 1 DAGs
[2026-05-10T04:10:42.892+0000] {logging_mixin.py:188} INFO - [2026-05-10T04:10:42.892+0000] {dag.py:3954} INFO - Setting next_dagrun for example_bash_decorator to None, run_after=None
[2026-05-10T04:10:42.908+0000] {processor.py:183} INFO - Processing /home/airflow/.local/lib/python3.12/site-packages/airflow/example_dags/example_bash_decorator.py took 0.066 seconds
[2026-05-10T04:11:13.121+0000] {processor.py:161} INFO - Started process (PID=3319) to work on /home/airflow/.local/lib/python3.12/site-packages/airflow/example_dags/example_bash_decorator.py
[2026-05-10T04:11:13.122+0000] {processor.py:830} INFO - Processing file /home/airflow/.local/lib/python3.12/site-packages/airflow/example_dags/example_bash_decorator.py for tasks to queue
[2026-05-10T04:11:13.124+0000] {logging_mixin.py:188} INFO - [2026-05-10T04:11:13.124+0000] {dagbag.py:545} INFO - Filling up the DagBag from /home/airflow/.local/lib/python3.12/site-packages/airflow/example_dags/example_bash_decorator.py
[2026-05-10T04:11:13.135+0000] {processor.py:840} INFO - DAG(s) 'example_bash_decorator' retrieved from /home/airflow/.local/lib/python3.12/site-packages/airflow/example_dags/example_bash_decorator.py
[2026-05-10T04:11:13.156+0000] {logging_mixin.py:188} INFO - [2026-05-10T04:11:13.156+0000] {dag.py:3096} INFO - Sync 1 DAGs
[2026-05-10T04:11:13.169+0000] {logging_mixin.py:188} INFO - [2026-05-10T04:11:13.169+0000] {dag.py:3954} INFO - Setting next_dagrun for example_bash_decorator to None, run_after=None
[2026-05-10T04:11:13.184+0000] {processor.py:183} INFO - Processing /home/airflow/.local/lib/python3.12/site-packages/airflow/example_dags/example_bash_decorator.py took 0.068 seconds
[2026-05-10T04:11:43.932+0000] {processor.py:161} INFO - Started process (PID=3379) to work on /home/airflow/.local/lib/python3.12/site-packages/airflow/example_dags/example_bash_decorator.py
[2026-05-10T04:11:43.936+0000] {processor.py:830} INFO - Processing file /home/airflow/.local/lib/python3.12/site-packages/airflow/example_dags/example_bash_decorator.py for tasks to queue
[2026-05-10T04:11:43.939+0000] {logging_mixin.py:188} INFO - [2026-05-10T04:11:43.939+0000] {dagbag.py:545} INFO - Filling up the DagBag from /home/airflow/.local/lib/python3.12/site-packages/airflow/example_dags/example_bash_decorator.py
[2026-05-10T04:11:43.949+0000] {processor.py:840} INFO - DAG(s) 'example_bash_decorator' retrieved from /home/airflow/.local/lib/python3.12/site-packages/airflow/example_dags/example_bash_decorator.py
[2026-05-10T04:11:43.968+0000] {logging_mixin.py:188} INFO - [2026-05-10T04:11:43.968+0000] {dag.py:3096} INFO - Sync 1 DAGs
[2026-05-10T04:11:43.978+0000] {logging_mixin.py:188} INFO - [2026-05-10T04:11:43.978+0000] {dag.py:3954} INFO - Setting next_dagrun for example_bash_decorator to None, run_after=None
[2026-05-10T04:11:43.994+0000] {processor.py:183} INFO - Processing /home/airflow/.local/lib/python3.12/site-packages/airflow/example_dags/example_bash_decorator.py took 0.066 seconds
[2026-05-10T04:12:14.275+0000] {processor.py:161} INFO - Started process (PID=3439) to work on /home/airflow/.local/lib/python3.12/site-packages/airflow/example_dags/example_bash_decorator.py
[2026-05-10T04:12:14.277+0000] {processor.py:830} INFO - Processing file /home/airflow/.local/lib/python3.12/site-packages/airflow/example_dags/example_bash_decorator.py for tasks to queue
[2026-05-10T04:12:14.279+0000] {logging_mixin.py:188} INFO - [2026-05-10T04:12:14.278+0000] {dagbag.py:545} INFO - Filling up the DagBag from /home/airflow/.local/lib/python3.12/site-packages/airflow/example_dags/example_bash_decorator.py
[2026-05-10T04:12:14.289+0000] {processor.py:840} INFO - DAG(s) 'example_bash_decorator' retrieved from /home/airflow/.local/lib/python3.12/site-packages/airflow/example_dags/example_bash_decorator.py
[2026-05-10T04:12:14.307+0000] {logging_mixin.py:188} INFO - [2026-05-10T04:12:14.307+0000] {dag.py:3096} INFO - Sync 1 DAGs
[2026-05-10T04:12:14.318+0000] {logging_mixin.py:188} INFO - [2026-05-10T04:12:14.318+0000] {dag.py:3954} INFO - Setting next_dagrun for example_bash_decorator to None, run_after=None
[2026-05-10T04:12:14.336+0000] {processor.py:183} INFO - Processing /home/airflow/.local/lib/python3.12/site-packages/airflow/example_dags/example_bash_decorator.py took 0.065 seconds
[2026-05-10T04:12:44.859+0000] {processor.py:161} INFO - Started process (PID=3499) to work on /home/airflow/.local/lib/python3.12/site-packages/airflow/example_dags/example_bash_decorator.py
[2026-05-10T04:12:44.861+0000] {processor.py:830} INFO - Processing file /home/airflow/.local/lib/python3.12/site-packages/airflow/example_dags/example_bash_decorator.py for tasks to queue
[2026-05-10T04:12:44.863+0000] {logging_mixin.py:188} INFO - [2026-05-10T04:12:44.863+0000] {dagbag.py:545} INFO - Filling up the DagBag from /home/airflow/.local/lib/python3.12/site-packages/airflow/example_dags/example_bash_decorator.py
[2026-05-10T04:12:44.876+0000] {processor.py:840} INFO - DAG(s) 'example_bash_decorator' retrieved from /home/airflow/.local/lib/python3.12/site-packages/airflow/example_dags/example_bash_decorator.py
[2026-05-10T04:12:44.901+0000] {logging_mixin.py:188} INFO - [2026-05-10T04:12:44.901+0000] {dag.py:3096} INFO - Sync 1 DAGs
[2026-05-10T04:12:44.911+0000] {logging_mixin.py:188} INFO - [2026-05-10T04:12:44.911+0000] {dag.py:3954} INFO - Setting next_dagrun for example_bash_decorator to None, run_after=None
[2026-05-10T04:12:44.930+0000] {processor.py:183} INFO - Processing /home/airflow/.local/lib/python3.12/site-packages/airflow/example_dags/example_bash_decorator.py took 0.078 seconds
[2026-05-10T04:13:15.529+0000] {processor.py:161} INFO - Started process (PID=3559) to work on /home/airflow/.local/lib/python3.12/site-packages/airflow/example_dags/example_bash_decorator.py
[2026-05-10T04:13:15.531+0000] {processor.py:830} INFO - Processing file /home/airflow/.local/lib/python3.12/site-packages/airflow/example_dags/example_bash_decorator.py for tasks to queue
[2026-05-10T04:13:15.533+0000] {logging_mixin.py:188} INFO - [2026-05-10T04:13:15.533+0000] {dagbag.py:545} INFO - Filling up the DagBag from /home/airflow/.local/lib/python3.12/site-packages/airflow/example_dags/example_bash_decorator.py
[2026-05-10T04:13:15.547+0000] {processor.py:840} INFO - DAG(s) 'example_bash_decorator' retrieved from /home/airflow/.local/lib/python3.12/site-packages/airflow/example_dags/example_bash_decorator.py
[2026-05-10T04:13:15.569+0000] {logging_mixin.py:188} INFO - [2026-05-10T04:13:15.568+0000] {dag.py:3096} INFO - Sync 1 DAGs
[2026-05-10T04:13:15.581+0000] {logging_mixin.py:188} INFO - [2026-05-10T04:13:15.581+0000] {dag.py:3954} INFO - Setting next_dagrun for example_bash_decorator to None, run_after=None
[2026-05-10T04:13:15.597+0000] {processor.py:183} INFO - Processing /home/airflow/.local/lib/python3.12/site-packages/airflow/example_dags/example_bash_decorator.py took 0.075 seconds
[2026-05-10T04:13:45.844+0000] {processor.py:161} INFO - Started process (PID=3620) to work on /home/airflow/.local/lib/python3.12/site-packages/airflow/example_dags/example_bash_decorator.py
[2026-05-10T04:13:45.845+0000] {processor.py:830} INFO - Processing file /home/airflow/.local/lib/python3.12/site-packages/airflow/example_dags/example_bash_decorator.py for tasks to queue
[2026-05-10T04:13:45.847+0000] {logging_mixin.py:188} INFO - [2026-05-10T04:13:45.847+0000] {dagbag.py:545} INFO - Filling up the DagBag from /home/airflow/.local/lib/python3.12/site-packages/airflow/example_dags/example_bash_decorator.py
[2026-05-10T04:13:45.858+0000] {processor.py:840} INFO - DAG(s) 'example_bash_decorator' retrieved from /home/airflow/.local/lib/python3.12/site-packages/airflow/example_dags/example_bash_decorator.py
[2026-05-10T04:13:45.876+0000] {logging_mixin.py:188} INFO - [2026-05-10T04:13:45.876+0000] {dag.py:3096} INFO - Sync 1 DAGs
[2026-05-10T04:13:45.886+0000] {logging_mixin.py:188} INFO - [2026-05-10T04:13:45.885+0000] {dag.py:3954} INFO - Setting next_dagrun for example_bash_decorator to None, run_after=None
[2026-05-10T04:13:45.902+0000] {processor.py:183} INFO - Processing /home/airflow/.local/lib/python3.12/site-packages/airflow/example_dags/example_bash_decorator.py took 0.062 seconds
[2026-05-10T04:14:16.354+0000] {processor.py:161} INFO - Started process (PID=3680) to work on /home/airflow/.local/lib/python3.12/site-packages/airflow/example_dags/example_bash_decorator.py
[2026-05-10T04:14:16.355+0000] {processor.py:830} INFO - Processing file /home/airflow/.local/lib/python3.12/site-packages/airflow/example_dags/example_bash_decorator.py for tasks to queue
[2026-05-10T04:14:16.357+0000] {logging_mixin.py:188} INFO - [2026-05-10T04:14:16.357+0000] {dagbag.py:545} INFO - Filling up the DagBag from /home/airflow/.local/lib/python3.12/site-packages/airflow/example_dags/example_bash_decorator.py
[2026-05-10T04:14:16.367+0000] {processor.py:840} INFO - DAG(s) 'example_bash_decorator' retrieved from /home/airflow/.local/lib/python3.12/site-packages/airflow/example_dags/example_bash_decorator.py
[2026-05-10T04:14:16.389+0000] {logging_mixin.py:188} INFO - [2026-05-10T04:14:16.389+0000] {dag.py:3096} INFO - Sync 1 DAGs
[2026-05-10T04:14:16.399+0000] {logging_mixin.py:188} INFO - [2026-05-10T04:14:16.399+0000] {dag.py:3954} INFO - Setting next_dagrun for example_bash_decorator to None, run_after=None
[2026-05-10T04:14:16.414+0000] {processor.py:183} INFO - Processing /home/airflow/.local/lib/python3.12/site-packages/airflow/example_dags/example_bash_decorator.py took 0.065 seconds
[2026-05-10T04:14:46.628+0000] {processor.py:161} INFO - Started process (PID=3740) to work on /home/airflow/.local/lib/python3.12/site-packages/airflow/example_dags/example_bash_decorator.py
[2026-05-10T04:14:46.629+0000] {processor.py:830} INFO - Processing file /home/airflow/.local/lib/python3.12/site-packages/airflow/example_dags/example_bash_decorator.py for tasks to queue
[2026-05-10T04:14:46.631+0000] {logging_mixin.py:188} INFO - [2026-05-10T04:14:46.631+0000] {dagbag.py:545} INFO - Filling up the DagBag from /home/airflow/.local/lib/python3.12/site-packages/airflow/example_dags/example_bash_decorator.py
[2026-05-10T04:14:46.642+0000] {processor.py:840} INFO - DAG(s) 'example_bash_decorator' retrieved from /home/airflow/.local/lib/python3.12/site-packages/airflow/example_dags/example_bash_decorator.py
[2026-05-10T04:14:46.660+0000] {logging_mixin.py:188} INFO - [2026-05-10T04:14:46.660+0000] {dag.py:3096} INFO - Sync 1 DAGs
[2026-05-10T04:14:46.669+0000] {logging_mixin.py:188} INFO - [2026-05-10T04:14:46.669+0000] {dag.py:3954} INFO - Setting next_dagrun for example_bash_decorator to None, run_after=None
[2026-05-10T04:14:46.684+0000] {processor.py:183} INFO - Processing /home/airflow/.local/lib/python3.12/site-packages/airflow/example_dags/example_bash_decorator.py took 0.061 seconds
[2026-05-10T04:15:16.775+0000] {processor.py:161} INFO - Started process (PID=3800) to work on /home/airflow/.local/lib/python3.12/site-packages/airflow/example_dags/example_bash_decorator.py
[2026-05-10T04:15:16.776+0000] {processor.py:830} INFO - Processing file /home/airflow/.local/lib/python3.12/site-packages/airflow/example_dags/example_bash_decorator.py for tasks to queue
[2026-05-10T04:15:16.778+0000] {logging_mixin.py:188} INFO - [2026-05-10T04:15:16.778+0000] {dagbag.py:545} INFO - Filling up the DagBag from /home/airflow/.local/lib/python3.12/site-packages/airflow/example_dags/example_bash_decorator.py
[2026-05-10T04:15:16.789+0000] {processor.py:840} INFO - DAG(s) 'example_bash_decorator' retrieved from /home/airflow/.local/lib/python3.12/site-packages/airflow/example_dags/example_bash_decorator.py
[2026-05-10T04:15:16.807+0000] {logging_mixin.py:188} INFO - [2026-05-10T04:15:16.807+0000] {dag.py:3096} INFO - Sync 1 DAGs
[2026-05-10T04:15:16.816+0000] {logging_mixin.py:188} INFO - [2026-05-10T04:15:16.816+0000] {dag.py:3954} INFO - Setting next_dagrun for example_bash_decorator to None, run_after=None
[2026-05-10T04:15:16.831+0000] {processor.py:183} INFO - Processing /home/airflow/.local/lib/python3.12/site-packages/airflow/example_dags/example_bash_decorator.py took 0.061 seconds
[2026-05-10T04:15:47.326+0000] {processor.py:161} INFO - Started process (PID=3860) to work on /home/airflow/.local/lib/python3.12/site-packages/airflow/example_dags/example_bash_decorator.py
[2026-05-10T04:15:47.327+0000] {processor.py:830} INFO - Processing file /home/airflow/.local/lib/python3.12/site-packages/airflow/example_dags/example_bash_decorator.py for tasks to queue
[2026-05-10T04:15:47.330+0000] {logging_mixin.py:188} INFO - [2026-05-10T04:15:47.329+0000] {dagbag.py:545} INFO - Filling up the DagBag from /home/airflow/.local/lib/python3.12/site-packages/airflow/example_dags/example_bash_decorator.py
[2026-05-10T04:15:47.341+0000] {processor.py:840} INFO - DAG(s) 'example_bash_decorator' retrieved from /home/airflow/.local/lib/python3.12/site-packages/airflow/example_dags/example_bash_decorator.py
[2026-05-10T04:15:47.360+0000] {logging_mixin.py:188} INFO - [2026-05-10T04:15:47.360+0000] {dag.py:3096} INFO - Sync 1 DAGs
[2026-05-10T04:15:47.371+0000] {logging_mixin.py:188} INFO - [2026-05-10T04:15:47.371+0000] {dag.py:3954} INFO - Setting next_dagrun for example_bash_decorator to None, run_after=None
[2026-05-10T04:15:47.389+0000] {processor.py:183} INFO - Processing /home/airflow/.local/lib/python3.12/site-packages/airflow/example_dags/example_bash_decorator.py took 0.068 seconds
[2026-05-10T04:16:17.758+0000] {processor.py:161} INFO - Started process (PID=3920) to work on /home/airflow/.local/lib/python3.12/site-packages/airflow/example_dags/example_bash_decorator.py
[2026-05-10T04:16:17.760+0000] {processor.py:830} INFO - Processing file /home/airflow/.local/lib/python3.12/site-packages/airflow/example_dags/example_bash_decorator.py for tasks to queue
[2026-05-10T04:16:17.762+0000] {logging_mixin.py:188} INFO - [2026-05-10T04:16:17.762+0000] {dagbag.py:545} INFO - Filling up the DagBag from /home/airflow/.local/lib/python3.12/site-packages/airflow/example_dags/example_bash_decorator.py
[2026-05-10T04:16:17.774+0000] {processor.py:840} INFO - DAG(s) 'example_bash_decorator' retrieved from /home/airflow/.local/lib/python3.12/site-packages/airflow/example_dags/example_bash_decorator.py
[2026-05-10T04:16:17.794+0000] {logging_mixin.py:188} INFO - [2026-05-10T04:16:17.794+0000] {dag.py:3096} INFO - Sync 1 DAGs
[2026-05-10T04:16:17.806+0000] {logging_mixin.py:188} INFO - [2026-05-10T04:16:17.805+0000] {dag.py:3954} INFO - Setting next_dagrun for example_bash_decorator to None, run_after=None
[2026-05-10T04:16:17.823+0000] {processor.py:183} INFO - Processing /home/airflow/.local/lib/python3.12/site-packages/airflow/example_dags/example_bash_decorator.py took 0.069 seconds
[2026-05-10T04:16:48.215+0000] {processor.py:161} INFO - Started process (PID=3980) to work on /home/airflow/.local/lib/python3.12/site-packages/airflow/example_dags/example_bash_decorator.py
[2026-05-10T04:16:48.216+0000] {processor.py:830} INFO - Processing file /home/airflow/.local/lib/python3.12/site-packages/airflow/example_dags/example_bash_decorator.py for tasks to queue
[2026-05-10T04:16:48.218+0000] {logging_mixin.py:188} INFO - [2026-05-10T04:16:48.218+0000] {dagbag.py:545} INFO - Filling up the DagBag from /home/airflow/.local/lib/python3.12/site-packages/airflow/example_dags/example_bash_decorator.py
[2026-05-10T04:16:48.230+0000] {processor.py:840} INFO - DAG(s) 'example_bash_decorator' retrieved from /home/airflow/.local/lib/python3.12/site-packages/airflow/example_dags/example_bash_decorator.py
[2026-05-10T04:16:48.250+0000] {logging_mixin.py:188} INFO - [2026-05-10T04:16:48.250+0000] {dag.py:3096} INFO - Sync 1 DAGs
[2026-05-10T04:16:48.264+0000] {logging_mixin.py:188} INFO - [2026-05-10T04:16:48.263+0000] {dag.py:3954} INFO - Setting next_dagrun for example_bash_decorator to None, run_after=None
[2026-05-10T04:16:48.278+0000] {processor.py:183} INFO - Processing /home/airflow/.local/lib/python3.12/site-packages/airflow/example_dags/example_bash_decorator.py took 0.069 seconds
[2026-05-10T04:17:18.365+0000] {processor.py:161} INFO - Started process (PID=4040) to work on /home/airflow/.local/lib/python3.12/site-packages/airflow/example_dags/example_bash_decorator.py
[2026-05-10T04:17:18.366+0000] {processor.py:830} INFO - Processing file /home/airflow/.local/lib/python3.12/site-packages/airflow/example_dags/example_bash_decorator.py for tasks to queue
[2026-05-10T04:17:18.368+0000] {logging_mixin.py:188} INFO - [2026-05-10T04:17:18.368+0000] {dagbag.py:545} INFO - Filling up the DagBag from /home/airflow/.local/lib/python3.12/site-packages/airflow/example_dags/example_bash_decorator.py
[2026-05-10T04:17:18.378+0000] {processor.py:840} INFO - DAG(s) 'example_bash_decorator' retrieved from /home/airflow/.local/lib/python3.12/site-packages/airflow/example_dags/example_bash_decorator.py
[2026-05-10T04:17:18.401+0000] {logging_mixin.py:188} INFO - [2026-05-10T04:17:18.401+0000] {dag.py:3096} INFO - Sync 1 DAGs
[2026-05-10T04:17:18.413+0000] {logging_mixin.py:188} INFO - [2026-05-10T04:17:18.412+0000] {dag.py:3954} INFO - Setting next_dagrun for example_bash_decorator to None, run_after=None
[2026-05-10T04:17:18.432+0000] {processor.py:183} INFO - Processing /home/airflow/.local/lib/python3.12/site-packages/airflow/example_dags/example_bash_decorator.py took 0.072 seconds
[2026-05-10T04:17:48.791+0000] {processor.py:161} INFO - Started process (PID=4100) to work on /home/airflow/.local/lib/python3.12/site-packages/airflow/example_dags/example_bash_decorator.py
[2026-05-10T04:17:48.794+0000] {processor.py:830} INFO - Processing file /home/airflow/.local/lib/python3.12/site-packages/airflow/example_dags/example_bash_decorator.py for tasks to queue
[2026-05-10T04:17:48.796+0000] {logging_mixin.py:188} INFO - [2026-05-10T04:17:48.796+0000] {dagbag.py:545} INFO - Filling up the DagBag from /home/airflow/.local/lib/python3.12/site-packages/airflow/example_dags/example_bash_decorator.py
[2026-05-10T04:17:48.807+0000] {processor.py:840} INFO - DAG(s) 'example_bash_decorator' retrieved from /home/airflow/.local/lib/python3.12/site-packages/airflow/example_dags/example_bash_decorator.py
[2026-05-10T04:17:48.833+0000] {logging_mixin.py:188} INFO - [2026-05-10T04:17:48.833+0000] {dag.py:3096} INFO - Sync 1 DAGs
[2026-05-10T04:17:48.846+0000] {logging_mixin.py:188} INFO - [2026-05-10T04:17:48.845+0000] {dag.py:3954} INFO - Setting next_dagrun for example_bash_decorator to None, run_after=None
[2026-05-10T04:17:48.868+0000] {processor.py:183} INFO - Processing /home/airflow/.local/lib/python3.12/site-packages/airflow/example_dags/example_bash_decorator.py took 0.081 seconds
[2026-05-10T04:18:19.191+0000] {processor.py:161} INFO - Started process (PID=4158) to work on /home/airflow/.local/lib/python3.12/site-packages/airflow/example_dags/example_bash_decorator.py
[2026-05-10T04:18:19.192+0000] {processor.py:830} INFO - Processing file /home/airflow/.local/lib/python3.12/site-packages/airflow/example_dags/example_bash_decorator.py for tasks to queue
[2026-05-10T04:18:19.194+0000] {logging_mixin.py:188} INFO - [2026-05-10T04:18:19.194+0000] {dagbag.py:545} INFO - Filling up the DagBag from /home/airflow/.local/lib/python3.12/site-packages/airflow/example_dags/example_bash_decorator.py
[2026-05-10T04:18:19.204+0000] {processor.py:840} INFO - DAG(s) 'example_bash_decorator' retrieved from /home/airflow/.local/lib/python3.12/site-packages/airflow/example_dags/example_bash_decorator.py
[2026-05-10T04:18:19.224+0000] {logging_mixin.py:188} INFO - [2026-05-10T04:18:19.224+0000] {dag.py:3096} INFO - Sync 1 DAGs
[2026-05-10T04:18:19.236+0000] {logging_mixin.py:188} INFO - [2026-05-10T04:18:19.236+0000] {dag.py:3954} INFO - Setting next_dagrun for example_bash_decorator to None, run_after=None
[2026-05-10T04:18:19.253+0000] {processor.py:183} INFO - Processing /home/airflow/.local/lib/python3.12/site-packages/airflow/example_dags/example_bash_decorator.py took 0.066 seconds
[2026-05-10T04:18:49.429+0000] {processor.py:161} INFO - Started process (PID=4218) to work on /home/airflow/.local/lib/python3.12/site-packages/airflow/example_dags/example_bash_decorator.py
[2026-05-10T04:18:49.431+0000] {processor.py:830} INFO - Processing file /home/airflow/.local/lib/python3.12/site-packages/airflow/example_dags/example_bash_decorator.py for tasks to queue
[2026-05-10T04:18:49.433+0000] {logging_mixin.py:188} INFO - [2026-05-10T04:18:49.432+0000] {dagbag.py:545} INFO - Filling up the DagBag from /home/airflow/.local/lib/python3.12/site-packages/airflow/example_dags/example_bash_decorator.py
[2026-05-10T04:18:49.449+0000] {processor.py:840} INFO - DAG(s) 'example_bash_decorator' retrieved from /home/airflow/.local/lib/python3.12/site-packages/airflow/example_dags/example_bash_decorator.py
[2026-05-10T04:18:49.467+0000] {logging_mixin.py:188} INFO - [2026-05-10T04:18:49.466+0000] {dag.py:3096} INFO - Sync 1 DAGs
[2026-05-10T04:18:49.478+0000] {logging_mixin.py:188} INFO - [2026-05-10T04:18:49.478+0000] {dag.py:3954} INFO - Setting next_dagrun for example_bash_decorator to None, run_after=None
[2026-05-10T04:18:49.494+0000] {processor.py:183} INFO - Processing /home/airflow/.local/lib/python3.12/site-packages/airflow/example_dags/example_bash_decorator.py took 0.069 seconds
[2026-05-10T04:19:19.834+0000] {processor.py:161} INFO - Started process (PID=4278) to work on /home/airflow/.local/lib/python3.12/site-packages/airflow/example_dags/example_bash_decorator.py
[2026-05-10T04:19:19.835+0000] {processor.py:830} INFO - Processing file /home/airflow/.local/lib/python3.12/site-packages/airflow/example_dags/example_bash_decorator.py for tasks to queue
[2026-05-10T04:19:19.837+0000] {logging_mixin.py:188} INFO - [2026-05-10T04:19:19.837+0000] {dagbag.py:545} INFO - Filling up the DagBag from /home/airflow/.local/lib/python3.12/site-packages/airflow/example_dags/example_bash_decorator.py
[2026-05-10T04:19:19.848+0000] {processor.py:840} INFO - DAG(s) 'example_bash_decorator' retrieved from /home/airflow/.local/lib/python3.12/site-packages/airflow/example_dags/example_bash_decorator.py
[2026-05-10T04:19:19.868+0000] {logging_mixin.py:188} INFO - [2026-05-10T04:19:19.868+0000] {dag.py:3096} INFO - Sync 1 DAGs
[2026-05-10T04:19:19.878+0000] {logging_mixin.py:188} INFO - [2026-05-10T04:19:19.878+0000] {dag.py:3954} INFO - Setting next_dagrun for example_bash_decorator to None, run_after=None
[2026-05-10T04:19:19.900+0000] {processor.py:183} INFO - Processing /home/airflow/.local/lib/python3.12/site-packages/airflow/example_dags/example_bash_decorator.py took 0.071 seconds
[2026-05-10T04:19:50.170+0000] {processor.py:161} INFO - Started process (PID=4338) to work on /home/airflow/.local/lib/python3.12/site-packages/airflow/example_dags/example_bash_decorator.py
[2026-05-10T04:19:50.171+0000] {processor.py:830} INFO - Processing file /home/airflow/.local/lib/python3.12/site-packages/airflow/example_dags/example_bash_decorator.py for tasks to queue
[2026-05-10T04:19:50.173+0000] {logging_mixin.py:188} INFO - [2026-05-10T04:19:50.173+0000] {dagbag.py:545} INFO - Filling up the DagBag from /home/airflow/.local/lib/python3.12/site-packages/airflow/example_dags/example_bash_decorator.py
[2026-05-10T04:19:50.184+0000] {processor.py:840} INFO - DAG(s) 'example_bash_decorator' retrieved from /home/airflow/.local/lib/python3.12/site-packages/airflow/example_dags/example_bash_decorator.py
[2026-05-10T04:19:50.203+0000] {logging_mixin.py:188} INFO - [2026-05-10T04:19:50.202+0000] {dag.py:3096} INFO - Sync 1 DAGs
[2026-05-10T04:19:50.216+0000] {logging_mixin.py:188} INFO - [2026-05-10T04:19:50.216+0000] {dag.py:3954} INFO - Setting next_dagrun for example_bash_decorator to None, run_after=None
[2026-05-10T04:19:50.233+0000] {processor.py:183} INFO - Processing /home/airflow/.local/lib/python3.12/site-packages/airflow/example_dags/example_bash_decorator.py took 0.068 seconds
[2026-05-10T04:20:20.426+0000] {processor.py:161} INFO - Started process (PID=4398) to work on /home/airflow/.local/lib/python3.12/site-packages/airflow/example_dags/example_bash_decorator.py
[2026-05-10T04:20:20.428+0000] {processor.py:830} INFO - Processing file /home/airflow/.local/lib/python3.12/site-packages/airflow/example_dags/example_bash_decorator.py for tasks to queue
[2026-05-10T04:20:20.430+0000] {logging_mixin.py:188} INFO - [2026-05-10T04:20:20.430+0000] {dagbag.py:545} INFO - Filling up the DagBag from /home/airflow/.local/lib/python3.12/site-packages/airflow/example_dags/example_bash_decorator.py
[2026-05-10T04:20:20.442+0000] {processor.py:840} INFO - DAG(s) 'example_bash_decorator' retrieved from /home/airflow/.local/lib/python3.12/site-packages/airflow/example_dags/example_bash_decorator.py
[2026-05-10T04:20:20.467+0000] {logging_mixin.py:188} INFO - [2026-05-10T04:20:20.467+0000] {dag.py:3096} INFO - Sync 1 DAGs
[2026-05-10T04:20:20.479+0000] {logging_mixin.py:188} INFO - [2026-05-10T04:20:20.479+0000] {dag.py:3954} INFO - Setting next_dagrun for example_bash_decorator to None, run_after=None
[2026-05-10T04:20:20.495+0000] {processor.py:183} INFO - Processing /home/airflow/.local/lib/python3.12/site-packages/airflow/example_dags/example_bash_decorator.py took 0.074 seconds
[2026-05-10T04:20:51.214+0000] {processor.py:161} INFO - Started process (PID=4464) to work on /home/airflow/.local/lib/python3.12/site-packages/airflow/example_dags/example_bash_decorator.py
[2026-05-10T04:20:51.216+0000] {processor.py:830} INFO - Processing file /home/airflow/.local/lib/python3.12/site-packages/airflow/example_dags/example_bash_decorator.py for tasks to queue
[2026-05-10T04:20:51.218+0000] {logging_mixin.py:188} INFO - [2026-05-10T04:20:51.218+0000] {dagbag.py:545} INFO - Filling up the DagBag from /home/airflow/.local/lib/python3.12/site-packages/airflow/example_dags/example_bash_decorator.py
[2026-05-10T04:20:51.229+0000] {processor.py:840} INFO - DAG(s) 'example_bash_decorator' retrieved from /home/airflow/.local/lib/python3.12/site-packages/airflow/example_dags/example_bash_decorator.py
[2026-05-10T04:20:51.251+0000] {logging_mixin.py:188} INFO - [2026-05-10T04:20:51.251+0000] {dag.py:3096} INFO - Sync 1 DAGs
[2026-05-10T04:20:51.262+0000] {logging_mixin.py:188} INFO - [2026-05-10T04:20:51.262+0000] {dag.py:3954} INFO - Setting next_dagrun for example_bash_decorator to None, run_after=None
[2026-05-10T04:20:51.278+0000] {processor.py:183} INFO - Processing /home/airflow/.local/lib/python3.12/site-packages/airflow/example_dags/example_bash_decorator.py took 0.068 seconds
[2026-05-10T04:21:21.387+0000] {processor.py:161} INFO - Started process (PID=4524) to work on /home/airflow/.local/lib/python3.12/site-packages/airflow/example_dags/example_bash_decorator.py
[2026-05-10T04:21:21.393+0000] {processor.py:830} INFO - Processing file /home/airflow/.local/lib/python3.12/site-packages/airflow/example_dags/example_bash_decorator.py for tasks to queue
[2026-05-10T04:21:21.396+0000] {logging_mixin.py:188} INFO - [2026-05-10T04:21:21.395+0000] {dagbag.py:545} INFO - Filling up the DagBag from /home/airflow/.local/lib/python3.12/site-packages/airflow/example_dags/example_bash_decorator.py
[2026-05-10T04:21:21.406+0000] {processor.py:840} INFO - DAG(s) 'example_bash_decorator' retrieved from /home/airflow/.local/lib/python3.12/site-packages/airflow/example_dags/example_bash_decorator.py
[2026-05-10T04:21:21.430+0000] {logging_mixin.py:188} INFO - [2026-05-10T04:21:21.430+0000] {dag.py:3096} INFO - Sync 1 DAGs
[2026-05-10T04:21:21.447+0000] {logging_mixin.py:188} INFO - [2026-05-10T04:21:21.447+0000] {dag.py:3954} INFO - Setting next_dagrun for example_bash_decorator to None, run_after=None
[2026-05-10T04:21:21.467+0000] {processor.py:183} INFO - Processing /home/airflow/.local/lib/python3.12/site-packages/airflow/example_dags/example_bash_decorator.py took 0.085 seconds
[2026-05-10T04:21:52.233+0000] {processor.py:161} INFO - Started process (PID=4584) to work on /home/airflow/.local/lib/python3.12/site-packages/airflow/example_dags/example_bash_decorator.py
[2026-05-10T04:21:52.234+0000] {processor.py:830} INFO - Processing file /home/airflow/.local/lib/python3.12/site-packages/airflow/example_dags/example_bash_decorator.py for tasks to queue
[2026-05-10T04:21:52.237+0000] {logging_mixin.py:188} INFO - [2026-05-10T04:21:52.237+0000] {dagbag.py:545} INFO - Filling up the DagBag from /home/airflow/.local/lib/python3.12/site-packages/airflow/example_dags/example_bash_decorator.py
[2026-05-10T04:21:52.248+0000] {processor.py:840} INFO - DAG(s) 'example_bash_decorator' retrieved from /home/airflow/.local/lib/python3.12/site-packages/airflow/example_dags/example_bash_decorator.py
[2026-05-10T04:21:52.268+0000] {logging_mixin.py:188} INFO - [2026-05-10T04:21:52.268+0000] {dag.py:3096} INFO - Sync 1 DAGs
[2026-05-10T04:21:52.278+0000] {logging_mixin.py:188} INFO - [2026-05-10T04:21:52.278+0000] {dag.py:3954} INFO - Setting next_dagrun for example_bash_decorator to None, run_after=None
[2026-05-10T04:21:52.296+0000] {processor.py:183} INFO - Processing /home/airflow/.local/lib/python3.12/site-packages/airflow/example_dags/example_bash_decorator.py took 0.068 seconds
[2026-05-10T04:22:22.801+0000] {processor.py:161} INFO - Started process (PID=4644) to work on /home/airflow/.local/lib/python3.12/site-packages/airflow/example_dags/example_bash_decorator.py
[2026-05-10T04:22:22.803+0000] {processor.py:830} INFO - Processing file /home/airflow/.local/lib/python3.12/site-packages/airflow/example_dags/example_bash_decorator.py for tasks to queue
[2026-05-10T04:22:22.806+0000] {logging_mixin.py:188} INFO - [2026-05-10T04:22:22.805+0000] {dagbag.py:545} INFO - Filling up the DagBag from /home/airflow/.local/lib/python3.12/site-packages/airflow/example_dags/example_bash_decorator.py
[2026-05-10T04:22:22.816+0000] {processor.py:840} INFO - DAG(s) 'example_bash_decorator' retrieved from /home/airflow/.local/lib/python3.12/site-packages/airflow/example_dags/example_bash_decorator.py
[2026-05-10T04:22:22.837+0000] {logging_mixin.py:188} INFO - [2026-05-10T04:22:22.837+0000] {dag.py:3096} INFO - Sync 1 DAGs
[2026-05-10T04:22:22.848+0000] {logging_mixin.py:188} INFO - [2026-05-10T04:22:22.848+0000] {dag.py:3954} INFO - Setting next_dagrun for example_bash_decorator to None, run_after=None
[2026-05-10T04:22:22.868+0000] {processor.py:183} INFO - Processing /home/airflow/.local/lib/python3.12/site-packages/airflow/example_dags/example_bash_decorator.py took 0.071 seconds
[2026-05-10T04:22:53.351+0000] {processor.py:161} INFO - Started process (PID=4704) to work on /home/airflow/.local/lib/python3.12/site-packages/airflow/example_dags/example_bash_decorator.py
[2026-05-10T04:22:53.353+0000] {processor.py:830} INFO - Processing file /home/airflow/.local/lib/python3.12/site-packages/airflow/example_dags/example_bash_decorator.py for tasks to queue
[2026-05-10T04:22:53.356+0000] {logging_mixin.py:188} INFO - [2026-05-10T04:22:53.356+0000] {dagbag.py:545} INFO - Filling up the DagBag from /home/airflow/.local/lib/python3.12/site-packages/airflow/example_dags/example_bash_decorator.py
[2026-05-10T04:22:53.367+0000] {processor.py:840} INFO - DAG(s) 'example_bash_decorator' retrieved from /home/airflow/.local/lib/python3.12/site-packages/airflow/example_dags/example_bash_decorator.py
[2026-05-10T04:22:53.387+0000] {logging_mixin.py:188} INFO - [2026-05-10T04:22:53.386+0000] {dag.py:3096} INFO - Sync 1 DAGs
[2026-05-10T04:22:53.399+0000] {logging_mixin.py:188} INFO - [2026-05-10T04:22:53.398+0000] {dag.py:3954} INFO - Setting next_dagrun for example_bash_decorator to None, run_after=None
[2026-05-10T04:22:53.414+0000] {processor.py:183} INFO - Processing /home/airflow/.local/lib/python3.12/site-packages/airflow/example_dags/example_bash_decorator.py took 0.067 seconds
[2026-05-10T04:23:24.005+0000] {processor.py:161} INFO - Started process (PID=4764) to work on /home/airflow/.local/lib/python3.12/site-packages/airflow/example_dags/example_bash_decorator.py
[2026-05-10T04:23:24.007+0000] {processor.py:830} INFO - Processing file /home/airflow/.local/lib/python3.12/site-packages/airflow/example_dags/example_bash_decorator.py for tasks to queue
[2026-05-10T04:23:24.011+0000] {logging_mixin.py:188} INFO - [2026-05-10T04:23:24.011+0000] {dagbag.py:545} INFO - Filling up the DagBag from /home/airflow/.local/lib/python3.12/site-packages/airflow/example_dags/example_bash_decorator.py
[2026-05-10T04:23:24.024+0000] {processor.py:840} INFO - DAG(s) 'example_bash_decorator' retrieved from /home/airflow/.local/lib/python3.12/site-packages/airflow/example_dags/example_bash_decorator.py
[2026-05-10T04:23:24.048+0000] {logging_mixin.py:188} INFO - [2026-05-10T04:23:24.048+0000] {dag.py:3096} INFO - Sync 1 DAGs
[2026-05-10T04:23:24.059+0000] {logging_mixin.py:188} INFO - [2026-05-10T04:23:24.059+0000] {dag.py:3954} INFO - Setting next_dagrun for example_bash_decorator to None, run_after=None
[2026-05-10T04:23:24.076+0000] {processor.py:183} INFO - Processing /home/airflow/.local/lib/python3.12/site-packages/airflow/example_dags/example_bash_decorator.py took 0.076 seconds
[2026-05-10T04:23:54.977+0000] {processor.py:161} INFO - Started process (PID=4824) to work on /home/airflow/.local/lib/python3.12/site-packages/airflow/example_dags/example_bash_decorator.py
[2026-05-10T04:23:54.979+0000] {processor.py:830} INFO - Processing file /home/airflow/.local/lib/python3.12/site-packages/airflow/example_dags/example_bash_decorator.py for tasks to queue
[2026-05-10T04:23:54.981+0000] {logging_mixin.py:188} INFO - [2026-05-10T04:23:54.981+0000] {dagbag.py:545} INFO - Filling up the DagBag from /home/airflow/.local/lib/python3.12/site-packages/airflow/example_dags/example_bash_decorator.py
[2026-05-10T04:23:54.991+0000] {processor.py:840} INFO - DAG(s) 'example_bash_decorator' retrieved from /home/airflow/.local/lib/python3.12/site-packages/airflow/example_dags/example_bash_decorator.py
[2026-05-10T04:23:55.012+0000] {logging_mixin.py:188} INFO - [2026-05-10T04:23:55.011+0000] {dag.py:3096} INFO - Sync 1 DAGs
[2026-05-10T04:23:55.026+0000] {logging_mixin.py:188} INFO - [2026-05-10T04:23:55.026+0000] {dag.py:3954} INFO - Setting next_dagrun for example_bash_decorator to None, run_after=None
[2026-05-10T04:23:55.044+0000] {processor.py:183} INFO - Processing /home/airflow/.local/lib/python3.12/site-packages/airflow/example_dags/example_bash_decorator.py took 0.072 seconds
[2026-05-10T04:24:26.397+0000] {processor.py:161} INFO - Started process (PID=4885) to work on /home/airflow/.local/lib/python3.12/site-packages/airflow/example_dags/example_bash_decorator.py
[2026-05-10T04:24:26.398+0000] {processor.py:830} INFO - Processing file /home/airflow/.local/lib/python3.12/site-packages/airflow/example_dags/example_bash_decorator.py for tasks to queue
[2026-05-10T04:24:26.400+0000] {logging_mixin.py:188} INFO - [2026-05-10T04:24:26.400+0000] {dagbag.py:545} INFO - Filling up the DagBag from /home/airflow/.local/lib/python3.12/site-packages/airflow/example_dags/example_bash_decorator.py
[2026-05-10T04:24:26.411+0000] {processor.py:840} INFO - DAG(s) 'example_bash_decorator' retrieved from /home/airflow/.local/lib/python3.12/site-packages/airflow/example_dags/example_bash_decorator.py
[2026-05-10T04:24:26.433+0000] {logging_mixin.py:188} INFO - [2026-05-10T04:24:26.432+0000] {dag.py:3096} INFO - Sync 1 DAGs
[2026-05-10T04:24:26.445+0000] {logging_mixin.py:188} INFO - [2026-05-10T04:24:26.444+0000] {dag.py:3954} INFO - Setting next_dagrun for example_bash_decorator to None, run_after=None
[2026-05-10T04:24:26.464+0000] {processor.py:183} INFO - Processing /home/airflow/.local/lib/python3.12/site-packages/airflow/example_dags/example_bash_decorator.py took 0.073 seconds
[2026-05-10T04:24:56.970+0000] {processor.py:161} INFO - Started process (PID=4945) to work on /home/airflow/.local/lib/python3.12/site-packages/airflow/example_dags/example_bash_decorator.py
[2026-05-10T04:24:56.971+0000] {processor.py:830} INFO - Processing file /home/airflow/.local/lib/python3.12/site-packages/airflow/example_dags/example_bash_decorator.py for tasks to queue
[2026-05-10T04:24:56.973+0000] {logging_mixin.py:188} INFO - [2026-05-10T04:24:56.973+0000] {dagbag.py:545} INFO - Filling up the DagBag from /home/airflow/.local/lib/python3.12/site-packages/airflow/example_dags/example_bash_decorator.py
[2026-05-10T04:24:56.984+0000] {processor.py:840} INFO - DAG(s) 'example_bash_decorator' retrieved from /home/airflow/.local/lib/python3.12/site-packages/airflow/example_dags/example_bash_decorator.py
[2026-05-10T04:24:57.002+0000] {logging_mixin.py:188} INFO - [2026-05-10T04:24:57.001+0000] {dag.py:3096} INFO - Sync 1 DAGs
[2026-05-10T04:24:57.014+0000] {logging_mixin.py:188} INFO - [2026-05-10T04:24:57.014+0000] {dag.py:3954} INFO - Setting next_dagrun for example_bash_decorator to None, run_after=None
[2026-05-10T04:24:57.036+0000] {processor.py:183} INFO - Processing /home/airflow/.local/lib/python3.12/site-packages/airflow/example_dags/example_bash_decorator.py took 0.071 seconds
[2026-05-10T04:25:27.540+0000] {processor.py:161} INFO - Started process (PID=5006) to work on /home/airflow/.local/lib/python3.12/site-packages/airflow/example_dags/example_bash_decorator.py
[2026-05-10T04:25:27.542+0000] {processor.py:830} INFO - Processing file /home/airflow/.local/lib/python3.12/site-packages/airflow/example_dags/example_bash_decorator.py for tasks to queue
[2026-05-10T04:25:27.544+0000] {logging_mixin.py:188} INFO - [2026-05-10T04:25:27.543+0000] {dagbag.py:545} INFO - Filling up the DagBag from /home/airflow/.local/lib/python3.12/site-packages/airflow/example_dags/example_bash_decorator.py
[2026-05-10T04:25:27.557+0000] {processor.py:840} INFO - DAG(s) 'example_bash_decorator' retrieved from /home/airflow/.local/lib/python3.12/site-packages/airflow/example_dags/example_bash_decorator.py
[2026-05-10T04:25:27.576+0000] {logging_mixin.py:188} INFO - [2026-05-10T04:25:27.576+0000] {dag.py:3096} INFO - Sync 1 DAGs
[2026-05-10T04:25:27.591+0000] {logging_mixin.py:188} INFO - [2026-05-10T04:25:27.591+0000] {dag.py:3954} INFO - Setting next_dagrun for example_bash_decorator to None, run_after=None
[2026-05-10T04:25:27.611+0000] {processor.py:183} INFO - Processing /home/airflow/.local/lib/python3.12/site-packages/airflow/example_dags/example_bash_decorator.py took 0.075 seconds
[2026-05-10T04:25:58.425+0000] {processor.py:161} INFO - Started process (PID=5066) to work on /home/airflow/.local/lib/python3.12/site-packages/airflow/example_dags/example_bash_decorator.py
[2026-05-10T04:25:58.426+0000] {processor.py:830} INFO - Processing file /home/airflow/.local/lib/python3.12/site-packages/airflow/example_dags/example_bash_decorator.py for tasks to queue
[2026-05-10T04:25:58.428+0000] {logging_mixin.py:188} INFO - [2026-05-10T04:25:58.428+0000] {dagbag.py:545} INFO - Filling up the DagBag from /home/airflow/.local/lib/python3.12/site-packages/airflow/example_dags/example_bash_decorator.py
[2026-05-10T04:25:58.440+0000] {processor.py:840} INFO - DAG(s) 'example_bash_decorator' retrieved from /home/airflow/.local/lib/python3.12/site-packages/airflow/example_dags/example_bash_decorator.py
[2026-05-10T04:25:58.464+0000] {logging_mixin.py:188} INFO - [2026-05-10T04:25:58.464+0000] {dag.py:3096} INFO - Sync 1 DAGs
[2026-05-10T04:25:58.478+0000] {logging_mixin.py:188} INFO - [2026-05-10T04:25:58.477+0000] {dag.py:3954} INFO - Setting next_dagrun for example_bash_decorator to None, run_after=None
[2026-05-10T04:25:58.496+0000] {processor.py:183} INFO - Processing /home/airflow/.local/lib/python3.12/site-packages/airflow/example_dags/example_bash_decorator.py took 0.077 seconds
[2026-05-10T04:26:29.088+0000] {processor.py:161} INFO - Started process (PID=5125) to work on /home/airflow/.local/lib/python3.12/site-packages/airflow/example_dags/example_bash_decorator.py
[2026-05-10T04:26:29.090+0000] {processor.py:830} INFO - Processing file /home/airflow/.local/lib/python3.12/site-packages/airflow/example_dags/example_bash_decorator.py for tasks to queue
[2026-05-10T04:26:29.092+0000] {logging_mixin.py:188} INFO - [2026-05-10T04:26:29.092+0000] {dagbag.py:545} INFO - Filling up the DagBag from /home/airflow/.local/lib/python3.12/site-packages/airflow/example_dags/example_bash_decorator.py
[2026-05-10T04:26:29.103+0000] {processor.py:840} INFO - DAG(s) 'example_bash_decorator' retrieved from /home/airflow/.local/lib/python3.12/site-packages/airflow/example_dags/example_bash_decorator.py
[2026-05-10T04:26:29.123+0000] {logging_mixin.py:188} INFO - [2026-05-10T04:26:29.123+0000] {dag.py:3096} INFO - Sync 1 DAGs
[2026-05-10T04:26:29.135+0000] {logging_mixin.py:188} INFO - [2026-05-10T04:26:29.135+0000] {dag.py:3954} INFO - Setting next_dagrun for example_bash_decorator to None, run_after=None
[2026-05-10T04:26:29.153+0000] {processor.py:183} INFO - Processing /home/airflow/.local/lib/python3.12/site-packages/airflow/example_dags/example_bash_decorator.py took 0.070 seconds
[2026-05-10T04:26:59.881+0000] {processor.py:161} INFO - Started process (PID=5185) to work on /home/airflow/.local/lib/python3.12/site-packages/airflow/example_dags/example_bash_decorator.py
[2026-05-10T04:26:59.882+0000] {processor.py:830} INFO - Processing file /home/airflow/.local/lib/python3.12/site-packages/airflow/example_dags/example_bash_decorator.py for tasks to queue
[2026-05-10T04:26:59.885+0000] {logging_mixin.py:188} INFO - [2026-05-10T04:26:59.884+0000] {dagbag.py:545} INFO - Filling up the DagBag from /home/airflow/.local/lib/python3.12/site-packages/airflow/example_dags/example_bash_decorator.py
[2026-05-10T04:26:59.898+0000] {processor.py:840} INFO - DAG(s) 'example_bash_decorator' retrieved from /home/airflow/.local/lib/python3.12/site-packages/airflow/example_dags/example_bash_decorator.py
[2026-05-10T04:26:59.921+0000] {logging_mixin.py:188} INFO - [2026-05-10T04:26:59.921+0000] {dag.py:3096} INFO - Sync 1 DAGs
[2026-05-10T04:26:59.933+0000] {logging_mixin.py:188} INFO - [2026-05-10T04:26:59.933+0000] {dag.py:3954} INFO - Setting next_dagrun for example_bash_decorator to None, run_after=None
[2026-05-10T04:26:59.948+0000] {processor.py:183} INFO - Processing /home/airflow/.local/lib/python3.12/site-packages/airflow/example_dags/example_bash_decorator.py took 0.073 seconds
[2026-05-10T04:27:30.369+0000] {processor.py:161} INFO - Started process (PID=5245) to work on /home/airflow/.local/lib/python3.12/site-packages/airflow/example_dags/example_bash_decorator.py
[2026-05-10T04:27:30.372+0000] {processor.py:830} INFO - Processing file /home/airflow/.local/lib/python3.12/site-packages/airflow/example_dags/example_bash_decorator.py for tasks to queue
[2026-05-10T04:27:30.375+0000] {logging_mixin.py:188} INFO - [2026-05-10T04:27:30.375+0000] {dagbag.py:545} INFO - Filling up the DagBag from /home/airflow/.local/lib/python3.12/site-packages/airflow/example_dags/example_bash_decorator.py
[2026-05-10T04:27:30.387+0000] {processor.py:840} INFO - DAG(s) 'example_bash_decorator' retrieved from /home/airflow/.local/lib/python3.12/site-packages/airflow/example_dags/example_bash_decorator.py
[2026-05-10T04:27:30.410+0000] {logging_mixin.py:188} INFO - [2026-05-10T04:27:30.409+0000] {dag.py:3096} INFO - Sync 1 DAGs
[2026-05-10T04:27:30.421+0000] {logging_mixin.py:188} INFO - [2026-05-10T04:27:30.420+0000] {dag.py:3954} INFO - Setting next_dagrun for example_bash_decorator to None, run_after=None
[2026-05-10T04:27:30.439+0000] {processor.py:183} INFO - Processing /home/airflow/.local/lib/python3.12/site-packages/airflow/example_dags/example_bash_decorator.py took 0.074 seconds
[2026-05-10T04:28:01.313+0000] {processor.py:161} INFO - Started process (PID=5305) to work on /home/airflow/.local/lib/python3.12/site-packages/airflow/example_dags/example_bash_decorator.py
[2026-05-10T04:28:01.314+0000] {processor.py:830} INFO - Processing file /home/airflow/.local/lib/python3.12/site-packages/airflow/example_dags/example_bash_decorator.py for tasks to queue
[2026-05-10T04:28:01.316+0000] {logging_mixin.py:188} INFO - [2026-05-10T04:28:01.316+0000] {dagbag.py:545} INFO - Filling up the DagBag from /home/airflow/.local/lib/python3.12/site-packages/airflow/example_dags/example_bash_decorator.py
[2026-05-10T04:28:01.327+0000] {processor.py:840} INFO - DAG(s) 'example_bash_decorator' retrieved from /home/airflow/.local/lib/python3.12/site-packages/airflow/example_dags/example_bash_decorator.py
[2026-05-10T04:28:01.347+0000] {logging_mixin.py:188} INFO - [2026-05-10T04:28:01.346+0000] {dag.py:3096} INFO - Sync 1 DAGs
[2026-05-10T04:28:01.356+0000] {logging_mixin.py:188} INFO - [2026-05-10T04:28:01.356+0000] {dag.py:3954} INFO - Setting next_dagrun for example_bash_decorator to None, run_after=None
[2026-05-10T04:28:01.376+0000] {processor.py:183} INFO - Processing /home/airflow/.local/lib/python3.12/site-packages/airflow/example_dags/example_bash_decorator.py took 0.068 seconds
[2026-05-10T04:28:32.132+0000] {processor.py:161} INFO - Started process (PID=5365) to work on /home/airflow/.local/lib/python3.12/site-packages/airflow/example_dags/example_bash_decorator.py
[2026-05-10T04:28:32.134+0000] {processor.py:830} INFO - Processing file /home/airflow/.local/lib/python3.12/site-packages/airflow/example_dags/example_bash_decorator.py for tasks to queue
[2026-05-10T04:28:32.136+0000] {logging_mixin.py:188} INFO - [2026-05-10T04:28:32.135+0000] {dagbag.py:545} INFO - Filling up the DagBag from /home/airflow/.local/lib/python3.12/site-packages/airflow/example_dags/example_bash_decorator.py
[2026-05-10T04:28:32.146+0000] {processor.py:840} INFO - DAG(s) 'example_bash_decorator' retrieved from /home/airflow/.local/lib/python3.12/site-packages/airflow/example_dags/example_bash_decorator.py
[2026-05-10T04:28:32.165+0000] {logging_mixin.py:188} INFO - [2026-05-10T04:28:32.165+0000] {dag.py:3096} INFO - Sync 1 DAGs
[2026-05-10T04:28:32.175+0000] {logging_mixin.py:188} INFO - [2026-05-10T04:28:32.175+0000] {dag.py:3954} INFO - Setting next_dagrun for example_bash_decorator to None, run_after=None
[2026-05-10T04:28:32.190+0000] {processor.py:183} INFO - Processing /home/airflow/.local/lib/python3.12/site-packages/airflow/example_dags/example_bash_decorator.py took 0.063 seconds
[2026-05-10T04:29:02.929+0000] {processor.py:161} INFO - Started process (PID=5425) to work on /home/airflow/.local/lib/python3.12/site-packages/airflow/example_dags/example_bash_decorator.py
[2026-05-10T04:29:02.931+0000] {processor.py:830} INFO - Processing file /home/airflow/.local/lib/python3.12/site-packages/airflow/example_dags/example_bash_decorator.py for tasks to queue
[2026-05-10T04:29:02.933+0000] {logging_mixin.py:188} INFO - [2026-05-10T04:29:02.933+0000] {dagbag.py:545} INFO - Filling up the DagBag from /home/airflow/.local/lib/python3.12/site-packages/airflow/example_dags/example_bash_decorator.py
[2026-05-10T04:29:02.944+0000] {processor.py:840} INFO - DAG(s) 'example_bash_decorator' retrieved from /home/airflow/.local/lib/python3.12/site-packages/airflow/example_dags/example_bash_decorator.py
[2026-05-10T04:29:02.964+0000] {logging_mixin.py:188} INFO - [2026-05-10T04:29:02.963+0000] {dag.py:3096} INFO - Sync 1 DAGs
[2026-05-10T04:29:02.974+0000] {logging_mixin.py:188} INFO - [2026-05-10T04:29:02.974+0000] {dag.py:3954} INFO - Setting next_dagrun for example_bash_decorator to None, run_after=None
[2026-05-10T04:29:02.991+0000] {processor.py:183} INFO - Processing /home/airflow/.local/lib/python3.12/site-packages/airflow/example_dags/example_bash_decorator.py took 0.066 seconds
[2026-05-10T04:29:33.255+0000] {processor.py:161} INFO - Started process (PID=5483) to work on /home/airflow/.local/lib/python3.12/site-packages/airflow/example_dags/example_bash_decorator.py
[2026-05-10T04:29:33.257+0000] {processor.py:830} INFO - Processing file /home/airflow/.local/lib/python3.12/site-packages/airflow/example_dags/example_bash_decorator.py for tasks to queue
[2026-05-10T04:29:33.259+0000] {logging_mixin.py:188} INFO - [2026-05-10T04:29:33.258+0000] {dagbag.py:545} INFO - Filling up the DagBag from /home/airflow/.local/lib/python3.12/site-packages/airflow/example_dags/example_bash_decorator.py
[2026-05-10T04:29:33.269+0000] {processor.py:840} INFO - DAG(s) 'example_bash_decorator' retrieved from /home/airflow/.local/lib/python3.12/site-packages/airflow/example_dags/example_bash_decorator.py
[2026-05-10T04:29:33.289+0000] {logging_mixin.py:188} INFO - [2026-05-10T04:29:33.289+0000] {dag.py:3096} INFO - Sync 1 DAGs
[2026-05-10T04:29:33.302+0000] {logging_mixin.py:188} INFO - [2026-05-10T04:29:33.302+0000] {dag.py:3954} INFO - Setting next_dagrun for example_bash_decorator to None, run_after=None
[2026-05-10T04:29:33.318+0000] {processor.py:183} INFO - Processing /home/airflow/.local/lib/python3.12/site-packages/airflow/example_dags/example_bash_decorator.py took 0.068 seconds
[2026-05-10T04:30:03.952+0000] {processor.py:161} INFO - Started process (PID=5543) to work on /home/airflow/.local/lib/python3.12/site-packages/airflow/example_dags/example_bash_decorator.py
[2026-05-10T04:30:03.955+0000] {processor.py:830} INFO - Processing file /home/airflow/.local/lib/python3.12/site-packages/airflow/example_dags/example_bash_decorator.py for tasks to queue
[2026-05-10T04:30:03.957+0000] {logging_mixin.py:188} INFO - [2026-05-10T04:30:03.957+0000] {dagbag.py:545} INFO - Filling up the DagBag from /home/airflow/.local/lib/python3.12/site-packages/airflow/example_dags/example_bash_decorator.py
[2026-05-10T04:30:03.967+0000] {processor.py:840} INFO - DAG(s) 'example_bash_decorator' retrieved from /home/airflow/.local/lib/python3.12/site-packages/airflow/example_dags/example_bash_decorator.py
[2026-05-10T04:30:03.987+0000] {logging_mixin.py:188} INFO - [2026-05-10T04:30:03.986+0000] {dag.py:3096} INFO - Sync 1 DAGs
[2026-05-10T04:30:04.000+0000] {logging_mixin.py:188} INFO - [2026-05-10T04:30:04.000+0000] {dag.py:3954} INFO - Setting next_dagrun for example_bash_decorator to None, run_after=None
[2026-05-10T04:30:04.017+0000] {processor.py:183} INFO - Processing /home/airflow/.local/lib/python3.12/site-packages/airflow/example_dags/example_bash_decorator.py took 0.070 seconds
[2026-05-10T04:30:34.913+0000] {processor.py:161} INFO - Started process (PID=5603) to work on /home/airflow/.local/lib/python3.12/site-packages/airflow/example_dags/example_bash_decorator.py
[2026-05-10T04:30:34.915+0000] {processor.py:830} INFO - Processing file /home/airflow/.local/lib/python3.12/site-packages/airflow/example_dags/example_bash_decorator.py for tasks to queue
[2026-05-10T04:30:34.918+0000] {logging_mixin.py:188} INFO - [2026-05-10T04:30:34.918+0000] {dagbag.py:545} INFO - Filling up the DagBag from /home/airflow/.local/lib/python3.12/site-packages/airflow/example_dags/example_bash_decorator.py
[2026-05-10T04:30:34.938+0000] {processor.py:840} INFO - DAG(s) 'example_bash_decorator' retrieved from /home/airflow/.local/lib/python3.12/site-packages/airflow/example_dags/example_bash_decorator.py
[2026-05-10T04:30:34.988+0000] {logging_mixin.py:188} INFO - [2026-05-10T04:30:34.988+0000] {dag.py:3096} INFO - Sync 1 DAGs
[2026-05-10T04:30:35.025+0000] {logging_mixin.py:188} INFO - [2026-05-10T04:30:35.025+0000] {dag.py:3954} INFO - Setting next_dagrun for example_bash_decorator to None, run_after=None
[2026-05-10T04:30:35.062+0000] {processor.py:183} INFO - Processing /home/airflow/.local/lib/python3.12/site-packages/airflow/example_dags/example_bash_decorator.py took 0.156 seconds
[2026-05-10T04:31:05.148+0000] {processor.py:161} INFO - Started process (PID=5663) to work on /home/airflow/.local/lib/python3.12/site-packages/airflow/example_dags/example_bash_decorator.py
[2026-05-10T04:31:05.150+0000] {processor.py:830} INFO - Processing file /home/airflow/.local/lib/python3.12/site-packages/airflow/example_dags/example_bash_decorator.py for tasks to queue
[2026-05-10T04:31:05.154+0000] {logging_mixin.py:188} INFO - [2026-05-10T04:31:05.153+0000] {dagbag.py:545} INFO - Filling up the DagBag from /home/airflow/.local/lib/python3.12/site-packages/airflow/example_dags/example_bash_decorator.py
[2026-05-10T04:31:05.173+0000] {processor.py:840} INFO - DAG(s) 'example_bash_decorator' retrieved from /home/airflow/.local/lib/python3.12/site-packages/airflow/example_dags/example_bash_decorator.py
[2026-05-10T04:31:05.211+0000] {logging_mixin.py:188} INFO - [2026-05-10T04:31:05.211+0000] {dag.py:3096} INFO - Sync 1 DAGs
[2026-05-10T04:31:05.231+0000] {logging_mixin.py:188} INFO - [2026-05-10T04:31:05.231+0000] {dag.py:3954} INFO - Setting next_dagrun for example_bash_decorator to None, run_after=None
[2026-05-10T04:31:05.265+0000] {processor.py:183} INFO - Processing /home/airflow/.local/lib/python3.12/site-packages/airflow/example_dags/example_bash_decorator.py took 0.126 seconds
[2026-05-10T04:31:36.206+0000] {processor.py:161} INFO - Started process (PID=5724) to work on /home/airflow/.local/lib/python3.12/site-packages/airflow/example_dags/example_bash_decorator.py
[2026-05-10T04:31:36.207+0000] {processor.py:830} INFO - Processing file /home/airflow/.local/lib/python3.12/site-packages/airflow/example_dags/example_bash_decorator.py for tasks to queue
[2026-05-10T04:31:36.209+0000] {logging_mixin.py:188} INFO - [2026-05-10T04:31:36.208+0000] {dagbag.py:545} INFO - Filling up the DagBag from /home/airflow/.local/lib/python3.12/site-packages/airflow/example_dags/example_bash_decorator.py
[2026-05-10T04:31:36.219+0000] {processor.py:840} INFO - DAG(s) 'example_bash_decorator' retrieved from /home/airflow/.local/lib/python3.12/site-packages/airflow/example_dags/example_bash_decorator.py
[2026-05-10T04:31:36.238+0000] {logging_mixin.py:188} INFO - [2026-05-10T04:31:36.238+0000] {dag.py:3096} INFO - Sync 1 DAGs
[2026-05-10T04:31:36.250+0000] {logging_mixin.py:188} INFO - [2026-05-10T04:31:36.250+0000] {dag.py:3954} INFO - Setting next_dagrun for example_bash_decorator to None, run_after=None
[2026-05-10T04:31:36.268+0000] {processor.py:183} INFO - Processing /home/airflow/.local/lib/python3.12/site-packages/airflow/example_dags/example_bash_decorator.py took 0.067 seconds
[2026-05-10T04:32:07.002+0000] {processor.py:161} INFO - Started process (PID=5784) to work on /home/airflow/.local/lib/python3.12/site-packages/airflow/example_dags/example_bash_decorator.py
[2026-05-10T04:32:07.004+0000] {processor.py:830} INFO - Processing file /home/airflow/.local/lib/python3.12/site-packages/airflow/example_dags/example_bash_decorator.py for tasks to queue
[2026-05-10T04:32:07.007+0000] {logging_mixin.py:188} INFO - [2026-05-10T04:32:07.007+0000] {dagbag.py:545} INFO - Filling up the DagBag from /home/airflow/.local/lib/python3.12/site-packages/airflow/example_dags/example_bash_decorator.py
[2026-05-10T04:32:07.019+0000] {processor.py:840} INFO - DAG(s) 'example_bash_decorator' retrieved from /home/airflow/.local/lib/python3.12/site-packages/airflow/example_dags/example_bash_decorator.py
[2026-05-10T04:32:07.041+0000] {logging_mixin.py:188} INFO - [2026-05-10T04:32:07.040+0000] {dag.py:3096} INFO - Sync 1 DAGs
[2026-05-10T04:32:07.051+0000] {logging_mixin.py:188} INFO - [2026-05-10T04:32:07.051+0000] {dag.py:3954} INFO - Setting next_dagrun for example_bash_decorator to None, run_after=None
[2026-05-10T04:32:07.068+0000] {processor.py:183} INFO - Processing /home/airflow/.local/lib/python3.12/site-packages/airflow/example_dags/example_bash_decorator.py took 0.073 seconds
[2026-05-10T04:32:37.618+0000] {processor.py:161} INFO - Started process (PID=5844) to work on /home/airflow/.local/lib/python3.12/site-packages/airflow/example_dags/example_bash_decorator.py
[2026-05-10T04:32:37.620+0000] {processor.py:830} INFO - Processing file /home/airflow/.local/lib/python3.12/site-packages/airflow/example_dags/example_bash_decorator.py for tasks to queue
[2026-05-10T04:32:37.624+0000] {logging_mixin.py:188} INFO - [2026-05-10T04:32:37.624+0000] {dagbag.py:545} INFO - Filling up the DagBag from /home/airflow/.local/lib/python3.12/site-packages/airflow/example_dags/example_bash_decorator.py
[2026-05-10T04:32:37.637+0000] {processor.py:840} INFO - DAG(s) 'example_bash_decorator' retrieved from /home/airflow/.local/lib/python3.12/site-packages/airflow/example_dags/example_bash_decorator.py
[2026-05-10T04:32:37.657+0000] {logging_mixin.py:188} INFO - [2026-05-10T04:32:37.656+0000] {dag.py:3096} INFO - Sync 1 DAGs
[2026-05-10T04:32:37.670+0000] {logging_mixin.py:188} INFO - [2026-05-10T04:32:37.670+0000] {dag.py:3954} INFO - Setting next_dagrun for example_bash_decorator to None, run_after=None
[2026-05-10T04:32:37.688+0000] {processor.py:183} INFO - Processing /home/airflow/.local/lib/python3.12/site-packages/airflow/example_dags/example_bash_decorator.py took 0.076 seconds
[2026-05-10T04:33:08.451+0000] {processor.py:161} INFO - Started process (PID=5904) to work on /home/airflow/.local/lib/python3.12/site-packages/airflow/example_dags/example_bash_decorator.py
[2026-05-10T04:33:08.453+0000] {processor.py:830} INFO - Processing file /home/airflow/.local/lib/python3.12/site-packages/airflow/example_dags/example_bash_decorator.py for tasks to queue
[2026-05-10T04:33:08.457+0000] {logging_mixin.py:188} INFO - [2026-05-10T04:33:08.457+0000] {dagbag.py:545} INFO - Filling up the DagBag from /home/airflow/.local/lib/python3.12/site-packages/airflow/example_dags/example_bash_decorator.py
[2026-05-10T04:33:08.469+0000] {processor.py:840} INFO - DAG(s) 'example_bash_decorator' retrieved from /home/airflow/.local/lib/python3.12/site-packages/airflow/example_dags/example_bash_decorator.py
[2026-05-10T04:33:08.488+0000] {logging_mixin.py:188} INFO - [2026-05-10T04:33:08.488+0000] {dag.py:3096} INFO - Sync 1 DAGs
[2026-05-10T04:33:08.499+0000] {logging_mixin.py:188} INFO - [2026-05-10T04:33:08.498+0000] {dag.py:3954} INFO - Setting next_dagrun for example_bash_decorator to None, run_after=None
[2026-05-10T04:33:08.519+0000] {processor.py:183} INFO - Processing /home/airflow/.local/lib/python3.12/site-packages/airflow/example_dags/example_bash_decorator.py took 0.075 seconds
[2026-05-10T04:33:39.231+0000] {processor.py:161} INFO - Started process (PID=5964) to work on /home/airflow/.local/lib/python3.12/site-packages/airflow/example_dags/example_bash_decorator.py
[2026-05-10T04:33:39.234+0000] {processor.py:830} INFO - Processing file /home/airflow/.local/lib/python3.12/site-packages/airflow/example_dags/example_bash_decorator.py for tasks to queue
[2026-05-10T04:33:39.240+0000] {logging_mixin.py:188} INFO - [2026-05-10T04:33:39.239+0000] {dagbag.py:545} INFO - Filling up the DagBag from /home/airflow/.local/lib/python3.12/site-packages/airflow/example_dags/example_bash_decorator.py
[2026-05-10T04:33:39.259+0000] {processor.py:840} INFO - DAG(s) 'example_bash_decorator' retrieved from /home/airflow/.local/lib/python3.12/site-packages/airflow/example_dags/example_bash_decorator.py
[2026-05-10T04:33:39.281+0000] {logging_mixin.py:188} INFO - [2026-05-10T04:33:39.281+0000] {dag.py:3096} INFO - Sync 1 DAGs
[2026-05-10T04:33:39.292+0000] {logging_mixin.py:188} INFO - [2026-05-10T04:33:39.292+0000] {dag.py:3954} INFO - Setting next_dagrun for example_bash_decorator to None, run_after=None
[2026-05-10T04:33:39.310+0000] {processor.py:183} INFO - Processing /home/airflow/.local/lib/python3.12/site-packages/airflow/example_dags/example_bash_decorator.py took 0.094 seconds
[2026-05-10T04:34:09.504+0000] {processor.py:161} INFO - Started process (PID=6025) to work on /home/airflow/.local/lib/python3.12/site-packages/airflow/example_dags/example_bash_decorator.py
[2026-05-10T04:34:09.506+0000] {processor.py:830} INFO - Processing file /home/airflow/.local/lib/python3.12/site-packages/airflow/example_dags/example_bash_decorator.py for tasks to queue
[2026-05-10T04:34:09.511+0000] {logging_mixin.py:188} INFO - [2026-05-10T04:34:09.511+0000] {dagbag.py:545} INFO - Filling up the DagBag from /home/airflow/.local/lib/python3.12/site-packages/airflow/example_dags/example_bash_decorator.py
[2026-05-10T04:34:09.522+0000] {processor.py:840} INFO - DAG(s) 'example_bash_decorator' retrieved from /home/airflow/.local/lib/python3.12/site-packages/airflow/example_dags/example_bash_decorator.py
[2026-05-10T04:34:09.541+0000] {logging_mixin.py:188} INFO - [2026-05-10T04:34:09.541+0000] {dag.py:3096} INFO - Sync 1 DAGs
[2026-05-10T04:34:09.551+0000] {logging_mixin.py:188} INFO - [2026-05-10T04:34:09.551+0000] {dag.py:3954} INFO - Setting next_dagrun for example_bash_decorator to None, run_after=None
[2026-05-10T04:34:09.569+0000] {processor.py:183} INFO - Processing /home/airflow/.local/lib/python3.12/site-packages/airflow/example_dags/example_bash_decorator.py took 0.070 seconds
[2026-05-10T04:34:40.028+0000] {processor.py:161} INFO - Started process (PID=6084) to work on /home/airflow/.local/lib/python3.12/site-packages/airflow/example_dags/example_bash_decorator.py
[2026-05-10T04:34:40.029+0000] {processor.py:830} INFO - Processing file /home/airflow/.local/lib/python3.12/site-packages/airflow/example_dags/example_bash_decorator.py for tasks to queue
[2026-05-10T04:34:40.032+0000] {logging_mixin.py:188} INFO - [2026-05-10T04:34:40.032+0000] {dagbag.py:545} INFO - Filling up the DagBag from /home/airflow/.local/lib/python3.12/site-packages/airflow/example_dags/example_bash_decorator.py
[2026-05-10T04:34:40.050+0000] {processor.py:840} INFO - DAG(s) 'example_bash_decorator' retrieved from /home/airflow/.local/lib/python3.12/site-packages/airflow/example_dags/example_bash_decorator.py
[2026-05-10T04:34:40.076+0000] {logging_mixin.py:188} INFO - [2026-05-10T04:34:40.076+0000] {dag.py:3096} INFO - Sync 1 DAGs
[2026-05-10T04:34:40.090+0000] {logging_mixin.py:188} INFO - [2026-05-10T04:34:40.090+0000] {dag.py:3954} INFO - Setting next_dagrun for example_bash_decorator to None, run_after=None
[2026-05-10T04:34:40.110+0000] {processor.py:183} INFO - Processing /home/airflow/.local/lib/python3.12/site-packages/airflow/example_dags/example_bash_decorator.py took 0.089 seconds
[2026-05-10T04:35:10.274+0000] {processor.py:161} INFO - Started process (PID=6144) to work on /home/airflow/.local/lib/python3.12/site-packages/airflow/example_dags/example_bash_decorator.py
[2026-05-10T04:35:10.276+0000] {processor.py:830} INFO - Processing file /home/airflow/.local/lib/python3.12/site-packages/airflow/example_dags/example_bash_decorator.py for tasks to queue
[2026-05-10T04:35:10.278+0000] {logging_mixin.py:188} INFO - [2026-05-10T04:35:10.278+0000] {dagbag.py:545} INFO - Filling up the DagBag from /home/airflow/.local/lib/python3.12/site-packages/airflow/example_dags/example_bash_decorator.py
[2026-05-10T04:35:10.288+0000] {processor.py:840} INFO - DAG(s) 'example_bash_decorator' retrieved from /home/airflow/.local/lib/python3.12/site-packages/airflow/example_dags/example_bash_decorator.py
[2026-05-10T04:35:10.310+0000] {logging_mixin.py:188} INFO - [2026-05-10T04:35:10.310+0000] {dag.py:3096} INFO - Sync 1 DAGs
[2026-05-10T04:35:10.321+0000] {logging_mixin.py:188} INFO - [2026-05-10T04:35:10.321+0000] {dag.py:3954} INFO - Setting next_dagrun for example_bash_decorator to None, run_after=None
[2026-05-10T04:35:10.342+0000] {processor.py:183} INFO - Processing /home/airflow/.local/lib/python3.12/site-packages/airflow/example_dags/example_bash_decorator.py took 0.073 seconds
[2026-05-10T04:35:40.568+0000] {processor.py:161} INFO - Started process (PID=6204) to work on /home/airflow/.local/lib/python3.12/site-packages/airflow/example_dags/example_bash_decorator.py
[2026-05-10T04:35:40.570+0000] {processor.py:830} INFO - Processing file /home/airflow/.local/lib/python3.12/site-packages/airflow/example_dags/example_bash_decorator.py for tasks to queue
[2026-05-10T04:35:40.572+0000] {logging_mixin.py:188} INFO - [2026-05-10T04:35:40.572+0000] {dagbag.py:545} INFO - Filling up the DagBag from /home/airflow/.local/lib/python3.12/site-packages/airflow/example_dags/example_bash_decorator.py
[2026-05-10T04:35:40.583+0000] {processor.py:840} INFO - DAG(s) 'example_bash_decorator' retrieved from /home/airflow/.local/lib/python3.12/site-packages/airflow/example_dags/example_bash_decorator.py
[2026-05-10T04:35:40.604+0000] {logging_mixin.py:188} INFO - [2026-05-10T04:35:40.604+0000] {dag.py:3096} INFO - Sync 1 DAGs
[2026-05-10T04:35:40.616+0000] {logging_mixin.py:188} INFO - [2026-05-10T04:35:40.616+0000] {dag.py:3954} INFO - Setting next_dagrun for example_bash_decorator to None, run_after=None
[2026-05-10T04:35:40.638+0000] {processor.py:183} INFO - Processing /home/airflow/.local/lib/python3.12/site-packages/airflow/example_dags/example_bash_decorator.py took 0.075 seconds
[2026-05-10T04:36:11.101+0000] {processor.py:161} INFO - Started process (PID=6264) to work on /home/airflow/.local/lib/python3.12/site-packages/airflow/example_dags/example_bash_decorator.py
[2026-05-10T04:36:11.103+0000] {processor.py:830} INFO - Processing file /home/airflow/.local/lib/python3.12/site-packages/airflow/example_dags/example_bash_decorator.py for tasks to queue
[2026-05-10T04:36:11.105+0000] {logging_mixin.py:188} INFO - [2026-05-10T04:36:11.104+0000] {dagbag.py:545} INFO - Filling up the DagBag from /home/airflow/.local/lib/python3.12/site-packages/airflow/example_dags/example_bash_decorator.py
[2026-05-10T04:36:11.120+0000] {processor.py:840} INFO - DAG(s) 'example_bash_decorator' retrieved from /home/airflow/.local/lib/python3.12/site-packages/airflow/example_dags/example_bash_decorator.py
[2026-05-10T04:36:11.147+0000] {logging_mixin.py:188} INFO - [2026-05-10T04:36:11.147+0000] {dag.py:3096} INFO - Sync 1 DAGs
[2026-05-10T04:36:11.161+0000] {logging_mixin.py:188} INFO - [2026-05-10T04:36:11.161+0000] {dag.py:3954} INFO - Setting next_dagrun for example_bash_decorator to None, run_after=None
[2026-05-10T04:36:11.183+0000] {processor.py:183} INFO - Processing /home/airflow/.local/lib/python3.12/site-packages/airflow/example_dags/example_bash_decorator.py took 0.088 seconds
[2026-05-10T04:36:41.502+0000] {processor.py:161} INFO - Started process (PID=6324) to work on /home/airflow/.local/lib/python3.12/site-packages/airflow/example_dags/example_bash_decorator.py
[2026-05-10T04:36:41.504+0000] {processor.py:830} INFO - Processing file /home/airflow/.local/lib/python3.12/site-packages/airflow/example_dags/example_bash_decorator.py for tasks to queue
[2026-05-10T04:36:41.510+0000] {logging_mixin.py:188} INFO - [2026-05-10T04:36:41.509+0000] {dagbag.py:545} INFO - Filling up the DagBag from /home/airflow/.local/lib/python3.12/site-packages/airflow/example_dags/example_bash_decorator.py
[2026-05-10T04:36:41.533+0000] {processor.py:840} INFO - DAG(s) 'example_bash_decorator' retrieved from /home/airflow/.local/lib/python3.12/site-packages/airflow/example_dags/example_bash_decorator.py
[2026-05-10T04:36:41.561+0000] {logging_mixin.py:188} INFO - [2026-05-10T04:36:41.561+0000] {dag.py:3096} INFO - Sync 1 DAGs
[2026-05-10T04:36:41.581+0000] {logging_mixin.py:188} INFO - [2026-05-10T04:36:41.581+0000] {dag.py:3954} INFO - Setting next_dagrun for example_bash_decorator to None, run_after=None
[2026-05-10T04:36:41.604+0000] {processor.py:183} INFO - Processing /home/airflow/.local/lib/python3.12/site-packages/airflow/example_dags/example_bash_decorator.py took 0.112 seconds
[2026-05-10T04:37:11.871+0000] {processor.py:161} INFO - Started process (PID=6384) to work on /home/airflow/.local/lib/python3.12/site-packages/airflow/example_dags/example_bash_decorator.py
[2026-05-10T04:37:11.873+0000] {processor.py:830} INFO - Processing file /home/airflow/.local/lib/python3.12/site-packages/airflow/example_dags/example_bash_decorator.py for tasks to queue
[2026-05-10T04:37:11.876+0000] {logging_mixin.py:188} INFO - [2026-05-10T04:37:11.876+0000] {dagbag.py:545} INFO - Filling up the DagBag from /home/airflow/.local/lib/python3.12/site-packages/airflow/example_dags/example_bash_decorator.py
[2026-05-10T04:37:11.894+0000] {processor.py:840} INFO - DAG(s) 'example_bash_decorator' retrieved from /home/airflow/.local/lib/python3.12/site-packages/airflow/example_dags/example_bash_decorator.py
[2026-05-10T04:37:11.927+0000] {logging_mixin.py:188} INFO - [2026-05-10T04:37:11.927+0000] {dag.py:3096} INFO - Sync 1 DAGs
[2026-05-10T04:37:11.947+0000] {logging_mixin.py:188} INFO - [2026-05-10T04:37:11.947+0000] {dag.py:3954} INFO - Setting next_dagrun for example_bash_decorator to None, run_after=None
[2026-05-10T04:37:11.974+0000] {processor.py:183} INFO - Processing /home/airflow/.local/lib/python3.12/site-packages/airflow/example_dags/example_bash_decorator.py took 0.111 seconds
[2026-05-10T04:37:42.159+0000] {processor.py:161} INFO - Started process (PID=6444) to work on /home/airflow/.local/lib/python3.12/site-packages/airflow/example_dags/example_bash_decorator.py
[2026-05-10T04:37:42.160+0000] {processor.py:830} INFO - Processing file /home/airflow/.local/lib/python3.12/site-packages/airflow/example_dags/example_bash_decorator.py for tasks to queue
[2026-05-10T04:37:42.163+0000] {logging_mixin.py:188} INFO - [2026-05-10T04:37:42.163+0000] {dagbag.py:545} INFO - Filling up the DagBag from /home/airflow/.local/lib/python3.12/site-packages/airflow/example_dags/example_bash_decorator.py
[2026-05-10T04:37:42.178+0000] {processor.py:840} INFO - DAG(s) 'example_bash_decorator' retrieved from /home/airflow/.local/lib/python3.12/site-packages/airflow/example_dags/example_bash_decorator.py
[2026-05-10T04:37:42.204+0000] {logging_mixin.py:188} INFO - [2026-05-10T04:37:42.204+0000] {dag.py:3096} INFO - Sync 1 DAGs
[2026-05-10T04:37:42.217+0000] {logging_mixin.py:188} INFO - [2026-05-10T04:37:42.216+0000] {dag.py:3954} INFO - Setting next_dagrun for example_bash_decorator to None, run_after=None
[2026-05-10T04:37:42.238+0000] {processor.py:183} INFO - Processing /home/airflow/.local/lib/python3.12/site-packages/airflow/example_dags/example_bash_decorator.py took 0.085 seconds
[2026-05-10T04:38:12.466+0000] {processor.py:161} INFO - Started process (PID=6504) to work on /home/airflow/.local/lib/python3.12/site-packages/airflow/example_dags/example_bash_decorator.py
[2026-05-10T04:38:12.468+0000] {processor.py:830} INFO - Processing file /home/airflow/.local/lib/python3.12/site-packages/airflow/example_dags/example_bash_decorator.py for tasks to queue
[2026-05-10T04:38:12.472+0000] {logging_mixin.py:188} INFO - [2026-05-10T04:38:12.472+0000] {dagbag.py:545} INFO - Filling up the DagBag from /home/airflow/.local/lib/python3.12/site-packages/airflow/example_dags/example_bash_decorator.py
[2026-05-10T04:38:12.486+0000] {processor.py:840} INFO - DAG(s) 'example_bash_decorator' retrieved from /home/airflow/.local/lib/python3.12/site-packages/airflow/example_dags/example_bash_decorator.py
[2026-05-10T04:38:12.513+0000] {logging_mixin.py:188} INFO - [2026-05-10T04:38:12.512+0000] {dag.py:3096} INFO - Sync 1 DAGs
[2026-05-10T04:38:12.525+0000] {logging_mixin.py:188} INFO - [2026-05-10T04:38:12.525+0000] {dag.py:3954} INFO - Setting next_dagrun for example_bash_decorator to None, run_after=None
[2026-05-10T04:38:12.546+0000] {processor.py:183} INFO - Processing /home/airflow/.local/lib/python3.12/site-packages/airflow/example_dags/example_bash_decorator.py took 0.085 seconds
[2026-05-10T04:38:42.685+0000] {processor.py:161} INFO - Started process (PID=6564) to work on /home/airflow/.local/lib/python3.12/site-packages/airflow/example_dags/example_bash_decorator.py
[2026-05-10T04:38:42.686+0000] {processor.py:830} INFO - Processing file /home/airflow/.local/lib/python3.12/site-packages/airflow/example_dags/example_bash_decorator.py for tasks to queue
[2026-05-10T04:38:42.688+0000] {logging_mixin.py:188} INFO - [2026-05-10T04:38:42.688+0000] {dagbag.py:545} INFO - Filling up the DagBag from /home/airflow/.local/lib/python3.12/site-packages/airflow/example_dags/example_bash_decorator.py
[2026-05-10T04:38:42.699+0000] {processor.py:840} INFO - DAG(s) 'example_bash_decorator' retrieved from /home/airflow/.local/lib/python3.12/site-packages/airflow/example_dags/example_bash_decorator.py
[2026-05-10T04:38:42.720+0000] {logging_mixin.py:188} INFO - [2026-05-10T04:38:42.720+0000] {dag.py:3096} INFO - Sync 1 DAGs
[2026-05-10T04:38:42.858+0000] {logging_mixin.py:188} INFO - [2026-05-10T04:38:42.858+0000] {dag.py:3954} INFO - Setting next_dagrun for example_bash_decorator to None, run_after=None
[2026-05-10T04:38:42.878+0000] {processor.py:183} INFO - Processing /home/airflow/.local/lib/python3.12/site-packages/airflow/example_dags/example_bash_decorator.py took 0.198 seconds
[2026-05-10T04:39:13.464+0000] {processor.py:161} INFO - Started process (PID=6625) to work on /home/airflow/.local/lib/python3.12/site-packages/airflow/example_dags/example_bash_decorator.py
[2026-05-10T04:39:13.466+0000] {processor.py:830} INFO - Processing file /home/airflow/.local/lib/python3.12/site-packages/airflow/example_dags/example_bash_decorator.py for tasks to queue
[2026-05-10T04:39:13.468+0000] {logging_mixin.py:188} INFO - [2026-05-10T04:39:13.468+0000] {dagbag.py:545} INFO - Filling up the DagBag from /home/airflow/.local/lib/python3.12/site-packages/airflow/example_dags/example_bash_decorator.py
[2026-05-10T04:39:13.479+0000] {processor.py:840} INFO - DAG(s) 'example_bash_decorator' retrieved from /home/airflow/.local/lib/python3.12/site-packages/airflow/example_dags/example_bash_decorator.py
[2026-05-10T04:39:13.501+0000] {logging_mixin.py:188} INFO - [2026-05-10T04:39:13.500+0000] {dag.py:3096} INFO - Sync 1 DAGs
[2026-05-10T04:39:13.511+0000] {logging_mixin.py:188} INFO - [2026-05-10T04:39:13.511+0000] {dag.py:3954} INFO - Setting next_dagrun for example_bash_decorator to None, run_after=None
[2026-05-10T04:39:13.642+0000] {processor.py:183} INFO - Processing /home/airflow/.local/lib/python3.12/site-packages/airflow/example_dags/example_bash_decorator.py took 0.183 seconds
[2026-05-10T04:39:44.361+0000] {processor.py:161} INFO - Started process (PID=6684) to work on /home/airflow/.local/lib/python3.12/site-packages/airflow/example_dags/example_bash_decorator.py
[2026-05-10T04:39:44.363+0000] {processor.py:830} INFO - Processing file /home/airflow/.local/lib/python3.12/site-packages/airflow/example_dags/example_bash_decorator.py for tasks to queue
[2026-05-10T04:39:44.365+0000] {logging_mixin.py:188} INFO - [2026-05-10T04:39:44.364+0000] {dagbag.py:545} INFO - Filling up the DagBag from /home/airflow/.local/lib/python3.12/site-packages/airflow/example_dags/example_bash_decorator.py
[2026-05-10T04:39:44.376+0000] {processor.py:840} INFO - DAG(s) 'example_bash_decorator' retrieved from /home/airflow/.local/lib/python3.12/site-packages/airflow/example_dags/example_bash_decorator.py
[2026-05-10T04:39:44.394+0000] {logging_mixin.py:188} INFO - [2026-05-10T04:39:44.394+0000] {dag.py:3096} INFO - Sync 1 DAGs
[2026-05-10T04:39:44.406+0000] {logging_mixin.py:188} INFO - [2026-05-10T04:39:44.405+0000] {dag.py:3954} INFO - Setting next_dagrun for example_bash_decorator to None, run_after=None
[2026-05-10T04:39:44.419+0000] {processor.py:183} INFO - Processing /home/airflow/.local/lib/python3.12/site-packages/airflow/example_dags/example_bash_decorator.py took 0.063 seconds
[2026-05-10T04:40:15.029+0000] {processor.py:161} INFO - Started process (PID=6744) to work on /home/airflow/.local/lib/python3.12/site-packages/airflow/example_dags/example_bash_decorator.py
[2026-05-10T04:40:15.030+0000] {processor.py:830} INFO - Processing file /home/airflow/.local/lib/python3.12/site-packages/airflow/example_dags/example_bash_decorator.py for tasks to queue
[2026-05-10T04:40:15.032+0000] {logging_mixin.py:188} INFO - [2026-05-10T04:40:15.032+0000] {dagbag.py:545} INFO - Filling up the DagBag from /home/airflow/.local/lib/python3.12/site-packages/airflow/example_dags/example_bash_decorator.py
[2026-05-10T04:40:15.042+0000] {processor.py:840} INFO - DAG(s) 'example_bash_decorator' retrieved from /home/airflow/.local/lib/python3.12/site-packages/airflow/example_dags/example_bash_decorator.py
[2026-05-10T04:40:15.063+0000] {logging_mixin.py:188} INFO - [2026-05-10T04:40:15.063+0000] {dag.py:3096} INFO - Sync 1 DAGs
[2026-05-10T04:40:15.075+0000] {logging_mixin.py:188} INFO - [2026-05-10T04:40:15.074+0000] {dag.py:3954} INFO - Setting next_dagrun for example_bash_decorator to None, run_after=None
[2026-05-10T04:40:15.093+0000] {processor.py:183} INFO - Processing /home/airflow/.local/lib/python3.12/site-packages/airflow/example_dags/example_bash_decorator.py took 0.070 seconds
[2026-05-10T04:40:45.652+0000] {processor.py:161} INFO - Started process (PID=6804) to work on /home/airflow/.local/lib/python3.12/site-packages/airflow/example_dags/example_bash_decorator.py
[2026-05-10T04:40:45.654+0000] {processor.py:830} INFO - Processing file /home/airflow/.local/lib/python3.12/site-packages/airflow/example_dags/example_bash_decorator.py for tasks to queue
[2026-05-10T04:40:45.656+0000] {logging_mixin.py:188} INFO - [2026-05-10T04:40:45.656+0000] {dagbag.py:545} INFO - Filling up the DagBag from /home/airflow/.local/lib/python3.12/site-packages/airflow/example_dags/example_bash_decorator.py
[2026-05-10T04:40:45.667+0000] {processor.py:840} INFO - DAG(s) 'example_bash_decorator' retrieved from /home/airflow/.local/lib/python3.12/site-packages/airflow/example_dags/example_bash_decorator.py
[2026-05-10T04:40:45.687+0000] {logging_mixin.py:188} INFO - [2026-05-10T04:40:45.686+0000] {dag.py:3096} INFO - Sync 1 DAGs
[2026-05-10T04:40:45.697+0000] {logging_mixin.py:188} INFO - [2026-05-10T04:40:45.697+0000] {dag.py:3954} INFO - Setting next_dagrun for example_bash_decorator to None, run_after=None
[2026-05-10T04:40:45.713+0000] {processor.py:183} INFO - Processing /home/airflow/.local/lib/python3.12/site-packages/airflow/example_dags/example_bash_decorator.py took 0.065 seconds
[2026-05-10T04:41:16.183+0000] {processor.py:161} INFO - Started process (PID=6864) to work on /home/airflow/.local/lib/python3.12/site-packages/airflow/example_dags/example_bash_decorator.py
[2026-05-10T04:41:16.185+0000] {processor.py:830} INFO - Processing file /home/airflow/.local/lib/python3.12/site-packages/airflow/example_dags/example_bash_decorator.py for tasks to queue
[2026-05-10T04:41:16.187+0000] {logging_mixin.py:188} INFO - [2026-05-10T04:41:16.187+0000] {dagbag.py:545} INFO - Filling up the DagBag from /home/airflow/.local/lib/python3.12/site-packages/airflow/example_dags/example_bash_decorator.py
[2026-05-10T04:41:16.198+0000] {processor.py:840} INFO - DAG(s) 'example_bash_decorator' retrieved from /home/airflow/.local/lib/python3.12/site-packages/airflow/example_dags/example_bash_decorator.py
[2026-05-10T04:41:16.221+0000] {logging_mixin.py:188} INFO - [2026-05-10T04:41:16.221+0000] {dag.py:3096} INFO - Sync 1 DAGs
[2026-05-10T04:41:16.232+0000] {logging_mixin.py:188} INFO - [2026-05-10T04:41:16.232+0000] {dag.py:3954} INFO - Setting next_dagrun for example_bash_decorator to None, run_after=None
[2026-05-10T04:41:16.254+0000] {processor.py:183} INFO - Processing /home/airflow/.local/lib/python3.12/site-packages/airflow/example_dags/example_bash_decorator.py took 0.075 seconds
[2026-05-10T04:41:46.652+0000] {processor.py:161} INFO - Started process (PID=6924) to work on /home/airflow/.local/lib/python3.12/site-packages/airflow/example_dags/example_bash_decorator.py
[2026-05-10T04:41:46.653+0000] {processor.py:830} INFO - Processing file /home/airflow/.local/lib/python3.12/site-packages/airflow/example_dags/example_bash_decorator.py for tasks to queue
[2026-05-10T04:41:46.655+0000] {logging_mixin.py:188} INFO - [2026-05-10T04:41:46.655+0000] {dagbag.py:545} INFO - Filling up the DagBag from /home/airflow/.local/lib/python3.12/site-packages/airflow/example_dags/example_bash_decorator.py
[2026-05-10T04:41:46.667+0000] {processor.py:840} INFO - DAG(s) 'example_bash_decorator' retrieved from /home/airflow/.local/lib/python3.12/site-packages/airflow/example_dags/example_bash_decorator.py
[2026-05-10T04:41:46.686+0000] {logging_mixin.py:188} INFO - [2026-05-10T04:41:46.686+0000] {dag.py:3096} INFO - Sync 1 DAGs
[2026-05-10T04:41:46.697+0000] {logging_mixin.py:188} INFO - [2026-05-10T04:41:46.697+0000] {dag.py:3954} INFO - Setting next_dagrun for example_bash_decorator to None, run_after=None
[2026-05-10T04:41:46.714+0000] {processor.py:183} INFO - Processing /home/airflow/.local/lib/python3.12/site-packages/airflow/example_dags/example_bash_decorator.py took 0.067 seconds
[2026-05-10T04:42:16.899+0000] {processor.py:161} INFO - Started process (PID=6984) to work on /home/airflow/.local/lib/python3.12/site-packages/airflow/example_dags/example_bash_decorator.py
[2026-05-10T04:42:16.901+0000] {processor.py:830} INFO - Processing file /home/airflow/.local/lib/python3.12/site-packages/airflow/example_dags/example_bash_decorator.py for tasks to queue
[2026-05-10T04:42:16.903+0000] {logging_mixin.py:188} INFO - [2026-05-10T04:42:16.903+0000] {dagbag.py:545} INFO - Filling up the DagBag from /home/airflow/.local/lib/python3.12/site-packages/airflow/example_dags/example_bash_decorator.py
[2026-05-10T04:42:16.918+0000] {processor.py:840} INFO - DAG(s) 'example_bash_decorator' retrieved from /home/airflow/.local/lib/python3.12/site-packages/airflow/example_dags/example_bash_decorator.py
[2026-05-10T04:42:16.941+0000] {logging_mixin.py:188} INFO - [2026-05-10T04:42:16.941+0000] {dag.py:3096} INFO - Sync 1 DAGs
[2026-05-10T04:42:16.951+0000] {logging_mixin.py:188} INFO - [2026-05-10T04:42:16.951+0000] {dag.py:3954} INFO - Setting next_dagrun for example_bash_decorator to None, run_after=None
[2026-05-10T04:42:16.969+0000] {processor.py:183} INFO - Processing /home/airflow/.local/lib/python3.12/site-packages/airflow/example_dags/example_bash_decorator.py took 0.075 seconds
[2026-05-10T04:42:47.701+0000] {processor.py:161} INFO - Started process (PID=7044) to work on /home/airflow/.local/lib/python3.12/site-packages/airflow/example_dags/example_bash_decorator.py
[2026-05-10T04:42:47.702+0000] {processor.py:830} INFO - Processing file /home/airflow/.local/lib/python3.12/site-packages/airflow/example_dags/example_bash_decorator.py for tasks to queue
[2026-05-10T04:42:47.705+0000] {logging_mixin.py:188} INFO - [2026-05-10T04:42:47.704+0000] {dagbag.py:545} INFO - Filling up the DagBag from /home/airflow/.local/lib/python3.12/site-packages/airflow/example_dags/example_bash_decorator.py
[2026-05-10T04:42:47.716+0000] {processor.py:840} INFO - DAG(s) 'example_bash_decorator' retrieved from /home/airflow/.local/lib/python3.12/site-packages/airflow/example_dags/example_bash_decorator.py
[2026-05-10T04:42:47.736+0000] {logging_mixin.py:188} INFO - [2026-05-10T04:42:47.736+0000] {dag.py:3096} INFO - Sync 1 DAGs
[2026-05-10T04:42:47.747+0000] {logging_mixin.py:188} INFO - [2026-05-10T04:42:47.747+0000] {dag.py:3954} INFO - Setting next_dagrun for example_bash_decorator to None, run_after=None
[2026-05-10T04:42:47.764+0000] {processor.py:183} INFO - Processing /home/airflow/.local/lib/python3.12/site-packages/airflow/example_dags/example_bash_decorator.py took 0.068 seconds
[2026-05-10T04:43:18.339+0000] {processor.py:161} INFO - Started process (PID=7104) to work on /home/airflow/.local/lib/python3.12/site-packages/airflow/example_dags/example_bash_decorator.py
[2026-05-10T04:43:18.340+0000] {processor.py:830} INFO - Processing file /home/airflow/.local/lib/python3.12/site-packages/airflow/example_dags/example_bash_decorator.py for tasks to queue
[2026-05-10T04:43:18.343+0000] {logging_mixin.py:188} INFO - [2026-05-10T04:43:18.342+0000] {dagbag.py:545} INFO - Filling up the DagBag from /home/airflow/.local/lib/python3.12/site-packages/airflow/example_dags/example_bash_decorator.py
[2026-05-10T04:43:18.354+0000] {processor.py:840} INFO - DAG(s) 'example_bash_decorator' retrieved from /home/airflow/.local/lib/python3.12/site-packages/airflow/example_dags/example_bash_decorator.py
[2026-05-10T04:43:18.374+0000] {logging_mixin.py:188} INFO - [2026-05-10T04:43:18.373+0000] {dag.py:3096} INFO - Sync 1 DAGs
[2026-05-10T04:43:18.385+0000] {logging_mixin.py:188} INFO - [2026-05-10T04:43:18.385+0000] {dag.py:3954} INFO - Setting next_dagrun for example_bash_decorator to None, run_after=None
[2026-05-10T04:43:18.404+0000] {processor.py:183} INFO - Processing /home/airflow/.local/lib/python3.12/site-packages/airflow/example_dags/example_bash_decorator.py took 0.071 seconds
[2026-05-10T04:43:48.926+0000] {processor.py:161} INFO - Started process (PID=7164) to work on /home/airflow/.local/lib/python3.12/site-packages/airflow/example_dags/example_bash_decorator.py
[2026-05-10T04:43:48.928+0000] {processor.py:830} INFO - Processing file /home/airflow/.local/lib/python3.12/site-packages/airflow/example_dags/example_bash_decorator.py for tasks to queue
[2026-05-10T04:43:48.935+0000] {logging_mixin.py:188} INFO - [2026-05-10T04:43:48.935+0000] {dagbag.py:545} INFO - Filling up the DagBag from /home/airflow/.local/lib/python3.12/site-packages/airflow/example_dags/example_bash_decorator.py
[2026-05-10T04:43:48.954+0000] {processor.py:840} INFO - DAG(s) 'example_bash_decorator' retrieved from /home/airflow/.local/lib/python3.12/site-packages/airflow/example_dags/example_bash_decorator.py
[2026-05-10T04:43:48.978+0000] {logging_mixin.py:188} INFO - [2026-05-10T04:43:48.978+0000] {dag.py:3096} INFO - Sync 1 DAGs
[2026-05-10T04:43:48.992+0000] {logging_mixin.py:188} INFO - [2026-05-10T04:43:48.992+0000] {dag.py:3954} INFO - Setting next_dagrun for example_bash_decorator to None, run_after=None
[2026-05-10T04:43:49.013+0000] {processor.py:183} INFO - Processing /home/airflow/.local/lib/python3.12/site-packages/airflow/example_dags/example_bash_decorator.py took 0.099 seconds
[2026-05-10T04:44:19.594+0000] {processor.py:161} INFO - Started process (PID=7224) to work on /home/airflow/.local/lib/python3.12/site-packages/airflow/example_dags/example_bash_decorator.py
[2026-05-10T04:44:19.595+0000] {processor.py:830} INFO - Processing file /home/airflow/.local/lib/python3.12/site-packages/airflow/example_dags/example_bash_decorator.py for tasks to queue
[2026-05-10T04:44:19.597+0000] {logging_mixin.py:188} INFO - [2026-05-10T04:44:19.597+0000] {dagbag.py:545} INFO - Filling up the DagBag from /home/airflow/.local/lib/python3.12/site-packages/airflow/example_dags/example_bash_decorator.py
[2026-05-10T04:44:19.609+0000] {processor.py:840} INFO - DAG(s) 'example_bash_decorator' retrieved from /home/airflow/.local/lib/python3.12/site-packages/airflow/example_dags/example_bash_decorator.py
[2026-05-10T04:44:19.630+0000] {logging_mixin.py:188} INFO - [2026-05-10T04:44:19.629+0000] {dag.py:3096} INFO - Sync 1 DAGs
[2026-05-10T04:44:19.641+0000] {logging_mixin.py:188} INFO - [2026-05-10T04:44:19.641+0000] {dag.py:3954} INFO - Setting next_dagrun for example_bash_decorator to None, run_after=None
[2026-05-10T04:44:19.657+0000] {processor.py:183} INFO - Processing /home/airflow/.local/lib/python3.12/site-packages/airflow/example_dags/example_bash_decorator.py took 0.068 seconds
[2026-05-10T04:44:50.391+0000] {processor.py:161} INFO - Started process (PID=7284) to work on /home/airflow/.local/lib/python3.12/site-packages/airflow/example_dags/example_bash_decorator.py
[2026-05-10T04:44:50.393+0000] {processor.py:830} INFO - Processing file /home/airflow/.local/lib/python3.12/site-packages/airflow/example_dags/example_bash_decorator.py for tasks to queue
[2026-05-10T04:44:50.395+0000] {logging_mixin.py:188} INFO - [2026-05-10T04:44:50.395+0000] {dagbag.py:545} INFO - Filling up the DagBag from /home/airflow/.local/lib/python3.12/site-packages/airflow/example_dags/example_bash_decorator.py
[2026-05-10T04:44:50.407+0000] {processor.py:840} INFO - DAG(s) 'example_bash_decorator' retrieved from /home/airflow/.local/lib/python3.12/site-packages/airflow/example_dags/example_bash_decorator.py
[2026-05-10T04:44:50.429+0000] {logging_mixin.py:188} INFO - [2026-05-10T04:44:50.429+0000] {dag.py:3096} INFO - Sync 1 DAGs
[2026-05-10T04:44:50.440+0000] {logging_mixin.py:188} INFO - [2026-05-10T04:44:50.439+0000] {dag.py:3954} INFO - Setting next_dagrun for example_bash_decorator to None, run_after=None
[2026-05-10T04:44:50.461+0000] {processor.py:183} INFO - Processing /home/airflow/.local/lib/python3.12/site-packages/airflow/example_dags/example_bash_decorator.py took 0.075 seconds
[2026-05-10T04:45:20.908+0000] {processor.py:161} INFO - Started process (PID=7344) to work on /home/airflow/.local/lib/python3.12/site-packages/airflow/example_dags/example_bash_decorator.py
[2026-05-10T04:45:20.913+0000] {processor.py:830} INFO - Processing file /home/airflow/.local/lib/python3.12/site-packages/airflow/example_dags/example_bash_decorator.py for tasks to queue
[2026-05-10T04:45:20.920+0000] {logging_mixin.py:188} INFO - [2026-05-10T04:45:20.920+0000] {dagbag.py:545} INFO - Filling up the DagBag from /home/airflow/.local/lib/python3.12/site-packages/airflow/example_dags/example_bash_decorator.py
[2026-05-10T04:45:20.934+0000] {processor.py:840} INFO - DAG(s) 'example_bash_decorator' retrieved from /home/airflow/.local/lib/python3.12/site-packages/airflow/example_dags/example_bash_decorator.py
[2026-05-10T04:45:20.955+0000] {logging_mixin.py:188} INFO - [2026-05-10T04:45:20.955+0000] {dag.py:3096} INFO - Sync 1 DAGs
[2026-05-10T04:45:20.966+0000] {logging_mixin.py:188} INFO - [2026-05-10T04:45:20.966+0000] {dag.py:3954} INFO - Setting next_dagrun for example_bash_decorator to None, run_after=None
[2026-05-10T04:45:20.993+0000] {processor.py:183} INFO - Processing /home/airflow/.local/lib/python3.12/site-packages/airflow/example_dags/example_bash_decorator.py took 0.090 seconds
[2026-05-10T04:45:51.504+0000] {processor.py:161} INFO - Started process (PID=7404) to work on /home/airflow/.local/lib/python3.12/site-packages/airflow/example_dags/example_bash_decorator.py
[2026-05-10T04:45:51.505+0000] {processor.py:830} INFO - Processing file /home/airflow/.local/lib/python3.12/site-packages/airflow/example_dags/example_bash_decorator.py for tasks to queue
[2026-05-10T04:45:51.507+0000] {logging_mixin.py:188} INFO - [2026-05-10T04:45:51.507+0000] {dagbag.py:545} INFO - Filling up the DagBag from /home/airflow/.local/lib/python3.12/site-packages/airflow/example_dags/example_bash_decorator.py
[2026-05-10T04:45:51.519+0000] {processor.py:840} INFO - DAG(s) 'example_bash_decorator' retrieved from /home/airflow/.local/lib/python3.12/site-packages/airflow/example_dags/example_bash_decorator.py
[2026-05-10T04:45:51.543+0000] {logging_mixin.py:188} INFO - [2026-05-10T04:45:51.543+0000] {dag.py:3096} INFO - Sync 1 DAGs
[2026-05-10T04:45:51.565+0000] {logging_mixin.py:188} INFO - [2026-05-10T04:45:51.565+0000] {dag.py:3954} INFO - Setting next_dagrun for example_bash_decorator to None, run_after=None
[2026-05-10T04:45:51.585+0000] {processor.py:183} INFO - Processing /home/airflow/.local/lib/python3.12/site-packages/airflow/example_dags/example_bash_decorator.py took 0.086 seconds
[2026-05-10T04:46:22.005+0000] {processor.py:161} INFO - Started process (PID=7464) to work on /home/airflow/.local/lib/python3.12/site-packages/airflow/example_dags/example_bash_decorator.py
[2026-05-10T04:46:22.006+0000] {processor.py:830} INFO - Processing file /home/airflow/.local/lib/python3.12/site-packages/airflow/example_dags/example_bash_decorator.py for tasks to queue
[2026-05-10T04:46:22.009+0000] {logging_mixin.py:188} INFO - [2026-05-10T04:46:22.009+0000] {dagbag.py:545} INFO - Filling up the DagBag from /home/airflow/.local/lib/python3.12/site-packages/airflow/example_dags/example_bash_decorator.py
[2026-05-10T04:46:22.025+0000] {processor.py:840} INFO - DAG(s) 'example_bash_decorator' retrieved from /home/airflow/.local/lib/python3.12/site-packages/airflow/example_dags/example_bash_decorator.py
[2026-05-10T04:46:22.046+0000] {logging_mixin.py:188} INFO - [2026-05-10T04:46:22.045+0000] {dag.py:3096} INFO - Sync 1 DAGs
[2026-05-10T04:46:22.056+0000] {logging_mixin.py:188} INFO - [2026-05-10T04:46:22.056+0000] {dag.py:3954} INFO - Setting next_dagrun for example_bash_decorator to None, run_after=None
[2026-05-10T04:46:22.071+0000] {processor.py:183} INFO - Processing /home/airflow/.local/lib/python3.12/site-packages/airflow/example_dags/example_bash_decorator.py took 0.072 seconds
[2026-05-10T04:46:52.821+0000] {processor.py:161} INFO - Started process (PID=7524) to work on /home/airflow/.local/lib/python3.12/site-packages/airflow/example_dags/example_bash_decorator.py
[2026-05-10T04:46:52.823+0000] {processor.py:830} INFO - Processing file /home/airflow/.local/lib/python3.12/site-packages/airflow/example_dags/example_bash_decorator.py for tasks to queue
[2026-05-10T04:46:52.825+0000] {logging_mixin.py:188} INFO - [2026-05-10T04:46:52.825+0000] {dagbag.py:545} INFO - Filling up the DagBag from /home/airflow/.local/lib/python3.12/site-packages/airflow/example_dags/example_bash_decorator.py
[2026-05-10T04:46:52.835+0000] {processor.py:840} INFO - DAG(s) 'example_bash_decorator' retrieved from /home/airflow/.local/lib/python3.12/site-packages/airflow/example_dags/example_bash_decorator.py
[2026-05-10T04:46:52.855+0000] {logging_mixin.py:188} INFO - [2026-05-10T04:46:52.855+0000] {dag.py:3096} INFO - Sync 1 DAGs
[2026-05-10T04:46:52.866+0000] {logging_mixin.py:188} INFO - [2026-05-10T04:46:52.866+0000] {dag.py:3954} INFO - Setting next_dagrun for example_bash_decorator to None, run_after=None
[2026-05-10T04:46:52.884+0000] {processor.py:183} INFO - Processing /home/airflow/.local/lib/python3.12/site-packages/airflow/example_dags/example_bash_decorator.py took 0.068 seconds
[2026-05-10T04:47:23.327+0000] {processor.py:161} INFO - Started process (PID=7584) to work on /home/airflow/.local/lib/python3.12/site-packages/airflow/example_dags/example_bash_decorator.py
[2026-05-10T04:47:23.329+0000] {processor.py:830} INFO - Processing file /home/airflow/.local/lib/python3.12/site-packages/airflow/example_dags/example_bash_decorator.py for tasks to queue
[2026-05-10T04:47:23.331+0000] {logging_mixin.py:188} INFO - [2026-05-10T04:47:23.331+0000] {dagbag.py:545} INFO - Filling up the DagBag from /home/airflow/.local/lib/python3.12/site-packages/airflow/example_dags/example_bash_decorator.py
[2026-05-10T04:47:23.343+0000] {processor.py:840} INFO - DAG(s) 'example_bash_decorator' retrieved from /home/airflow/.local/lib/python3.12/site-packages/airflow/example_dags/example_bash_decorator.py
[2026-05-10T04:47:23.362+0000] {logging_mixin.py:188} INFO - [2026-05-10T04:47:23.362+0000] {dag.py:3096} INFO - Sync 1 DAGs
[2026-05-10T04:47:23.372+0000] {logging_mixin.py:188} INFO - [2026-05-10T04:47:23.372+0000] {dag.py:3954} INFO - Setting next_dagrun for example_bash_decorator to None, run_after=None
[2026-05-10T04:47:23.389+0000] {processor.py:183} INFO - Processing /home/airflow/.local/lib/python3.12/site-packages/airflow/example_dags/example_bash_decorator.py took 0.067 seconds
[2026-05-10T04:47:53.562+0000] {processor.py:161} INFO - Started process (PID=7644) to work on /home/airflow/.local/lib/python3.12/site-packages/airflow/example_dags/example_bash_decorator.py
[2026-05-10T04:47:53.564+0000] {processor.py:830} INFO - Processing file /home/airflow/.local/lib/python3.12/site-packages/airflow/example_dags/example_bash_decorator.py for tasks to queue
[2026-05-10T04:47:53.571+0000] {logging_mixin.py:188} INFO - [2026-05-10T04:47:53.571+0000] {dagbag.py:545} INFO - Filling up the DagBag from /home/airflow/.local/lib/python3.12/site-packages/airflow/example_dags/example_bash_decorator.py
[2026-05-10T04:47:53.586+0000] {processor.py:840} INFO - DAG(s) 'example_bash_decorator' retrieved from /home/airflow/.local/lib/python3.12/site-packages/airflow/example_dags/example_bash_decorator.py
[2026-05-10T04:47:53.606+0000] {logging_mixin.py:188} INFO - [2026-05-10T04:47:53.606+0000] {dag.py:3096} INFO - Sync 1 DAGs
[2026-05-10T04:47:53.621+0000] {logging_mixin.py:188} INFO - [2026-05-10T04:47:53.621+0000] {dag.py:3954} INFO - Setting next_dagrun for example_bash_decorator to None, run_after=None
[2026-05-10T04:47:53.642+0000] {processor.py:183} INFO - Processing /home/airflow/.local/lib/python3.12/site-packages/airflow/example_dags/example_bash_decorator.py took 0.085 seconds
[2026-05-10T04:48:23.867+0000] {processor.py:161} INFO - Started process (PID=7704) to work on /home/airflow/.local/lib/python3.12/site-packages/airflow/example_dags/example_bash_decorator.py
[2026-05-10T04:48:23.869+0000] {processor.py:830} INFO - Processing file /home/airflow/.local/lib/python3.12/site-packages/airflow/example_dags/example_bash_decorator.py for tasks to queue
[2026-05-10T04:48:23.872+0000] {logging_mixin.py:188} INFO - [2026-05-10T04:48:23.871+0000] {dagbag.py:545} INFO - Filling up the DagBag from /home/airflow/.local/lib/python3.12/site-packages/airflow/example_dags/example_bash_decorator.py
[2026-05-10T04:48:23.882+0000] {processor.py:840} INFO - DAG(s) 'example_bash_decorator' retrieved from /home/airflow/.local/lib/python3.12/site-packages/airflow/example_dags/example_bash_decorator.py
[2026-05-10T04:48:23.904+0000] {logging_mixin.py:188} INFO - [2026-05-10T04:48:23.903+0000] {dag.py:3096} INFO - Sync 1 DAGs
[2026-05-10T04:48:23.916+0000] {logging_mixin.py:188} INFO - [2026-05-10T04:48:23.915+0000] {dag.py:3954} INFO - Setting next_dagrun for example_bash_decorator to None, run_after=None
[2026-05-10T04:48:23.936+0000] {processor.py:183} INFO - Processing /home/airflow/.local/lib/python3.12/site-packages/airflow/example_dags/example_bash_decorator.py took 0.074 seconds
[2026-05-10T04:48:54.454+0000] {processor.py:161} INFO - Started process (PID=7764) to work on /home/airflow/.local/lib/python3.12/site-packages/airflow/example_dags/example_bash_decorator.py
[2026-05-10T04:48:54.455+0000] {processor.py:830} INFO - Processing file /home/airflow/.local/lib/python3.12/site-packages/airflow/example_dags/example_bash_decorator.py for tasks to queue
[2026-05-10T04:48:54.457+0000] {logging_mixin.py:188} INFO - [2026-05-10T04:48:54.457+0000] {dagbag.py:545} INFO - Filling up the DagBag from /home/airflow/.local/lib/python3.12/site-packages/airflow/example_dags/example_bash_decorator.py
[2026-05-10T04:48:54.468+0000] {processor.py:840} INFO - DAG(s) 'example_bash_decorator' retrieved from /home/airflow/.local/lib/python3.12/site-packages/airflow/example_dags/example_bash_decorator.py
[2026-05-10T04:48:54.492+0000] {logging_mixin.py:188} INFO - [2026-05-10T04:48:54.492+0000] {dag.py:3096} INFO - Sync 1 DAGs
[2026-05-10T04:48:54.503+0000] {logging_mixin.py:188} INFO - [2026-05-10T04:48:54.502+0000] {dag.py:3954} INFO - Setting next_dagrun for example_bash_decorator to None, run_after=None
[2026-05-10T04:48:54.520+0000] {processor.py:183} INFO - Processing /home/airflow/.local/lib/python3.12/site-packages/airflow/example_dags/example_bash_decorator.py took 0.071 seconds
[2026-05-10T04:49:25.085+0000] {processor.py:161} INFO - Started process (PID=7830) to work on /home/airflow/.local/lib/python3.12/site-packages/airflow/example_dags/example_bash_decorator.py
[2026-05-10T04:49:25.087+0000] {processor.py:830} INFO - Processing file /home/airflow/.local/lib/python3.12/site-packages/airflow/example_dags/example_bash_decorator.py for tasks to queue
[2026-05-10T04:49:25.089+0000] {logging_mixin.py:188} INFO - [2026-05-10T04:49:25.089+0000] {dagbag.py:545} INFO - Filling up the DagBag from /home/airflow/.local/lib/python3.12/site-packages/airflow/example_dags/example_bash_decorator.py
[2026-05-10T04:49:25.100+0000] {processor.py:840} INFO - DAG(s) 'example_bash_decorator' retrieved from /home/airflow/.local/lib/python3.12/site-packages/airflow/example_dags/example_bash_decorator.py
[2026-05-10T04:49:25.122+0000] {logging_mixin.py:188} INFO - [2026-05-10T04:49:25.122+0000] {dag.py:3096} INFO - Sync 1 DAGs
[2026-05-10T04:49:25.133+0000] {logging_mixin.py:188} INFO - [2026-05-10T04:49:25.132+0000] {dag.py:3954} INFO - Setting next_dagrun for example_bash_decorator to None, run_after=None
[2026-05-10T04:49:25.154+0000] {processor.py:183} INFO - Processing /home/airflow/.local/lib/python3.12/site-packages/airflow/example_dags/example_bash_decorator.py took 0.074 seconds
[2026-05-10T04:49:55.211+0000] {processor.py:161} INFO - Started process (PID=7890) to work on /home/airflow/.local/lib/python3.12/site-packages/airflow/example_dags/example_bash_decorator.py
[2026-05-10T04:49:55.212+0000] {processor.py:830} INFO - Processing file /home/airflow/.local/lib/python3.12/site-packages/airflow/example_dags/example_bash_decorator.py for tasks to queue
[2026-05-10T04:49:55.214+0000] {logging_mixin.py:188} INFO - [2026-05-10T04:49:55.214+0000] {dagbag.py:545} INFO - Filling up the DagBag from /home/airflow/.local/lib/python3.12/site-packages/airflow/example_dags/example_bash_decorator.py
[2026-05-10T04:49:55.227+0000] {processor.py:840} INFO - DAG(s) 'example_bash_decorator' retrieved from /home/airflow/.local/lib/python3.12/site-packages/airflow/example_dags/example_bash_decorator.py
[2026-05-10T04:49:55.246+0000] {logging_mixin.py:188} INFO - [2026-05-10T04:49:55.246+0000] {dag.py:3096} INFO - Sync 1 DAGs
[2026-05-10T04:49:55.256+0000] {logging_mixin.py:188} INFO - [2026-05-10T04:49:55.256+0000] {dag.py:3954} INFO - Setting next_dagrun for example_bash_decorator to None, run_after=None
[2026-05-10T04:49:55.274+0000] {processor.py:183} INFO - Processing /home/airflow/.local/lib/python3.12/site-packages/airflow/example_dags/example_bash_decorator.py took 0.069 seconds
[2026-05-10T04:50:25.665+0000] {processor.py:161} INFO - Started process (PID=7950) to work on /home/airflow/.local/lib/python3.12/site-packages/airflow/example_dags/example_bash_decorator.py
[2026-05-10T04:50:25.666+0000] {processor.py:830} INFO - Processing file /home/airflow/.local/lib/python3.12/site-packages/airflow/example_dags/example_bash_decorator.py for tasks to queue
[2026-05-10T04:50:25.668+0000] {logging_mixin.py:188} INFO - [2026-05-10T04:50:25.668+0000] {dagbag.py:545} INFO - Filling up the DagBag from /home/airflow/.local/lib/python3.12/site-packages/airflow/example_dags/example_bash_decorator.py
[2026-05-10T04:50:25.679+0000] {processor.py:840} INFO - DAG(s) 'example_bash_decorator' retrieved from /home/airflow/.local/lib/python3.12/site-packages/airflow/example_dags/example_bash_decorator.py
[2026-05-10T04:50:25.698+0000] {logging_mixin.py:188} INFO - [2026-05-10T04:50:25.697+0000] {dag.py:3096} INFO - Sync 1 DAGs
[2026-05-10T04:50:25.708+0000] {logging_mixin.py:188} INFO - [2026-05-10T04:50:25.707+0000] {dag.py:3954} INFO - Setting next_dagrun for example_bash_decorator to None, run_after=None
[2026-05-10T04:50:25.723+0000] {processor.py:183} INFO - Processing /home/airflow/.local/lib/python3.12/site-packages/airflow/example_dags/example_bash_decorator.py took 0.063 seconds
[2026-05-10T04:50:56.082+0000] {processor.py:161} INFO - Started process (PID=8009) to work on /home/airflow/.local/lib/python3.12/site-packages/airflow/example_dags/example_bash_decorator.py
[2026-05-10T04:50:56.083+0000] {processor.py:830} INFO - Processing file /home/airflow/.local/lib/python3.12/site-packages/airflow/example_dags/example_bash_decorator.py for tasks to queue
[2026-05-10T04:50:56.085+0000] {logging_mixin.py:188} INFO - [2026-05-10T04:50:56.084+0000] {dagbag.py:545} INFO - Filling up the DagBag from /home/airflow/.local/lib/python3.12/site-packages/airflow/example_dags/example_bash_decorator.py
[2026-05-10T04:50:56.096+0000] {processor.py:840} INFO - DAG(s) 'example_bash_decorator' retrieved from /home/airflow/.local/lib/python3.12/site-packages/airflow/example_dags/example_bash_decorator.py
[2026-05-10T04:50:56.117+0000] {logging_mixin.py:188} INFO - [2026-05-10T04:50:56.117+0000] {dag.py:3096} INFO - Sync 1 DAGs
[2026-05-10T04:50:56.128+0000] {logging_mixin.py:188} INFO - [2026-05-10T04:50:56.128+0000] {dag.py:3954} INFO - Setting next_dagrun for example_bash_decorator to None, run_after=None
[2026-05-10T04:50:56.148+0000] {processor.py:183} INFO - Processing /home/airflow/.local/lib/python3.12/site-packages/airflow/example_dags/example_bash_decorator.py took 0.071 seconds
[2026-05-10T04:51:27.016+0000] {processor.py:161} INFO - Started process (PID=8070) to work on /home/airflow/.local/lib/python3.12/site-packages/airflow/example_dags/example_bash_decorator.py
[2026-05-10T04:51:27.017+0000] {processor.py:830} INFO - Processing file /home/airflow/.local/lib/python3.12/site-packages/airflow/example_dags/example_bash_decorator.py for tasks to queue
[2026-05-10T04:51:27.019+0000] {logging_mixin.py:188} INFO - [2026-05-10T04:51:27.019+0000] {dagbag.py:545} INFO - Filling up the DagBag from /home/airflow/.local/lib/python3.12/site-packages/airflow/example_dags/example_bash_decorator.py
[2026-05-10T04:51:27.034+0000] {processor.py:840} INFO - DAG(s) 'example_bash_decorator' retrieved from /home/airflow/.local/lib/python3.12/site-packages/airflow/example_dags/example_bash_decorator.py
[2026-05-10T04:51:27.054+0000] {logging_mixin.py:188} INFO - [2026-05-10T04:51:27.054+0000] {dag.py:3096} INFO - Sync 1 DAGs
[2026-05-10T04:51:27.064+0000] {logging_mixin.py:188} INFO - [2026-05-10T04:51:27.064+0000] {dag.py:3954} INFO - Setting next_dagrun for example_bash_decorator to None, run_after=None
[2026-05-10T04:51:27.082+0000] {processor.py:183} INFO - Processing /home/airflow/.local/lib/python3.12/site-packages/airflow/example_dags/example_bash_decorator.py took 0.071 seconds
[2026-05-10T04:51:57.208+0000] {processor.py:161} INFO - Started process (PID=8130) to work on /home/airflow/.local/lib/python3.12/site-packages/airflow/example_dags/example_bash_decorator.py
[2026-05-10T04:51:57.210+0000] {processor.py:830} INFO - Processing file /home/airflow/.local/lib/python3.12/site-packages/airflow/example_dags/example_bash_decorator.py for tasks to queue
[2026-05-10T04:51:57.212+0000] {logging_mixin.py:188} INFO - [2026-05-10T04:51:57.212+0000] {dagbag.py:545} INFO - Filling up the DagBag from /home/airflow/.local/lib/python3.12/site-packages/airflow/example_dags/example_bash_decorator.py
[2026-05-10T04:51:57.224+0000] {processor.py:840} INFO - DAG(s) 'example_bash_decorator' retrieved from /home/airflow/.local/lib/python3.12/site-packages/airflow/example_dags/example_bash_decorator.py
[2026-05-10T04:51:57.245+0000] {logging_mixin.py:188} INFO - [2026-05-10T04:51:57.245+0000] {dag.py:3096} INFO - Sync 1 DAGs
[2026-05-10T04:51:57.255+0000] {logging_mixin.py:188} INFO - [2026-05-10T04:51:57.255+0000] {dag.py:3954} INFO - Setting next_dagrun for example_bash_decorator to None, run_after=None
[2026-05-10T04:51:57.271+0000] {processor.py:183} INFO - Processing /home/airflow/.local/lib/python3.12/site-packages/airflow/example_dags/example_bash_decorator.py took 0.068 seconds
[2026-05-10T04:52:27.779+0000] {processor.py:161} INFO - Started process (PID=8190) to work on /home/airflow/.local/lib/python3.12/site-packages/airflow/example_dags/example_bash_decorator.py
[2026-05-10T04:52:27.781+0000] {processor.py:830} INFO - Processing file /home/airflow/.local/lib/python3.12/site-packages/airflow/example_dags/example_bash_decorator.py for tasks to queue
[2026-05-10T04:52:27.783+0000] {logging_mixin.py:188} INFO - [2026-05-10T04:52:27.783+0000] {dagbag.py:545} INFO - Filling up the DagBag from /home/airflow/.local/lib/python3.12/site-packages/airflow/example_dags/example_bash_decorator.py
[2026-05-10T04:52:27.799+0000] {processor.py:840} INFO - DAG(s) 'example_bash_decorator' retrieved from /home/airflow/.local/lib/python3.12/site-packages/airflow/example_dags/example_bash_decorator.py
[2026-05-10T04:52:27.820+0000] {logging_mixin.py:188} INFO - [2026-05-10T04:52:27.820+0000] {dag.py:3096} INFO - Sync 1 DAGs
[2026-05-10T04:52:27.834+0000] {logging_mixin.py:188} INFO - [2026-05-10T04:52:27.834+0000] {dag.py:3954} INFO - Setting next_dagrun for example_bash_decorator to None, run_after=None
[2026-05-10T04:52:27.854+0000] {processor.py:183} INFO - Processing /home/airflow/.local/lib/python3.12/site-packages/airflow/example_dags/example_bash_decorator.py took 0.079 seconds
[2026-05-10T04:52:58.339+0000] {processor.py:161} INFO - Started process (PID=8250) to work on /home/airflow/.local/lib/python3.12/site-packages/airflow/example_dags/example_bash_decorator.py
[2026-05-10T04:52:58.343+0000] {processor.py:830} INFO - Processing file /home/airflow/.local/lib/python3.12/site-packages/airflow/example_dags/example_bash_decorator.py for tasks to queue
[2026-05-10T04:52:58.350+0000] {logging_mixin.py:188} INFO - [2026-05-10T04:52:58.350+0000] {dagbag.py:545} INFO - Filling up the DagBag from /home/airflow/.local/lib/python3.12/site-packages/airflow/example_dags/example_bash_decorator.py
[2026-05-10T04:52:58.364+0000] {processor.py:840} INFO - DAG(s) 'example_bash_decorator' retrieved from /home/airflow/.local/lib/python3.12/site-packages/airflow/example_dags/example_bash_decorator.py
[2026-05-10T04:52:58.387+0000] {logging_mixin.py:188} INFO - [2026-05-10T04:52:58.386+0000] {dag.py:3096} INFO - Sync 1 DAGs
[2026-05-10T04:52:58.397+0000] {logging_mixin.py:188} INFO - [2026-05-10T04:52:58.396+0000] {dag.py:3954} INFO - Setting next_dagrun for example_bash_decorator to None, run_after=None
[2026-05-10T04:52:58.415+0000] {processor.py:183} INFO - Processing /home/airflow/.local/lib/python3.12/site-packages/airflow/example_dags/example_bash_decorator.py took 0.081 seconds
[2026-05-10T04:53:28.754+0000] {processor.py:161} INFO - Started process (PID=8310) to work on /home/airflow/.local/lib/python3.12/site-packages/airflow/example_dags/example_bash_decorator.py
[2026-05-10T04:53:28.756+0000] {processor.py:830} INFO - Processing file /home/airflow/.local/lib/python3.12/site-packages/airflow/example_dags/example_bash_decorator.py for tasks to queue
[2026-05-10T04:53:28.760+0000] {logging_mixin.py:188} INFO - [2026-05-10T04:53:28.760+0000] {dagbag.py:545} INFO - Filling up the DagBag from /home/airflow/.local/lib/python3.12/site-packages/airflow/example_dags/example_bash_decorator.py
[2026-05-10T04:53:28.772+0000] {processor.py:840} INFO - DAG(s) 'example_bash_decorator' retrieved from /home/airflow/.local/lib/python3.12/site-packages/airflow/example_dags/example_bash_decorator.py
[2026-05-10T04:53:28.791+0000] {logging_mixin.py:188} INFO - [2026-05-10T04:53:28.791+0000] {dag.py:3096} INFO - Sync 1 DAGs
[2026-05-10T04:53:28.802+0000] {logging_mixin.py:188} INFO - [2026-05-10T04:53:28.801+0000] {dag.py:3954} INFO - Setting next_dagrun for example_bash_decorator to None, run_after=None
[2026-05-10T04:53:28.821+0000] {processor.py:183} INFO - Processing /home/airflow/.local/lib/python3.12/site-packages/airflow/example_dags/example_bash_decorator.py took 0.072 seconds
[2026-05-10T04:53:59.320+0000] {processor.py:161} INFO - Started process (PID=8371) to work on /home/airflow/.local/lib/python3.12/site-packages/airflow/example_dags/example_bash_decorator.py
[2026-05-10T04:53:59.321+0000] {processor.py:830} INFO - Processing file /home/airflow/.local/lib/python3.12/site-packages/airflow/example_dags/example_bash_decorator.py for tasks to queue
[2026-05-10T04:53:59.323+0000] {logging_mixin.py:188} INFO - [2026-05-10T04:53:59.323+0000] {dagbag.py:545} INFO - Filling up the DagBag from /home/airflow/.local/lib/python3.12/site-packages/airflow/example_dags/example_bash_decorator.py
[2026-05-10T04:53:59.333+0000] {processor.py:840} INFO - DAG(s) 'example_bash_decorator' retrieved from /home/airflow/.local/lib/python3.12/site-packages/airflow/example_dags/example_bash_decorator.py
[2026-05-10T04:53:59.352+0000] {logging_mixin.py:188} INFO - [2026-05-10T04:53:59.352+0000] {dag.py:3096} INFO - Sync 1 DAGs
[2026-05-10T04:53:59.363+0000] {logging_mixin.py:188} INFO - [2026-05-10T04:53:59.362+0000] {dag.py:3954} INFO - Setting next_dagrun for example_bash_decorator to None, run_after=None
[2026-05-10T04:53:59.380+0000] {processor.py:183} INFO - Processing /home/airflow/.local/lib/python3.12/site-packages/airflow/example_dags/example_bash_decorator.py took 0.065 seconds
[2026-05-10T04:54:29.725+0000] {processor.py:161} INFO - Started process (PID=8431) to work on /home/airflow/.local/lib/python3.12/site-packages/airflow/example_dags/example_bash_decorator.py
[2026-05-10T04:54:29.726+0000] {processor.py:830} INFO - Processing file /home/airflow/.local/lib/python3.12/site-packages/airflow/example_dags/example_bash_decorator.py for tasks to queue
[2026-05-10T04:54:29.729+0000] {logging_mixin.py:188} INFO - [2026-05-10T04:54:29.728+0000] {dagbag.py:545} INFO - Filling up the DagBag from /home/airflow/.local/lib/python3.12/site-packages/airflow/example_dags/example_bash_decorator.py
[2026-05-10T04:54:29.745+0000] {processor.py:840} INFO - DAG(s) 'example_bash_decorator' retrieved from /home/airflow/.local/lib/python3.12/site-packages/airflow/example_dags/example_bash_decorator.py
[2026-05-10T04:54:29.766+0000] {logging_mixin.py:188} INFO - [2026-05-10T04:54:29.766+0000] {dag.py:3096} INFO - Sync 1 DAGs
[2026-05-10T04:54:29.777+0000] {logging_mixin.py:188} INFO - [2026-05-10T04:54:29.776+0000] {dag.py:3954} INFO - Setting next_dagrun for example_bash_decorator to None, run_after=None
[2026-05-10T04:54:29.793+0000] {processor.py:183} INFO - Processing /home/airflow/.local/lib/python3.12/site-packages/airflow/example_dags/example_bash_decorator.py took 0.074 seconds
[2026-05-10T04:55:00.650+0000] {processor.py:161} INFO - Started process (PID=8491) to work on /home/airflow/.local/lib/python3.12/site-packages/airflow/example_dags/example_bash_decorator.py
[2026-05-10T04:55:00.651+0000] {processor.py:830} INFO - Processing file /home/airflow/.local/lib/python3.12/site-packages/airflow/example_dags/example_bash_decorator.py for tasks to queue
[2026-05-10T04:55:00.653+0000] {logging_mixin.py:188} INFO - [2026-05-10T04:55:00.653+0000] {dagbag.py:545} INFO - Filling up the DagBag from /home/airflow/.local/lib/python3.12/site-packages/airflow/example_dags/example_bash_decorator.py
[2026-05-10T04:55:00.665+0000] {processor.py:840} INFO - DAG(s) 'example_bash_decorator' retrieved from /home/airflow/.local/lib/python3.12/site-packages/airflow/example_dags/example_bash_decorator.py
[2026-05-10T04:55:00.683+0000] {logging_mixin.py:188} INFO - [2026-05-10T04:55:00.683+0000] {dag.py:3096} INFO - Sync 1 DAGs
[2026-05-10T04:55:00.693+0000] {logging_mixin.py:188} INFO - [2026-05-10T04:55:00.693+0000] {dag.py:3954} INFO - Setting next_dagrun for example_bash_decorator to None, run_after=None
[2026-05-10T04:55:00.708+0000] {processor.py:183} INFO - Processing /home/airflow/.local/lib/python3.12/site-packages/airflow/example_dags/example_bash_decorator.py took 0.063 seconds
[2026-05-10T04:55:30.956+0000] {processor.py:161} INFO - Started process (PID=8552) to work on /home/airflow/.local/lib/python3.12/site-packages/airflow/example_dags/example_bash_decorator.py
[2026-05-10T04:55:30.957+0000] {processor.py:830} INFO - Processing file /home/airflow/.local/lib/python3.12/site-packages/airflow/example_dags/example_bash_decorator.py for tasks to queue
[2026-05-10T04:55:30.960+0000] {logging_mixin.py:188} INFO - [2026-05-10T04:55:30.959+0000] {dagbag.py:545} INFO - Filling up the DagBag from /home/airflow/.local/lib/python3.12/site-packages/airflow/example_dags/example_bash_decorator.py
[2026-05-10T04:55:30.971+0000] {processor.py:840} INFO - DAG(s) 'example_bash_decorator' retrieved from /home/airflow/.local/lib/python3.12/site-packages/airflow/example_dags/example_bash_decorator.py
[2026-05-10T04:55:30.990+0000] {logging_mixin.py:188} INFO - [2026-05-10T04:55:30.990+0000] {dag.py:3096} INFO - Sync 1 DAGs
[2026-05-10T04:55:31.000+0000] {logging_mixin.py:188} INFO - [2026-05-10T04:55:31.000+0000] {dag.py:3954} INFO - Setting next_dagrun for example_bash_decorator to None, run_after=None
[2026-05-10T04:55:31.016+0000] {processor.py:183} INFO - Processing /home/airflow/.local/lib/python3.12/site-packages/airflow/example_dags/example_bash_decorator.py took 0.066 seconds
[2026-05-10T04:56:01.812+0000] {processor.py:161} INFO - Started process (PID=8612) to work on /home/airflow/.local/lib/python3.12/site-packages/airflow/example_dags/example_bash_decorator.py
[2026-05-10T04:56:01.813+0000] {processor.py:830} INFO - Processing file /home/airflow/.local/lib/python3.12/site-packages/airflow/example_dags/example_bash_decorator.py for tasks to queue
[2026-05-10T04:56:01.815+0000] {logging_mixin.py:188} INFO - [2026-05-10T04:56:01.815+0000] {dagbag.py:545} INFO - Filling up the DagBag from /home/airflow/.local/lib/python3.12/site-packages/airflow/example_dags/example_bash_decorator.py
[2026-05-10T04:56:01.827+0000] {processor.py:840} INFO - DAG(s) 'example_bash_decorator' retrieved from /home/airflow/.local/lib/python3.12/site-packages/airflow/example_dags/example_bash_decorator.py
[2026-05-10T04:56:01.847+0000] {logging_mixin.py:188} INFO - [2026-05-10T04:56:01.847+0000] {dag.py:3096} INFO - Sync 1 DAGs
[2026-05-10T04:56:01.857+0000] {logging_mixin.py:188} INFO - [2026-05-10T04:56:01.856+0000] {dag.py:3954} INFO - Setting next_dagrun for example_bash_decorator to None, run_after=None
[2026-05-10T04:56:01.871+0000] {processor.py:183} INFO - Processing /home/airflow/.local/lib/python3.12/site-packages/airflow/example_dags/example_bash_decorator.py took 0.065 seconds
[2026-05-10T04:56:32.418+0000] {processor.py:161} INFO - Started process (PID=8672) to work on /home/airflow/.local/lib/python3.12/site-packages/airflow/example_dags/example_bash_decorator.py
[2026-05-10T04:56:32.419+0000] {processor.py:830} INFO - Processing file /home/airflow/.local/lib/python3.12/site-packages/airflow/example_dags/example_bash_decorator.py for tasks to queue
[2026-05-10T04:56:32.421+0000] {logging_mixin.py:188} INFO - [2026-05-10T04:56:32.421+0000] {dagbag.py:545} INFO - Filling up the DagBag from /home/airflow/.local/lib/python3.12/site-packages/airflow/example_dags/example_bash_decorator.py
[2026-05-10T04:56:32.436+0000] {processor.py:840} INFO - DAG(s) 'example_bash_decorator' retrieved from /home/airflow/.local/lib/python3.12/site-packages/airflow/example_dags/example_bash_decorator.py
[2026-05-10T04:56:32.464+0000] {logging_mixin.py:188} INFO - [2026-05-10T04:56:32.464+0000] {dag.py:3096} INFO - Sync 1 DAGs
[2026-05-10T04:56:32.480+0000] {logging_mixin.py:188} INFO - [2026-05-10T04:56:32.480+0000] {dag.py:3954} INFO - Setting next_dagrun for example_bash_decorator to None, run_after=None
[2026-05-10T04:56:32.504+0000] {processor.py:183} INFO - Processing /home/airflow/.local/lib/python3.12/site-packages/airflow/example_dags/example_bash_decorator.py took 0.092 seconds
[2026-05-10T04:57:02.691+0000] {processor.py:161} INFO - Started process (PID=8732) to work on /home/airflow/.local/lib/python3.12/site-packages/airflow/example_dags/example_bash_decorator.py
[2026-05-10T04:57:02.692+0000] {processor.py:830} INFO - Processing file /home/airflow/.local/lib/python3.12/site-packages/airflow/example_dags/example_bash_decorator.py for tasks to queue
[2026-05-10T04:57:02.696+0000] {logging_mixin.py:188} INFO - [2026-05-10T04:57:02.696+0000] {dagbag.py:545} INFO - Filling up the DagBag from /home/airflow/.local/lib/python3.12/site-packages/airflow/example_dags/example_bash_decorator.py
[2026-05-10T04:57:02.708+0000] {processor.py:840} INFO - DAG(s) 'example_bash_decorator' retrieved from /home/airflow/.local/lib/python3.12/site-packages/airflow/example_dags/example_bash_decorator.py
[2026-05-10T04:57:02.728+0000] {logging_mixin.py:188} INFO - [2026-05-10T04:57:02.728+0000] {dag.py:3096} INFO - Sync 1 DAGs
[2026-05-10T04:57:02.740+0000] {logging_mixin.py:188} INFO - [2026-05-10T04:57:02.739+0000] {dag.py:3954} INFO - Setting next_dagrun for example_bash_decorator to None, run_after=None
[2026-05-10T04:57:02.756+0000] {processor.py:183} INFO - Processing /home/airflow/.local/lib/python3.12/site-packages/airflow/example_dags/example_bash_decorator.py took 0.070 seconds
[2026-05-10T04:57:33.109+0000] {processor.py:161} INFO - Started process (PID=8792) to work on /home/airflow/.local/lib/python3.12/site-packages/airflow/example_dags/example_bash_decorator.py
[2026-05-10T04:57:33.111+0000] {processor.py:830} INFO - Processing file /home/airflow/.local/lib/python3.12/site-packages/airflow/example_dags/example_bash_decorator.py for tasks to queue
[2026-05-10T04:57:33.114+0000] {logging_mixin.py:188} INFO - [2026-05-10T04:57:33.114+0000] {dagbag.py:545} INFO - Filling up the DagBag from /home/airflow/.local/lib/python3.12/site-packages/airflow/example_dags/example_bash_decorator.py
[2026-05-10T04:57:33.127+0000] {processor.py:840} INFO - DAG(s) 'example_bash_decorator' retrieved from /home/airflow/.local/lib/python3.12/site-packages/airflow/example_dags/example_bash_decorator.py
[2026-05-10T04:57:33.146+0000] {logging_mixin.py:188} INFO - [2026-05-10T04:57:33.146+0000] {dag.py:3096} INFO - Sync 1 DAGs
[2026-05-10T04:57:33.160+0000] {logging_mixin.py:188} INFO - [2026-05-10T04:57:33.160+0000] {dag.py:3954} INFO - Setting next_dagrun for example_bash_decorator to None, run_after=None
[2026-05-10T04:57:33.180+0000] {processor.py:183} INFO - Processing /home/airflow/.local/lib/python3.12/site-packages/airflow/example_dags/example_bash_decorator.py took 0.077 seconds
[2026-05-10T04:58:03.555+0000] {processor.py:161} INFO - Started process (PID=8852) to work on /home/airflow/.local/lib/python3.12/site-packages/airflow/example_dags/example_bash_decorator.py
[2026-05-10T04:58:03.556+0000] {processor.py:830} INFO - Processing file /home/airflow/.local/lib/python3.12/site-packages/airflow/example_dags/example_bash_decorator.py for tasks to queue
[2026-05-10T04:58:03.558+0000] {logging_mixin.py:188} INFO - [2026-05-10T04:58:03.558+0000] {dagbag.py:545} INFO - Filling up the DagBag from /home/airflow/.local/lib/python3.12/site-packages/airflow/example_dags/example_bash_decorator.py
[2026-05-10T04:58:03.570+0000] {processor.py:840} INFO - DAG(s) 'example_bash_decorator' retrieved from /home/airflow/.local/lib/python3.12/site-packages/airflow/example_dags/example_bash_decorator.py
[2026-05-10T04:58:03.591+0000] {logging_mixin.py:188} INFO - [2026-05-10T04:58:03.591+0000] {dag.py:3096} INFO - Sync 1 DAGs
[2026-05-10T04:58:03.602+0000] {logging_mixin.py:188} INFO - [2026-05-10T04:58:03.602+0000] {dag.py:3954} INFO - Setting next_dagrun for example_bash_decorator to None, run_after=None
[2026-05-10T04:58:03.622+0000] {processor.py:183} INFO - Processing /home/airflow/.local/lib/python3.12/site-packages/airflow/example_dags/example_bash_decorator.py took 0.072 seconds
[2026-05-10T04:58:34.151+0000] {processor.py:161} INFO - Started process (PID=8912) to work on /home/airflow/.local/lib/python3.12/site-packages/airflow/example_dags/example_bash_decorator.py
[2026-05-10T04:58:34.152+0000] {processor.py:830} INFO - Processing file /home/airflow/.local/lib/python3.12/site-packages/airflow/example_dags/example_bash_decorator.py for tasks to queue
[2026-05-10T04:58:34.155+0000] {logging_mixin.py:188} INFO - [2026-05-10T04:58:34.154+0000] {dagbag.py:545} INFO - Filling up the DagBag from /home/airflow/.local/lib/python3.12/site-packages/airflow/example_dags/example_bash_decorator.py
[2026-05-10T04:58:34.165+0000] {processor.py:840} INFO - DAG(s) 'example_bash_decorator' retrieved from /home/airflow/.local/lib/python3.12/site-packages/airflow/example_dags/example_bash_decorator.py
[2026-05-10T04:58:34.184+0000] {logging_mixin.py:188} INFO - [2026-05-10T04:58:34.183+0000] {dag.py:3096} INFO - Sync 1 DAGs
[2026-05-10T04:58:34.194+0000] {logging_mixin.py:188} INFO - [2026-05-10T04:58:34.194+0000] {dag.py:3954} INFO - Setting next_dagrun for example_bash_decorator to None, run_after=None
[2026-05-10T04:58:34.209+0000] {processor.py:183} INFO - Processing /home/airflow/.local/lib/python3.12/site-packages/airflow/example_dags/example_bash_decorator.py took 0.062 seconds
[2026-05-10T04:59:04.894+0000] {processor.py:161} INFO - Started process (PID=8972) to work on /home/airflow/.local/lib/python3.12/site-packages/airflow/example_dags/example_bash_decorator.py
[2026-05-10T04:59:04.895+0000] {processor.py:830} INFO - Processing file /home/airflow/.local/lib/python3.12/site-packages/airflow/example_dags/example_bash_decorator.py for tasks to queue
[2026-05-10T04:59:04.897+0000] {logging_mixin.py:188} INFO - [2026-05-10T04:59:04.897+0000] {dagbag.py:545} INFO - Filling up the DagBag from /home/airflow/.local/lib/python3.12/site-packages/airflow/example_dags/example_bash_decorator.py
[2026-05-10T04:59:04.912+0000] {processor.py:840} INFO - DAG(s) 'example_bash_decorator' retrieved from /home/airflow/.local/lib/python3.12/site-packages/airflow/example_dags/example_bash_decorator.py
[2026-05-10T04:59:04.932+0000] {logging_mixin.py:188} INFO - [2026-05-10T04:59:04.932+0000] {dag.py:3096} INFO - Sync 1 DAGs
[2026-05-10T04:59:04.942+0000] {logging_mixin.py:188} INFO - [2026-05-10T04:59:04.942+0000] {dag.py:3954} INFO - Setting next_dagrun for example_bash_decorator to None, run_after=None
[2026-05-10T04:59:04.957+0000] {processor.py:183} INFO - Processing /home/airflow/.local/lib/python3.12/site-packages/airflow/example_dags/example_bash_decorator.py took 0.069 seconds
[2026-05-10T04:59:35.411+0000] {processor.py:161} INFO - Started process (PID=9032) to work on /home/airflow/.local/lib/python3.12/site-packages/airflow/example_dags/example_bash_decorator.py
[2026-05-10T04:59:35.419+0000] {processor.py:830} INFO - Processing file /home/airflow/.local/lib/python3.12/site-packages/airflow/example_dags/example_bash_decorator.py for tasks to queue
[2026-05-10T04:59:35.424+0000] {logging_mixin.py:188} INFO - [2026-05-10T04:59:35.424+0000] {dagbag.py:545} INFO - Filling up the DagBag from /home/airflow/.local/lib/python3.12/site-packages/airflow/example_dags/example_bash_decorator.py
[2026-05-10T04:59:35.437+0000] {processor.py:840} INFO - DAG(s) 'example_bash_decorator' retrieved from /home/airflow/.local/lib/python3.12/site-packages/airflow/example_dags/example_bash_decorator.py
[2026-05-10T04:59:35.458+0000] {logging_mixin.py:188} INFO - [2026-05-10T04:59:35.458+0000] {dag.py:3096} INFO - Sync 1 DAGs
[2026-05-10T04:59:35.468+0000] {logging_mixin.py:188} INFO - [2026-05-10T04:59:35.468+0000] {dag.py:3954} INFO - Setting next_dagrun for example_bash_decorator to None, run_after=None
[2026-05-10T04:59:35.487+0000] {processor.py:183} INFO - Processing /home/airflow/.local/lib/python3.12/site-packages/airflow/example_dags/example_bash_decorator.py took 0.081 seconds
[2026-05-10T05:00:05.931+0000] {processor.py:161} INFO - Started process (PID=9092) to work on /home/airflow/.local/lib/python3.12/site-packages/airflow/example_dags/example_bash_decorator.py
[2026-05-10T05:00:05.934+0000] {processor.py:830} INFO - Processing file /home/airflow/.local/lib/python3.12/site-packages/airflow/example_dags/example_bash_decorator.py for tasks to queue
[2026-05-10T05:00:05.936+0000] {logging_mixin.py:188} INFO - [2026-05-10T05:00:05.936+0000] {dagbag.py:545} INFO - Filling up the DagBag from /home/airflow/.local/lib/python3.12/site-packages/airflow/example_dags/example_bash_decorator.py
[2026-05-10T05:00:05.949+0000] {processor.py:840} INFO - DAG(s) 'example_bash_decorator' retrieved from /home/airflow/.local/lib/python3.12/site-packages/airflow/example_dags/example_bash_decorator.py
[2026-05-10T05:00:05.970+0000] {logging_mixin.py:188} INFO - [2026-05-10T05:00:05.970+0000] {dag.py:3096} INFO - Sync 1 DAGs
[2026-05-10T05:00:05.981+0000] {logging_mixin.py:188} INFO - [2026-05-10T05:00:05.981+0000] {dag.py:3954} INFO - Setting next_dagrun for example_bash_decorator to None, run_after=None
[2026-05-10T05:00:05.997+0000] {processor.py:183} INFO - Processing /home/airflow/.local/lib/python3.12/site-packages/airflow/example_dags/example_bash_decorator.py took 0.071 seconds
[2026-05-10T05:00:36.337+0000] {processor.py:161} INFO - Started process (PID=9152) to work on /home/airflow/.local/lib/python3.12/site-packages/airflow/example_dags/example_bash_decorator.py
[2026-05-10T05:00:36.338+0000] {processor.py:830} INFO - Processing file /home/airflow/.local/lib/python3.12/site-packages/airflow/example_dags/example_bash_decorator.py for tasks to queue
[2026-05-10T05:00:36.340+0000] {logging_mixin.py:188} INFO - [2026-05-10T05:00:36.340+0000] {dagbag.py:545} INFO - Filling up the DagBag from /home/airflow/.local/lib/python3.12/site-packages/airflow/example_dags/example_bash_decorator.py
[2026-05-10T05:00:36.351+0000] {processor.py:840} INFO - DAG(s) 'example_bash_decorator' retrieved from /home/airflow/.local/lib/python3.12/site-packages/airflow/example_dags/example_bash_decorator.py
[2026-05-10T05:00:36.370+0000] {logging_mixin.py:188} INFO - [2026-05-10T05:00:36.370+0000] {dag.py:3096} INFO - Sync 1 DAGs
[2026-05-10T05:00:36.382+0000] {logging_mixin.py:188} INFO - [2026-05-10T05:00:36.382+0000] {dag.py:3954} INFO - Setting next_dagrun for example_bash_decorator to None, run_after=None
[2026-05-10T05:00:36.398+0000] {processor.py:183} INFO - Processing /home/airflow/.local/lib/python3.12/site-packages/airflow/example_dags/example_bash_decorator.py took 0.066 seconds
[2026-05-10T05:01:07.160+0000] {processor.py:161} INFO - Started process (PID=9212) to work on /home/airflow/.local/lib/python3.12/site-packages/airflow/example_dags/example_bash_decorator.py
[2026-05-10T05:01:07.161+0000] {processor.py:830} INFO - Processing file /home/airflow/.local/lib/python3.12/site-packages/airflow/example_dags/example_bash_decorator.py for tasks to queue
[2026-05-10T05:01:07.164+0000] {logging_mixin.py:188} INFO - [2026-05-10T05:01:07.163+0000] {dagbag.py:545} INFO - Filling up the DagBag from /home/airflow/.local/lib/python3.12/site-packages/airflow/example_dags/example_bash_decorator.py
[2026-05-10T05:01:07.178+0000] {processor.py:840} INFO - DAG(s) 'example_bash_decorator' retrieved from /home/airflow/.local/lib/python3.12/site-packages/airflow/example_dags/example_bash_decorator.py
[2026-05-10T05:01:07.208+0000] {logging_mixin.py:188} INFO - [2026-05-10T05:01:07.207+0000] {dag.py:3096} INFO - Sync 1 DAGs
[2026-05-10T05:01:07.219+0000] {logging_mixin.py:188} INFO - [2026-05-10T05:01:07.219+0000] {dag.py:3954} INFO - Setting next_dagrun for example_bash_decorator to None, run_after=None
[2026-05-10T05:01:07.239+0000] {processor.py:183} INFO - Processing /home/airflow/.local/lib/python3.12/site-packages/airflow/example_dags/example_bash_decorator.py took 0.085 seconds
[2026-05-10T05:01:37.884+0000] {processor.py:161} INFO - Started process (PID=9272) to work on /home/airflow/.local/lib/python3.12/site-packages/airflow/example_dags/example_bash_decorator.py
[2026-05-10T05:01:37.886+0000] {processor.py:830} INFO - Processing file /home/airflow/.local/lib/python3.12/site-packages/airflow/example_dags/example_bash_decorator.py for tasks to queue
[2026-05-10T05:01:37.888+0000] {logging_mixin.py:188} INFO - [2026-05-10T05:01:37.887+0000] {dagbag.py:545} INFO - Filling up the DagBag from /home/airflow/.local/lib/python3.12/site-packages/airflow/example_dags/example_bash_decorator.py
[2026-05-10T05:01:37.899+0000] {processor.py:840} INFO - DAG(s) 'example_bash_decorator' retrieved from /home/airflow/.local/lib/python3.12/site-packages/airflow/example_dags/example_bash_decorator.py
[2026-05-10T05:01:37.919+0000] {logging_mixin.py:188} INFO - [2026-05-10T05:01:37.918+0000] {dag.py:3096} INFO - Sync 1 DAGs
[2026-05-10T05:01:37.930+0000] {logging_mixin.py:188} INFO - [2026-05-10T05:01:37.930+0000] {dag.py:3954} INFO - Setting next_dagrun for example_bash_decorator to None, run_after=None
[2026-05-10T05:01:37.949+0000] {processor.py:183} INFO - Processing /home/airflow/.local/lib/python3.12/site-packages/airflow/example_dags/example_bash_decorator.py took 0.069 seconds
[2026-05-10T05:02:08.446+0000] {processor.py:161} INFO - Started process (PID=9332) to work on /home/airflow/.local/lib/python3.12/site-packages/airflow/example_dags/example_bash_decorator.py
[2026-05-10T05:02:08.448+0000] {processor.py:830} INFO - Processing file /home/airflow/.local/lib/python3.12/site-packages/airflow/example_dags/example_bash_decorator.py for tasks to queue
[2026-05-10T05:02:08.452+0000] {logging_mixin.py:188} INFO - [2026-05-10T05:02:08.452+0000] {dagbag.py:545} INFO - Filling up the DagBag from /home/airflow/.local/lib/python3.12/site-packages/airflow/example_dags/example_bash_decorator.py
[2026-05-10T05:02:08.464+0000] {processor.py:840} INFO - DAG(s) 'example_bash_decorator' retrieved from /home/airflow/.local/lib/python3.12/site-packages/airflow/example_dags/example_bash_decorator.py
[2026-05-10T05:02:08.485+0000] {logging_mixin.py:188} INFO - [2026-05-10T05:02:08.485+0000] {dag.py:3096} INFO - Sync 1 DAGs
[2026-05-10T05:02:08.497+0000] {logging_mixin.py:188} INFO - [2026-05-10T05:02:08.497+0000] {dag.py:3954} INFO - Setting next_dagrun for example_bash_decorator to None, run_after=None
[2026-05-10T05:02:08.515+0000] {processor.py:183} INFO - Processing /home/airflow/.local/lib/python3.12/site-packages/airflow/example_dags/example_bash_decorator.py took 0.074 seconds
[2026-05-10T05:02:39.302+0000] {processor.py:161} INFO - Started process (PID=9392) to work on /home/airflow/.local/lib/python3.12/site-packages/airflow/example_dags/example_bash_decorator.py
[2026-05-10T05:02:39.303+0000] {processor.py:830} INFO - Processing file /home/airflow/.local/lib/python3.12/site-packages/airflow/example_dags/example_bash_decorator.py for tasks to queue
[2026-05-10T05:02:39.305+0000] {logging_mixin.py:188} INFO - [2026-05-10T05:02:39.305+0000] {dagbag.py:545} INFO - Filling up the DagBag from /home/airflow/.local/lib/python3.12/site-packages/airflow/example_dags/example_bash_decorator.py
[2026-05-10T05:02:39.316+0000] {processor.py:840} INFO - DAG(s) 'example_bash_decorator' retrieved from /home/airflow/.local/lib/python3.12/site-packages/airflow/example_dags/example_bash_decorator.py
[2026-05-10T05:02:39.333+0000] {logging_mixin.py:188} INFO - [2026-05-10T05:02:39.333+0000] {dag.py:3096} INFO - Sync 1 DAGs
[2026-05-10T05:02:39.343+0000] {logging_mixin.py:188} INFO - [2026-05-10T05:02:39.343+0000] {dag.py:3954} INFO - Setting next_dagrun for example_bash_decorator to None, run_after=None
[2026-05-10T05:02:39.359+0000] {processor.py:183} INFO - Processing /home/airflow/.local/lib/python3.12/site-packages/airflow/example_dags/example_bash_decorator.py took 0.063 seconds
[2026-05-10T05:03:09.495+0000] {processor.py:161} INFO - Started process (PID=9452) to work on /home/airflow/.local/lib/python3.12/site-packages/airflow/example_dags/example_bash_decorator.py
[2026-05-10T05:03:09.496+0000] {processor.py:830} INFO - Processing file /home/airflow/.local/lib/python3.12/site-packages/airflow/example_dags/example_bash_decorator.py for tasks to queue
[2026-05-10T05:03:09.498+0000] {logging_mixin.py:188} INFO - [2026-05-10T05:03:09.498+0000] {dagbag.py:545} INFO - Filling up the DagBag from /home/airflow/.local/lib/python3.12/site-packages/airflow/example_dags/example_bash_decorator.py
[2026-05-10T05:03:09.508+0000] {processor.py:840} INFO - DAG(s) 'example_bash_decorator' retrieved from /home/airflow/.local/lib/python3.12/site-packages/airflow/example_dags/example_bash_decorator.py
[2026-05-10T05:03:09.526+0000] {logging_mixin.py:188} INFO - [2026-05-10T05:03:09.526+0000] {dag.py:3096} INFO - Sync 1 DAGs
[2026-05-10T05:03:09.537+0000] {logging_mixin.py:188} INFO - [2026-05-10T05:03:09.536+0000] {dag.py:3954} INFO - Setting next_dagrun for example_bash_decorator to None, run_after=None
[2026-05-10T05:03:09.553+0000] {processor.py:183} INFO - Processing /home/airflow/.local/lib/python3.12/site-packages/airflow/example_dags/example_bash_decorator.py took 0.062 seconds
[2026-05-10T05:03:40.238+0000] {processor.py:161} INFO - Started process (PID=9513) to work on /home/airflow/.local/lib/python3.12/site-packages/airflow/example_dags/example_bash_decorator.py
[2026-05-10T05:03:40.239+0000] {processor.py:830} INFO - Processing file /home/airflow/.local/lib/python3.12/site-packages/airflow/example_dags/example_bash_decorator.py for tasks to queue
[2026-05-10T05:03:40.242+0000] {logging_mixin.py:188} INFO - [2026-05-10T05:03:40.242+0000] {dagbag.py:545} INFO - Filling up the DagBag from /home/airflow/.local/lib/python3.12/site-packages/airflow/example_dags/example_bash_decorator.py
[2026-05-10T05:03:40.254+0000] {processor.py:840} INFO - DAG(s) 'example_bash_decorator' retrieved from /home/airflow/.local/lib/python3.12/site-packages/airflow/example_dags/example_bash_decorator.py
[2026-05-10T05:03:40.274+0000] {logging_mixin.py:188} INFO - [2026-05-10T05:03:40.274+0000] {dag.py:3096} INFO - Sync 1 DAGs
[2026-05-10T05:03:40.285+0000] {logging_mixin.py:188} INFO - [2026-05-10T05:03:40.284+0000] {dag.py:3954} INFO - Setting next_dagrun for example_bash_decorator to None, run_after=None
[2026-05-10T05:03:40.305+0000] {processor.py:183} INFO - Processing /home/airflow/.local/lib/python3.12/site-packages/airflow/example_dags/example_bash_decorator.py took 0.073 seconds
[2026-05-10T05:04:10.541+0000] {processor.py:161} INFO - Started process (PID=9573) to work on /home/airflow/.local/lib/python3.12/site-packages/airflow/example_dags/example_bash_decorator.py
[2026-05-10T05:04:10.543+0000] {processor.py:830} INFO - Processing file /home/airflow/.local/lib/python3.12/site-packages/airflow/example_dags/example_bash_decorator.py for tasks to queue
[2026-05-10T05:04:10.545+0000] {logging_mixin.py:188} INFO - [2026-05-10T05:04:10.544+0000] {dagbag.py:545} INFO - Filling up the DagBag from /home/airflow/.local/lib/python3.12/site-packages/airflow/example_dags/example_bash_decorator.py
[2026-05-10T05:04:10.555+0000] {processor.py:840} INFO - DAG(s) 'example_bash_decorator' retrieved from /home/airflow/.local/lib/python3.12/site-packages/airflow/example_dags/example_bash_decorator.py
[2026-05-10T05:04:10.573+0000] {logging_mixin.py:188} INFO - [2026-05-10T05:04:10.573+0000] {dag.py:3096} INFO - Sync 1 DAGs
[2026-05-10T05:04:10.584+0000] {logging_mixin.py:188} INFO - [2026-05-10T05:04:10.583+0000] {dag.py:3954} INFO - Setting next_dagrun for example_bash_decorator to None, run_after=None
[2026-05-10T05:04:10.599+0000] {processor.py:183} INFO - Processing /home/airflow/.local/lib/python3.12/site-packages/airflow/example_dags/example_bash_decorator.py took 0.063 seconds
[2026-05-10T05:04:41.401+0000] {processor.py:161} INFO - Started process (PID=9633) to work on /home/airflow/.local/lib/python3.12/site-packages/airflow/example_dags/example_bash_decorator.py
[2026-05-10T05:04:41.405+0000] {processor.py:830} INFO - Processing file /home/airflow/.local/lib/python3.12/site-packages/airflow/example_dags/example_bash_decorator.py for tasks to queue
[2026-05-10T05:04:41.408+0000] {logging_mixin.py:188} INFO - [2026-05-10T05:04:41.408+0000] {dagbag.py:545} INFO - Filling up the DagBag from /home/airflow/.local/lib/python3.12/site-packages/airflow/example_dags/example_bash_decorator.py
[2026-05-10T05:04:41.421+0000] {processor.py:840} INFO - DAG(s) 'example_bash_decorator' retrieved from /home/airflow/.local/lib/python3.12/site-packages/airflow/example_dags/example_bash_decorator.py
[2026-05-10T05:04:41.440+0000] {logging_mixin.py:188} INFO - [2026-05-10T05:04:41.440+0000] {dag.py:3096} INFO - Sync 1 DAGs
[2026-05-10T05:04:41.451+0000] {logging_mixin.py:188} INFO - [2026-05-10T05:04:41.451+0000] {dag.py:3954} INFO - Setting next_dagrun for example_bash_decorator to None, run_after=None
[2026-05-10T05:04:41.467+0000] {processor.py:183} INFO - Processing /home/airflow/.local/lib/python3.12/site-packages/airflow/example_dags/example_bash_decorator.py took 0.073 seconds
[2026-05-10T05:05:11.540+0000] {processor.py:161} INFO - Started process (PID=9693) to work on /home/airflow/.local/lib/python3.12/site-packages/airflow/example_dags/example_bash_decorator.py
[2026-05-10T05:05:11.541+0000] {processor.py:830} INFO - Processing file /home/airflow/.local/lib/python3.12/site-packages/airflow/example_dags/example_bash_decorator.py for tasks to queue
[2026-05-10T05:05:11.543+0000] {logging_mixin.py:188} INFO - [2026-05-10T05:05:11.542+0000] {dagbag.py:545} INFO - Filling up the DagBag from /home/airflow/.local/lib/python3.12/site-packages/airflow/example_dags/example_bash_decorator.py
[2026-05-10T05:05:11.553+0000] {processor.py:840} INFO - DAG(s) 'example_bash_decorator' retrieved from /home/airflow/.local/lib/python3.12/site-packages/airflow/example_dags/example_bash_decorator.py
[2026-05-10T05:05:11.573+0000] {logging_mixin.py:188} INFO - [2026-05-10T05:05:11.572+0000] {dag.py:3096} INFO - Sync 1 DAGs
[2026-05-10T05:05:11.583+0000] {logging_mixin.py:188} INFO - [2026-05-10T05:05:11.582+0000] {dag.py:3954} INFO - Setting next_dagrun for example_bash_decorator to None, run_after=None
[2026-05-10T05:05:11.600+0000] {processor.py:183} INFO - Processing /home/airflow/.local/lib/python3.12/site-packages/airflow/example_dags/example_bash_decorator.py took 0.065 seconds
[2026-05-10T05:05:41.783+0000] {processor.py:161} INFO - Started process (PID=9753) to work on /home/airflow/.local/lib/python3.12/site-packages/airflow/example_dags/example_bash_decorator.py
[2026-05-10T05:05:41.784+0000] {processor.py:830} INFO - Processing file /home/airflow/.local/lib/python3.12/site-packages/airflow/example_dags/example_bash_decorator.py for tasks to queue
[2026-05-10T05:05:41.786+0000] {logging_mixin.py:188} INFO - [2026-05-10T05:05:41.786+0000] {dagbag.py:545} INFO - Filling up the DagBag from /home/airflow/.local/lib/python3.12/site-packages/airflow/example_dags/example_bash_decorator.py
[2026-05-10T05:05:41.797+0000] {processor.py:840} INFO - DAG(s) 'example_bash_decorator' retrieved from /home/airflow/.local/lib/python3.12/site-packages/airflow/example_dags/example_bash_decorator.py
[2026-05-10T05:05:41.815+0000] {logging_mixin.py:188} INFO - [2026-05-10T05:05:41.815+0000] {dag.py:3096} INFO - Sync 1 DAGs
[2026-05-10T05:05:41.826+0000] {logging_mixin.py:188} INFO - [2026-05-10T05:05:41.826+0000] {dag.py:3954} INFO - Setting next_dagrun for example_bash_decorator to None, run_after=None
[2026-05-10T05:05:41.843+0000] {processor.py:183} INFO - Processing /home/airflow/.local/lib/python3.12/site-packages/airflow/example_dags/example_bash_decorator.py took 0.065 seconds
[2026-05-10T05:06:12.382+0000] {processor.py:161} INFO - Started process (PID=9813) to work on /home/airflow/.local/lib/python3.12/site-packages/airflow/example_dags/example_bash_decorator.py
[2026-05-10T05:06:12.383+0000] {processor.py:830} INFO - Processing file /home/airflow/.local/lib/python3.12/site-packages/airflow/example_dags/example_bash_decorator.py for tasks to queue
[2026-05-10T05:06:12.385+0000] {logging_mixin.py:188} INFO - [2026-05-10T05:06:12.385+0000] {dagbag.py:545} INFO - Filling up the DagBag from /home/airflow/.local/lib/python3.12/site-packages/airflow/example_dags/example_bash_decorator.py
[2026-05-10T05:06:12.398+0000] {processor.py:840} INFO - DAG(s) 'example_bash_decorator' retrieved from /home/airflow/.local/lib/python3.12/site-packages/airflow/example_dags/example_bash_decorator.py
[2026-05-10T05:06:12.420+0000] {logging_mixin.py:188} INFO - [2026-05-10T05:06:12.420+0000] {dag.py:3096} INFO - Sync 1 DAGs
[2026-05-10T05:06:12.432+0000] {logging_mixin.py:188} INFO - [2026-05-10T05:06:12.432+0000] {dag.py:3954} INFO - Setting next_dagrun for example_bash_decorator to None, run_after=None
[2026-05-10T05:06:12.452+0000] {processor.py:183} INFO - Processing /home/airflow/.local/lib/python3.12/site-packages/airflow/example_dags/example_bash_decorator.py took 0.076 seconds
[2026-05-10T05:06:42.893+0000] {processor.py:161} INFO - Started process (PID=9873) to work on /home/airflow/.local/lib/python3.12/site-packages/airflow/example_dags/example_bash_decorator.py
[2026-05-10T05:06:42.895+0000] {processor.py:830} INFO - Processing file /home/airflow/.local/lib/python3.12/site-packages/airflow/example_dags/example_bash_decorator.py for tasks to queue
[2026-05-10T05:06:42.897+0000] {logging_mixin.py:188} INFO - [2026-05-10T05:06:42.897+0000] {dagbag.py:545} INFO - Filling up the DagBag from /home/airflow/.local/lib/python3.12/site-packages/airflow/example_dags/example_bash_decorator.py
[2026-05-10T05:06:42.912+0000] {processor.py:840} INFO - DAG(s) 'example_bash_decorator' retrieved from /home/airflow/.local/lib/python3.12/site-packages/airflow/example_dags/example_bash_decorator.py
[2026-05-10T05:06:42.935+0000] {logging_mixin.py:188} INFO - [2026-05-10T05:06:42.935+0000] {dag.py:3096} INFO - Sync 1 DAGs
[2026-05-10T05:06:42.951+0000] {logging_mixin.py:188} INFO - [2026-05-10T05:06:42.950+0000] {dag.py:3954} INFO - Setting next_dagrun for example_bash_decorator to None, run_after=None
[2026-05-10T05:06:42.971+0000] {processor.py:183} INFO - Processing /home/airflow/.local/lib/python3.12/site-packages/airflow/example_dags/example_bash_decorator.py took 0.086 seconds
[2026-05-10T05:07:13.194+0000] {processor.py:161} INFO - Started process (PID=9933) to work on /home/airflow/.local/lib/python3.12/site-packages/airflow/example_dags/example_bash_decorator.py
[2026-05-10T05:07:13.196+0000] {processor.py:830} INFO - Processing file /home/airflow/.local/lib/python3.12/site-packages/airflow/example_dags/example_bash_decorator.py for tasks to queue
[2026-05-10T05:07:13.198+0000] {logging_mixin.py:188} INFO - [2026-05-10T05:07:13.198+0000] {dagbag.py:545} INFO - Filling up the DagBag from /home/airflow/.local/lib/python3.12/site-packages/airflow/example_dags/example_bash_decorator.py
[2026-05-10T05:07:13.210+0000] {processor.py:840} INFO - DAG(s) 'example_bash_decorator' retrieved from /home/airflow/.local/lib/python3.12/site-packages/airflow/example_dags/example_bash_decorator.py
[2026-05-10T05:07:13.230+0000] {logging_mixin.py:188} INFO - [2026-05-10T05:07:13.230+0000] {dag.py:3096} INFO - Sync 1 DAGs
[2026-05-10T05:07:13.241+0000] {logging_mixin.py:188} INFO - [2026-05-10T05:07:13.241+0000] {dag.py:3954} INFO - Setting next_dagrun for example_bash_decorator to None, run_after=None
[2026-05-10T05:07:13.257+0000] {processor.py:183} INFO - Processing /home/airflow/.local/lib/python3.12/site-packages/airflow/example_dags/example_bash_decorator.py took 0.068 seconds
[2026-05-10T05:07:43.354+0000] {processor.py:161} INFO - Started process (PID=9993) to work on /home/airflow/.local/lib/python3.12/site-packages/airflow/example_dags/example_bash_decorator.py
[2026-05-10T05:07:43.355+0000] {processor.py:830} INFO - Processing file /home/airflow/.local/lib/python3.12/site-packages/airflow/example_dags/example_bash_decorator.py for tasks to queue
[2026-05-10T05:07:43.358+0000] {logging_mixin.py:188} INFO - [2026-05-10T05:07:43.358+0000] {dagbag.py:545} INFO - Filling up the DagBag from /home/airflow/.local/lib/python3.12/site-packages/airflow/example_dags/example_bash_decorator.py
[2026-05-10T05:07:43.370+0000] {processor.py:840} INFO - DAG(s) 'example_bash_decorator' retrieved from /home/airflow/.local/lib/python3.12/site-packages/airflow/example_dags/example_bash_decorator.py
[2026-05-10T05:07:43.392+0000] {logging_mixin.py:188} INFO - [2026-05-10T05:07:43.391+0000] {dag.py:3096} INFO - Sync 1 DAGs
[2026-05-10T05:07:43.402+0000] {logging_mixin.py:188} INFO - [2026-05-10T05:07:43.402+0000] {dag.py:3954} INFO - Setting next_dagrun for example_bash_decorator to None, run_after=None
[2026-05-10T05:07:43.422+0000] {processor.py:183} INFO - Processing /home/airflow/.local/lib/python3.12/site-packages/airflow/example_dags/example_bash_decorator.py took 0.073 seconds
[2026-05-10T05:08:14.018+0000] {processor.py:161} INFO - Started process (PID=10053) to work on /home/airflow/.local/lib/python3.12/site-packages/airflow/example_dags/example_bash_decorator.py
[2026-05-10T05:08:14.020+0000] {processor.py:830} INFO - Processing file /home/airflow/.local/lib/python3.12/site-packages/airflow/example_dags/example_bash_decorator.py for tasks to queue
[2026-05-10T05:08:14.022+0000] {logging_mixin.py:188} INFO - [2026-05-10T05:08:14.022+0000] {dagbag.py:545} INFO - Filling up the DagBag from /home/airflow/.local/lib/python3.12/site-packages/airflow/example_dags/example_bash_decorator.py
[2026-05-10T05:08:14.034+0000] {processor.py:840} INFO - DAG(s) 'example_bash_decorator' retrieved from /home/airflow/.local/lib/python3.12/site-packages/airflow/example_dags/example_bash_decorator.py
[2026-05-10T05:08:14.053+0000] {logging_mixin.py:188} INFO - [2026-05-10T05:08:14.053+0000] {dag.py:3096} INFO - Sync 1 DAGs
[2026-05-10T05:08:14.064+0000] {logging_mixin.py:188} INFO - [2026-05-10T05:08:14.064+0000] {dag.py:3954} INFO - Setting next_dagrun for example_bash_decorator to None, run_after=None
[2026-05-10T05:08:14.081+0000] {processor.py:183} INFO - Processing /home/airflow/.local/lib/python3.12/site-packages/airflow/example_dags/example_bash_decorator.py took 0.071 seconds
[2026-05-10T05:08:44.201+0000] {processor.py:161} INFO - Started process (PID=10113) to work on /home/airflow/.local/lib/python3.12/site-packages/airflow/example_dags/example_bash_decorator.py
[2026-05-10T05:08:44.202+0000] {processor.py:830} INFO - Processing file /home/airflow/.local/lib/python3.12/site-packages/airflow/example_dags/example_bash_decorator.py for tasks to queue
[2026-05-10T05:08:44.204+0000] {logging_mixin.py:188} INFO - [2026-05-10T05:08:44.204+0000] {dagbag.py:545} INFO - Filling up the DagBag from /home/airflow/.local/lib/python3.12/site-packages/airflow/example_dags/example_bash_decorator.py
[2026-05-10T05:08:44.215+0000] {processor.py:840} INFO - DAG(s) 'example_bash_decorator' retrieved from /home/airflow/.local/lib/python3.12/site-packages/airflow/example_dags/example_bash_decorator.py
[2026-05-10T05:08:44.234+0000] {logging_mixin.py:188} INFO - [2026-05-10T05:08:44.234+0000] {dag.py:3096} INFO - Sync 1 DAGs
[2026-05-10T05:08:44.244+0000] {logging_mixin.py:188} INFO - [2026-05-10T05:08:44.244+0000] {dag.py:3954} INFO - Setting next_dagrun for example_bash_decorator to None, run_after=None
[2026-05-10T05:08:44.258+0000] {processor.py:183} INFO - Processing /home/airflow/.local/lib/python3.12/site-packages/airflow/example_dags/example_bash_decorator.py took 0.063 seconds
[2026-05-10T05:09:14.338+0000] {processor.py:161} INFO - Started process (PID=10173) to work on /home/airflow/.local/lib/python3.12/site-packages/airflow/example_dags/example_bash_decorator.py
[2026-05-10T05:09:14.339+0000] {processor.py:830} INFO - Processing file /home/airflow/.local/lib/python3.12/site-packages/airflow/example_dags/example_bash_decorator.py for tasks to queue
[2026-05-10T05:09:14.341+0000] {logging_mixin.py:188} INFO - [2026-05-10T05:09:14.341+0000] {dagbag.py:545} INFO - Filling up the DagBag from /home/airflow/.local/lib/python3.12/site-packages/airflow/example_dags/example_bash_decorator.py
[2026-05-10T05:09:14.352+0000] {processor.py:840} INFO - DAG(s) 'example_bash_decorator' retrieved from /home/airflow/.local/lib/python3.12/site-packages/airflow/example_dags/example_bash_decorator.py
[2026-05-10T05:09:14.370+0000] {logging_mixin.py:188} INFO - [2026-05-10T05:09:14.370+0000] {dag.py:3096} INFO - Sync 1 DAGs
[2026-05-10T05:09:14.380+0000] {logging_mixin.py:188} INFO - [2026-05-10T05:09:14.380+0000] {dag.py:3954} INFO - Setting next_dagrun for example_bash_decorator to None, run_after=None
[2026-05-10T05:09:14.396+0000] {processor.py:183} INFO - Processing /home/airflow/.local/lib/python3.12/site-packages/airflow/example_dags/example_bash_decorator.py took 0.063 seconds
[2026-05-10T05:09:44.519+0000] {processor.py:161} INFO - Started process (PID=10233) to work on /home/airflow/.local/lib/python3.12/site-packages/airflow/example_dags/example_bash_decorator.py
[2026-05-10T05:09:44.520+0000] {processor.py:830} INFO - Processing file /home/airflow/.local/lib/python3.12/site-packages/airflow/example_dags/example_bash_decorator.py for tasks to queue
[2026-05-10T05:09:44.522+0000] {logging_mixin.py:188} INFO - [2026-05-10T05:09:44.521+0000] {dagbag.py:545} INFO - Filling up the DagBag from /home/airflow/.local/lib/python3.12/site-packages/airflow/example_dags/example_bash_decorator.py
[2026-05-10T05:09:44.532+0000] {processor.py:840} INFO - DAG(s) 'example_bash_decorator' retrieved from /home/airflow/.local/lib/python3.12/site-packages/airflow/example_dags/example_bash_decorator.py
[2026-05-10T05:09:44.552+0000] {logging_mixin.py:188} INFO - [2026-05-10T05:09:44.552+0000] {dag.py:3096} INFO - Sync 1 DAGs
[2026-05-10T05:09:44.563+0000] {logging_mixin.py:188} INFO - [2026-05-10T05:09:44.563+0000] {dag.py:3954} INFO - Setting next_dagrun for example_bash_decorator to None, run_after=None
[2026-05-10T05:09:44.578+0000] {processor.py:183} INFO - Processing /home/airflow/.local/lib/python3.12/site-packages/airflow/example_dags/example_bash_decorator.py took 0.066 seconds
[2026-05-10T05:10:15.168+0000] {processor.py:161} INFO - Started process (PID=10293) to work on /home/airflow/.local/lib/python3.12/site-packages/airflow/example_dags/example_bash_decorator.py
[2026-05-10T05:10:15.169+0000] {processor.py:830} INFO - Processing file /home/airflow/.local/lib/python3.12/site-packages/airflow/example_dags/example_bash_decorator.py for tasks to queue
[2026-05-10T05:10:15.171+0000] {logging_mixin.py:188} INFO - [2026-05-10T05:10:15.171+0000] {dagbag.py:545} INFO - Filling up the DagBag from /home/airflow/.local/lib/python3.12/site-packages/airflow/example_dags/example_bash_decorator.py
[2026-05-10T05:10:15.184+0000] {processor.py:840} INFO - DAG(s) 'example_bash_decorator' retrieved from /home/airflow/.local/lib/python3.12/site-packages/airflow/example_dags/example_bash_decorator.py
[2026-05-10T05:10:15.203+0000] {logging_mixin.py:188} INFO - [2026-05-10T05:10:15.203+0000] {dag.py:3096} INFO - Sync 1 DAGs
[2026-05-10T05:10:15.214+0000] {logging_mixin.py:188} INFO - [2026-05-10T05:10:15.213+0000] {dag.py:3954} INFO - Setting next_dagrun for example_bash_decorator to None, run_after=None
[2026-05-10T05:10:15.229+0000] {processor.py:183} INFO - Processing /home/airflow/.local/lib/python3.12/site-packages/airflow/example_dags/example_bash_decorator.py took 0.066 seconds
[2026-05-10T05:10:45.427+0000] {processor.py:161} INFO - Started process (PID=10353) to work on /home/airflow/.local/lib/python3.12/site-packages/airflow/example_dags/example_bash_decorator.py
[2026-05-10T05:10:45.428+0000] {processor.py:830} INFO - Processing file /home/airflow/.local/lib/python3.12/site-packages/airflow/example_dags/example_bash_decorator.py for tasks to queue
[2026-05-10T05:10:45.430+0000] {logging_mixin.py:188} INFO - [2026-05-10T05:10:45.430+0000] {dagbag.py:545} INFO - Filling up the DagBag from /home/airflow/.local/lib/python3.12/site-packages/airflow/example_dags/example_bash_decorator.py
[2026-05-10T05:10:45.441+0000] {processor.py:840} INFO - DAG(s) 'example_bash_decorator' retrieved from /home/airflow/.local/lib/python3.12/site-packages/airflow/example_dags/example_bash_decorator.py
[2026-05-10T05:10:45.460+0000] {logging_mixin.py:188} INFO - [2026-05-10T05:10:45.459+0000] {dag.py:3096} INFO - Sync 1 DAGs
[2026-05-10T05:10:45.470+0000] {logging_mixin.py:188} INFO - [2026-05-10T05:10:45.470+0000] {dag.py:3954} INFO - Setting next_dagrun for example_bash_decorator to None, run_after=None
[2026-05-10T05:10:45.488+0000] {processor.py:183} INFO - Processing /home/airflow/.local/lib/python3.12/site-packages/airflow/example_dags/example_bash_decorator.py took 0.066 seconds
[2026-05-10T05:11:15.788+0000] {processor.py:161} INFO - Started process (PID=10413) to work on /home/airflow/.local/lib/python3.12/site-packages/airflow/example_dags/example_bash_decorator.py
[2026-05-10T05:11:15.789+0000] {processor.py:830} INFO - Processing file /home/airflow/.local/lib/python3.12/site-packages/airflow/example_dags/example_bash_decorator.py for tasks to queue
[2026-05-10T05:11:15.792+0000] {logging_mixin.py:188} INFO - [2026-05-10T05:11:15.791+0000] {dagbag.py:545} INFO - Filling up the DagBag from /home/airflow/.local/lib/python3.12/site-packages/airflow/example_dags/example_bash_decorator.py
[2026-05-10T05:11:15.802+0000] {processor.py:840} INFO - DAG(s) 'example_bash_decorator' retrieved from /home/airflow/.local/lib/python3.12/site-packages/airflow/example_dags/example_bash_decorator.py
[2026-05-10T05:11:15.821+0000] {logging_mixin.py:188} INFO - [2026-05-10T05:11:15.821+0000] {dag.py:3096} INFO - Sync 1 DAGs
[2026-05-10T05:11:15.832+0000] {logging_mixin.py:188} INFO - [2026-05-10T05:11:15.831+0000] {dag.py:3954} INFO - Setting next_dagrun for example_bash_decorator to None, run_after=None
[2026-05-10T05:11:15.850+0000] {processor.py:183} INFO - Processing /home/airflow/.local/lib/python3.12/site-packages/airflow/example_dags/example_bash_decorator.py took 0.067 seconds
[2026-05-10T05:11:46.416+0000] {processor.py:161} INFO - Started process (PID=10474) to work on /home/airflow/.local/lib/python3.12/site-packages/airflow/example_dags/example_bash_decorator.py
[2026-05-10T05:11:46.417+0000] {processor.py:830} INFO - Processing file /home/airflow/.local/lib/python3.12/site-packages/airflow/example_dags/example_bash_decorator.py for tasks to queue
[2026-05-10T05:11:46.419+0000] {logging_mixin.py:188} INFO - [2026-05-10T05:11:46.418+0000] {dagbag.py:545} INFO - Filling up the DagBag from /home/airflow/.local/lib/python3.12/site-packages/airflow/example_dags/example_bash_decorator.py
[2026-05-10T05:11:46.429+0000] {processor.py:840} INFO - DAG(s) 'example_bash_decorator' retrieved from /home/airflow/.local/lib/python3.12/site-packages/airflow/example_dags/example_bash_decorator.py
[2026-05-10T05:11:46.449+0000] {logging_mixin.py:188} INFO - [2026-05-10T05:11:46.449+0000] {dag.py:3096} INFO - Sync 1 DAGs
[2026-05-10T05:11:46.460+0000] {logging_mixin.py:188} INFO - [2026-05-10T05:11:46.460+0000] {dag.py:3954} INFO - Setting next_dagrun for example_bash_decorator to None, run_after=None
[2026-05-10T05:11:46.480+0000] {processor.py:183} INFO - Processing /home/airflow/.local/lib/python3.12/site-packages/airflow/example_dags/example_bash_decorator.py took 0.070 seconds
[2026-05-10T05:12:16.548+0000] {processor.py:161} INFO - Started process (PID=10534) to work on /home/airflow/.local/lib/python3.12/site-packages/airflow/example_dags/example_bash_decorator.py
[2026-05-10T05:12:16.550+0000] {processor.py:830} INFO - Processing file /home/airflow/.local/lib/python3.12/site-packages/airflow/example_dags/example_bash_decorator.py for tasks to queue
[2026-05-10T05:12:16.552+0000] {logging_mixin.py:188} INFO - [2026-05-10T05:12:16.552+0000] {dagbag.py:545} INFO - Filling up the DagBag from /home/airflow/.local/lib/python3.12/site-packages/airflow/example_dags/example_bash_decorator.py
[2026-05-10T05:12:16.563+0000] {processor.py:840} INFO - DAG(s) 'example_bash_decorator' retrieved from /home/airflow/.local/lib/python3.12/site-packages/airflow/example_dags/example_bash_decorator.py
[2026-05-10T05:12:16.580+0000] {logging_mixin.py:188} INFO - [2026-05-10T05:12:16.579+0000] {dag.py:3096} INFO - Sync 1 DAGs
[2026-05-10T05:12:16.589+0000] {logging_mixin.py:188} INFO - [2026-05-10T05:12:16.589+0000] {dag.py:3954} INFO - Setting next_dagrun for example_bash_decorator to None, run_after=None
[2026-05-10T05:12:16.604+0000] {processor.py:183} INFO - Processing /home/airflow/.local/lib/python3.12/site-packages/airflow/example_dags/example_bash_decorator.py took 0.062 seconds
[2026-05-10T05:12:47.042+0000] {processor.py:161} INFO - Started process (PID=10594) to work on /home/airflow/.local/lib/python3.12/site-packages/airflow/example_dags/example_bash_decorator.py
[2026-05-10T05:12:47.044+0000] {processor.py:830} INFO - Processing file /home/airflow/.local/lib/python3.12/site-packages/airflow/example_dags/example_bash_decorator.py for tasks to queue
[2026-05-10T05:12:47.046+0000] {logging_mixin.py:188} INFO - [2026-05-10T05:12:47.046+0000] {dagbag.py:545} INFO - Filling up the DagBag from /home/airflow/.local/lib/python3.12/site-packages/airflow/example_dags/example_bash_decorator.py
[2026-05-10T05:12:47.056+0000] {processor.py:840} INFO - DAG(s) 'example_bash_decorator' retrieved from /home/airflow/.local/lib/python3.12/site-packages/airflow/example_dags/example_bash_decorator.py
[2026-05-10T05:12:47.074+0000] {logging_mixin.py:188} INFO - [2026-05-10T05:12:47.074+0000] {dag.py:3096} INFO - Sync 1 DAGs
[2026-05-10T05:12:47.083+0000] {logging_mixin.py:188} INFO - [2026-05-10T05:12:47.083+0000] {dag.py:3954} INFO - Setting next_dagrun for example_bash_decorator to None, run_after=None
[2026-05-10T05:12:47.101+0000] {processor.py:183} INFO - Processing /home/airflow/.local/lib/python3.12/site-packages/airflow/example_dags/example_bash_decorator.py took 0.064 seconds
[2026-05-10T05:13:17.356+0000] {processor.py:161} INFO - Started process (PID=10654) to work on /home/airflow/.local/lib/python3.12/site-packages/airflow/example_dags/example_bash_decorator.py
[2026-05-10T05:13:17.358+0000] {processor.py:830} INFO - Processing file /home/airflow/.local/lib/python3.12/site-packages/airflow/example_dags/example_bash_decorator.py for tasks to queue
[2026-05-10T05:13:17.360+0000] {logging_mixin.py:188} INFO - [2026-05-10T05:13:17.360+0000] {dagbag.py:545} INFO - Filling up the DagBag from /home/airflow/.local/lib/python3.12/site-packages/airflow/example_dags/example_bash_decorator.py
[2026-05-10T05:13:17.370+0000] {processor.py:840} INFO - DAG(s) 'example_bash_decorator' retrieved from /home/airflow/.local/lib/python3.12/site-packages/airflow/example_dags/example_bash_decorator.py
[2026-05-10T05:13:17.388+0000] {logging_mixin.py:188} INFO - [2026-05-10T05:13:17.388+0000] {dag.py:3096} INFO - Sync 1 DAGs
[2026-05-10T05:13:17.397+0000] {logging_mixin.py:188} INFO - [2026-05-10T05:13:17.397+0000] {dag.py:3954} INFO - Setting next_dagrun for example_bash_decorator to None, run_after=None
[2026-05-10T05:13:17.416+0000] {processor.py:183} INFO - Processing /home/airflow/.local/lib/python3.12/site-packages/airflow/example_dags/example_bash_decorator.py took 0.065 seconds
[2026-05-10T05:13:47.840+0000] {processor.py:161} INFO - Started process (PID=10714) to work on /home/airflow/.local/lib/python3.12/site-packages/airflow/example_dags/example_bash_decorator.py
[2026-05-10T05:13:47.842+0000] {processor.py:830} INFO - Processing file /home/airflow/.local/lib/python3.12/site-packages/airflow/example_dags/example_bash_decorator.py for tasks to queue
[2026-05-10T05:13:47.844+0000] {logging_mixin.py:188} INFO - [2026-05-10T05:13:47.844+0000] {dagbag.py:545} INFO - Filling up the DagBag from /home/airflow/.local/lib/python3.12/site-packages/airflow/example_dags/example_bash_decorator.py
[2026-05-10T05:13:47.855+0000] {processor.py:840} INFO - DAG(s) 'example_bash_decorator' retrieved from /home/airflow/.local/lib/python3.12/site-packages/airflow/example_dags/example_bash_decorator.py
[2026-05-10T05:13:47.874+0000] {logging_mixin.py:188} INFO - [2026-05-10T05:13:47.874+0000] {dag.py:3096} INFO - Sync 1 DAGs
[2026-05-10T05:13:47.888+0000] {logging_mixin.py:188} INFO - [2026-05-10T05:13:47.887+0000] {dag.py:3954} INFO - Setting next_dagrun for example_bash_decorator to None, run_after=None
[2026-05-10T05:13:47.903+0000] {processor.py:183} INFO - Processing /home/airflow/.local/lib/python3.12/site-packages/airflow/example_dags/example_bash_decorator.py took 0.068 seconds
[2026-05-10T05:14:18.087+0000] {processor.py:161} INFO - Started process (PID=10774) to work on /home/airflow/.local/lib/python3.12/site-packages/airflow/example_dags/example_bash_decorator.py
[2026-05-10T05:14:18.088+0000] {processor.py:830} INFO - Processing file /home/airflow/.local/lib/python3.12/site-packages/airflow/example_dags/example_bash_decorator.py for tasks to queue
[2026-05-10T05:14:18.090+0000] {logging_mixin.py:188} INFO - [2026-05-10T05:14:18.090+0000] {dagbag.py:545} INFO - Filling up the DagBag from /home/airflow/.local/lib/python3.12/site-packages/airflow/example_dags/example_bash_decorator.py
[2026-05-10T05:14:18.101+0000] {processor.py:840} INFO - DAG(s) 'example_bash_decorator' retrieved from /home/airflow/.local/lib/python3.12/site-packages/airflow/example_dags/example_bash_decorator.py
[2026-05-10T05:14:18.120+0000] {logging_mixin.py:188} INFO - [2026-05-10T05:14:18.120+0000] {dag.py:3096} INFO - Sync 1 DAGs
[2026-05-10T05:14:18.133+0000] {logging_mixin.py:188} INFO - [2026-05-10T05:14:18.132+0000] {dag.py:3954} INFO - Setting next_dagrun for example_bash_decorator to None, run_after=None
[2026-05-10T05:14:18.149+0000] {processor.py:183} INFO - Processing /home/airflow/.local/lib/python3.12/site-packages/airflow/example_dags/example_bash_decorator.py took 0.067 seconds
[2026-05-10T05:14:48.273+0000] {processor.py:161} INFO - Started process (PID=10834) to work on /home/airflow/.local/lib/python3.12/site-packages/airflow/example_dags/example_bash_decorator.py
[2026-05-10T05:14:48.276+0000] {processor.py:830} INFO - Processing file /home/airflow/.local/lib/python3.12/site-packages/airflow/example_dags/example_bash_decorator.py for tasks to queue
[2026-05-10T05:14:48.278+0000] {logging_mixin.py:188} INFO - [2026-05-10T05:14:48.278+0000] {dagbag.py:545} INFO - Filling up the DagBag from /home/airflow/.local/lib/python3.12/site-packages/airflow/example_dags/example_bash_decorator.py
[2026-05-10T05:14:48.293+0000] {processor.py:840} INFO - DAG(s) 'example_bash_decorator' retrieved from /home/airflow/.local/lib/python3.12/site-packages/airflow/example_dags/example_bash_decorator.py
[2026-05-10T05:14:48.314+0000] {logging_mixin.py:188} INFO - [2026-05-10T05:14:48.314+0000] {dag.py:3096} INFO - Sync 1 DAGs
[2026-05-10T05:14:48.327+0000] {logging_mixin.py:188} INFO - [2026-05-10T05:14:48.327+0000] {dag.py:3954} INFO - Setting next_dagrun for example_bash_decorator to None, run_after=None
[2026-05-10T05:14:48.345+0000] {processor.py:183} INFO - Processing /home/airflow/.local/lib/python3.12/site-packages/airflow/example_dags/example_bash_decorator.py took 0.077 seconds
[2026-05-10T05:15:19.263+0000] {processor.py:161} INFO - Started process (PID=10894) to work on /home/airflow/.local/lib/python3.12/site-packages/airflow/example_dags/example_bash_decorator.py
[2026-05-10T05:15:19.264+0000] {processor.py:830} INFO - Processing file /home/airflow/.local/lib/python3.12/site-packages/airflow/example_dags/example_bash_decorator.py for tasks to queue
[2026-05-10T05:15:19.266+0000] {logging_mixin.py:188} INFO - [2026-05-10T05:15:19.266+0000] {dagbag.py:545} INFO - Filling up the DagBag from /home/airflow/.local/lib/python3.12/site-packages/airflow/example_dags/example_bash_decorator.py
[2026-05-10T05:15:19.276+0000] {processor.py:840} INFO - DAG(s) 'example_bash_decorator' retrieved from /home/airflow/.local/lib/python3.12/site-packages/airflow/example_dags/example_bash_decorator.py
[2026-05-10T05:15:19.295+0000] {logging_mixin.py:188} INFO - [2026-05-10T05:15:19.295+0000] {dag.py:3096} INFO - Sync 1 DAGs
[2026-05-10T05:15:19.306+0000] {logging_mixin.py:188} INFO - [2026-05-10T05:15:19.305+0000] {dag.py:3954} INFO - Setting next_dagrun for example_bash_decorator to None, run_after=None
[2026-05-10T05:15:19.320+0000] {processor.py:183} INFO - Processing /home/airflow/.local/lib/python3.12/site-packages/airflow/example_dags/example_bash_decorator.py took 0.062 seconds
[2026-05-10T05:15:49.560+0000] {processor.py:161} INFO - Started process (PID=10954) to work on /home/airflow/.local/lib/python3.12/site-packages/airflow/example_dags/example_bash_decorator.py
[2026-05-10T05:15:49.562+0000] {processor.py:830} INFO - Processing file /home/airflow/.local/lib/python3.12/site-packages/airflow/example_dags/example_bash_decorator.py for tasks to queue
[2026-05-10T05:15:49.564+0000] {logging_mixin.py:188} INFO - [2026-05-10T05:15:49.564+0000] {dagbag.py:545} INFO - Filling up the DagBag from /home/airflow/.local/lib/python3.12/site-packages/airflow/example_dags/example_bash_decorator.py
[2026-05-10T05:15:49.575+0000] {processor.py:840} INFO - DAG(s) 'example_bash_decorator' retrieved from /home/airflow/.local/lib/python3.12/site-packages/airflow/example_dags/example_bash_decorator.py
[2026-05-10T05:15:49.596+0000] {logging_mixin.py:188} INFO - [2026-05-10T05:15:49.595+0000] {dag.py:3096} INFO - Sync 1 DAGs
[2026-05-10T05:15:49.608+0000] {logging_mixin.py:188} INFO - [2026-05-10T05:15:49.608+0000] {dag.py:3954} INFO - Setting next_dagrun for example_bash_decorator to None, run_after=None
[2026-05-10T05:15:49.624+0000] {processor.py:183} INFO - Processing /home/airflow/.local/lib/python3.12/site-packages/airflow/example_dags/example_bash_decorator.py took 0.069 seconds
[2026-05-10T05:16:19.976+0000] {processor.py:161} INFO - Started process (PID=11014) to work on /home/airflow/.local/lib/python3.12/site-packages/airflow/example_dags/example_bash_decorator.py
[2026-05-10T05:16:19.978+0000] {processor.py:830} INFO - Processing file /home/airflow/.local/lib/python3.12/site-packages/airflow/example_dags/example_bash_decorator.py for tasks to queue
[2026-05-10T05:16:19.979+0000] {logging_mixin.py:188} INFO - [2026-05-10T05:16:19.979+0000] {dagbag.py:545} INFO - Filling up the DagBag from /home/airflow/.local/lib/python3.12/site-packages/airflow/example_dags/example_bash_decorator.py
[2026-05-10T05:16:19.989+0000] {processor.py:840} INFO - DAG(s) 'example_bash_decorator' retrieved from /home/airflow/.local/lib/python3.12/site-packages/airflow/example_dags/example_bash_decorator.py
[2026-05-10T05:16:20.008+0000] {logging_mixin.py:188} INFO - [2026-05-10T05:16:20.008+0000] {dag.py:3096} INFO - Sync 1 DAGs
[2026-05-10T05:16:20.021+0000] {logging_mixin.py:188} INFO - [2026-05-10T05:16:20.021+0000] {dag.py:3954} INFO - Setting next_dagrun for example_bash_decorator to None, run_after=None
[2026-05-10T05:16:20.037+0000] {processor.py:183} INFO - Processing /home/airflow/.local/lib/python3.12/site-packages/airflow/example_dags/example_bash_decorator.py took 0.066 seconds
[2026-05-10T05:16:50.335+0000] {processor.py:161} INFO - Started process (PID=11074) to work on /home/airflow/.local/lib/python3.12/site-packages/airflow/example_dags/example_bash_decorator.py
[2026-05-10T05:16:50.337+0000] {processor.py:830} INFO - Processing file /home/airflow/.local/lib/python3.12/site-packages/airflow/example_dags/example_bash_decorator.py for tasks to queue
[2026-05-10T05:16:50.339+0000] {logging_mixin.py:188} INFO - [2026-05-10T05:16:50.339+0000] {dagbag.py:545} INFO - Filling up the DagBag from /home/airflow/.local/lib/python3.12/site-packages/airflow/example_dags/example_bash_decorator.py
[2026-05-10T05:16:50.352+0000] {processor.py:840} INFO - DAG(s) 'example_bash_decorator' retrieved from /home/airflow/.local/lib/python3.12/site-packages/airflow/example_dags/example_bash_decorator.py
[2026-05-10T05:16:50.370+0000] {logging_mixin.py:188} INFO - [2026-05-10T05:16:50.370+0000] {dag.py:3096} INFO - Sync 1 DAGs
[2026-05-10T05:16:50.382+0000] {logging_mixin.py:188} INFO - [2026-05-10T05:16:50.382+0000] {dag.py:3954} INFO - Setting next_dagrun for example_bash_decorator to None, run_after=None
[2026-05-10T05:16:50.397+0000] {processor.py:183} INFO - Processing /home/airflow/.local/lib/python3.12/site-packages/airflow/example_dags/example_bash_decorator.py took 0.067 seconds
[2026-05-10T05:17:21.059+0000] {processor.py:161} INFO - Started process (PID=11132) to work on /home/airflow/.local/lib/python3.12/site-packages/airflow/example_dags/example_bash_decorator.py
[2026-05-10T05:17:21.061+0000] {processor.py:830} INFO - Processing file /home/airflow/.local/lib/python3.12/site-packages/airflow/example_dags/example_bash_decorator.py for tasks to queue
[2026-05-10T05:17:21.062+0000] {logging_mixin.py:188} INFO - [2026-05-10T05:17:21.062+0000] {dagbag.py:545} INFO - Filling up the DagBag from /home/airflow/.local/lib/python3.12/site-packages/airflow/example_dags/example_bash_decorator.py
[2026-05-10T05:17:21.075+0000] {processor.py:840} INFO - DAG(s) 'example_bash_decorator' retrieved from /home/airflow/.local/lib/python3.12/site-packages/airflow/example_dags/example_bash_decorator.py
[2026-05-10T05:17:21.093+0000] {logging_mixin.py:188} INFO - [2026-05-10T05:17:21.093+0000] {dag.py:3096} INFO - Sync 1 DAGs
[2026-05-10T05:17:21.103+0000] {logging_mixin.py:188} INFO - [2026-05-10T05:17:21.103+0000] {dag.py:3954} INFO - Setting next_dagrun for example_bash_decorator to None, run_after=None
[2026-05-10T05:17:21.118+0000] {processor.py:183} INFO - Processing /home/airflow/.local/lib/python3.12/site-packages/airflow/example_dags/example_bash_decorator.py took 0.064 seconds
[2026-05-10T05:17:51.858+0000] {processor.py:161} INFO - Started process (PID=11193) to work on /home/airflow/.local/lib/python3.12/site-packages/airflow/example_dags/example_bash_decorator.py
[2026-05-10T05:17:51.859+0000] {processor.py:830} INFO - Processing file /home/airflow/.local/lib/python3.12/site-packages/airflow/example_dags/example_bash_decorator.py for tasks to queue
[2026-05-10T05:17:51.861+0000] {logging_mixin.py:188} INFO - [2026-05-10T05:17:51.861+0000] {dagbag.py:545} INFO - Filling up the DagBag from /home/airflow/.local/lib/python3.12/site-packages/airflow/example_dags/example_bash_decorator.py
[2026-05-10T05:17:51.871+0000] {processor.py:840} INFO - DAG(s) 'example_bash_decorator' retrieved from /home/airflow/.local/lib/python3.12/site-packages/airflow/example_dags/example_bash_decorator.py
[2026-05-10T05:17:51.896+0000] {logging_mixin.py:188} INFO - [2026-05-10T05:17:51.896+0000] {dag.py:3096} INFO - Sync 1 DAGs
[2026-05-10T05:17:51.911+0000] {logging_mixin.py:188} INFO - [2026-05-10T05:17:51.911+0000] {dag.py:3954} INFO - Setting next_dagrun for example_bash_decorator to None, run_after=None
[2026-05-10T05:17:51.935+0000] {processor.py:183} INFO - Processing /home/airflow/.local/lib/python3.12/site-packages/airflow/example_dags/example_bash_decorator.py took 0.082 seconds
[2026-05-10T05:18:22.075+0000] {processor.py:161} INFO - Started process (PID=11253) to work on /home/airflow/.local/lib/python3.12/site-packages/airflow/example_dags/example_bash_decorator.py
[2026-05-10T05:18:22.076+0000] {processor.py:830} INFO - Processing file /home/airflow/.local/lib/python3.12/site-packages/airflow/example_dags/example_bash_decorator.py for tasks to queue
[2026-05-10T05:18:22.078+0000] {logging_mixin.py:188} INFO - [2026-05-10T05:18:22.077+0000] {dagbag.py:545} INFO - Filling up the DagBag from /home/airflow/.local/lib/python3.12/site-packages/airflow/example_dags/example_bash_decorator.py
[2026-05-10T05:18:22.090+0000] {processor.py:840} INFO - DAG(s) 'example_bash_decorator' retrieved from /home/airflow/.local/lib/python3.12/site-packages/airflow/example_dags/example_bash_decorator.py
[2026-05-10T05:18:22.111+0000] {logging_mixin.py:188} INFO - [2026-05-10T05:18:22.111+0000] {dag.py:3096} INFO - Sync 1 DAGs
[2026-05-10T05:18:22.122+0000] {logging_mixin.py:188} INFO - [2026-05-10T05:18:22.121+0000] {dag.py:3954} INFO - Setting next_dagrun for example_bash_decorator to None, run_after=None
[2026-05-10T05:18:22.139+0000] {processor.py:183} INFO - Processing /home/airflow/.local/lib/python3.12/site-packages/airflow/example_dags/example_bash_decorator.py took 0.070 seconds
[2026-05-10T05:18:52.556+0000] {processor.py:161} INFO - Started process (PID=11311) to work on /home/airflow/.local/lib/python3.12/site-packages/airflow/example_dags/example_bash_decorator.py
[2026-05-10T05:18:52.559+0000] {processor.py:830} INFO - Processing file /home/airflow/.local/lib/python3.12/site-packages/airflow/example_dags/example_bash_decorator.py for tasks to queue
[2026-05-10T05:18:52.561+0000] {logging_mixin.py:188} INFO - [2026-05-10T05:18:52.561+0000] {dagbag.py:545} INFO - Filling up the DagBag from /home/airflow/.local/lib/python3.12/site-packages/airflow/example_dags/example_bash_decorator.py
[2026-05-10T05:18:52.572+0000] {processor.py:840} INFO - DAG(s) 'example_bash_decorator' retrieved from /home/airflow/.local/lib/python3.12/site-packages/airflow/example_dags/example_bash_decorator.py
[2026-05-10T05:18:52.591+0000] {logging_mixin.py:188} INFO - [2026-05-10T05:18:52.591+0000] {dag.py:3096} INFO - Sync 1 DAGs
[2026-05-10T05:18:52.604+0000] {logging_mixin.py:188} INFO - [2026-05-10T05:18:52.603+0000] {dag.py:3954} INFO - Setting next_dagrun for example_bash_decorator to None, run_after=None
[2026-05-10T05:18:52.617+0000] {processor.py:183} INFO - Processing /home/airflow/.local/lib/python3.12/site-packages/airflow/example_dags/example_bash_decorator.py took 0.066 seconds
[2026-05-10T05:19:23.365+0000] {processor.py:161} INFO - Started process (PID=11371) to work on /home/airflow/.local/lib/python3.12/site-packages/airflow/example_dags/example_bash_decorator.py
[2026-05-10T05:19:23.366+0000] {processor.py:830} INFO - Processing file /home/airflow/.local/lib/python3.12/site-packages/airflow/example_dags/example_bash_decorator.py for tasks to queue
[2026-05-10T05:19:23.368+0000] {logging_mixin.py:188} INFO - [2026-05-10T05:19:23.368+0000] {dagbag.py:545} INFO - Filling up the DagBag from /home/airflow/.local/lib/python3.12/site-packages/airflow/example_dags/example_bash_decorator.py
[2026-05-10T05:19:23.384+0000] {processor.py:840} INFO - DAG(s) 'example_bash_decorator' retrieved from /home/airflow/.local/lib/python3.12/site-packages/airflow/example_dags/example_bash_decorator.py
[2026-05-10T05:19:23.409+0000] {logging_mixin.py:188} INFO - [2026-05-10T05:19:23.409+0000] {dag.py:3096} INFO - Sync 1 DAGs
[2026-05-10T05:19:23.419+0000] {logging_mixin.py:188} INFO - [2026-05-10T05:19:23.419+0000] {dag.py:3954} INFO - Setting next_dagrun for example_bash_decorator to None, run_after=None
[2026-05-10T05:19:23.437+0000] {processor.py:183} INFO - Processing /home/airflow/.local/lib/python3.12/site-packages/airflow/example_dags/example_bash_decorator.py took 0.077 seconds
[2026-05-10T05:19:53.501+0000] {processor.py:161} INFO - Started process (PID=11431) to work on /home/airflow/.local/lib/python3.12/site-packages/airflow/example_dags/example_bash_decorator.py
[2026-05-10T05:19:53.502+0000] {processor.py:830} INFO - Processing file /home/airflow/.local/lib/python3.12/site-packages/airflow/example_dags/example_bash_decorator.py for tasks to queue
[2026-05-10T05:19:53.505+0000] {logging_mixin.py:188} INFO - [2026-05-10T05:19:53.505+0000] {dagbag.py:545} INFO - Filling up the DagBag from /home/airflow/.local/lib/python3.12/site-packages/airflow/example_dags/example_bash_decorator.py
[2026-05-10T05:19:53.516+0000] {processor.py:840} INFO - DAG(s) 'example_bash_decorator' retrieved from /home/airflow/.local/lib/python3.12/site-packages/airflow/example_dags/example_bash_decorator.py
[2026-05-10T05:19:53.536+0000] {logging_mixin.py:188} INFO - [2026-05-10T05:19:53.536+0000] {dag.py:3096} INFO - Sync 1 DAGs
[2026-05-10T05:19:53.546+0000] {logging_mixin.py:188} INFO - [2026-05-10T05:19:53.546+0000] {dag.py:3954} INFO - Setting next_dagrun for example_bash_decorator to None, run_after=None
[2026-05-10T05:19:53.561+0000] {processor.py:183} INFO - Processing /home/airflow/.local/lib/python3.12/site-packages/airflow/example_dags/example_bash_decorator.py took 0.065 seconds
[2026-05-10T05:20:23.788+0000] {processor.py:161} INFO - Started process (PID=11491) to work on /home/airflow/.local/lib/python3.12/site-packages/airflow/example_dags/example_bash_decorator.py
[2026-05-10T05:20:23.789+0000] {processor.py:830} INFO - Processing file /home/airflow/.local/lib/python3.12/site-packages/airflow/example_dags/example_bash_decorator.py for tasks to queue
[2026-05-10T05:20:23.791+0000] {logging_mixin.py:188} INFO - [2026-05-10T05:20:23.791+0000] {dagbag.py:545} INFO - Filling up the DagBag from /home/airflow/.local/lib/python3.12/site-packages/airflow/example_dags/example_bash_decorator.py
[2026-05-10T05:20:23.802+0000] {processor.py:840} INFO - DAG(s) 'example_bash_decorator' retrieved from /home/airflow/.local/lib/python3.12/site-packages/airflow/example_dags/example_bash_decorator.py
[2026-05-10T05:20:23.821+0000] {logging_mixin.py:188} INFO - [2026-05-10T05:20:23.821+0000] {dag.py:3096} INFO - Sync 1 DAGs
[2026-05-10T05:20:23.832+0000] {logging_mixin.py:188} INFO - [2026-05-10T05:20:23.832+0000] {dag.py:3954} INFO - Setting next_dagrun for example_bash_decorator to None, run_after=None
[2026-05-10T05:20:23.848+0000] {processor.py:183} INFO - Processing /home/airflow/.local/lib/python3.12/site-packages/airflow/example_dags/example_bash_decorator.py took 0.064 seconds
[2026-05-10T05:20:54.056+0000] {processor.py:161} INFO - Started process (PID=11551) to work on /home/airflow/.local/lib/python3.12/site-packages/airflow/example_dags/example_bash_decorator.py
[2026-05-10T05:20:54.057+0000] {processor.py:830} INFO - Processing file /home/airflow/.local/lib/python3.12/site-packages/airflow/example_dags/example_bash_decorator.py for tasks to queue
[2026-05-10T05:20:54.059+0000] {logging_mixin.py:188} INFO - [2026-05-10T05:20:54.059+0000] {dagbag.py:545} INFO - Filling up the DagBag from /home/airflow/.local/lib/python3.12/site-packages/airflow/example_dags/example_bash_decorator.py
[2026-05-10T05:20:54.070+0000] {processor.py:840} INFO - DAG(s) 'example_bash_decorator' retrieved from /home/airflow/.local/lib/python3.12/site-packages/airflow/example_dags/example_bash_decorator.py
[2026-05-10T05:20:54.088+0000] {logging_mixin.py:188} INFO - [2026-05-10T05:20:54.088+0000] {dag.py:3096} INFO - Sync 1 DAGs
[2026-05-10T05:20:54.098+0000] {logging_mixin.py:188} INFO - [2026-05-10T05:20:54.098+0000] {dag.py:3954} INFO - Setting next_dagrun for example_bash_decorator to None, run_after=None
[2026-05-10T05:20:54.115+0000] {processor.py:183} INFO - Processing /home/airflow/.local/lib/python3.12/site-packages/airflow/example_dags/example_bash_decorator.py took 0.065 seconds
[2026-05-10T05:21:24.321+0000] {processor.py:161} INFO - Started process (PID=11611) to work on /home/airflow/.local/lib/python3.12/site-packages/airflow/example_dags/example_bash_decorator.py
[2026-05-10T05:21:24.323+0000] {processor.py:830} INFO - Processing file /home/airflow/.local/lib/python3.12/site-packages/airflow/example_dags/example_bash_decorator.py for tasks to queue
[2026-05-10T05:21:24.330+0000] {logging_mixin.py:188} INFO - [2026-05-10T05:21:24.330+0000] {dagbag.py:545} INFO - Filling up the DagBag from /home/airflow/.local/lib/python3.12/site-packages/airflow/example_dags/example_bash_decorator.py
[2026-05-10T05:21:24.345+0000] {processor.py:840} INFO - DAG(s) 'example_bash_decorator' retrieved from /home/airflow/.local/lib/python3.12/site-packages/airflow/example_dags/example_bash_decorator.py
[2026-05-10T05:21:24.367+0000] {logging_mixin.py:188} INFO - [2026-05-10T05:21:24.367+0000] {dag.py:3096} INFO - Sync 1 DAGs
[2026-05-10T05:21:24.378+0000] {logging_mixin.py:188} INFO - [2026-05-10T05:21:24.378+0000] {dag.py:3954} INFO - Setting next_dagrun for example_bash_decorator to None, run_after=None
[2026-05-10T05:21:24.395+0000] {processor.py:183} INFO - Processing /home/airflow/.local/lib/python3.12/site-packages/airflow/example_dags/example_bash_decorator.py took 0.079 seconds
[2026-05-10T05:21:54.659+0000] {processor.py:161} INFO - Started process (PID=11671) to work on /home/airflow/.local/lib/python3.12/site-packages/airflow/example_dags/example_bash_decorator.py
[2026-05-10T05:21:54.660+0000] {processor.py:830} INFO - Processing file /home/airflow/.local/lib/python3.12/site-packages/airflow/example_dags/example_bash_decorator.py for tasks to queue
[2026-05-10T05:21:54.662+0000] {logging_mixin.py:188} INFO - [2026-05-10T05:21:54.662+0000] {dagbag.py:545} INFO - Filling up the DagBag from /home/airflow/.local/lib/python3.12/site-packages/airflow/example_dags/example_bash_decorator.py
[2026-05-10T05:21:54.673+0000] {processor.py:840} INFO - DAG(s) 'example_bash_decorator' retrieved from /home/airflow/.local/lib/python3.12/site-packages/airflow/example_dags/example_bash_decorator.py
[2026-05-10T05:21:54.691+0000] {logging_mixin.py:188} INFO - [2026-05-10T05:21:54.691+0000] {dag.py:3096} INFO - Sync 1 DAGs
[2026-05-10T05:21:54.703+0000] {logging_mixin.py:188} INFO - [2026-05-10T05:21:54.703+0000] {dag.py:3954} INFO - Setting next_dagrun for example_bash_decorator to None, run_after=None
[2026-05-10T05:21:54.718+0000] {processor.py:183} INFO - Processing /home/airflow/.local/lib/python3.12/site-packages/airflow/example_dags/example_bash_decorator.py took 0.065 seconds
[2026-05-10T05:22:25.294+0000] {processor.py:161} INFO - Started process (PID=11731) to work on /home/airflow/.local/lib/python3.12/site-packages/airflow/example_dags/example_bash_decorator.py
[2026-05-10T05:22:25.297+0000] {processor.py:830} INFO - Processing file /home/airflow/.local/lib/python3.12/site-packages/airflow/example_dags/example_bash_decorator.py for tasks to queue
[2026-05-10T05:22:25.299+0000] {logging_mixin.py:188} INFO - [2026-05-10T05:22:25.299+0000] {dagbag.py:545} INFO - Filling up the DagBag from /home/airflow/.local/lib/python3.12/site-packages/airflow/example_dags/example_bash_decorator.py
[2026-05-10T05:22:25.309+0000] {processor.py:840} INFO - DAG(s) 'example_bash_decorator' retrieved from /home/airflow/.local/lib/python3.12/site-packages/airflow/example_dags/example_bash_decorator.py
[2026-05-10T05:22:25.329+0000] {logging_mixin.py:188} INFO - [2026-05-10T05:22:25.329+0000] {dag.py:3096} INFO - Sync 1 DAGs
[2026-05-10T05:22:25.340+0000] {logging_mixin.py:188} INFO - [2026-05-10T05:22:25.339+0000] {dag.py:3954} INFO - Setting next_dagrun for example_bash_decorator to None, run_after=None
[2026-05-10T05:22:25.355+0000] {processor.py:183} INFO - Processing /home/airflow/.local/lib/python3.12/site-packages/airflow/example_dags/example_bash_decorator.py took 0.066 seconds
[2026-05-10T05:22:55.559+0000] {processor.py:161} INFO - Started process (PID=11791) to work on /home/airflow/.local/lib/python3.12/site-packages/airflow/example_dags/example_bash_decorator.py
[2026-05-10T05:22:55.560+0000] {processor.py:830} INFO - Processing file /home/airflow/.local/lib/python3.12/site-packages/airflow/example_dags/example_bash_decorator.py for tasks to queue
[2026-05-10T05:22:55.562+0000] {logging_mixin.py:188} INFO - [2026-05-10T05:22:55.562+0000] {dagbag.py:545} INFO - Filling up the DagBag from /home/airflow/.local/lib/python3.12/site-packages/airflow/example_dags/example_bash_decorator.py
[2026-05-10T05:22:55.573+0000] {processor.py:840} INFO - DAG(s) 'example_bash_decorator' retrieved from /home/airflow/.local/lib/python3.12/site-packages/airflow/example_dags/example_bash_decorator.py
[2026-05-10T05:22:55.595+0000] {logging_mixin.py:188} INFO - [2026-05-10T05:22:55.595+0000] {dag.py:3096} INFO - Sync 1 DAGs
[2026-05-10T05:22:55.606+0000] {logging_mixin.py:188} INFO - [2026-05-10T05:22:55.606+0000] {dag.py:3954} INFO - Setting next_dagrun for example_bash_decorator to None, run_after=None
[2026-05-10T05:22:55.622+0000] {processor.py:183} INFO - Processing /home/airflow/.local/lib/python3.12/site-packages/airflow/example_dags/example_bash_decorator.py took 0.069 seconds
[2026-05-10T05:23:26.116+0000] {processor.py:161} INFO - Started process (PID=11851) to work on /home/airflow/.local/lib/python3.12/site-packages/airflow/example_dags/example_bash_decorator.py
[2026-05-10T05:23:26.118+0000] {processor.py:830} INFO - Processing file /home/airflow/.local/lib/python3.12/site-packages/airflow/example_dags/example_bash_decorator.py for tasks to queue
[2026-05-10T05:23:26.120+0000] {logging_mixin.py:188} INFO - [2026-05-10T05:23:26.119+0000] {dagbag.py:545} INFO - Filling up the DagBag from /home/airflow/.local/lib/python3.12/site-packages/airflow/example_dags/example_bash_decorator.py
[2026-05-10T05:23:26.131+0000] {processor.py:840} INFO - DAG(s) 'example_bash_decorator' retrieved from /home/airflow/.local/lib/python3.12/site-packages/airflow/example_dags/example_bash_decorator.py
[2026-05-10T05:23:26.148+0000] {logging_mixin.py:188} INFO - [2026-05-10T05:23:26.148+0000] {dag.py:3096} INFO - Sync 1 DAGs
[2026-05-10T05:23:26.159+0000] {logging_mixin.py:188} INFO - [2026-05-10T05:23:26.159+0000] {dag.py:3954} INFO - Setting next_dagrun for example_bash_decorator to None, run_after=None
[2026-05-10T05:23:26.174+0000] {processor.py:183} INFO - Processing /home/airflow/.local/lib/python3.12/site-packages/airflow/example_dags/example_bash_decorator.py took 0.063 seconds
[2026-05-10T05:23:56.616+0000] {processor.py:161} INFO - Started process (PID=11911) to work on /home/airflow/.local/lib/python3.12/site-packages/airflow/example_dags/example_bash_decorator.py
[2026-05-10T05:23:56.618+0000] {processor.py:830} INFO - Processing file /home/airflow/.local/lib/python3.12/site-packages/airflow/example_dags/example_bash_decorator.py for tasks to queue
[2026-05-10T05:23:56.621+0000] {logging_mixin.py:188} INFO - [2026-05-10T05:23:56.620+0000] {dagbag.py:545} INFO - Filling up the DagBag from /home/airflow/.local/lib/python3.12/site-packages/airflow/example_dags/example_bash_decorator.py
[2026-05-10T05:23:56.635+0000] {processor.py:840} INFO - DAG(s) 'example_bash_decorator' retrieved from /home/airflow/.local/lib/python3.12/site-packages/airflow/example_dags/example_bash_decorator.py
[2026-05-10T05:23:56.668+0000] {logging_mixin.py:188} INFO - [2026-05-10T05:23:56.668+0000] {dag.py:3096} INFO - Sync 1 DAGs
[2026-05-10T05:23:56.689+0000] {logging_mixin.py:188} INFO - [2026-05-10T05:23:56.689+0000] {dag.py:3954} INFO - Setting next_dagrun for example_bash_decorator to None, run_after=None
[2026-05-10T05:23:56.719+0000] {processor.py:183} INFO - Processing /home/airflow/.local/lib/python3.12/site-packages/airflow/example_dags/example_bash_decorator.py took 0.108 seconds
[2026-05-10T05:24:26.857+0000] {processor.py:161} INFO - Started process (PID=11971) to work on /home/airflow/.local/lib/python3.12/site-packages/airflow/example_dags/example_bash_decorator.py
[2026-05-10T05:24:26.859+0000] {processor.py:830} INFO - Processing file /home/airflow/.local/lib/python3.12/site-packages/airflow/example_dags/example_bash_decorator.py for tasks to queue
[2026-05-10T05:24:26.861+0000] {logging_mixin.py:188} INFO - [2026-05-10T05:24:26.861+0000] {dagbag.py:545} INFO - Filling up the DagBag from /home/airflow/.local/lib/python3.12/site-packages/airflow/example_dags/example_bash_decorator.py
[2026-05-10T05:24:26.872+0000] {processor.py:840} INFO - DAG(s) 'example_bash_decorator' retrieved from /home/airflow/.local/lib/python3.12/site-packages/airflow/example_dags/example_bash_decorator.py
[2026-05-10T05:24:26.892+0000] {logging_mixin.py:188} INFO - [2026-05-10T05:24:26.892+0000] {dag.py:3096} INFO - Sync 1 DAGs
[2026-05-10T05:24:26.905+0000] {logging_mixin.py:188} INFO - [2026-05-10T05:24:26.905+0000] {dag.py:3954} INFO - Setting next_dagrun for example_bash_decorator to None, run_after=None
[2026-05-10T05:24:26.921+0000] {processor.py:183} INFO - Processing /home/airflow/.local/lib/python3.12/site-packages/airflow/example_dags/example_bash_decorator.py took 0.069 seconds
[2026-05-10T05:24:57.170+0000] {processor.py:161} INFO - Started process (PID=12031) to work on /home/airflow/.local/lib/python3.12/site-packages/airflow/example_dags/example_bash_decorator.py
[2026-05-10T05:24:57.172+0000] {processor.py:830} INFO - Processing file /home/airflow/.local/lib/python3.12/site-packages/airflow/example_dags/example_bash_decorator.py for tasks to queue
[2026-05-10T05:24:57.175+0000] {logging_mixin.py:188} INFO - [2026-05-10T05:24:57.174+0000] {dagbag.py:545} INFO - Filling up the DagBag from /home/airflow/.local/lib/python3.12/site-packages/airflow/example_dags/example_bash_decorator.py
[2026-05-10T05:24:57.186+0000] {processor.py:840} INFO - DAG(s) 'example_bash_decorator' retrieved from /home/airflow/.local/lib/python3.12/site-packages/airflow/example_dags/example_bash_decorator.py
[2026-05-10T05:24:57.205+0000] {logging_mixin.py:188} INFO - [2026-05-10T05:24:57.205+0000] {dag.py:3096} INFO - Sync 1 DAGs
[2026-05-10T05:24:57.217+0000] {logging_mixin.py:188} INFO - [2026-05-10T05:24:57.217+0000] {dag.py:3954} INFO - Setting next_dagrun for example_bash_decorator to None, run_after=None
[2026-05-10T05:24:57.231+0000] {processor.py:183} INFO - Processing /home/airflow/.local/lib/python3.12/site-packages/airflow/example_dags/example_bash_decorator.py took 0.066 seconds
[2026-05-10T05:25:27.557+0000] {processor.py:161} INFO - Started process (PID=12091) to work on /home/airflow/.local/lib/python3.12/site-packages/airflow/example_dags/example_bash_decorator.py
[2026-05-10T05:25:27.559+0000] {processor.py:830} INFO - Processing file /home/airflow/.local/lib/python3.12/site-packages/airflow/example_dags/example_bash_decorator.py for tasks to queue
[2026-05-10T05:25:27.561+0000] {logging_mixin.py:188} INFO - [2026-05-10T05:25:27.561+0000] {dagbag.py:545} INFO - Filling up the DagBag from /home/airflow/.local/lib/python3.12/site-packages/airflow/example_dags/example_bash_decorator.py
[2026-05-10T05:25:27.573+0000] {processor.py:840} INFO - DAG(s) 'example_bash_decorator' retrieved from /home/airflow/.local/lib/python3.12/site-packages/airflow/example_dags/example_bash_decorator.py
[2026-05-10T05:25:27.593+0000] {logging_mixin.py:188} INFO - [2026-05-10T05:25:27.592+0000] {dag.py:3096} INFO - Sync 1 DAGs
[2026-05-10T05:25:27.603+0000] {logging_mixin.py:188} INFO - [2026-05-10T05:25:27.603+0000] {dag.py:3954} INFO - Setting next_dagrun for example_bash_decorator to None, run_after=None
[2026-05-10T05:25:27.617+0000] {processor.py:183} INFO - Processing /home/airflow/.local/lib/python3.12/site-packages/airflow/example_dags/example_bash_decorator.py took 0.065 seconds
[2026-05-10T05:25:58.285+0000] {processor.py:161} INFO - Started process (PID=12151) to work on /home/airflow/.local/lib/python3.12/site-packages/airflow/example_dags/example_bash_decorator.py
[2026-05-10T05:25:58.286+0000] {processor.py:830} INFO - Processing file /home/airflow/.local/lib/python3.12/site-packages/airflow/example_dags/example_bash_decorator.py for tasks to queue
[2026-05-10T05:25:58.288+0000] {logging_mixin.py:188} INFO - [2026-05-10T05:25:58.288+0000] {dagbag.py:545} INFO - Filling up the DagBag from /home/airflow/.local/lib/python3.12/site-packages/airflow/example_dags/example_bash_decorator.py
[2026-05-10T05:25:58.302+0000] {processor.py:840} INFO - DAG(s) 'example_bash_decorator' retrieved from /home/airflow/.local/lib/python3.12/site-packages/airflow/example_dags/example_bash_decorator.py
[2026-05-10T05:25:58.321+0000] {logging_mixin.py:188} INFO - [2026-05-10T05:25:58.320+0000] {dag.py:3096} INFO - Sync 1 DAGs
[2026-05-10T05:25:58.331+0000] {logging_mixin.py:188} INFO - [2026-05-10T05:25:58.331+0000] {dag.py:3954} INFO - Setting next_dagrun for example_bash_decorator to None, run_after=None
[2026-05-10T05:25:58.348+0000] {processor.py:183} INFO - Processing /home/airflow/.local/lib/python3.12/site-packages/airflow/example_dags/example_bash_decorator.py took 0.067 seconds
[2026-05-10T05:26:28.554+0000] {processor.py:161} INFO - Started process (PID=12211) to work on /home/airflow/.local/lib/python3.12/site-packages/airflow/example_dags/example_bash_decorator.py
[2026-05-10T05:26:28.556+0000] {processor.py:830} INFO - Processing file /home/airflow/.local/lib/python3.12/site-packages/airflow/example_dags/example_bash_decorator.py for tasks to queue
[2026-05-10T05:26:28.559+0000] {logging_mixin.py:188} INFO - [2026-05-10T05:26:28.559+0000] {dagbag.py:545} INFO - Filling up the DagBag from /home/airflow/.local/lib/python3.12/site-packages/airflow/example_dags/example_bash_decorator.py
[2026-05-10T05:26:28.586+0000] {processor.py:840} INFO - DAG(s) 'example_bash_decorator' retrieved from /home/airflow/.local/lib/python3.12/site-packages/airflow/example_dags/example_bash_decorator.py
[2026-05-10T05:26:28.618+0000] {logging_mixin.py:188} INFO - [2026-05-10T05:26:28.617+0000] {dag.py:3096} INFO - Sync 1 DAGs
[2026-05-10T05:26:28.628+0000] {logging_mixin.py:188} INFO - [2026-05-10T05:26:28.628+0000] {dag.py:3954} INFO - Setting next_dagrun for example_bash_decorator to None, run_after=None
[2026-05-10T05:26:28.645+0000] {processor.py:183} INFO - Processing /home/airflow/.local/lib/python3.12/site-packages/airflow/example_dags/example_bash_decorator.py took 0.104 seconds
[2026-05-10T05:26:58.902+0000] {processor.py:161} INFO - Started process (PID=12271) to work on /home/airflow/.local/lib/python3.12/site-packages/airflow/example_dags/example_bash_decorator.py
[2026-05-10T05:26:58.905+0000] {processor.py:830} INFO - Processing file /home/airflow/.local/lib/python3.12/site-packages/airflow/example_dags/example_bash_decorator.py for tasks to queue
[2026-05-10T05:26:58.909+0000] {logging_mixin.py:188} INFO - [2026-05-10T05:26:58.908+0000] {dagbag.py:545} INFO - Filling up the DagBag from /home/airflow/.local/lib/python3.12/site-packages/airflow/example_dags/example_bash_decorator.py
[2026-05-10T05:26:58.925+0000] {processor.py:840} INFO - DAG(s) 'example_bash_decorator' retrieved from /home/airflow/.local/lib/python3.12/site-packages/airflow/example_dags/example_bash_decorator.py
[2026-05-10T05:26:58.947+0000] {logging_mixin.py:188} INFO - [2026-05-10T05:26:58.947+0000] {dag.py:3096} INFO - Sync 1 DAGs
[2026-05-10T05:26:58.961+0000] {logging_mixin.py:188} INFO - [2026-05-10T05:26:58.961+0000] {dag.py:3954} INFO - Setting next_dagrun for example_bash_decorator to None, run_after=None
[2026-05-10T05:26:58.985+0000] {processor.py:183} INFO - Processing /home/airflow/.local/lib/python3.12/site-packages/airflow/example_dags/example_bash_decorator.py took 0.089 seconds
[2026-05-10T05:27:29.259+0000] {processor.py:161} INFO - Started process (PID=12331) to work on /home/airflow/.local/lib/python3.12/site-packages/airflow/example_dags/example_bash_decorator.py
[2026-05-10T05:27:29.261+0000] {processor.py:830} INFO - Processing file /home/airflow/.local/lib/python3.12/site-packages/airflow/example_dags/example_bash_decorator.py for tasks to queue
[2026-05-10T05:27:29.263+0000] {logging_mixin.py:188} INFO - [2026-05-10T05:27:29.262+0000] {dagbag.py:545} INFO - Filling up the DagBag from /home/airflow/.local/lib/python3.12/site-packages/airflow/example_dags/example_bash_decorator.py
[2026-05-10T05:27:29.275+0000] {processor.py:840} INFO - DAG(s) 'example_bash_decorator' retrieved from /home/airflow/.local/lib/python3.12/site-packages/airflow/example_dags/example_bash_decorator.py
[2026-05-10T05:27:29.299+0000] {logging_mixin.py:188} INFO - [2026-05-10T05:27:29.299+0000] {dag.py:3096} INFO - Sync 1 DAGs
[2026-05-10T05:27:29.312+0000] {logging_mixin.py:188} INFO - [2026-05-10T05:27:29.312+0000] {dag.py:3954} INFO - Setting next_dagrun for example_bash_decorator to None, run_after=None
[2026-05-10T05:27:29.329+0000] {processor.py:183} INFO - Processing /home/airflow/.local/lib/python3.12/site-packages/airflow/example_dags/example_bash_decorator.py took 0.075 seconds
[2026-05-10T05:27:59.506+0000] {processor.py:161} INFO - Started process (PID=12397) to work on /home/airflow/.local/lib/python3.12/site-packages/airflow/example_dags/example_bash_decorator.py
[2026-05-10T05:27:59.508+0000] {processor.py:830} INFO - Processing file /home/airflow/.local/lib/python3.12/site-packages/airflow/example_dags/example_bash_decorator.py for tasks to queue
[2026-05-10T05:27:59.509+0000] {logging_mixin.py:188} INFO - [2026-05-10T05:27:59.509+0000] {dagbag.py:545} INFO - Filling up the DagBag from /home/airflow/.local/lib/python3.12/site-packages/airflow/example_dags/example_bash_decorator.py
[2026-05-10T05:27:59.520+0000] {processor.py:840} INFO - DAG(s) 'example_bash_decorator' retrieved from /home/airflow/.local/lib/python3.12/site-packages/airflow/example_dags/example_bash_decorator.py
[2026-05-10T05:27:59.540+0000] {logging_mixin.py:188} INFO - [2026-05-10T05:27:59.540+0000] {dag.py:3096} INFO - Sync 1 DAGs
[2026-05-10T05:27:59.549+0000] {logging_mixin.py:188} INFO - [2026-05-10T05:27:59.549+0000] {dag.py:3954} INFO - Setting next_dagrun for example_bash_decorator to None, run_after=None
[2026-05-10T05:27:59.564+0000] {processor.py:183} INFO - Processing /home/airflow/.local/lib/python3.12/site-packages/airflow/example_dags/example_bash_decorator.py took 0.063 seconds
[2026-05-10T05:28:29.974+0000] {processor.py:161} INFO - Started process (PID=12457) to work on /home/airflow/.local/lib/python3.12/site-packages/airflow/example_dags/example_bash_decorator.py
[2026-05-10T05:28:29.976+0000] {processor.py:830} INFO - Processing file /home/airflow/.local/lib/python3.12/site-packages/airflow/example_dags/example_bash_decorator.py for tasks to queue
[2026-05-10T05:28:29.978+0000] {logging_mixin.py:188} INFO - [2026-05-10T05:28:29.978+0000] {dagbag.py:545} INFO - Filling up the DagBag from /home/airflow/.local/lib/python3.12/site-packages/airflow/example_dags/example_bash_decorator.py
[2026-05-10T05:28:29.989+0000] {processor.py:840} INFO - DAG(s) 'example_bash_decorator' retrieved from /home/airflow/.local/lib/python3.12/site-packages/airflow/example_dags/example_bash_decorator.py
[2026-05-10T05:28:30.009+0000] {logging_mixin.py:188} INFO - [2026-05-10T05:28:30.009+0000] {dag.py:3096} INFO - Sync 1 DAGs
[2026-05-10T05:28:30.022+0000] {logging_mixin.py:188} INFO - [2026-05-10T05:28:30.022+0000] {dag.py:3954} INFO - Setting next_dagrun for example_bash_decorator to None, run_after=None
[2026-05-10T05:28:30.037+0000] {processor.py:183} INFO - Processing /home/airflow/.local/lib/python3.12/site-packages/airflow/example_dags/example_bash_decorator.py took 0.067 seconds
[2026-05-10T05:29:00.638+0000] {processor.py:161} INFO - Started process (PID=12517) to work on /home/airflow/.local/lib/python3.12/site-packages/airflow/example_dags/example_bash_decorator.py
[2026-05-10T05:29:00.640+0000] {processor.py:830} INFO - Processing file /home/airflow/.local/lib/python3.12/site-packages/airflow/example_dags/example_bash_decorator.py for tasks to queue
[2026-05-10T05:29:00.642+0000] {logging_mixin.py:188} INFO - [2026-05-10T05:29:00.642+0000] {dagbag.py:545} INFO - Filling up the DagBag from /home/airflow/.local/lib/python3.12/site-packages/airflow/example_dags/example_bash_decorator.py
[2026-05-10T05:29:00.654+0000] {processor.py:840} INFO - DAG(s) 'example_bash_decorator' retrieved from /home/airflow/.local/lib/python3.12/site-packages/airflow/example_dags/example_bash_decorator.py
[2026-05-10T05:29:00.676+0000] {logging_mixin.py:188} INFO - [2026-05-10T05:29:00.676+0000] {dag.py:3096} INFO - Sync 1 DAGs
[2026-05-10T05:29:00.690+0000] {logging_mixin.py:188} INFO - [2026-05-10T05:29:00.689+0000] {dag.py:3954} INFO - Setting next_dagrun for example_bash_decorator to None, run_after=None
[2026-05-10T05:29:00.705+0000] {processor.py:183} INFO - Processing /home/airflow/.local/lib/python3.12/site-packages/airflow/example_dags/example_bash_decorator.py took 0.072 seconds
[2026-05-10T05:29:31.548+0000] {processor.py:161} INFO - Started process (PID=12577) to work on /home/airflow/.local/lib/python3.12/site-packages/airflow/example_dags/example_bash_decorator.py
[2026-05-10T05:29:31.550+0000] {processor.py:830} INFO - Processing file /home/airflow/.local/lib/python3.12/site-packages/airflow/example_dags/example_bash_decorator.py for tasks to queue
[2026-05-10T05:29:31.552+0000] {logging_mixin.py:188} INFO - [2026-05-10T05:29:31.552+0000] {dagbag.py:545} INFO - Filling up the DagBag from /home/airflow/.local/lib/python3.12/site-packages/airflow/example_dags/example_bash_decorator.py
[2026-05-10T05:29:31.562+0000] {processor.py:840} INFO - DAG(s) 'example_bash_decorator' retrieved from /home/airflow/.local/lib/python3.12/site-packages/airflow/example_dags/example_bash_decorator.py
[2026-05-10T05:29:31.582+0000] {logging_mixin.py:188} INFO - [2026-05-10T05:29:31.582+0000] {dag.py:3096} INFO - Sync 1 DAGs
[2026-05-10T05:29:31.595+0000] {logging_mixin.py:188} INFO - [2026-05-10T05:29:31.595+0000] {dag.py:3954} INFO - Setting next_dagrun for example_bash_decorator to None, run_after=None
[2026-05-10T05:29:31.741+0000] {processor.py:183} INFO - Processing /home/airflow/.local/lib/python3.12/site-packages/airflow/example_dags/example_bash_decorator.py took 0.198 seconds
[2026-05-10T05:30:02.377+0000] {processor.py:161} INFO - Started process (PID=12637) to work on /home/airflow/.local/lib/python3.12/site-packages/airflow/example_dags/example_bash_decorator.py
[2026-05-10T05:30:02.378+0000] {processor.py:830} INFO - Processing file /home/airflow/.local/lib/python3.12/site-packages/airflow/example_dags/example_bash_decorator.py for tasks to queue
[2026-05-10T05:30:02.380+0000] {logging_mixin.py:188} INFO - [2026-05-10T05:30:02.380+0000] {dagbag.py:545} INFO - Filling up the DagBag from /home/airflow/.local/lib/python3.12/site-packages/airflow/example_dags/example_bash_decorator.py
[2026-05-10T05:30:02.392+0000] {processor.py:840} INFO - DAG(s) 'example_bash_decorator' retrieved from /home/airflow/.local/lib/python3.12/site-packages/airflow/example_dags/example_bash_decorator.py
[2026-05-10T05:30:02.411+0000] {logging_mixin.py:188} INFO - [2026-05-10T05:30:02.411+0000] {dag.py:3096} INFO - Sync 1 DAGs
[2026-05-10T05:30:02.421+0000] {logging_mixin.py:188} INFO - [2026-05-10T05:30:02.421+0000] {dag.py:3954} INFO - Setting next_dagrun for example_bash_decorator to None, run_after=None
[2026-05-10T05:30:02.437+0000] {processor.py:183} INFO - Processing /home/airflow/.local/lib/python3.12/site-packages/airflow/example_dags/example_bash_decorator.py took 0.065 seconds
[2026-05-10T05:30:32.982+0000] {processor.py:161} INFO - Started process (PID=12697) to work on /home/airflow/.local/lib/python3.12/site-packages/airflow/example_dags/example_bash_decorator.py
[2026-05-10T05:30:32.984+0000] {processor.py:830} INFO - Processing file /home/airflow/.local/lib/python3.12/site-packages/airflow/example_dags/example_bash_decorator.py for tasks to queue
[2026-05-10T05:30:32.988+0000] {logging_mixin.py:188} INFO - [2026-05-10T05:30:32.988+0000] {dagbag.py:545} INFO - Filling up the DagBag from /home/airflow/.local/lib/python3.12/site-packages/airflow/example_dags/example_bash_decorator.py
[2026-05-10T05:30:33.007+0000] {processor.py:840} INFO - DAG(s) 'example_bash_decorator' retrieved from /home/airflow/.local/lib/python3.12/site-packages/airflow/example_dags/example_bash_decorator.py
[2026-05-10T05:30:33.036+0000] {logging_mixin.py:188} INFO - [2026-05-10T05:30:33.035+0000] {dag.py:3096} INFO - Sync 1 DAGs
[2026-05-10T05:30:33.046+0000] {logging_mixin.py:188} INFO - [2026-05-10T05:30:33.045+0000] {dag.py:3954} INFO - Setting next_dagrun for example_bash_decorator to None, run_after=None
[2026-05-10T05:30:33.066+0000] {processor.py:183} INFO - Processing /home/airflow/.local/lib/python3.12/site-packages/airflow/example_dags/example_bash_decorator.py took 0.094 seconds
[2026-05-10T05:31:03.221+0000] {processor.py:161} INFO - Started process (PID=12757) to work on /home/airflow/.local/lib/python3.12/site-packages/airflow/example_dags/example_bash_decorator.py
[2026-05-10T05:31:03.223+0000] {processor.py:830} INFO - Processing file /home/airflow/.local/lib/python3.12/site-packages/airflow/example_dags/example_bash_decorator.py for tasks to queue
[2026-05-10T05:31:03.224+0000] {logging_mixin.py:188} INFO - [2026-05-10T05:31:03.224+0000] {dagbag.py:545} INFO - Filling up the DagBag from /home/airflow/.local/lib/python3.12/site-packages/airflow/example_dags/example_bash_decorator.py
[2026-05-10T05:31:03.236+0000] {processor.py:840} INFO - DAG(s) 'example_bash_decorator' retrieved from /home/airflow/.local/lib/python3.12/site-packages/airflow/example_dags/example_bash_decorator.py
[2026-05-10T05:31:03.393+0000] {logging_mixin.py:188} INFO - [2026-05-10T05:31:03.393+0000] {dag.py:3096} INFO - Sync 1 DAGs
[2026-05-10T05:31:03.402+0000] {logging_mixin.py:188} INFO - [2026-05-10T05:31:03.402+0000] {dag.py:3954} INFO - Setting next_dagrun for example_bash_decorator to None, run_after=None
[2026-05-10T05:31:03.416+0000] {processor.py:183} INFO - Processing /home/airflow/.local/lib/python3.12/site-packages/airflow/example_dags/example_bash_decorator.py took 0.200 seconds
[2026-05-10T05:31:33.886+0000] {processor.py:161} INFO - Started process (PID=12817) to work on /home/airflow/.local/lib/python3.12/site-packages/airflow/example_dags/example_bash_decorator.py
[2026-05-10T05:31:33.888+0000] {processor.py:830} INFO - Processing file /home/airflow/.local/lib/python3.12/site-packages/airflow/example_dags/example_bash_decorator.py for tasks to queue
[2026-05-10T05:31:33.891+0000] {logging_mixin.py:188} INFO - [2026-05-10T05:31:33.891+0000] {dagbag.py:545} INFO - Filling up the DagBag from /home/airflow/.local/lib/python3.12/site-packages/airflow/example_dags/example_bash_decorator.py
[2026-05-10T05:31:33.904+0000] {processor.py:840} INFO - DAG(s) 'example_bash_decorator' retrieved from /home/airflow/.local/lib/python3.12/site-packages/airflow/example_dags/example_bash_decorator.py
[2026-05-10T05:31:33.931+0000] {logging_mixin.py:188} INFO - [2026-05-10T05:31:33.931+0000] {dag.py:3096} INFO - Sync 1 DAGs
[2026-05-10T05:31:33.949+0000] {logging_mixin.py:188} INFO - [2026-05-10T05:31:33.948+0000] {dag.py:3954} INFO - Setting next_dagrun for example_bash_decorator to None, run_after=None
[2026-05-10T05:31:33.967+0000] {processor.py:183} INFO - Processing /home/airflow/.local/lib/python3.12/site-packages/airflow/example_dags/example_bash_decorator.py took 0.087 seconds
[2026-05-10T05:32:04.137+0000] {processor.py:161} INFO - Started process (PID=12877) to work on /home/airflow/.local/lib/python3.12/site-packages/airflow/example_dags/example_bash_decorator.py
[2026-05-10T05:32:04.139+0000] {processor.py:830} INFO - Processing file /home/airflow/.local/lib/python3.12/site-packages/airflow/example_dags/example_bash_decorator.py for tasks to queue
[2026-05-10T05:32:04.141+0000] {logging_mixin.py:188} INFO - [2026-05-10T05:32:04.140+0000] {dagbag.py:545} INFO - Filling up the DagBag from /home/airflow/.local/lib/python3.12/site-packages/airflow/example_dags/example_bash_decorator.py
[2026-05-10T05:32:04.152+0000] {processor.py:840} INFO - DAG(s) 'example_bash_decorator' retrieved from /home/airflow/.local/lib/python3.12/site-packages/airflow/example_dags/example_bash_decorator.py
[2026-05-10T05:32:04.172+0000] {logging_mixin.py:188} INFO - [2026-05-10T05:32:04.172+0000] {dag.py:3096} INFO - Sync 1 DAGs
[2026-05-10T05:32:04.182+0000] {logging_mixin.py:188} INFO - [2026-05-10T05:32:04.182+0000] {dag.py:3954} INFO - Setting next_dagrun for example_bash_decorator to None, run_after=None
[2026-05-10T05:32:04.197+0000] {processor.py:183} INFO - Processing /home/airflow/.local/lib/python3.12/site-packages/airflow/example_dags/example_bash_decorator.py took 0.065 seconds
[2026-05-10T05:32:34.396+0000] {processor.py:161} INFO - Started process (PID=12937) to work on /home/airflow/.local/lib/python3.12/site-packages/airflow/example_dags/example_bash_decorator.py
[2026-05-10T05:32:34.398+0000] {processor.py:830} INFO - Processing file /home/airflow/.local/lib/python3.12/site-packages/airflow/example_dags/example_bash_decorator.py for tasks to queue
[2026-05-10T05:32:34.400+0000] {logging_mixin.py:188} INFO - [2026-05-10T05:32:34.400+0000] {dagbag.py:545} INFO - Filling up the DagBag from /home/airflow/.local/lib/python3.12/site-packages/airflow/example_dags/example_bash_decorator.py
[2026-05-10T05:32:34.410+0000] {processor.py:840} INFO - DAG(s) 'example_bash_decorator' retrieved from /home/airflow/.local/lib/python3.12/site-packages/airflow/example_dags/example_bash_decorator.py
[2026-05-10T05:32:34.428+0000] {logging_mixin.py:188} INFO - [2026-05-10T05:32:34.428+0000] {dag.py:3096} INFO - Sync 1 DAGs
[2026-05-10T05:32:34.438+0000] {logging_mixin.py:188} INFO - [2026-05-10T05:32:34.437+0000] {dag.py:3954} INFO - Setting next_dagrun for example_bash_decorator to None, run_after=None
[2026-05-10T05:32:34.457+0000] {processor.py:183} INFO - Processing /home/airflow/.local/lib/python3.12/site-packages/airflow/example_dags/example_bash_decorator.py took 0.066 seconds
[2026-05-10T05:33:04.606+0000] {processor.py:161} INFO - Started process (PID=12996) to work on /home/airflow/.local/lib/python3.12/site-packages/airflow/example_dags/example_bash_decorator.py
[2026-05-10T05:33:04.608+0000] {processor.py:830} INFO - Processing file /home/airflow/.local/lib/python3.12/site-packages/airflow/example_dags/example_bash_decorator.py for tasks to queue
[2026-05-10T05:33:04.610+0000] {logging_mixin.py:188} INFO - [2026-05-10T05:33:04.610+0000] {dagbag.py:545} INFO - Filling up the DagBag from /home/airflow/.local/lib/python3.12/site-packages/airflow/example_dags/example_bash_decorator.py
[2026-05-10T05:33:04.628+0000] {processor.py:840} INFO - DAG(s) 'example_bash_decorator' retrieved from /home/airflow/.local/lib/python3.12/site-packages/airflow/example_dags/example_bash_decorator.py
[2026-05-10T05:33:04.649+0000] {logging_mixin.py:188} INFO - [2026-05-10T05:33:04.648+0000] {dag.py:3096} INFO - Sync 1 DAGs
[2026-05-10T05:33:04.659+0000] {logging_mixin.py:188} INFO - [2026-05-10T05:33:04.659+0000] {dag.py:3954} INFO - Setting next_dagrun for example_bash_decorator to None, run_after=None
[2026-05-10T05:33:04.675+0000] {processor.py:183} INFO - Processing /home/airflow/.local/lib/python3.12/site-packages/airflow/example_dags/example_bash_decorator.py took 0.076 seconds
[2026-05-10T05:33:35.626+0000] {processor.py:161} INFO - Started process (PID=13056) to work on /home/airflow/.local/lib/python3.12/site-packages/airflow/example_dags/example_bash_decorator.py
[2026-05-10T05:33:35.629+0000] {processor.py:830} INFO - Processing file /home/airflow/.local/lib/python3.12/site-packages/airflow/example_dags/example_bash_decorator.py for tasks to queue
[2026-05-10T05:33:35.634+0000] {logging_mixin.py:188} INFO - [2026-05-10T05:33:35.633+0000] {dagbag.py:545} INFO - Filling up the DagBag from /home/airflow/.local/lib/python3.12/site-packages/airflow/example_dags/example_bash_decorator.py
[2026-05-10T05:33:35.651+0000] {processor.py:840} INFO - DAG(s) 'example_bash_decorator' retrieved from /home/airflow/.local/lib/python3.12/site-packages/airflow/example_dags/example_bash_decorator.py
[2026-05-10T05:33:35.671+0000] {logging_mixin.py:188} INFO - [2026-05-10T05:33:35.671+0000] {dag.py:3096} INFO - Sync 1 DAGs
[2026-05-10T05:33:35.681+0000] {logging_mixin.py:188} INFO - [2026-05-10T05:33:35.681+0000] {dag.py:3954} INFO - Setting next_dagrun for example_bash_decorator to None, run_after=None
[2026-05-10T05:33:35.698+0000] {processor.py:183} INFO - Processing /home/airflow/.local/lib/python3.12/site-packages/airflow/example_dags/example_bash_decorator.py took 0.079 seconds
[2026-05-10T05:34:06.434+0000] {processor.py:161} INFO - Started process (PID=13116) to work on /home/airflow/.local/lib/python3.12/site-packages/airflow/example_dags/example_bash_decorator.py
[2026-05-10T05:34:06.436+0000] {processor.py:830} INFO - Processing file /home/airflow/.local/lib/python3.12/site-packages/airflow/example_dags/example_bash_decorator.py for tasks to queue
[2026-05-10T05:34:06.438+0000] {logging_mixin.py:188} INFO - [2026-05-10T05:34:06.438+0000] {dagbag.py:545} INFO - Filling up the DagBag from /home/airflow/.local/lib/python3.12/site-packages/airflow/example_dags/example_bash_decorator.py
[2026-05-10T05:34:06.449+0000] {processor.py:840} INFO - DAG(s) 'example_bash_decorator' retrieved from /home/airflow/.local/lib/python3.12/site-packages/airflow/example_dags/example_bash_decorator.py
[2026-05-10T05:34:06.470+0000] {logging_mixin.py:188} INFO - [2026-05-10T05:34:06.470+0000] {dag.py:3096} INFO - Sync 1 DAGs
[2026-05-10T05:34:06.483+0000] {logging_mixin.py:188} INFO - [2026-05-10T05:34:06.483+0000] {dag.py:3954} INFO - Setting next_dagrun for example_bash_decorator to None, run_after=None
[2026-05-10T05:34:06.501+0000] {processor.py:183} INFO - Processing /home/airflow/.local/lib/python3.12/site-packages/airflow/example_dags/example_bash_decorator.py took 0.073 seconds
[2026-05-10T05:34:36.678+0000] {processor.py:161} INFO - Started process (PID=13176) to work on /home/airflow/.local/lib/python3.12/site-packages/airflow/example_dags/example_bash_decorator.py
[2026-05-10T05:34:36.679+0000] {processor.py:830} INFO - Processing file /home/airflow/.local/lib/python3.12/site-packages/airflow/example_dags/example_bash_decorator.py for tasks to queue
[2026-05-10T05:34:36.681+0000] {logging_mixin.py:188} INFO - [2026-05-10T05:34:36.681+0000] {dagbag.py:545} INFO - Filling up the DagBag from /home/airflow/.local/lib/python3.12/site-packages/airflow/example_dags/example_bash_decorator.py
[2026-05-10T05:34:36.692+0000] {processor.py:840} INFO - DAG(s) 'example_bash_decorator' retrieved from /home/airflow/.local/lib/python3.12/site-packages/airflow/example_dags/example_bash_decorator.py
[2026-05-10T05:34:36.710+0000] {logging_mixin.py:188} INFO - [2026-05-10T05:34:36.710+0000] {dag.py:3096} INFO - Sync 1 DAGs
[2026-05-10T05:34:36.719+0000] {logging_mixin.py:188} INFO - [2026-05-10T05:34:36.719+0000] {dag.py:3954} INFO - Setting next_dagrun for example_bash_decorator to None, run_after=None
[2026-05-10T05:34:36.733+0000] {processor.py:183} INFO - Processing /home/airflow/.local/lib/python3.12/site-packages/airflow/example_dags/example_bash_decorator.py took 0.060 seconds
[2026-05-10T05:35:06.815+0000] {processor.py:161} INFO - Started process (PID=13236) to work on /home/airflow/.local/lib/python3.12/site-packages/airflow/example_dags/example_bash_decorator.py
[2026-05-10T05:35:06.817+0000] {processor.py:830} INFO - Processing file /home/airflow/.local/lib/python3.12/site-packages/airflow/example_dags/example_bash_decorator.py for tasks to queue
[2026-05-10T05:35:06.819+0000] {logging_mixin.py:188} INFO - [2026-05-10T05:35:06.818+0000] {dagbag.py:545} INFO - Filling up the DagBag from /home/airflow/.local/lib/python3.12/site-packages/airflow/example_dags/example_bash_decorator.py
[2026-05-10T05:35:06.830+0000] {processor.py:840} INFO - DAG(s) 'example_bash_decorator' retrieved from /home/airflow/.local/lib/python3.12/site-packages/airflow/example_dags/example_bash_decorator.py
[2026-05-10T05:35:06.848+0000] {logging_mixin.py:188} INFO - [2026-05-10T05:35:06.848+0000] {dag.py:3096} INFO - Sync 1 DAGs
[2026-05-10T05:35:06.859+0000] {logging_mixin.py:188} INFO - [2026-05-10T05:35:06.858+0000] {dag.py:3954} INFO - Setting next_dagrun for example_bash_decorator to None, run_after=None
[2026-05-10T05:35:06.873+0000] {processor.py:183} INFO - Processing /home/airflow/.local/lib/python3.12/site-packages/airflow/example_dags/example_bash_decorator.py took 0.064 seconds
[2026-05-10T05:35:37.405+0000] {processor.py:161} INFO - Started process (PID=13296) to work on /home/airflow/.local/lib/python3.12/site-packages/airflow/example_dags/example_bash_decorator.py
[2026-05-10T05:35:37.407+0000] {processor.py:830} INFO - Processing file /home/airflow/.local/lib/python3.12/site-packages/airflow/example_dags/example_bash_decorator.py for tasks to queue
[2026-05-10T05:35:37.409+0000] {logging_mixin.py:188} INFO - [2026-05-10T05:35:37.408+0000] {dagbag.py:545} INFO - Filling up the DagBag from /home/airflow/.local/lib/python3.12/site-packages/airflow/example_dags/example_bash_decorator.py
[2026-05-10T05:35:37.419+0000] {processor.py:840} INFO - DAG(s) 'example_bash_decorator' retrieved from /home/airflow/.local/lib/python3.12/site-packages/airflow/example_dags/example_bash_decorator.py
[2026-05-10T05:35:37.442+0000] {logging_mixin.py:188} INFO - [2026-05-10T05:35:37.441+0000] {dag.py:3096} INFO - Sync 1 DAGs
[2026-05-10T05:35:37.453+0000] {logging_mixin.py:188} INFO - [2026-05-10T05:35:37.453+0000] {dag.py:3954} INFO - Setting next_dagrun for example_bash_decorator to None, run_after=None
[2026-05-10T05:35:37.470+0000] {processor.py:183} INFO - Processing /home/airflow/.local/lib/python3.12/site-packages/airflow/example_dags/example_bash_decorator.py took 0.069 seconds
[2026-05-10T05:36:07.745+0000] {processor.py:161} INFO - Started process (PID=13356) to work on /home/airflow/.local/lib/python3.12/site-packages/airflow/example_dags/example_bash_decorator.py
[2026-05-10T05:36:07.746+0000] {processor.py:830} INFO - Processing file /home/airflow/.local/lib/python3.12/site-packages/airflow/example_dags/example_bash_decorator.py for tasks to queue
[2026-05-10T05:36:07.748+0000] {logging_mixin.py:188} INFO - [2026-05-10T05:36:07.748+0000] {dagbag.py:545} INFO - Filling up the DagBag from /home/airflow/.local/lib/python3.12/site-packages/airflow/example_dags/example_bash_decorator.py
[2026-05-10T05:36:07.759+0000] {processor.py:840} INFO - DAG(s) 'example_bash_decorator' retrieved from /home/airflow/.local/lib/python3.12/site-packages/airflow/example_dags/example_bash_decorator.py
[2026-05-10T05:36:07.776+0000] {logging_mixin.py:188} INFO - [2026-05-10T05:36:07.776+0000] {dag.py:3096} INFO - Sync 1 DAGs
[2026-05-10T05:36:07.786+0000] {logging_mixin.py:188} INFO - [2026-05-10T05:36:07.786+0000] {dag.py:3954} INFO - Setting next_dagrun for example_bash_decorator to None, run_after=None
[2026-05-10T05:36:07.799+0000] {processor.py:183} INFO - Processing /home/airflow/.local/lib/python3.12/site-packages/airflow/example_dags/example_bash_decorator.py took 0.059 seconds
[2026-05-10T05:36:38.134+0000] {processor.py:161} INFO - Started process (PID=13416) to work on /home/airflow/.local/lib/python3.12/site-packages/airflow/example_dags/example_bash_decorator.py
[2026-05-10T05:36:38.137+0000] {processor.py:830} INFO - Processing file /home/airflow/.local/lib/python3.12/site-packages/airflow/example_dags/example_bash_decorator.py for tasks to queue
[2026-05-10T05:36:38.139+0000] {logging_mixin.py:188} INFO - [2026-05-10T05:36:38.139+0000] {dagbag.py:545} INFO - Filling up the DagBag from /home/airflow/.local/lib/python3.12/site-packages/airflow/example_dags/example_bash_decorator.py
[2026-05-10T05:36:38.151+0000] {processor.py:840} INFO - DAG(s) 'example_bash_decorator' retrieved from /home/airflow/.local/lib/python3.12/site-packages/airflow/example_dags/example_bash_decorator.py
[2026-05-10T05:36:38.171+0000] {logging_mixin.py:188} INFO - [2026-05-10T05:36:38.171+0000] {dag.py:3096} INFO - Sync 1 DAGs
[2026-05-10T05:36:38.182+0000] {logging_mixin.py:188} INFO - [2026-05-10T05:36:38.182+0000] {dag.py:3954} INFO - Setting next_dagrun for example_bash_decorator to None, run_after=None
[2026-05-10T05:36:38.201+0000] {processor.py:183} INFO - Processing /home/airflow/.local/lib/python3.12/site-packages/airflow/example_dags/example_bash_decorator.py took 0.073 seconds
[2026-05-10T05:37:08.669+0000] {processor.py:161} INFO - Started process (PID=13476) to work on /home/airflow/.local/lib/python3.12/site-packages/airflow/example_dags/example_bash_decorator.py
[2026-05-10T05:37:08.671+0000] {processor.py:830} INFO - Processing file /home/airflow/.local/lib/python3.12/site-packages/airflow/example_dags/example_bash_decorator.py for tasks to queue
[2026-05-10T05:37:08.673+0000] {logging_mixin.py:188} INFO - [2026-05-10T05:37:08.672+0000] {dagbag.py:545} INFO - Filling up the DagBag from /home/airflow/.local/lib/python3.12/site-packages/airflow/example_dags/example_bash_decorator.py
[2026-05-10T05:37:08.683+0000] {processor.py:840} INFO - DAG(s) 'example_bash_decorator' retrieved from /home/airflow/.local/lib/python3.12/site-packages/airflow/example_dags/example_bash_decorator.py
[2026-05-10T05:37:08.700+0000] {logging_mixin.py:188} INFO - [2026-05-10T05:37:08.700+0000] {dag.py:3096} INFO - Sync 1 DAGs
[2026-05-10T05:37:08.709+0000] {logging_mixin.py:188} INFO - [2026-05-10T05:37:08.709+0000] {dag.py:3954} INFO - Setting next_dagrun for example_bash_decorator to None, run_after=None
[2026-05-10T05:37:08.726+0000] {processor.py:183} INFO - Processing /home/airflow/.local/lib/python3.12/site-packages/airflow/example_dags/example_bash_decorator.py took 0.061 seconds
[2026-05-10T05:37:38.840+0000] {processor.py:161} INFO - Started process (PID=13536) to work on /home/airflow/.local/lib/python3.12/site-packages/airflow/example_dags/example_bash_decorator.py
[2026-05-10T05:37:38.842+0000] {processor.py:830} INFO - Processing file /home/airflow/.local/lib/python3.12/site-packages/airflow/example_dags/example_bash_decorator.py for tasks to queue
[2026-05-10T05:37:38.844+0000] {logging_mixin.py:188} INFO - [2026-05-10T05:37:38.844+0000] {dagbag.py:545} INFO - Filling up the DagBag from /home/airflow/.local/lib/python3.12/site-packages/airflow/example_dags/example_bash_decorator.py
[2026-05-10T05:37:38.856+0000] {processor.py:840} INFO - DAG(s) 'example_bash_decorator' retrieved from /home/airflow/.local/lib/python3.12/site-packages/airflow/example_dags/example_bash_decorator.py
[2026-05-10T05:37:38.874+0000] {logging_mixin.py:188} INFO - [2026-05-10T05:37:38.874+0000] {dag.py:3096} INFO - Sync 1 DAGs
[2026-05-10T05:37:38.884+0000] {logging_mixin.py:188} INFO - [2026-05-10T05:37:38.884+0000] {dag.py:3954} INFO - Setting next_dagrun for example_bash_decorator to None, run_after=None
[2026-05-10T05:37:38.899+0000] {processor.py:183} INFO - Processing /home/airflow/.local/lib/python3.12/site-packages/airflow/example_dags/example_bash_decorator.py took 0.063 seconds
[2026-05-10T05:38:09.126+0000] {processor.py:161} INFO - Started process (PID=13595) to work on /home/airflow/.local/lib/python3.12/site-packages/airflow/example_dags/example_bash_decorator.py
[2026-05-10T05:38:09.128+0000] {processor.py:830} INFO - Processing file /home/airflow/.local/lib/python3.12/site-packages/airflow/example_dags/example_bash_decorator.py for tasks to queue
[2026-05-10T05:38:09.130+0000] {logging_mixin.py:188} INFO - [2026-05-10T05:38:09.130+0000] {dagbag.py:545} INFO - Filling up the DagBag from /home/airflow/.local/lib/python3.12/site-packages/airflow/example_dags/example_bash_decorator.py
[2026-05-10T05:38:09.144+0000] {processor.py:840} INFO - DAG(s) 'example_bash_decorator' retrieved from /home/airflow/.local/lib/python3.12/site-packages/airflow/example_dags/example_bash_decorator.py
[2026-05-10T05:38:09.165+0000] {logging_mixin.py:188} INFO - [2026-05-10T05:38:09.165+0000] {dag.py:3096} INFO - Sync 1 DAGs
[2026-05-10T05:38:09.175+0000] {logging_mixin.py:188} INFO - [2026-05-10T05:38:09.175+0000] {dag.py:3954} INFO - Setting next_dagrun for example_bash_decorator to None, run_after=None
[2026-05-10T05:38:09.191+0000] {processor.py:183} INFO - Processing /home/airflow/.local/lib/python3.12/site-packages/airflow/example_dags/example_bash_decorator.py took 0.070 seconds
[2026-05-10T05:38:39.474+0000] {processor.py:161} INFO - Started process (PID=13655) to work on /home/airflow/.local/lib/python3.12/site-packages/airflow/example_dags/example_bash_decorator.py
[2026-05-10T05:38:39.475+0000] {processor.py:830} INFO - Processing file /home/airflow/.local/lib/python3.12/site-packages/airflow/example_dags/example_bash_decorator.py for tasks to queue
[2026-05-10T05:38:39.477+0000] {logging_mixin.py:188} INFO - [2026-05-10T05:38:39.477+0000] {dagbag.py:545} INFO - Filling up the DagBag from /home/airflow/.local/lib/python3.12/site-packages/airflow/example_dags/example_bash_decorator.py
[2026-05-10T05:38:39.487+0000] {processor.py:840} INFO - DAG(s) 'example_bash_decorator' retrieved from /home/airflow/.local/lib/python3.12/site-packages/airflow/example_dags/example_bash_decorator.py
[2026-05-10T05:38:39.506+0000] {logging_mixin.py:188} INFO - [2026-05-10T05:38:39.505+0000] {dag.py:3096} INFO - Sync 1 DAGs
[2026-05-10T05:38:39.515+0000] {logging_mixin.py:188} INFO - [2026-05-10T05:38:39.515+0000] {dag.py:3954} INFO - Setting next_dagrun for example_bash_decorator to None, run_after=None
[2026-05-10T05:38:39.533+0000] {processor.py:183} INFO - Processing /home/airflow/.local/lib/python3.12/site-packages/airflow/example_dags/example_bash_decorator.py took 0.064 seconds
[2026-05-10T05:39:09.731+0000] {processor.py:161} INFO - Started process (PID=13715) to work on /home/airflow/.local/lib/python3.12/site-packages/airflow/example_dags/example_bash_decorator.py
[2026-05-10T05:39:09.732+0000] {processor.py:830} INFO - Processing file /home/airflow/.local/lib/python3.12/site-packages/airflow/example_dags/example_bash_decorator.py for tasks to queue
[2026-05-10T05:39:09.734+0000] {logging_mixin.py:188} INFO - [2026-05-10T05:39:09.734+0000] {dagbag.py:545} INFO - Filling up the DagBag from /home/airflow/.local/lib/python3.12/site-packages/airflow/example_dags/example_bash_decorator.py
[2026-05-10T05:39:09.747+0000] {processor.py:840} INFO - DAG(s) 'example_bash_decorator' retrieved from /home/airflow/.local/lib/python3.12/site-packages/airflow/example_dags/example_bash_decorator.py
[2026-05-10T05:39:09.767+0000] {logging_mixin.py:188} INFO - [2026-05-10T05:39:09.767+0000] {dag.py:3096} INFO - Sync 1 DAGs
[2026-05-10T05:39:09.778+0000] {logging_mixin.py:188} INFO - [2026-05-10T05:39:09.778+0000] {dag.py:3954} INFO - Setting next_dagrun for example_bash_decorator to None, run_after=None
[2026-05-10T05:39:09.797+0000] {processor.py:183} INFO - Processing /home/airflow/.local/lib/python3.12/site-packages/airflow/example_dags/example_bash_decorator.py took 0.071 seconds
[2026-05-10T05:39:39.993+0000] {processor.py:161} INFO - Started process (PID=13775) to work on /home/airflow/.local/lib/python3.12/site-packages/airflow/example_dags/example_bash_decorator.py
[2026-05-10T05:39:39.994+0000] {processor.py:830} INFO - Processing file /home/airflow/.local/lib/python3.12/site-packages/airflow/example_dags/example_bash_decorator.py for tasks to queue
[2026-05-10T05:39:39.996+0000] {logging_mixin.py:188} INFO - [2026-05-10T05:39:39.996+0000] {dagbag.py:545} INFO - Filling up the DagBag from /home/airflow/.local/lib/python3.12/site-packages/airflow/example_dags/example_bash_decorator.py
[2026-05-10T05:39:40.007+0000] {processor.py:840} INFO - DAG(s) 'example_bash_decorator' retrieved from /home/airflow/.local/lib/python3.12/site-packages/airflow/example_dags/example_bash_decorator.py
[2026-05-10T05:39:40.026+0000] {logging_mixin.py:188} INFO - [2026-05-10T05:39:40.026+0000] {dag.py:3096} INFO - Sync 1 DAGs
[2026-05-10T05:39:40.036+0000] {logging_mixin.py:188} INFO - [2026-05-10T05:39:40.036+0000] {dag.py:3954} INFO - Setting next_dagrun for example_bash_decorator to None, run_after=None
[2026-05-10T05:39:40.052+0000] {processor.py:183} INFO - Processing /home/airflow/.local/lib/python3.12/site-packages/airflow/example_dags/example_bash_decorator.py took 0.064 seconds
[2026-05-10T05:40:10.395+0000] {processor.py:161} INFO - Started process (PID=13835) to work on /home/airflow/.local/lib/python3.12/site-packages/airflow/example_dags/example_bash_decorator.py
[2026-05-10T05:40:10.397+0000] {processor.py:830} INFO - Processing file /home/airflow/.local/lib/python3.12/site-packages/airflow/example_dags/example_bash_decorator.py for tasks to queue
[2026-05-10T05:40:10.399+0000] {logging_mixin.py:188} INFO - [2026-05-10T05:40:10.398+0000] {dagbag.py:545} INFO - Filling up the DagBag from /home/airflow/.local/lib/python3.12/site-packages/airflow/example_dags/example_bash_decorator.py
[2026-05-10T05:40:10.409+0000] {processor.py:840} INFO - DAG(s) 'example_bash_decorator' retrieved from /home/airflow/.local/lib/python3.12/site-packages/airflow/example_dags/example_bash_decorator.py
[2026-05-10T05:40:10.429+0000] {logging_mixin.py:188} INFO - [2026-05-10T05:40:10.429+0000] {dag.py:3096} INFO - Sync 1 DAGs
[2026-05-10T05:40:10.439+0000] {logging_mixin.py:188} INFO - [2026-05-10T05:40:10.439+0000] {dag.py:3954} INFO - Setting next_dagrun for example_bash_decorator to None, run_after=None
[2026-05-10T05:40:10.458+0000] {processor.py:183} INFO - Processing /home/airflow/.local/lib/python3.12/site-packages/airflow/example_dags/example_bash_decorator.py took 0.068 seconds
[2026-05-10T05:40:40.692+0000] {processor.py:161} INFO - Started process (PID=13895) to work on /home/airflow/.local/lib/python3.12/site-packages/airflow/example_dags/example_bash_decorator.py
[2026-05-10T05:40:40.693+0000] {processor.py:830} INFO - Processing file /home/airflow/.local/lib/python3.12/site-packages/airflow/example_dags/example_bash_decorator.py for tasks to queue
[2026-05-10T05:40:40.695+0000] {logging_mixin.py:188} INFO - [2026-05-10T05:40:40.695+0000] {dagbag.py:545} INFO - Filling up the DagBag from /home/airflow/.local/lib/python3.12/site-packages/airflow/example_dags/example_bash_decorator.py
[2026-05-10T05:40:40.706+0000] {processor.py:840} INFO - DAG(s) 'example_bash_decorator' retrieved from /home/airflow/.local/lib/python3.12/site-packages/airflow/example_dags/example_bash_decorator.py
[2026-05-10T05:40:40.726+0000] {logging_mixin.py:188} INFO - [2026-05-10T05:40:40.726+0000] {dag.py:3096} INFO - Sync 1 DAGs
[2026-05-10T05:40:40.736+0000] {logging_mixin.py:188} INFO - [2026-05-10T05:40:40.736+0000] {dag.py:3954} INFO - Setting next_dagrun for example_bash_decorator to None, run_after=None
[2026-05-10T05:40:40.753+0000] {processor.py:183} INFO - Processing /home/airflow/.local/lib/python3.12/site-packages/airflow/example_dags/example_bash_decorator.py took 0.066 seconds
[2026-05-10T05:41:11.295+0000] {processor.py:161} INFO - Started process (PID=13955) to work on /home/airflow/.local/lib/python3.12/site-packages/airflow/example_dags/example_bash_decorator.py
[2026-05-10T05:41:11.297+0000] {processor.py:830} INFO - Processing file /home/airflow/.local/lib/python3.12/site-packages/airflow/example_dags/example_bash_decorator.py for tasks to queue
[2026-05-10T05:41:11.299+0000] {logging_mixin.py:188} INFO - [2026-05-10T05:41:11.299+0000] {dagbag.py:545} INFO - Filling up the DagBag from /home/airflow/.local/lib/python3.12/site-packages/airflow/example_dags/example_bash_decorator.py
[2026-05-10T05:41:11.310+0000] {processor.py:840} INFO - DAG(s) 'example_bash_decorator' retrieved from /home/airflow/.local/lib/python3.12/site-packages/airflow/example_dags/example_bash_decorator.py
[2026-05-10T05:41:11.332+0000] {logging_mixin.py:188} INFO - [2026-05-10T05:41:11.331+0000] {dag.py:3096} INFO - Sync 1 DAGs
[2026-05-10T05:41:11.342+0000] {logging_mixin.py:188} INFO - [2026-05-10T05:41:11.342+0000] {dag.py:3954} INFO - Setting next_dagrun for example_bash_decorator to None, run_after=None
[2026-05-10T05:41:11.359+0000] {processor.py:183} INFO - Processing /home/airflow/.local/lib/python3.12/site-packages/airflow/example_dags/example_bash_decorator.py took 0.069 seconds
[2026-05-10T05:41:41.606+0000] {processor.py:161} INFO - Started process (PID=14015) to work on /home/airflow/.local/lib/python3.12/site-packages/airflow/example_dags/example_bash_decorator.py
[2026-05-10T05:41:41.607+0000] {processor.py:830} INFO - Processing file /home/airflow/.local/lib/python3.12/site-packages/airflow/example_dags/example_bash_decorator.py for tasks to queue
[2026-05-10T05:41:41.609+0000] {logging_mixin.py:188} INFO - [2026-05-10T05:41:41.609+0000] {dagbag.py:545} INFO - Filling up the DagBag from /home/airflow/.local/lib/python3.12/site-packages/airflow/example_dags/example_bash_decorator.py
[2026-05-10T05:41:41.621+0000] {processor.py:840} INFO - DAG(s) 'example_bash_decorator' retrieved from /home/airflow/.local/lib/python3.12/site-packages/airflow/example_dags/example_bash_decorator.py
[2026-05-10T05:41:41.641+0000] {logging_mixin.py:188} INFO - [2026-05-10T05:41:41.641+0000] {dag.py:3096} INFO - Sync 1 DAGs
[2026-05-10T05:41:41.652+0000] {logging_mixin.py:188} INFO - [2026-05-10T05:41:41.652+0000] {dag.py:3954} INFO - Setting next_dagrun for example_bash_decorator to None, run_after=None
[2026-05-10T05:41:41.670+0000] {processor.py:183} INFO - Processing /home/airflow/.local/lib/python3.12/site-packages/airflow/example_dags/example_bash_decorator.py took 0.069 seconds
[2026-05-10T05:42:12.071+0000] {processor.py:161} INFO - Started process (PID=14075) to work on /home/airflow/.local/lib/python3.12/site-packages/airflow/example_dags/example_bash_decorator.py
[2026-05-10T05:42:12.073+0000] {processor.py:830} INFO - Processing file /home/airflow/.local/lib/python3.12/site-packages/airflow/example_dags/example_bash_decorator.py for tasks to queue
[2026-05-10T05:42:12.077+0000] {logging_mixin.py:188} INFO - [2026-05-10T05:42:12.077+0000] {dagbag.py:545} INFO - Filling up the DagBag from /home/airflow/.local/lib/python3.12/site-packages/airflow/example_dags/example_bash_decorator.py
[2026-05-10T05:42:12.091+0000] {processor.py:840} INFO - DAG(s) 'example_bash_decorator' retrieved from /home/airflow/.local/lib/python3.12/site-packages/airflow/example_dags/example_bash_decorator.py
[2026-05-10T05:42:12.116+0000] {logging_mixin.py:188} INFO - [2026-05-10T05:42:12.116+0000] {dag.py:3096} INFO - Sync 1 DAGs
[2026-05-10T05:42:12.128+0000] {logging_mixin.py:188} INFO - [2026-05-10T05:42:12.128+0000] {dag.py:3954} INFO - Setting next_dagrun for example_bash_decorator to None, run_after=None
[2026-05-10T05:42:12.146+0000] {processor.py:183} INFO - Processing /home/airflow/.local/lib/python3.12/site-packages/airflow/example_dags/example_bash_decorator.py took 0.083 seconds
[2026-05-10T05:42:42.498+0000] {processor.py:161} INFO - Started process (PID=14135) to work on /home/airflow/.local/lib/python3.12/site-packages/airflow/example_dags/example_bash_decorator.py
[2026-05-10T05:42:42.499+0000] {processor.py:830} INFO - Processing file /home/airflow/.local/lib/python3.12/site-packages/airflow/example_dags/example_bash_decorator.py for tasks to queue
[2026-05-10T05:42:42.501+0000] {logging_mixin.py:188} INFO - [2026-05-10T05:42:42.501+0000] {dagbag.py:545} INFO - Filling up the DagBag from /home/airflow/.local/lib/python3.12/site-packages/airflow/example_dags/example_bash_decorator.py
[2026-05-10T05:42:42.515+0000] {processor.py:840} INFO - DAG(s) 'example_bash_decorator' retrieved from /home/airflow/.local/lib/python3.12/site-packages/airflow/example_dags/example_bash_decorator.py
[2026-05-10T05:42:42.536+0000] {logging_mixin.py:188} INFO - [2026-05-10T05:42:42.535+0000] {dag.py:3096} INFO - Sync 1 DAGs
[2026-05-10T05:42:42.548+0000] {logging_mixin.py:188} INFO - [2026-05-10T05:42:42.548+0000] {dag.py:3954} INFO - Setting next_dagrun for example_bash_decorator to None, run_after=None
[2026-05-10T05:42:42.563+0000] {processor.py:183} INFO - Processing /home/airflow/.local/lib/python3.12/site-packages/airflow/example_dags/example_bash_decorator.py took 0.071 seconds
[2026-05-10T05:43:13.183+0000] {processor.py:161} INFO - Started process (PID=14195) to work on /home/airflow/.local/lib/python3.12/site-packages/airflow/example_dags/example_bash_decorator.py
[2026-05-10T05:43:13.185+0000] {processor.py:830} INFO - Processing file /home/airflow/.local/lib/python3.12/site-packages/airflow/example_dags/example_bash_decorator.py for tasks to queue
[2026-05-10T05:43:13.187+0000] {logging_mixin.py:188} INFO - [2026-05-10T05:43:13.186+0000] {dagbag.py:545} INFO - Filling up the DagBag from /home/airflow/.local/lib/python3.12/site-packages/airflow/example_dags/example_bash_decorator.py
[2026-05-10T05:43:13.198+0000] {processor.py:840} INFO - DAG(s) 'example_bash_decorator' retrieved from /home/airflow/.local/lib/python3.12/site-packages/airflow/example_dags/example_bash_decorator.py
[2026-05-10T05:43:13.217+0000] {logging_mixin.py:188} INFO - [2026-05-10T05:43:13.217+0000] {dag.py:3096} INFO - Sync 1 DAGs
[2026-05-10T05:43:13.228+0000] {logging_mixin.py:188} INFO - [2026-05-10T05:43:13.227+0000] {dag.py:3954} INFO - Setting next_dagrun for example_bash_decorator to None, run_after=None
[2026-05-10T05:43:13.248+0000] {processor.py:183} INFO - Processing /home/airflow/.local/lib/python3.12/site-packages/airflow/example_dags/example_bash_decorator.py took 0.070 seconds
[2026-05-10T05:43:44.017+0000] {processor.py:161} INFO - Started process (PID=14255) to work on /home/airflow/.local/lib/python3.12/site-packages/airflow/example_dags/example_bash_decorator.py
[2026-05-10T05:43:44.019+0000] {processor.py:830} INFO - Processing file /home/airflow/.local/lib/python3.12/site-packages/airflow/example_dags/example_bash_decorator.py for tasks to queue
[2026-05-10T05:43:44.021+0000] {logging_mixin.py:188} INFO - [2026-05-10T05:43:44.021+0000] {dagbag.py:545} INFO - Filling up the DagBag from /home/airflow/.local/lib/python3.12/site-packages/airflow/example_dags/example_bash_decorator.py
[2026-05-10T05:43:44.032+0000] {processor.py:840} INFO - DAG(s) 'example_bash_decorator' retrieved from /home/airflow/.local/lib/python3.12/site-packages/airflow/example_dags/example_bash_decorator.py
[2026-05-10T05:43:44.055+0000] {logging_mixin.py:188} INFO - [2026-05-10T05:43:44.055+0000] {dag.py:3096} INFO - Sync 1 DAGs
[2026-05-10T05:43:44.068+0000] {logging_mixin.py:188} INFO - [2026-05-10T05:43:44.068+0000] {dag.py:3954} INFO - Setting next_dagrun for example_bash_decorator to None, run_after=None
[2026-05-10T05:43:44.095+0000] {processor.py:183} INFO - Processing /home/airflow/.local/lib/python3.12/site-packages/airflow/example_dags/example_bash_decorator.py took 0.083 seconds
[2026-05-10T05:44:14.155+0000] {processor.py:161} INFO - Started process (PID=14315) to work on /home/airflow/.local/lib/python3.12/site-packages/airflow/example_dags/example_bash_decorator.py
[2026-05-10T05:44:14.157+0000] {processor.py:830} INFO - Processing file /home/airflow/.local/lib/python3.12/site-packages/airflow/example_dags/example_bash_decorator.py for tasks to queue
[2026-05-10T05:44:14.159+0000] {logging_mixin.py:188} INFO - [2026-05-10T05:44:14.159+0000] {dagbag.py:545} INFO - Filling up the DagBag from /home/airflow/.local/lib/python3.12/site-packages/airflow/example_dags/example_bash_decorator.py
[2026-05-10T05:44:14.169+0000] {processor.py:840} INFO - DAG(s) 'example_bash_decorator' retrieved from /home/airflow/.local/lib/python3.12/site-packages/airflow/example_dags/example_bash_decorator.py
[2026-05-10T05:44:14.187+0000] {logging_mixin.py:188} INFO - [2026-05-10T05:44:14.187+0000] {dag.py:3096} INFO - Sync 1 DAGs
[2026-05-10T05:44:14.199+0000] {logging_mixin.py:188} INFO - [2026-05-10T05:44:14.199+0000] {dag.py:3954} INFO - Setting next_dagrun for example_bash_decorator to None, run_after=None
[2026-05-10T05:44:14.214+0000] {processor.py:183} INFO - Processing /home/airflow/.local/lib/python3.12/site-packages/airflow/example_dags/example_bash_decorator.py took 0.063 seconds
[2026-05-10T05:44:44.493+0000] {processor.py:161} INFO - Started process (PID=14375) to work on /home/airflow/.local/lib/python3.12/site-packages/airflow/example_dags/example_bash_decorator.py
[2026-05-10T05:44:44.495+0000] {processor.py:830} INFO - Processing file /home/airflow/.local/lib/python3.12/site-packages/airflow/example_dags/example_bash_decorator.py for tasks to queue
[2026-05-10T05:44:44.496+0000] {logging_mixin.py:188} INFO - [2026-05-10T05:44:44.496+0000] {dagbag.py:545} INFO - Filling up the DagBag from /home/airflow/.local/lib/python3.12/site-packages/airflow/example_dags/example_bash_decorator.py
[2026-05-10T05:44:44.507+0000] {processor.py:840} INFO - DAG(s) 'example_bash_decorator' retrieved from /home/airflow/.local/lib/python3.12/site-packages/airflow/example_dags/example_bash_decorator.py
[2026-05-10T05:44:44.526+0000] {logging_mixin.py:188} INFO - [2026-05-10T05:44:44.526+0000] {dag.py:3096} INFO - Sync 1 DAGs
[2026-05-10T05:44:44.537+0000] {logging_mixin.py:188} INFO - [2026-05-10T05:44:44.536+0000] {dag.py:3954} INFO - Setting next_dagrun for example_bash_decorator to None, run_after=None
[2026-05-10T05:44:44.554+0000] {processor.py:183} INFO - Processing /home/airflow/.local/lib/python3.12/site-packages/airflow/example_dags/example_bash_decorator.py took 0.065 seconds
[2026-05-10T05:45:14.768+0000] {processor.py:161} INFO - Started process (PID=14435) to work on /home/airflow/.local/lib/python3.12/site-packages/airflow/example_dags/example_bash_decorator.py
[2026-05-10T05:45:14.769+0000] {processor.py:830} INFO - Processing file /home/airflow/.local/lib/python3.12/site-packages/airflow/example_dags/example_bash_decorator.py for tasks to queue
[2026-05-10T05:45:14.771+0000] {logging_mixin.py:188} INFO - [2026-05-10T05:45:14.770+0000] {dagbag.py:545} INFO - Filling up the DagBag from /home/airflow/.local/lib/python3.12/site-packages/airflow/example_dags/example_bash_decorator.py
[2026-05-10T05:45:14.781+0000] {processor.py:840} INFO - DAG(s) 'example_bash_decorator' retrieved from /home/airflow/.local/lib/python3.12/site-packages/airflow/example_dags/example_bash_decorator.py
[2026-05-10T05:45:14.798+0000] {logging_mixin.py:188} INFO - [2026-05-10T05:45:14.798+0000] {dag.py:3096} INFO - Sync 1 DAGs
[2026-05-10T05:45:14.808+0000] {logging_mixin.py:188} INFO - [2026-05-10T05:45:14.808+0000] {dag.py:3954} INFO - Setting next_dagrun for example_bash_decorator to None, run_after=None
[2026-05-10T05:45:14.821+0000] {processor.py:183} INFO - Processing /home/airflow/.local/lib/python3.12/site-packages/airflow/example_dags/example_bash_decorator.py took 0.058 seconds
[2026-05-10T05:45:45.316+0000] {processor.py:161} INFO - Started process (PID=14495) to work on /home/airflow/.local/lib/python3.12/site-packages/airflow/example_dags/example_bash_decorator.py
[2026-05-10T05:45:45.317+0000] {processor.py:830} INFO - Processing file /home/airflow/.local/lib/python3.12/site-packages/airflow/example_dags/example_bash_decorator.py for tasks to queue
[2026-05-10T05:45:45.319+0000] {logging_mixin.py:188} INFO - [2026-05-10T05:45:45.319+0000] {dagbag.py:545} INFO - Filling up the DagBag from /home/airflow/.local/lib/python3.12/site-packages/airflow/example_dags/example_bash_decorator.py
[2026-05-10T05:45:45.330+0000] {processor.py:840} INFO - DAG(s) 'example_bash_decorator' retrieved from /home/airflow/.local/lib/python3.12/site-packages/airflow/example_dags/example_bash_decorator.py
[2026-05-10T05:45:45.348+0000] {logging_mixin.py:188} INFO - [2026-05-10T05:45:45.347+0000] {dag.py:3096} INFO - Sync 1 DAGs
[2026-05-10T05:45:45.357+0000] {logging_mixin.py:188} INFO - [2026-05-10T05:45:45.357+0000] {dag.py:3954} INFO - Setting next_dagrun for example_bash_decorator to None, run_after=None
[2026-05-10T05:45:45.373+0000] {processor.py:183} INFO - Processing /home/airflow/.local/lib/python3.12/site-packages/airflow/example_dags/example_bash_decorator.py took 0.062 seconds
[2026-05-10T05:46:15.539+0000] {processor.py:161} INFO - Started process (PID=14555) to work on /home/airflow/.local/lib/python3.12/site-packages/airflow/example_dags/example_bash_decorator.py
[2026-05-10T05:46:15.541+0000] {processor.py:830} INFO - Processing file /home/airflow/.local/lib/python3.12/site-packages/airflow/example_dags/example_bash_decorator.py for tasks to queue
[2026-05-10T05:46:15.543+0000] {logging_mixin.py:188} INFO - [2026-05-10T05:46:15.542+0000] {dagbag.py:545} INFO - Filling up the DagBag from /home/airflow/.local/lib/python3.12/site-packages/airflow/example_dags/example_bash_decorator.py
[2026-05-10T05:46:15.553+0000] {processor.py:840} INFO - DAG(s) 'example_bash_decorator' retrieved from /home/airflow/.local/lib/python3.12/site-packages/airflow/example_dags/example_bash_decorator.py
[2026-05-10T05:46:15.570+0000] {logging_mixin.py:188} INFO - [2026-05-10T05:46:15.570+0000] {dag.py:3096} INFO - Sync 1 DAGs
[2026-05-10T05:46:15.579+0000] {logging_mixin.py:188} INFO - [2026-05-10T05:46:15.579+0000] {dag.py:3954} INFO - Setting next_dagrun for example_bash_decorator to None, run_after=None
[2026-05-10T05:46:15.593+0000] {processor.py:183} INFO - Processing /home/airflow/.local/lib/python3.12/site-packages/airflow/example_dags/example_bash_decorator.py took 0.059 seconds
[2026-05-10T05:46:45.734+0000] {processor.py:161} INFO - Started process (PID=14615) to work on /home/airflow/.local/lib/python3.12/site-packages/airflow/example_dags/example_bash_decorator.py
[2026-05-10T05:46:45.735+0000] {processor.py:830} INFO - Processing file /home/airflow/.local/lib/python3.12/site-packages/airflow/example_dags/example_bash_decorator.py for tasks to queue
[2026-05-10T05:46:45.737+0000] {logging_mixin.py:188} INFO - [2026-05-10T05:46:45.737+0000] {dagbag.py:545} INFO - Filling up the DagBag from /home/airflow/.local/lib/python3.12/site-packages/airflow/example_dags/example_bash_decorator.py
[2026-05-10T05:46:45.747+0000] {processor.py:840} INFO - DAG(s) 'example_bash_decorator' retrieved from /home/airflow/.local/lib/python3.12/site-packages/airflow/example_dags/example_bash_decorator.py
[2026-05-10T05:46:45.769+0000] {logging_mixin.py:188} INFO - [2026-05-10T05:46:45.769+0000] {dag.py:3096} INFO - Sync 1 DAGs
[2026-05-10T05:46:45.781+0000] {logging_mixin.py:188} INFO - [2026-05-10T05:46:45.781+0000] {dag.py:3954} INFO - Setting next_dagrun for example_bash_decorator to None, run_after=None
[2026-05-10T05:46:45.796+0000] {processor.py:183} INFO - Processing /home/airflow/.local/lib/python3.12/site-packages/airflow/example_dags/example_bash_decorator.py took 0.067 seconds
[2026-05-10T05:47:16.021+0000] {processor.py:161} INFO - Started process (PID=14675) to work on /home/airflow/.local/lib/python3.12/site-packages/airflow/example_dags/example_bash_decorator.py
[2026-05-10T05:47:16.023+0000] {processor.py:830} INFO - Processing file /home/airflow/.local/lib/python3.12/site-packages/airflow/example_dags/example_bash_decorator.py for tasks to queue
[2026-05-10T05:47:16.024+0000] {logging_mixin.py:188} INFO - [2026-05-10T05:47:16.024+0000] {dagbag.py:545} INFO - Filling up the DagBag from /home/airflow/.local/lib/python3.12/site-packages/airflow/example_dags/example_bash_decorator.py
[2026-05-10T05:47:16.035+0000] {processor.py:840} INFO - DAG(s) 'example_bash_decorator' retrieved from /home/airflow/.local/lib/python3.12/site-packages/airflow/example_dags/example_bash_decorator.py
[2026-05-10T05:47:16.052+0000] {logging_mixin.py:188} INFO - [2026-05-10T05:47:16.052+0000] {dag.py:3096} INFO - Sync 1 DAGs
[2026-05-10T05:47:16.063+0000] {logging_mixin.py:188} INFO - [2026-05-10T05:47:16.063+0000] {dag.py:3954} INFO - Setting next_dagrun for example_bash_decorator to None, run_after=None
[2026-05-10T05:47:16.079+0000] {processor.py:183} INFO - Processing /home/airflow/.local/lib/python3.12/site-packages/airflow/example_dags/example_bash_decorator.py took 0.063 seconds
[2026-05-10T05:47:46.653+0000] {processor.py:161} INFO - Started process (PID=14735) to work on /home/airflow/.local/lib/python3.12/site-packages/airflow/example_dags/example_bash_decorator.py
[2026-05-10T05:47:46.655+0000] {processor.py:830} INFO - Processing file /home/airflow/.local/lib/python3.12/site-packages/airflow/example_dags/example_bash_decorator.py for tasks to queue
[2026-05-10T05:47:46.657+0000] {logging_mixin.py:188} INFO - [2026-05-10T05:47:46.657+0000] {dagbag.py:545} INFO - Filling up the DagBag from /home/airflow/.local/lib/python3.12/site-packages/airflow/example_dags/example_bash_decorator.py
[2026-05-10T05:47:46.668+0000] {processor.py:840} INFO - DAG(s) 'example_bash_decorator' retrieved from /home/airflow/.local/lib/python3.12/site-packages/airflow/example_dags/example_bash_decorator.py
[2026-05-10T05:47:46.687+0000] {logging_mixin.py:188} INFO - [2026-05-10T05:47:46.687+0000] {dag.py:3096} INFO - Sync 1 DAGs
[2026-05-10T05:47:46.697+0000] {logging_mixin.py:188} INFO - [2026-05-10T05:47:46.697+0000] {dag.py:3954} INFO - Setting next_dagrun for example_bash_decorator to None, run_after=None
[2026-05-10T05:47:46.715+0000] {processor.py:183} INFO - Processing /home/airflow/.local/lib/python3.12/site-packages/airflow/example_dags/example_bash_decorator.py took 0.067 seconds
[2026-05-10T05:48:17.698+0000] {processor.py:161} INFO - Started process (PID=14795) to work on /home/airflow/.local/lib/python3.12/site-packages/airflow/example_dags/example_bash_decorator.py
[2026-05-10T05:48:17.699+0000] {processor.py:830} INFO - Processing file /home/airflow/.local/lib/python3.12/site-packages/airflow/example_dags/example_bash_decorator.py for tasks to queue
[2026-05-10T05:48:17.701+0000] {logging_mixin.py:188} INFO - [2026-05-10T05:48:17.701+0000] {dagbag.py:545} INFO - Filling up the DagBag from /home/airflow/.local/lib/python3.12/site-packages/airflow/example_dags/example_bash_decorator.py
[2026-05-10T05:48:17.711+0000] {processor.py:840} INFO - DAG(s) 'example_bash_decorator' retrieved from /home/airflow/.local/lib/python3.12/site-packages/airflow/example_dags/example_bash_decorator.py
[2026-05-10T05:48:17.731+0000] {logging_mixin.py:188} INFO - [2026-05-10T05:48:17.731+0000] {dag.py:3096} INFO - Sync 1 DAGs
[2026-05-10T05:48:17.741+0000] {logging_mixin.py:188} INFO - [2026-05-10T05:48:17.741+0000] {dag.py:3954} INFO - Setting next_dagrun for example_bash_decorator to None, run_after=None
[2026-05-10T05:48:17.758+0000] {processor.py:183} INFO - Processing /home/airflow/.local/lib/python3.12/site-packages/airflow/example_dags/example_bash_decorator.py took 0.065 seconds
[2026-05-10T05:48:47.820+0000] {processor.py:161} INFO - Started process (PID=14855) to work on /home/airflow/.local/lib/python3.12/site-packages/airflow/example_dags/example_bash_decorator.py
[2026-05-10T05:48:47.822+0000] {processor.py:830} INFO - Processing file /home/airflow/.local/lib/python3.12/site-packages/airflow/example_dags/example_bash_decorator.py for tasks to queue
[2026-05-10T05:48:47.824+0000] {logging_mixin.py:188} INFO - [2026-05-10T05:48:47.824+0000] {dagbag.py:545} INFO - Filling up the DagBag from /home/airflow/.local/lib/python3.12/site-packages/airflow/example_dags/example_bash_decorator.py
[2026-05-10T05:48:47.835+0000] {processor.py:840} INFO - DAG(s) 'example_bash_decorator' retrieved from /home/airflow/.local/lib/python3.12/site-packages/airflow/example_dags/example_bash_decorator.py
[2026-05-10T05:48:47.854+0000] {logging_mixin.py:188} INFO - [2026-05-10T05:48:47.854+0000] {dag.py:3096} INFO - Sync 1 DAGs
[2026-05-10T05:48:47.865+0000] {logging_mixin.py:188} INFO - [2026-05-10T05:48:47.865+0000] {dag.py:3954} INFO - Setting next_dagrun for example_bash_decorator to None, run_after=None
[2026-05-10T05:48:47.882+0000] {processor.py:183} INFO - Processing /home/airflow/.local/lib/python3.12/site-packages/airflow/example_dags/example_bash_decorator.py took 0.066 seconds
[2026-05-10T05:49:18.473+0000] {processor.py:161} INFO - Started process (PID=14915) to work on /home/airflow/.local/lib/python3.12/site-packages/airflow/example_dags/example_bash_decorator.py
[2026-05-10T05:49:18.475+0000] {processor.py:830} INFO - Processing file /home/airflow/.local/lib/python3.12/site-packages/airflow/example_dags/example_bash_decorator.py for tasks to queue
[2026-05-10T05:49:18.478+0000] {logging_mixin.py:188} INFO - [2026-05-10T05:49:18.478+0000] {dagbag.py:545} INFO - Filling up the DagBag from /home/airflow/.local/lib/python3.12/site-packages/airflow/example_dags/example_bash_decorator.py
[2026-05-10T05:49:18.489+0000] {processor.py:840} INFO - DAG(s) 'example_bash_decorator' retrieved from /home/airflow/.local/lib/python3.12/site-packages/airflow/example_dags/example_bash_decorator.py
[2026-05-10T05:49:18.507+0000] {logging_mixin.py:188} INFO - [2026-05-10T05:49:18.507+0000] {dag.py:3096} INFO - Sync 1 DAGs
[2026-05-10T05:49:18.518+0000] {logging_mixin.py:188} INFO - [2026-05-10T05:49:18.518+0000] {dag.py:3954} INFO - Setting next_dagrun for example_bash_decorator to None, run_after=None
[2026-05-10T05:49:18.534+0000] {processor.py:183} INFO - Processing /home/airflow/.local/lib/python3.12/site-packages/airflow/example_dags/example_bash_decorator.py took 0.066 seconds
[2026-05-10T05:49:48.878+0000] {processor.py:161} INFO - Started process (PID=14975) to work on /home/airflow/.local/lib/python3.12/site-packages/airflow/example_dags/example_bash_decorator.py
[2026-05-10T05:49:48.880+0000] {processor.py:830} INFO - Processing file /home/airflow/.local/lib/python3.12/site-packages/airflow/example_dags/example_bash_decorator.py for tasks to queue
[2026-05-10T05:49:48.882+0000] {logging_mixin.py:188} INFO - [2026-05-10T05:49:48.882+0000] {dagbag.py:545} INFO - Filling up the DagBag from /home/airflow/.local/lib/python3.12/site-packages/airflow/example_dags/example_bash_decorator.py
[2026-05-10T05:49:48.892+0000] {processor.py:840} INFO - DAG(s) 'example_bash_decorator' retrieved from /home/airflow/.local/lib/python3.12/site-packages/airflow/example_dags/example_bash_decorator.py
[2026-05-10T05:49:48.911+0000] {logging_mixin.py:188} INFO - [2026-05-10T05:49:48.911+0000] {dag.py:3096} INFO - Sync 1 DAGs
[2026-05-10T05:49:48.921+0000] {logging_mixin.py:188} INFO - [2026-05-10T05:49:48.921+0000] {dag.py:3954} INFO - Setting next_dagrun for example_bash_decorator to None, run_after=None
[2026-05-10T05:49:48.938+0000] {processor.py:183} INFO - Processing /home/airflow/.local/lib/python3.12/site-packages/airflow/example_dags/example_bash_decorator.py took 0.064 seconds
[2026-05-10T05:50:19.110+0000] {processor.py:161} INFO - Started process (PID=15035) to work on /home/airflow/.local/lib/python3.12/site-packages/airflow/example_dags/example_bash_decorator.py
[2026-05-10T05:50:19.112+0000] {processor.py:830} INFO - Processing file /home/airflow/.local/lib/python3.12/site-packages/airflow/example_dags/example_bash_decorator.py for tasks to queue
[2026-05-10T05:50:19.115+0000] {logging_mixin.py:188} INFO - [2026-05-10T05:50:19.115+0000] {dagbag.py:545} INFO - Filling up the DagBag from /home/airflow/.local/lib/python3.12/site-packages/airflow/example_dags/example_bash_decorator.py
[2026-05-10T05:50:19.129+0000] {processor.py:840} INFO - DAG(s) 'example_bash_decorator' retrieved from /home/airflow/.local/lib/python3.12/site-packages/airflow/example_dags/example_bash_decorator.py
[2026-05-10T05:50:19.148+0000] {logging_mixin.py:188} INFO - [2026-05-10T05:50:19.147+0000] {dag.py:3096} INFO - Sync 1 DAGs
[2026-05-10T05:50:19.158+0000] {logging_mixin.py:188} INFO - [2026-05-10T05:50:19.158+0000] {dag.py:3954} INFO - Setting next_dagrun for example_bash_decorator to None, run_after=None
[2026-05-10T05:50:19.178+0000] {processor.py:183} INFO - Processing /home/airflow/.local/lib/python3.12/site-packages/airflow/example_dags/example_bash_decorator.py took 0.074 seconds
[2026-05-10T05:50:49.662+0000] {processor.py:161} INFO - Started process (PID=15095) to work on /home/airflow/.local/lib/python3.12/site-packages/airflow/example_dags/example_bash_decorator.py
[2026-05-10T05:50:49.663+0000] {processor.py:830} INFO - Processing file /home/airflow/.local/lib/python3.12/site-packages/airflow/example_dags/example_bash_decorator.py for tasks to queue
[2026-05-10T05:50:49.665+0000] {logging_mixin.py:188} INFO - [2026-05-10T05:50:49.665+0000] {dagbag.py:545} INFO - Filling up the DagBag from /home/airflow/.local/lib/python3.12/site-packages/airflow/example_dags/example_bash_decorator.py
[2026-05-10T05:50:49.677+0000] {processor.py:840} INFO - DAG(s) 'example_bash_decorator' retrieved from /home/airflow/.local/lib/python3.12/site-packages/airflow/example_dags/example_bash_decorator.py
[2026-05-10T05:50:49.698+0000] {logging_mixin.py:188} INFO - [2026-05-10T05:50:49.697+0000] {dag.py:3096} INFO - Sync 1 DAGs
[2026-05-10T05:50:49.709+0000] {logging_mixin.py:188} INFO - [2026-05-10T05:50:49.709+0000] {dag.py:3954} INFO - Setting next_dagrun for example_bash_decorator to None, run_after=None
[2026-05-10T05:50:49.727+0000] {processor.py:183} INFO - Processing /home/airflow/.local/lib/python3.12/site-packages/airflow/example_dags/example_bash_decorator.py took 0.071 seconds
[2026-05-10T05:51:20.537+0000] {processor.py:161} INFO - Started process (PID=15155) to work on /home/airflow/.local/lib/python3.12/site-packages/airflow/example_dags/example_bash_decorator.py
[2026-05-10T05:51:20.538+0000] {processor.py:830} INFO - Processing file /home/airflow/.local/lib/python3.12/site-packages/airflow/example_dags/example_bash_decorator.py for tasks to queue
[2026-05-10T05:51:20.540+0000] {logging_mixin.py:188} INFO - [2026-05-10T05:51:20.540+0000] {dagbag.py:545} INFO - Filling up the DagBag from /home/airflow/.local/lib/python3.12/site-packages/airflow/example_dags/example_bash_decorator.py
[2026-05-10T05:51:20.551+0000] {processor.py:840} INFO - DAG(s) 'example_bash_decorator' retrieved from /home/airflow/.local/lib/python3.12/site-packages/airflow/example_dags/example_bash_decorator.py
[2026-05-10T05:51:20.571+0000] {logging_mixin.py:188} INFO - [2026-05-10T05:51:20.571+0000] {dag.py:3096} INFO - Sync 1 DAGs
[2026-05-10T05:51:20.581+0000] {logging_mixin.py:188} INFO - [2026-05-10T05:51:20.581+0000] {dag.py:3954} INFO - Setting next_dagrun for example_bash_decorator to None, run_after=None
[2026-05-10T05:51:20.597+0000] {processor.py:183} INFO - Processing /home/airflow/.local/lib/python3.12/site-packages/airflow/example_dags/example_bash_decorator.py took 0.064 seconds
[2026-05-10T05:51:50.961+0000] {processor.py:161} INFO - Started process (PID=15215) to work on /home/airflow/.local/lib/python3.12/site-packages/airflow/example_dags/example_bash_decorator.py
[2026-05-10T05:51:50.963+0000] {processor.py:830} INFO - Processing file /home/airflow/.local/lib/python3.12/site-packages/airflow/example_dags/example_bash_decorator.py for tasks to queue
[2026-05-10T05:51:50.965+0000] {logging_mixin.py:188} INFO - [2026-05-10T05:51:50.965+0000] {dagbag.py:545} INFO - Filling up the DagBag from /home/airflow/.local/lib/python3.12/site-packages/airflow/example_dags/example_bash_decorator.py
[2026-05-10T05:51:50.976+0000] {processor.py:840} INFO - DAG(s) 'example_bash_decorator' retrieved from /home/airflow/.local/lib/python3.12/site-packages/airflow/example_dags/example_bash_decorator.py
[2026-05-10T05:51:50.996+0000] {logging_mixin.py:188} INFO - [2026-05-10T05:51:50.996+0000] {dag.py:3096} INFO - Sync 1 DAGs
[2026-05-10T05:51:51.009+0000] {logging_mixin.py:188} INFO - [2026-05-10T05:51:51.008+0000] {dag.py:3954} INFO - Setting next_dagrun for example_bash_decorator to None, run_after=None
[2026-05-10T05:51:51.028+0000] {processor.py:183} INFO - Processing /home/airflow/.local/lib/python3.12/site-packages/airflow/example_dags/example_bash_decorator.py took 0.072 seconds
[2026-05-10T05:52:21.542+0000] {processor.py:161} INFO - Started process (PID=15275) to work on /home/airflow/.local/lib/python3.12/site-packages/airflow/example_dags/example_bash_decorator.py
[2026-05-10T05:52:21.543+0000] {processor.py:830} INFO - Processing file /home/airflow/.local/lib/python3.12/site-packages/airflow/example_dags/example_bash_decorator.py for tasks to queue
[2026-05-10T05:52:21.546+0000] {logging_mixin.py:188} INFO - [2026-05-10T05:52:21.545+0000] {dagbag.py:545} INFO - Filling up the DagBag from /home/airflow/.local/lib/python3.12/site-packages/airflow/example_dags/example_bash_decorator.py
[2026-05-10T05:52:21.556+0000] {processor.py:840} INFO - DAG(s) 'example_bash_decorator' retrieved from /home/airflow/.local/lib/python3.12/site-packages/airflow/example_dags/example_bash_decorator.py
[2026-05-10T05:52:21.573+0000] {logging_mixin.py:188} INFO - [2026-05-10T05:52:21.573+0000] {dag.py:3096} INFO - Sync 1 DAGs
[2026-05-10T05:52:21.583+0000] {logging_mixin.py:188} INFO - [2026-05-10T05:52:21.583+0000] {dag.py:3954} INFO - Setting next_dagrun for example_bash_decorator to None, run_after=None
[2026-05-10T05:52:21.599+0000] {processor.py:183} INFO - Processing /home/airflow/.local/lib/python3.12/site-packages/airflow/example_dags/example_bash_decorator.py took 0.063 seconds
[2026-05-10T05:52:51.776+0000] {processor.py:161} INFO - Started process (PID=15335) to work on /home/airflow/.local/lib/python3.12/site-packages/airflow/example_dags/example_bash_decorator.py
[2026-05-10T05:52:51.777+0000] {processor.py:830} INFO - Processing file /home/airflow/.local/lib/python3.12/site-packages/airflow/example_dags/example_bash_decorator.py for tasks to queue
[2026-05-10T05:52:51.779+0000] {logging_mixin.py:188} INFO - [2026-05-10T05:52:51.779+0000] {dagbag.py:545} INFO - Filling up the DagBag from /home/airflow/.local/lib/python3.12/site-packages/airflow/example_dags/example_bash_decorator.py
[2026-05-10T05:52:51.790+0000] {processor.py:840} INFO - DAG(s) 'example_bash_decorator' retrieved from /home/airflow/.local/lib/python3.12/site-packages/airflow/example_dags/example_bash_decorator.py
[2026-05-10T05:52:51.809+0000] {logging_mixin.py:188} INFO - [2026-05-10T05:52:51.809+0000] {dag.py:3096} INFO - Sync 1 DAGs
[2026-05-10T05:52:51.820+0000] {logging_mixin.py:188} INFO - [2026-05-10T05:52:51.820+0000] {dag.py:3954} INFO - Setting next_dagrun for example_bash_decorator to None, run_after=None
[2026-05-10T05:52:51.835+0000] {processor.py:183} INFO - Processing /home/airflow/.local/lib/python3.12/site-packages/airflow/example_dags/example_bash_decorator.py took 0.064 seconds
[2026-05-10T05:53:21.971+0000] {processor.py:161} INFO - Started process (PID=15394) to work on /home/airflow/.local/lib/python3.12/site-packages/airflow/example_dags/example_bash_decorator.py
[2026-05-10T05:53:21.974+0000] {processor.py:830} INFO - Processing file /home/airflow/.local/lib/python3.12/site-packages/airflow/example_dags/example_bash_decorator.py for tasks to queue
[2026-05-10T05:53:21.979+0000] {logging_mixin.py:188} INFO - [2026-05-10T05:53:21.979+0000] {dagbag.py:545} INFO - Filling up the DagBag from /home/airflow/.local/lib/python3.12/site-packages/airflow/example_dags/example_bash_decorator.py
[2026-05-10T05:53:21.990+0000] {processor.py:840} INFO - DAG(s) 'example_bash_decorator' retrieved from /home/airflow/.local/lib/python3.12/site-packages/airflow/example_dags/example_bash_decorator.py
[2026-05-10T05:53:22.015+0000] {logging_mixin.py:188} INFO - [2026-05-10T05:53:22.015+0000] {dag.py:3096} INFO - Sync 1 DAGs
[2026-05-10T05:53:22.033+0000] {logging_mixin.py:188} INFO - [2026-05-10T05:53:22.033+0000] {dag.py:3954} INFO - Setting next_dagrun for example_bash_decorator to None, run_after=None
[2026-05-10T05:53:22.052+0000] {processor.py:183} INFO - Processing /home/airflow/.local/lib/python3.12/site-packages/airflow/example_dags/example_bash_decorator.py took 0.090 seconds
[2026-05-10T05:53:52.261+0000] {processor.py:161} INFO - Started process (PID=15453) to work on /home/airflow/.local/lib/python3.12/site-packages/airflow/example_dags/example_bash_decorator.py
[2026-05-10T05:53:52.263+0000] {processor.py:830} INFO - Processing file /home/airflow/.local/lib/python3.12/site-packages/airflow/example_dags/example_bash_decorator.py for tasks to queue
[2026-05-10T05:53:52.265+0000] {logging_mixin.py:188} INFO - [2026-05-10T05:53:52.265+0000] {dagbag.py:545} INFO - Filling up the DagBag from /home/airflow/.local/lib/python3.12/site-packages/airflow/example_dags/example_bash_decorator.py
[2026-05-10T05:53:52.275+0000] {processor.py:840} INFO - DAG(s) 'example_bash_decorator' retrieved from /home/airflow/.local/lib/python3.12/site-packages/airflow/example_dags/example_bash_decorator.py
[2026-05-10T05:53:52.296+0000] {logging_mixin.py:188} INFO - [2026-05-10T05:53:52.296+0000] {dag.py:3096} INFO - Sync 1 DAGs
[2026-05-10T05:53:52.307+0000] {logging_mixin.py:188} INFO - [2026-05-10T05:53:52.307+0000] {dag.py:3954} INFO - Setting next_dagrun for example_bash_decorator to None, run_after=None
[2026-05-10T05:53:52.325+0000] {processor.py:183} INFO - Processing /home/airflow/.local/lib/python3.12/site-packages/airflow/example_dags/example_bash_decorator.py took 0.069 seconds
[2026-05-10T05:54:22.436+0000] {processor.py:161} INFO - Started process (PID=15512) to work on /home/airflow/.local/lib/python3.12/site-packages/airflow/example_dags/example_bash_decorator.py
[2026-05-10T05:54:22.439+0000] {processor.py:830} INFO - Processing file /home/airflow/.local/lib/python3.12/site-packages/airflow/example_dags/example_bash_decorator.py for tasks to queue
[2026-05-10T05:54:22.442+0000] {logging_mixin.py:188} INFO - [2026-05-10T05:54:22.441+0000] {dagbag.py:545} INFO - Filling up the DagBag from /home/airflow/.local/lib/python3.12/site-packages/airflow/example_dags/example_bash_decorator.py
[2026-05-10T05:54:22.454+0000] {processor.py:840} INFO - DAG(s) 'example_bash_decorator' retrieved from /home/airflow/.local/lib/python3.12/site-packages/airflow/example_dags/example_bash_decorator.py
[2026-05-10T05:54:22.475+0000] {logging_mixin.py:188} INFO - [2026-05-10T05:54:22.475+0000] {dag.py:3096} INFO - Sync 1 DAGs
[2026-05-10T05:54:22.486+0000] {logging_mixin.py:188} INFO - [2026-05-10T05:54:22.486+0000] {dag.py:3954} INFO - Setting next_dagrun for example_bash_decorator to None, run_after=None
[2026-05-10T05:54:22.505+0000] {processor.py:183} INFO - Processing /home/airflow/.local/lib/python3.12/site-packages/airflow/example_dags/example_bash_decorator.py took 0.074 seconds
[2026-05-10T05:54:52.662+0000] {processor.py:161} INFO - Started process (PID=15572) to work on /home/airflow/.local/lib/python3.12/site-packages/airflow/example_dags/example_bash_decorator.py
[2026-05-10T05:54:52.663+0000] {processor.py:830} INFO - Processing file /home/airflow/.local/lib/python3.12/site-packages/airflow/example_dags/example_bash_decorator.py for tasks to queue
[2026-05-10T05:54:52.665+0000] {logging_mixin.py:188} INFO - [2026-05-10T05:54:52.665+0000] {dagbag.py:545} INFO - Filling up the DagBag from /home/airflow/.local/lib/python3.12/site-packages/airflow/example_dags/example_bash_decorator.py
[2026-05-10T05:54:52.675+0000] {processor.py:840} INFO - DAG(s) 'example_bash_decorator' retrieved from /home/airflow/.local/lib/python3.12/site-packages/airflow/example_dags/example_bash_decorator.py
[2026-05-10T05:54:52.695+0000] {logging_mixin.py:188} INFO - [2026-05-10T05:54:52.695+0000] {dag.py:3096} INFO - Sync 1 DAGs
[2026-05-10T05:54:52.707+0000] {logging_mixin.py:188} INFO - [2026-05-10T05:54:52.707+0000] {dag.py:3954} INFO - Setting next_dagrun for example_bash_decorator to None, run_after=None
[2026-05-10T05:54:52.725+0000] {processor.py:183} INFO - Processing /home/airflow/.local/lib/python3.12/site-packages/airflow/example_dags/example_bash_decorator.py took 0.068 seconds
[2026-05-10T05:55:22.995+0000] {processor.py:161} INFO - Started process (PID=15630) to work on /home/airflow/.local/lib/python3.12/site-packages/airflow/example_dags/example_bash_decorator.py
[2026-05-10T05:55:22.997+0000] {processor.py:830} INFO - Processing file /home/airflow/.local/lib/python3.12/site-packages/airflow/example_dags/example_bash_decorator.py for tasks to queue
[2026-05-10T05:55:22.999+0000] {logging_mixin.py:188} INFO - [2026-05-10T05:55:22.998+0000] {dagbag.py:545} INFO - Filling up the DagBag from /home/airflow/.local/lib/python3.12/site-packages/airflow/example_dags/example_bash_decorator.py
[2026-05-10T05:55:23.010+0000] {processor.py:840} INFO - DAG(s) 'example_bash_decorator' retrieved from /home/airflow/.local/lib/python3.12/site-packages/airflow/example_dags/example_bash_decorator.py
[2026-05-10T05:55:23.030+0000] {logging_mixin.py:188} INFO - [2026-05-10T05:55:23.030+0000] {dag.py:3096} INFO - Sync 1 DAGs
[2026-05-10T05:55:23.041+0000] {logging_mixin.py:188} INFO - [2026-05-10T05:55:23.041+0000] {dag.py:3954} INFO - Setting next_dagrun for example_bash_decorator to None, run_after=None
[2026-05-10T05:55:23.061+0000] {processor.py:183} INFO - Processing /home/airflow/.local/lib/python3.12/site-packages/airflow/example_dags/example_bash_decorator.py took 0.071 seconds
[2026-05-10T05:55:53.397+0000] {processor.py:161} INFO - Started process (PID=15690) to work on /home/airflow/.local/lib/python3.12/site-packages/airflow/example_dags/example_bash_decorator.py
[2026-05-10T05:55:53.398+0000] {processor.py:830} INFO - Processing file /home/airflow/.local/lib/python3.12/site-packages/airflow/example_dags/example_bash_decorator.py for tasks to queue
[2026-05-10T05:55:53.400+0000] {logging_mixin.py:188} INFO - [2026-05-10T05:55:53.400+0000] {dagbag.py:545} INFO - Filling up the DagBag from /home/airflow/.local/lib/python3.12/site-packages/airflow/example_dags/example_bash_decorator.py
[2026-05-10T05:55:53.410+0000] {processor.py:840} INFO - DAG(s) 'example_bash_decorator' retrieved from /home/airflow/.local/lib/python3.12/site-packages/airflow/example_dags/example_bash_decorator.py
[2026-05-10T05:55:53.429+0000] {logging_mixin.py:188} INFO - [2026-05-10T05:55:53.428+0000] {dag.py:3096} INFO - Sync 1 DAGs
[2026-05-10T05:55:53.439+0000] {logging_mixin.py:188} INFO - [2026-05-10T05:55:53.439+0000] {dag.py:3954} INFO - Setting next_dagrun for example_bash_decorator to None, run_after=None
[2026-05-10T05:55:53.456+0000] {processor.py:183} INFO - Processing /home/airflow/.local/lib/python3.12/site-packages/airflow/example_dags/example_bash_decorator.py took 0.064 seconds
[2026-05-10T05:56:23.947+0000] {processor.py:161} INFO - Started process (PID=15750) to work on /home/airflow/.local/lib/python3.12/site-packages/airflow/example_dags/example_bash_decorator.py
[2026-05-10T05:56:23.948+0000] {processor.py:830} INFO - Processing file /home/airflow/.local/lib/python3.12/site-packages/airflow/example_dags/example_bash_decorator.py for tasks to queue
[2026-05-10T05:56:23.950+0000] {logging_mixin.py:188} INFO - [2026-05-10T05:56:23.950+0000] {dagbag.py:545} INFO - Filling up the DagBag from /home/airflow/.local/lib/python3.12/site-packages/airflow/example_dags/example_bash_decorator.py
[2026-05-10T05:56:23.960+0000] {processor.py:840} INFO - DAG(s) 'example_bash_decorator' retrieved from /home/airflow/.local/lib/python3.12/site-packages/airflow/example_dags/example_bash_decorator.py
[2026-05-10T05:56:23.980+0000] {logging_mixin.py:188} INFO - [2026-05-10T05:56:23.980+0000] {dag.py:3096} INFO - Sync 1 DAGs
[2026-05-10T05:56:23.992+0000] {logging_mixin.py:188} INFO - [2026-05-10T05:56:23.992+0000] {dag.py:3954} INFO - Setting next_dagrun for example_bash_decorator to None, run_after=None
[2026-05-10T05:56:24.014+0000] {processor.py:183} INFO - Processing /home/airflow/.local/lib/python3.12/site-packages/airflow/example_dags/example_bash_decorator.py took 0.071 seconds
[2026-05-10T05:56:54.249+0000] {processor.py:161} INFO - Started process (PID=15810) to work on /home/airflow/.local/lib/python3.12/site-packages/airflow/example_dags/example_bash_decorator.py
[2026-05-10T05:56:54.251+0000] {processor.py:830} INFO - Processing file /home/airflow/.local/lib/python3.12/site-packages/airflow/example_dags/example_bash_decorator.py for tasks to queue
[2026-05-10T05:56:54.253+0000] {logging_mixin.py:188} INFO - [2026-05-10T05:56:54.252+0000] {dagbag.py:545} INFO - Filling up the DagBag from /home/airflow/.local/lib/python3.12/site-packages/airflow/example_dags/example_bash_decorator.py
[2026-05-10T05:56:54.263+0000] {processor.py:840} INFO - DAG(s) 'example_bash_decorator' retrieved from /home/airflow/.local/lib/python3.12/site-packages/airflow/example_dags/example_bash_decorator.py
[2026-05-10T05:56:54.281+0000] {logging_mixin.py:188} INFO - [2026-05-10T05:56:54.281+0000] {dag.py:3096} INFO - Sync 1 DAGs
[2026-05-10T05:56:54.290+0000] {logging_mixin.py:188} INFO - [2026-05-10T05:56:54.290+0000] {dag.py:3954} INFO - Setting next_dagrun for example_bash_decorator to None, run_after=None
[2026-05-10T05:56:54.307+0000] {processor.py:183} INFO - Processing /home/airflow/.local/lib/python3.12/site-packages/airflow/example_dags/example_bash_decorator.py took 0.063 seconds
[2026-05-10T05:57:24.454+0000] {processor.py:161} INFO - Started process (PID=15870) to work on /home/airflow/.local/lib/python3.12/site-packages/airflow/example_dags/example_bash_decorator.py
[2026-05-10T05:57:24.455+0000] {processor.py:830} INFO - Processing file /home/airflow/.local/lib/python3.12/site-packages/airflow/example_dags/example_bash_decorator.py for tasks to queue
[2026-05-10T05:57:24.457+0000] {logging_mixin.py:188} INFO - [2026-05-10T05:57:24.457+0000] {dagbag.py:545} INFO - Filling up the DagBag from /home/airflow/.local/lib/python3.12/site-packages/airflow/example_dags/example_bash_decorator.py
[2026-05-10T05:57:24.468+0000] {processor.py:840} INFO - DAG(s) 'example_bash_decorator' retrieved from /home/airflow/.local/lib/python3.12/site-packages/airflow/example_dags/example_bash_decorator.py
[2026-05-10T05:57:24.486+0000] {logging_mixin.py:188} INFO - [2026-05-10T05:57:24.486+0000] {dag.py:3096} INFO - Sync 1 DAGs
[2026-05-10T05:57:24.496+0000] {logging_mixin.py:188} INFO - [2026-05-10T05:57:24.496+0000] {dag.py:3954} INFO - Setting next_dagrun for example_bash_decorator to None, run_after=None
[2026-05-10T05:57:24.513+0000] {processor.py:183} INFO - Processing /home/airflow/.local/lib/python3.12/site-packages/airflow/example_dags/example_bash_decorator.py took 0.065 seconds
[2026-05-10T05:57:54.776+0000] {processor.py:161} INFO - Started process (PID=15930) to work on /home/airflow/.local/lib/python3.12/site-packages/airflow/example_dags/example_bash_decorator.py
[2026-05-10T05:57:54.778+0000] {processor.py:830} INFO - Processing file /home/airflow/.local/lib/python3.12/site-packages/airflow/example_dags/example_bash_decorator.py for tasks to queue
[2026-05-10T05:57:54.780+0000] {logging_mixin.py:188} INFO - [2026-05-10T05:57:54.779+0000] {dagbag.py:545} INFO - Filling up the DagBag from /home/airflow/.local/lib/python3.12/site-packages/airflow/example_dags/example_bash_decorator.py
[2026-05-10T05:57:54.790+0000] {processor.py:840} INFO - DAG(s) 'example_bash_decorator' retrieved from /home/airflow/.local/lib/python3.12/site-packages/airflow/example_dags/example_bash_decorator.py
[2026-05-10T05:57:54.810+0000] {logging_mixin.py:188} INFO - [2026-05-10T05:57:54.810+0000] {dag.py:3096} INFO - Sync 1 DAGs
[2026-05-10T05:57:54.822+0000] {logging_mixin.py:188} INFO - [2026-05-10T05:57:54.822+0000] {dag.py:3954} INFO - Setting next_dagrun for example_bash_decorator to None, run_after=None
[2026-05-10T05:57:54.837+0000] {processor.py:183} INFO - Processing /home/airflow/.local/lib/python3.12/site-packages/airflow/example_dags/example_bash_decorator.py took 0.066 seconds
[2026-05-10T05:58:25.424+0000] {processor.py:161} INFO - Started process (PID=15990) to work on /home/airflow/.local/lib/python3.12/site-packages/airflow/example_dags/example_bash_decorator.py
[2026-05-10T05:58:25.425+0000] {processor.py:830} INFO - Processing file /home/airflow/.local/lib/python3.12/site-packages/airflow/example_dags/example_bash_decorator.py for tasks to queue
[2026-05-10T05:58:25.428+0000] {logging_mixin.py:188} INFO - [2026-05-10T05:58:25.427+0000] {dagbag.py:545} INFO - Filling up the DagBag from /home/airflow/.local/lib/python3.12/site-packages/airflow/example_dags/example_bash_decorator.py
[2026-05-10T05:58:25.440+0000] {processor.py:840} INFO - DAG(s) 'example_bash_decorator' retrieved from /home/airflow/.local/lib/python3.12/site-packages/airflow/example_dags/example_bash_decorator.py
[2026-05-10T05:58:25.459+0000] {logging_mixin.py:188} INFO - [2026-05-10T05:58:25.459+0000] {dag.py:3096} INFO - Sync 1 DAGs
[2026-05-10T05:58:25.470+0000] {logging_mixin.py:188} INFO - [2026-05-10T05:58:25.470+0000] {dag.py:3954} INFO - Setting next_dagrun for example_bash_decorator to None, run_after=None
[2026-05-10T05:58:25.486+0000] {processor.py:183} INFO - Processing /home/airflow/.local/lib/python3.12/site-packages/airflow/example_dags/example_bash_decorator.py took 0.067 seconds
[2026-05-10T05:58:56.354+0000] {processor.py:161} INFO - Started process (PID=16050) to work on /home/airflow/.local/lib/python3.12/site-packages/airflow/example_dags/example_bash_decorator.py
[2026-05-10T05:58:56.357+0000] {processor.py:830} INFO - Processing file /home/airflow/.local/lib/python3.12/site-packages/airflow/example_dags/example_bash_decorator.py for tasks to queue
[2026-05-10T05:58:56.360+0000] {logging_mixin.py:188} INFO - [2026-05-10T05:58:56.359+0000] {dagbag.py:545} INFO - Filling up the DagBag from /home/airflow/.local/lib/python3.12/site-packages/airflow/example_dags/example_bash_decorator.py
[2026-05-10T05:58:56.372+0000] {processor.py:840} INFO - DAG(s) 'example_bash_decorator' retrieved from /home/airflow/.local/lib/python3.12/site-packages/airflow/example_dags/example_bash_decorator.py
[2026-05-10T05:58:56.391+0000] {logging_mixin.py:188} INFO - [2026-05-10T05:58:56.391+0000] {dag.py:3096} INFO - Sync 1 DAGs
[2026-05-10T05:58:56.400+0000] {logging_mixin.py:188} INFO - [2026-05-10T05:58:56.400+0000] {dag.py:3954} INFO - Setting next_dagrun for example_bash_decorator to None, run_after=None
[2026-05-10T05:58:56.416+0000] {processor.py:183} INFO - Processing /home/airflow/.local/lib/python3.12/site-packages/airflow/example_dags/example_bash_decorator.py took 0.067 seconds
[2026-05-10T05:59:26.615+0000] {processor.py:161} INFO - Started process (PID=16110) to work on /home/airflow/.local/lib/python3.12/site-packages/airflow/example_dags/example_bash_decorator.py
[2026-05-10T05:59:26.616+0000] {processor.py:830} INFO - Processing file /home/airflow/.local/lib/python3.12/site-packages/airflow/example_dags/example_bash_decorator.py for tasks to queue
[2026-05-10T05:59:26.620+0000] {logging_mixin.py:188} INFO - [2026-05-10T05:59:26.620+0000] {dagbag.py:545} INFO - Filling up the DagBag from /home/airflow/.local/lib/python3.12/site-packages/airflow/example_dags/example_bash_decorator.py
[2026-05-10T05:59:26.631+0000] {processor.py:840} INFO - DAG(s) 'example_bash_decorator' retrieved from /home/airflow/.local/lib/python3.12/site-packages/airflow/example_dags/example_bash_decorator.py
[2026-05-10T05:59:26.649+0000] {logging_mixin.py:188} INFO - [2026-05-10T05:59:26.649+0000] {dag.py:3096} INFO - Sync 1 DAGs
[2026-05-10T05:59:26.659+0000] {logging_mixin.py:188} INFO - [2026-05-10T05:59:26.659+0000] {dag.py:3954} INFO - Setting next_dagrun for example_bash_decorator to None, run_after=None
[2026-05-10T05:59:26.677+0000] {processor.py:183} INFO - Processing /home/airflow/.local/lib/python3.12/site-packages/airflow/example_dags/example_bash_decorator.py took 0.067 seconds
[2026-05-10T05:59:57.021+0000] {processor.py:161} INFO - Started process (PID=16170) to work on /home/airflow/.local/lib/python3.12/site-packages/airflow/example_dags/example_bash_decorator.py
[2026-05-10T05:59:57.023+0000] {processor.py:830} INFO - Processing file /home/airflow/.local/lib/python3.12/site-packages/airflow/example_dags/example_bash_decorator.py for tasks to queue
[2026-05-10T05:59:57.025+0000] {logging_mixin.py:188} INFO - [2026-05-10T05:59:57.025+0000] {dagbag.py:545} INFO - Filling up the DagBag from /home/airflow/.local/lib/python3.12/site-packages/airflow/example_dags/example_bash_decorator.py
[2026-05-10T05:59:57.037+0000] {processor.py:840} INFO - DAG(s) 'example_bash_decorator' retrieved from /home/airflow/.local/lib/python3.12/site-packages/airflow/example_dags/example_bash_decorator.py
[2026-05-10T05:59:57.058+0000] {logging_mixin.py:188} INFO - [2026-05-10T05:59:57.057+0000] {dag.py:3096} INFO - Sync 1 DAGs
[2026-05-10T05:59:57.068+0000] {logging_mixin.py:188} INFO - [2026-05-10T05:59:57.068+0000] {dag.py:3954} INFO - Setting next_dagrun for example_bash_decorator to None, run_after=None
[2026-05-10T05:59:57.085+0000] {processor.py:183} INFO - Processing /home/airflow/.local/lib/python3.12/site-packages/airflow/example_dags/example_bash_decorator.py took 0.070 seconds
[2026-05-10T06:00:27.352+0000] {processor.py:161} INFO - Started process (PID=16230) to work on /home/airflow/.local/lib/python3.12/site-packages/airflow/example_dags/example_bash_decorator.py
[2026-05-10T06:00:27.354+0000] {processor.py:830} INFO - Processing file /home/airflow/.local/lib/python3.12/site-packages/airflow/example_dags/example_bash_decorator.py for tasks to queue
[2026-05-10T06:00:27.356+0000] {logging_mixin.py:188} INFO - [2026-05-10T06:00:27.356+0000] {dagbag.py:545} INFO - Filling up the DagBag from /home/airflow/.local/lib/python3.12/site-packages/airflow/example_dags/example_bash_decorator.py
[2026-05-10T06:00:27.371+0000] {processor.py:840} INFO - DAG(s) 'example_bash_decorator' retrieved from /home/airflow/.local/lib/python3.12/site-packages/airflow/example_dags/example_bash_decorator.py
[2026-05-10T06:00:27.391+0000] {logging_mixin.py:188} INFO - [2026-05-10T06:00:27.391+0000] {dag.py:3096} INFO - Sync 1 DAGs
[2026-05-10T06:00:27.402+0000] {logging_mixin.py:188} INFO - [2026-05-10T06:00:27.402+0000] {dag.py:3954} INFO - Setting next_dagrun for example_bash_decorator to None, run_after=None
[2026-05-10T06:00:27.418+0000] {processor.py:183} INFO - Processing /home/airflow/.local/lib/python3.12/site-packages/airflow/example_dags/example_bash_decorator.py took 0.072 seconds
[2026-05-10T06:00:57.837+0000] {processor.py:161} INFO - Started process (PID=16291) to work on /home/airflow/.local/lib/python3.12/site-packages/airflow/example_dags/example_bash_decorator.py
[2026-05-10T06:00:57.839+0000] {processor.py:830} INFO - Processing file /home/airflow/.local/lib/python3.12/site-packages/airflow/example_dags/example_bash_decorator.py for tasks to queue
[2026-05-10T06:00:57.842+0000] {logging_mixin.py:188} INFO - [2026-05-10T06:00:57.842+0000] {dagbag.py:545} INFO - Filling up the DagBag from /home/airflow/.local/lib/python3.12/site-packages/airflow/example_dags/example_bash_decorator.py
[2026-05-10T06:00:57.856+0000] {processor.py:840} INFO - DAG(s) 'example_bash_decorator' retrieved from /home/airflow/.local/lib/python3.12/site-packages/airflow/example_dags/example_bash_decorator.py
[2026-05-10T06:00:57.888+0000] {logging_mixin.py:188} INFO - [2026-05-10T06:00:57.888+0000] {dag.py:3096} INFO - Sync 1 DAGs
[2026-05-10T06:00:57.903+0000] {logging_mixin.py:188} INFO - [2026-05-10T06:00:57.903+0000] {dag.py:3954} INFO - Setting next_dagrun for example_bash_decorator to None, run_after=None
[2026-05-10T06:00:57.922+0000] {processor.py:183} INFO - Processing /home/airflow/.local/lib/python3.12/site-packages/airflow/example_dags/example_bash_decorator.py took 0.091 seconds
[2026-05-10T06:01:28.092+0000] {processor.py:161} INFO - Started process (PID=16351) to work on /home/airflow/.local/lib/python3.12/site-packages/airflow/example_dags/example_bash_decorator.py
[2026-05-10T06:01:28.094+0000] {processor.py:830} INFO - Processing file /home/airflow/.local/lib/python3.12/site-packages/airflow/example_dags/example_bash_decorator.py for tasks to queue
[2026-05-10T06:01:28.096+0000] {logging_mixin.py:188} INFO - [2026-05-10T06:01:28.096+0000] {dagbag.py:545} INFO - Filling up the DagBag from /home/airflow/.local/lib/python3.12/site-packages/airflow/example_dags/example_bash_decorator.py
[2026-05-10T06:01:28.108+0000] {processor.py:840} INFO - DAG(s) 'example_bash_decorator' retrieved from /home/airflow/.local/lib/python3.12/site-packages/airflow/example_dags/example_bash_decorator.py
[2026-05-10T06:01:28.127+0000] {logging_mixin.py:188} INFO - [2026-05-10T06:01:28.127+0000] {dag.py:3096} INFO - Sync 1 DAGs
[2026-05-10T06:01:28.139+0000] {logging_mixin.py:188} INFO - [2026-05-10T06:01:28.138+0000] {dag.py:3954} INFO - Setting next_dagrun for example_bash_decorator to None, run_after=None
[2026-05-10T06:01:28.161+0000] {processor.py:183} INFO - Processing /home/airflow/.local/lib/python3.12/site-packages/airflow/example_dags/example_bash_decorator.py took 0.076 seconds
[2026-05-10T06:01:58.679+0000] {processor.py:161} INFO - Started process (PID=16411) to work on /home/airflow/.local/lib/python3.12/site-packages/airflow/example_dags/example_bash_decorator.py
[2026-05-10T06:01:58.680+0000] {processor.py:830} INFO - Processing file /home/airflow/.local/lib/python3.12/site-packages/airflow/example_dags/example_bash_decorator.py for tasks to queue
[2026-05-10T06:01:58.683+0000] {logging_mixin.py:188} INFO - [2026-05-10T06:01:58.682+0000] {dagbag.py:545} INFO - Filling up the DagBag from /home/airflow/.local/lib/python3.12/site-packages/airflow/example_dags/example_bash_decorator.py
[2026-05-10T06:01:58.695+0000] {processor.py:840} INFO - DAG(s) 'example_bash_decorator' retrieved from /home/airflow/.local/lib/python3.12/site-packages/airflow/example_dags/example_bash_decorator.py
[2026-05-10T06:01:58.712+0000] {logging_mixin.py:188} INFO - [2026-05-10T06:01:58.712+0000] {dag.py:3096} INFO - Sync 1 DAGs
[2026-05-10T06:01:58.723+0000] {logging_mixin.py:188} INFO - [2026-05-10T06:01:58.723+0000] {dag.py:3954} INFO - Setting next_dagrun for example_bash_decorator to None, run_after=None
[2026-05-10T06:01:58.741+0000] {processor.py:183} INFO - Processing /home/airflow/.local/lib/python3.12/site-packages/airflow/example_dags/example_bash_decorator.py took 0.067 seconds
[2026-05-10T06:02:29.429+0000] {processor.py:161} INFO - Started process (PID=16471) to work on /home/airflow/.local/lib/python3.12/site-packages/airflow/example_dags/example_bash_decorator.py
[2026-05-10T06:02:29.430+0000] {processor.py:830} INFO - Processing file /home/airflow/.local/lib/python3.12/site-packages/airflow/example_dags/example_bash_decorator.py for tasks to queue
[2026-05-10T06:02:29.431+0000] {logging_mixin.py:188} INFO - [2026-05-10T06:02:29.431+0000] {dagbag.py:545} INFO - Filling up the DagBag from /home/airflow/.local/lib/python3.12/site-packages/airflow/example_dags/example_bash_decorator.py
[2026-05-10T06:02:29.442+0000] {processor.py:840} INFO - DAG(s) 'example_bash_decorator' retrieved from /home/airflow/.local/lib/python3.12/site-packages/airflow/example_dags/example_bash_decorator.py
[2026-05-10T06:02:29.459+0000] {logging_mixin.py:188} INFO - [2026-05-10T06:02:29.459+0000] {dag.py:3096} INFO - Sync 1 DAGs
[2026-05-10T06:02:29.469+0000] {logging_mixin.py:188} INFO - [2026-05-10T06:02:29.468+0000] {dag.py:3954} INFO - Setting next_dagrun for example_bash_decorator to None, run_after=None
[2026-05-10T06:02:29.482+0000] {processor.py:183} INFO - Processing /home/airflow/.local/lib/python3.12/site-packages/airflow/example_dags/example_bash_decorator.py took 0.059 seconds
[2026-05-10T06:02:59.716+0000] {processor.py:161} INFO - Started process (PID=16531) to work on /home/airflow/.local/lib/python3.12/site-packages/airflow/example_dags/example_bash_decorator.py
[2026-05-10T06:02:59.717+0000] {processor.py:830} INFO - Processing file /home/airflow/.local/lib/python3.12/site-packages/airflow/example_dags/example_bash_decorator.py for tasks to queue
[2026-05-10T06:02:59.719+0000] {logging_mixin.py:188} INFO - [2026-05-10T06:02:59.719+0000] {dagbag.py:545} INFO - Filling up the DagBag from /home/airflow/.local/lib/python3.12/site-packages/airflow/example_dags/example_bash_decorator.py
[2026-05-10T06:02:59.730+0000] {processor.py:840} INFO - DAG(s) 'example_bash_decorator' retrieved from /home/airflow/.local/lib/python3.12/site-packages/airflow/example_dags/example_bash_decorator.py
[2026-05-10T06:02:59.748+0000] {logging_mixin.py:188} INFO - [2026-05-10T06:02:59.748+0000] {dag.py:3096} INFO - Sync 1 DAGs
[2026-05-10T06:02:59.758+0000] {logging_mixin.py:188} INFO - [2026-05-10T06:02:59.758+0000] {dag.py:3954} INFO - Setting next_dagrun for example_bash_decorator to None, run_after=None
[2026-05-10T06:02:59.772+0000] {processor.py:183} INFO - Processing /home/airflow/.local/lib/python3.12/site-packages/airflow/example_dags/example_bash_decorator.py took 0.062 seconds
[2026-05-10T06:03:30.676+0000] {processor.py:161} INFO - Started process (PID=16591) to work on /home/airflow/.local/lib/python3.12/site-packages/airflow/example_dags/example_bash_decorator.py
[2026-05-10T06:03:30.678+0000] {processor.py:830} INFO - Processing file /home/airflow/.local/lib/python3.12/site-packages/airflow/example_dags/example_bash_decorator.py for tasks to queue
[2026-05-10T06:03:30.680+0000] {logging_mixin.py:188} INFO - [2026-05-10T06:03:30.680+0000] {dagbag.py:545} INFO - Filling up the DagBag from /home/airflow/.local/lib/python3.12/site-packages/airflow/example_dags/example_bash_decorator.py
[2026-05-10T06:03:30.690+0000] {processor.py:840} INFO - DAG(s) 'example_bash_decorator' retrieved from /home/airflow/.local/lib/python3.12/site-packages/airflow/example_dags/example_bash_decorator.py
[2026-05-10T06:03:30.708+0000] {logging_mixin.py:188} INFO - [2026-05-10T06:03:30.707+0000] {dag.py:3096} INFO - Sync 1 DAGs
[2026-05-10T06:03:30.718+0000] {logging_mixin.py:188} INFO - [2026-05-10T06:03:30.718+0000] {dag.py:3954} INFO - Setting next_dagrun for example_bash_decorator to None, run_after=None
[2026-05-10T06:03:30.733+0000] {processor.py:183} INFO - Processing /home/airflow/.local/lib/python3.12/site-packages/airflow/example_dags/example_bash_decorator.py took 0.062 seconds
[2026-05-10T06:04:01.686+0000] {processor.py:161} INFO - Started process (PID=16651) to work on /home/airflow/.local/lib/python3.12/site-packages/airflow/example_dags/example_bash_decorator.py
[2026-05-10T06:04:01.687+0000] {processor.py:830} INFO - Processing file /home/airflow/.local/lib/python3.12/site-packages/airflow/example_dags/example_bash_decorator.py for tasks to queue
[2026-05-10T06:04:01.690+0000] {logging_mixin.py:188} INFO - [2026-05-10T06:04:01.689+0000] {dagbag.py:545} INFO - Filling up the DagBag from /home/airflow/.local/lib/python3.12/site-packages/airflow/example_dags/example_bash_decorator.py
[2026-05-10T06:04:01.700+0000] {processor.py:840} INFO - DAG(s) 'example_bash_decorator' retrieved from /home/airflow/.local/lib/python3.12/site-packages/airflow/example_dags/example_bash_decorator.py
[2026-05-10T06:04:01.721+0000] {logging_mixin.py:188} INFO - [2026-05-10T06:04:01.721+0000] {dag.py:3096} INFO - Sync 1 DAGs
[2026-05-10T06:04:01.731+0000] {logging_mixin.py:188} INFO - [2026-05-10T06:04:01.731+0000] {dag.py:3954} INFO - Setting next_dagrun for example_bash_decorator to None, run_after=None
[2026-05-10T06:04:01.747+0000] {processor.py:183} INFO - Processing /home/airflow/.local/lib/python3.12/site-packages/airflow/example_dags/example_bash_decorator.py took 0.066 seconds
[2026-05-10T06:04:32.206+0000] {processor.py:161} INFO - Started process (PID=16711) to work on /home/airflow/.local/lib/python3.12/site-packages/airflow/example_dags/example_bash_decorator.py
[2026-05-10T06:04:32.207+0000] {processor.py:830} INFO - Processing file /home/airflow/.local/lib/python3.12/site-packages/airflow/example_dags/example_bash_decorator.py for tasks to queue
[2026-05-10T06:04:32.210+0000] {logging_mixin.py:188} INFO - [2026-05-10T06:04:32.210+0000] {dagbag.py:545} INFO - Filling up the DagBag from /home/airflow/.local/lib/python3.12/site-packages/airflow/example_dags/example_bash_decorator.py
[2026-05-10T06:04:32.221+0000] {processor.py:840} INFO - DAG(s) 'example_bash_decorator' retrieved from /home/airflow/.local/lib/python3.12/site-packages/airflow/example_dags/example_bash_decorator.py
[2026-05-10T06:04:32.243+0000] {logging_mixin.py:188} INFO - [2026-05-10T06:04:32.243+0000] {dag.py:3096} INFO - Sync 1 DAGs
[2026-05-10T06:04:32.255+0000] {logging_mixin.py:188} INFO - [2026-05-10T06:04:32.255+0000] {dag.py:3954} INFO - Setting next_dagrun for example_bash_decorator to None, run_after=None
[2026-05-10T06:04:32.274+0000] {processor.py:183} INFO - Processing /home/airflow/.local/lib/python3.12/site-packages/airflow/example_dags/example_bash_decorator.py took 0.075 seconds
[2026-05-10T06:05:02.770+0000] {processor.py:161} INFO - Started process (PID=16771) to work on /home/airflow/.local/lib/python3.12/site-packages/airflow/example_dags/example_bash_decorator.py
[2026-05-10T06:05:02.772+0000] {processor.py:830} INFO - Processing file /home/airflow/.local/lib/python3.12/site-packages/airflow/example_dags/example_bash_decorator.py for tasks to queue
[2026-05-10T06:05:02.774+0000] {logging_mixin.py:188} INFO - [2026-05-10T06:05:02.773+0000] {dagbag.py:545} INFO - Filling up the DagBag from /home/airflow/.local/lib/python3.12/site-packages/airflow/example_dags/example_bash_decorator.py
[2026-05-10T06:05:02.784+0000] {processor.py:840} INFO - DAG(s) 'example_bash_decorator' retrieved from /home/airflow/.local/lib/python3.12/site-packages/airflow/example_dags/example_bash_decorator.py
[2026-05-10T06:05:02.805+0000] {logging_mixin.py:188} INFO - [2026-05-10T06:05:02.805+0000] {dag.py:3096} INFO - Sync 1 DAGs
[2026-05-10T06:05:02.815+0000] {logging_mixin.py:188} INFO - [2026-05-10T06:05:02.815+0000] {dag.py:3954} INFO - Setting next_dagrun for example_bash_decorator to None, run_after=None
[2026-05-10T06:05:02.834+0000] {processor.py:183} INFO - Processing /home/airflow/.local/lib/python3.12/site-packages/airflow/example_dags/example_bash_decorator.py took 0.069 seconds
[2026-05-10T06:05:33.358+0000] {processor.py:161} INFO - Started process (PID=16832) to work on /home/airflow/.local/lib/python3.12/site-packages/airflow/example_dags/example_bash_decorator.py
[2026-05-10T06:05:33.360+0000] {processor.py:830} INFO - Processing file /home/airflow/.local/lib/python3.12/site-packages/airflow/example_dags/example_bash_decorator.py for tasks to queue
[2026-05-10T06:05:33.362+0000] {logging_mixin.py:188} INFO - [2026-05-10T06:05:33.362+0000] {dagbag.py:545} INFO - Filling up the DagBag from /home/airflow/.local/lib/python3.12/site-packages/airflow/example_dags/example_bash_decorator.py
[2026-05-10T06:05:33.373+0000] {processor.py:840} INFO - DAG(s) 'example_bash_decorator' retrieved from /home/airflow/.local/lib/python3.12/site-packages/airflow/example_dags/example_bash_decorator.py
[2026-05-10T06:05:33.393+0000] {logging_mixin.py:188} INFO - [2026-05-10T06:05:33.392+0000] {dag.py:3096} INFO - Sync 1 DAGs
[2026-05-10T06:05:33.403+0000] {logging_mixin.py:188} INFO - [2026-05-10T06:05:33.403+0000] {dag.py:3954} INFO - Setting next_dagrun for example_bash_decorator to None, run_after=None
[2026-05-10T06:05:33.422+0000] {processor.py:183} INFO - Processing /home/airflow/.local/lib/python3.12/site-packages/airflow/example_dags/example_bash_decorator.py took 0.069 seconds
[2026-05-10T06:06:03.949+0000] {processor.py:161} INFO - Started process (PID=16892) to work on /home/airflow/.local/lib/python3.12/site-packages/airflow/example_dags/example_bash_decorator.py
[2026-05-10T06:06:03.951+0000] {processor.py:830} INFO - Processing file /home/airflow/.local/lib/python3.12/site-packages/airflow/example_dags/example_bash_decorator.py for tasks to queue
[2026-05-10T06:06:03.953+0000] {logging_mixin.py:188} INFO - [2026-05-10T06:06:03.953+0000] {dagbag.py:545} INFO - Filling up the DagBag from /home/airflow/.local/lib/python3.12/site-packages/airflow/example_dags/example_bash_decorator.py
[2026-05-10T06:06:03.966+0000] {processor.py:840} INFO - DAG(s) 'example_bash_decorator' retrieved from /home/airflow/.local/lib/python3.12/site-packages/airflow/example_dags/example_bash_decorator.py
[2026-05-10T06:06:03.986+0000] {logging_mixin.py:188} INFO - [2026-05-10T06:06:03.985+0000] {dag.py:3096} INFO - Sync 1 DAGs
[2026-05-10T06:06:03.998+0000] {logging_mixin.py:188} INFO - [2026-05-10T06:06:03.998+0000] {dag.py:3954} INFO - Setting next_dagrun for example_bash_decorator to None, run_after=None
[2026-05-10T06:06:04.016+0000] {processor.py:183} INFO - Processing /home/airflow/.local/lib/python3.12/site-packages/airflow/example_dags/example_bash_decorator.py took 0.072 seconds
[2026-05-10T06:06:34.457+0000] {processor.py:161} INFO - Started process (PID=16958) to work on /home/airflow/.local/lib/python3.12/site-packages/airflow/example_dags/example_bash_decorator.py
[2026-05-10T06:06:34.458+0000] {processor.py:830} INFO - Processing file /home/airflow/.local/lib/python3.12/site-packages/airflow/example_dags/example_bash_decorator.py for tasks to queue
[2026-05-10T06:06:34.460+0000] {logging_mixin.py:188} INFO - [2026-05-10T06:06:34.460+0000] {dagbag.py:545} INFO - Filling up the DagBag from /home/airflow/.local/lib/python3.12/site-packages/airflow/example_dags/example_bash_decorator.py
[2026-05-10T06:06:34.471+0000] {processor.py:840} INFO - DAG(s) 'example_bash_decorator' retrieved from /home/airflow/.local/lib/python3.12/site-packages/airflow/example_dags/example_bash_decorator.py
[2026-05-10T06:06:34.490+0000] {logging_mixin.py:188} INFO - [2026-05-10T06:06:34.489+0000] {dag.py:3096} INFO - Sync 1 DAGs
[2026-05-10T06:06:34.500+0000] {logging_mixin.py:188} INFO - [2026-05-10T06:06:34.500+0000] {dag.py:3954} INFO - Setting next_dagrun for example_bash_decorator to None, run_after=None
[2026-05-10T06:06:34.517+0000] {processor.py:183} INFO - Processing /home/airflow/.local/lib/python3.12/site-packages/airflow/example_dags/example_bash_decorator.py took 0.065 seconds
[2026-05-10T06:07:04.828+0000] {processor.py:161} INFO - Started process (PID=17018) to work on /home/airflow/.local/lib/python3.12/site-packages/airflow/example_dags/example_bash_decorator.py
[2026-05-10T06:07:04.830+0000] {processor.py:830} INFO - Processing file /home/airflow/.local/lib/python3.12/site-packages/airflow/example_dags/example_bash_decorator.py for tasks to queue
[2026-05-10T06:07:04.832+0000] {logging_mixin.py:188} INFO - [2026-05-10T06:07:04.832+0000] {dagbag.py:545} INFO - Filling up the DagBag from /home/airflow/.local/lib/python3.12/site-packages/airflow/example_dags/example_bash_decorator.py
[2026-05-10T06:07:04.844+0000] {processor.py:840} INFO - DAG(s) 'example_bash_decorator' retrieved from /home/airflow/.local/lib/python3.12/site-packages/airflow/example_dags/example_bash_decorator.py
[2026-05-10T06:07:04.866+0000] {logging_mixin.py:188} INFO - [2026-05-10T06:07:04.866+0000] {dag.py:3096} INFO - Sync 1 DAGs
[2026-05-10T06:07:04.878+0000] {logging_mixin.py:188} INFO - [2026-05-10T06:07:04.878+0000] {dag.py:3954} INFO - Setting next_dagrun for example_bash_decorator to None, run_after=None
[2026-05-10T06:07:04.903+0000] {processor.py:183} INFO - Processing /home/airflow/.local/lib/python3.12/site-packages/airflow/example_dags/example_bash_decorator.py took 0.080 seconds
[2026-05-10T06:07:35.089+0000] {processor.py:161} INFO - Started process (PID=17078) to work on /home/airflow/.local/lib/python3.12/site-packages/airflow/example_dags/example_bash_decorator.py
[2026-05-10T06:07:35.091+0000] {processor.py:830} INFO - Processing file /home/airflow/.local/lib/python3.12/site-packages/airflow/example_dags/example_bash_decorator.py for tasks to queue
[2026-05-10T06:07:35.093+0000] {logging_mixin.py:188} INFO - [2026-05-10T06:07:35.092+0000] {dagbag.py:545} INFO - Filling up the DagBag from /home/airflow/.local/lib/python3.12/site-packages/airflow/example_dags/example_bash_decorator.py
[2026-05-10T06:07:35.103+0000] {processor.py:840} INFO - DAG(s) 'example_bash_decorator' retrieved from /home/airflow/.local/lib/python3.12/site-packages/airflow/example_dags/example_bash_decorator.py
[2026-05-10T06:07:35.123+0000] {logging_mixin.py:188} INFO - [2026-05-10T06:07:35.122+0000] {dag.py:3096} INFO - Sync 1 DAGs
[2026-05-10T06:07:35.133+0000] {logging_mixin.py:188} INFO - [2026-05-10T06:07:35.133+0000] {dag.py:3954} INFO - Setting next_dagrun for example_bash_decorator to None, run_after=None
[2026-05-10T06:07:35.148+0000] {processor.py:183} INFO - Processing /home/airflow/.local/lib/python3.12/site-packages/airflow/example_dags/example_bash_decorator.py took 0.064 seconds
[2026-05-10T06:08:06.040+0000] {processor.py:161} INFO - Started process (PID=17138) to work on /home/airflow/.local/lib/python3.12/site-packages/airflow/example_dags/example_bash_decorator.py
[2026-05-10T06:08:06.042+0000] {processor.py:830} INFO - Processing file /home/airflow/.local/lib/python3.12/site-packages/airflow/example_dags/example_bash_decorator.py for tasks to queue
[2026-05-10T06:08:06.044+0000] {logging_mixin.py:188} INFO - [2026-05-10T06:08:06.044+0000] {dagbag.py:545} INFO - Filling up the DagBag from /home/airflow/.local/lib/python3.12/site-packages/airflow/example_dags/example_bash_decorator.py
[2026-05-10T06:08:06.055+0000] {processor.py:840} INFO - DAG(s) 'example_bash_decorator' retrieved from /home/airflow/.local/lib/python3.12/site-packages/airflow/example_dags/example_bash_decorator.py
[2026-05-10T06:08:06.078+0000] {logging_mixin.py:188} INFO - [2026-05-10T06:08:06.078+0000] {dag.py:3096} INFO - Sync 1 DAGs
[2026-05-10T06:08:06.089+0000] {logging_mixin.py:188} INFO - [2026-05-10T06:08:06.089+0000] {dag.py:3954} INFO - Setting next_dagrun for example_bash_decorator to None, run_after=None
[2026-05-10T06:08:06.109+0000] {processor.py:183} INFO - Processing /home/airflow/.local/lib/python3.12/site-packages/airflow/example_dags/example_bash_decorator.py took 0.075 seconds
[2026-05-10T06:08:36.381+0000] {processor.py:161} INFO - Started process (PID=17198) to work on /home/airflow/.local/lib/python3.12/site-packages/airflow/example_dags/example_bash_decorator.py
[2026-05-10T06:08:36.382+0000] {processor.py:830} INFO - Processing file /home/airflow/.local/lib/python3.12/site-packages/airflow/example_dags/example_bash_decorator.py for tasks to queue
[2026-05-10T06:08:36.384+0000] {logging_mixin.py:188} INFO - [2026-05-10T06:08:36.384+0000] {dagbag.py:545} INFO - Filling up the DagBag from /home/airflow/.local/lib/python3.12/site-packages/airflow/example_dags/example_bash_decorator.py
[2026-05-10T06:08:36.395+0000] {processor.py:840} INFO - DAG(s) 'example_bash_decorator' retrieved from /home/airflow/.local/lib/python3.12/site-packages/airflow/example_dags/example_bash_decorator.py
[2026-05-10T06:08:36.414+0000] {logging_mixin.py:188} INFO - [2026-05-10T06:08:36.413+0000] {dag.py:3096} INFO - Sync 1 DAGs
[2026-05-10T06:08:36.425+0000] {logging_mixin.py:188} INFO - [2026-05-10T06:08:36.425+0000] {dag.py:3954} INFO - Setting next_dagrun for example_bash_decorator to None, run_after=None
[2026-05-10T06:08:36.442+0000] {processor.py:183} INFO - Processing /home/airflow/.local/lib/python3.12/site-packages/airflow/example_dags/example_bash_decorator.py took 0.066 seconds
[2026-05-10T06:09:06.920+0000] {processor.py:161} INFO - Started process (PID=17259) to work on /home/airflow/.local/lib/python3.12/site-packages/airflow/example_dags/example_bash_decorator.py
[2026-05-10T06:09:06.921+0000] {processor.py:830} INFO - Processing file /home/airflow/.local/lib/python3.12/site-packages/airflow/example_dags/example_bash_decorator.py for tasks to queue
[2026-05-10T06:09:06.923+0000] {logging_mixin.py:188} INFO - [2026-05-10T06:09:06.923+0000] {dagbag.py:545} INFO - Filling up the DagBag from /home/airflow/.local/lib/python3.12/site-packages/airflow/example_dags/example_bash_decorator.py
[2026-05-10T06:09:06.934+0000] {processor.py:840} INFO - DAG(s) 'example_bash_decorator' retrieved from /home/airflow/.local/lib/python3.12/site-packages/airflow/example_dags/example_bash_decorator.py
[2026-05-10T06:09:06.952+0000] {logging_mixin.py:188} INFO - [2026-05-10T06:09:06.952+0000] {dag.py:3096} INFO - Sync 1 DAGs
[2026-05-10T06:09:06.962+0000] {logging_mixin.py:188} INFO - [2026-05-10T06:09:06.962+0000] {dag.py:3954} INFO - Setting next_dagrun for example_bash_decorator to None, run_after=None
[2026-05-10T06:09:07.092+0000] {processor.py:183} INFO - Processing /home/airflow/.local/lib/python3.12/site-packages/airflow/example_dags/example_bash_decorator.py took 0.177 seconds
[2026-05-10T06:09:37.285+0000] {processor.py:161} INFO - Started process (PID=17320) to work on /home/airflow/.local/lib/python3.12/site-packages/airflow/example_dags/example_bash_decorator.py
[2026-05-10T06:09:37.287+0000] {processor.py:830} INFO - Processing file /home/airflow/.local/lib/python3.12/site-packages/airflow/example_dags/example_bash_decorator.py for tasks to queue
[2026-05-10T06:09:37.290+0000] {logging_mixin.py:188} INFO - [2026-05-10T06:09:37.290+0000] {dagbag.py:545} INFO - Filling up the DagBag from /home/airflow/.local/lib/python3.12/site-packages/airflow/example_dags/example_bash_decorator.py
[2026-05-10T06:09:37.300+0000] {processor.py:840} INFO - DAG(s) 'example_bash_decorator' retrieved from /home/airflow/.local/lib/python3.12/site-packages/airflow/example_dags/example_bash_decorator.py
[2026-05-10T06:09:37.318+0000] {logging_mixin.py:188} INFO - [2026-05-10T06:09:37.318+0000] {dag.py:3096} INFO - Sync 1 DAGs
[2026-05-10T06:09:37.328+0000] {logging_mixin.py:188} INFO - [2026-05-10T06:09:37.328+0000] {dag.py:3954} INFO - Setting next_dagrun for example_bash_decorator to None, run_after=None
[2026-05-10T06:09:37.342+0000] {processor.py:183} INFO - Processing /home/airflow/.local/lib/python3.12/site-packages/airflow/example_dags/example_bash_decorator.py took 0.062 seconds
[2026-05-10T06:10:07.640+0000] {processor.py:161} INFO - Started process (PID=17380) to work on /home/airflow/.local/lib/python3.12/site-packages/airflow/example_dags/example_bash_decorator.py
[2026-05-10T06:10:07.641+0000] {processor.py:830} INFO - Processing file /home/airflow/.local/lib/python3.12/site-packages/airflow/example_dags/example_bash_decorator.py for tasks to queue
[2026-05-10T06:10:07.644+0000] {logging_mixin.py:188} INFO - [2026-05-10T06:10:07.644+0000] {dagbag.py:545} INFO - Filling up the DagBag from /home/airflow/.local/lib/python3.12/site-packages/airflow/example_dags/example_bash_decorator.py
[2026-05-10T06:10:07.656+0000] {processor.py:840} INFO - DAG(s) 'example_bash_decorator' retrieved from /home/airflow/.local/lib/python3.12/site-packages/airflow/example_dags/example_bash_decorator.py
[2026-05-10T06:10:07.675+0000] {logging_mixin.py:188} INFO - [2026-05-10T06:10:07.675+0000] {dag.py:3096} INFO - Sync 1 DAGs
[2026-05-10T06:10:07.686+0000] {logging_mixin.py:188} INFO - [2026-05-10T06:10:07.686+0000] {dag.py:3954} INFO - Setting next_dagrun for example_bash_decorator to None, run_after=None
[2026-05-10T06:10:07.706+0000] {processor.py:183} INFO - Processing /home/airflow/.local/lib/python3.12/site-packages/airflow/example_dags/example_bash_decorator.py took 0.073 seconds
[2026-05-10T06:10:38.224+0000] {processor.py:161} INFO - Started process (PID=17439) to work on /home/airflow/.local/lib/python3.12/site-packages/airflow/example_dags/example_bash_decorator.py
[2026-05-10T06:10:38.225+0000] {processor.py:830} INFO - Processing file /home/airflow/.local/lib/python3.12/site-packages/airflow/example_dags/example_bash_decorator.py for tasks to queue
[2026-05-10T06:10:38.228+0000] {logging_mixin.py:188} INFO - [2026-05-10T06:10:38.228+0000] {dagbag.py:545} INFO - Filling up the DagBag from /home/airflow/.local/lib/python3.12/site-packages/airflow/example_dags/example_bash_decorator.py
[2026-05-10T06:10:38.242+0000] {processor.py:840} INFO - DAG(s) 'example_bash_decorator' retrieved from /home/airflow/.local/lib/python3.12/site-packages/airflow/example_dags/example_bash_decorator.py
[2026-05-10T06:10:38.260+0000] {logging_mixin.py:188} INFO - [2026-05-10T06:10:38.260+0000] {dag.py:3096} INFO - Sync 1 DAGs
[2026-05-10T06:10:38.271+0000] {logging_mixin.py:188} INFO - [2026-05-10T06:10:38.271+0000] {dag.py:3954} INFO - Setting next_dagrun for example_bash_decorator to None, run_after=None
[2026-05-10T06:10:38.285+0000] {processor.py:183} INFO - Processing /home/airflow/.local/lib/python3.12/site-packages/airflow/example_dags/example_bash_decorator.py took 0.066 seconds
[2026-05-10T06:11:08.407+0000] {processor.py:161} INFO - Started process (PID=17499) to work on /home/airflow/.local/lib/python3.12/site-packages/airflow/example_dags/example_bash_decorator.py
[2026-05-10T06:11:08.409+0000] {processor.py:830} INFO - Processing file /home/airflow/.local/lib/python3.12/site-packages/airflow/example_dags/example_bash_decorator.py for tasks to queue
[2026-05-10T06:11:08.411+0000] {logging_mixin.py:188} INFO - [2026-05-10T06:11:08.410+0000] {dagbag.py:545} INFO - Filling up the DagBag from /home/airflow/.local/lib/python3.12/site-packages/airflow/example_dags/example_bash_decorator.py
[2026-05-10T06:11:08.422+0000] {processor.py:840} INFO - DAG(s) 'example_bash_decorator' retrieved from /home/airflow/.local/lib/python3.12/site-packages/airflow/example_dags/example_bash_decorator.py
[2026-05-10T06:11:08.445+0000] {logging_mixin.py:188} INFO - [2026-05-10T06:11:08.445+0000] {dag.py:3096} INFO - Sync 1 DAGs
[2026-05-10T06:11:08.455+0000] {logging_mixin.py:188} INFO - [2026-05-10T06:11:08.454+0000] {dag.py:3954} INFO - Setting next_dagrun for example_bash_decorator to None, run_after=None
[2026-05-10T06:11:08.472+0000] {processor.py:183} INFO - Processing /home/airflow/.local/lib/python3.12/site-packages/airflow/example_dags/example_bash_decorator.py took 0.069 seconds
[2026-05-10T06:11:38.800+0000] {processor.py:161} INFO - Started process (PID=17559) to work on /home/airflow/.local/lib/python3.12/site-packages/airflow/example_dags/example_bash_decorator.py
[2026-05-10T06:11:38.802+0000] {processor.py:830} INFO - Processing file /home/airflow/.local/lib/python3.12/site-packages/airflow/example_dags/example_bash_decorator.py for tasks to queue
[2026-05-10T06:11:38.806+0000] {logging_mixin.py:188} INFO - [2026-05-10T06:11:38.806+0000] {dagbag.py:545} INFO - Filling up the DagBag from /home/airflow/.local/lib/python3.12/site-packages/airflow/example_dags/example_bash_decorator.py
[2026-05-10T06:11:38.819+0000] {processor.py:840} INFO - DAG(s) 'example_bash_decorator' retrieved from /home/airflow/.local/lib/python3.12/site-packages/airflow/example_dags/example_bash_decorator.py
[2026-05-10T06:11:38.841+0000] {logging_mixin.py:188} INFO - [2026-05-10T06:11:38.841+0000] {dag.py:3096} INFO - Sync 1 DAGs
[2026-05-10T06:11:38.851+0000] {logging_mixin.py:188} INFO - [2026-05-10T06:11:38.851+0000] {dag.py:3954} INFO - Setting next_dagrun for example_bash_decorator to None, run_after=None
[2026-05-10T06:11:38.867+0000] {processor.py:183} INFO - Processing /home/airflow/.local/lib/python3.12/site-packages/airflow/example_dags/example_bash_decorator.py took 0.078 seconds
[2026-05-10T06:12:09.149+0000] {processor.py:161} INFO - Started process (PID=17619) to work on /home/airflow/.local/lib/python3.12/site-packages/airflow/example_dags/example_bash_decorator.py
[2026-05-10T06:12:09.150+0000] {processor.py:830} INFO - Processing file /home/airflow/.local/lib/python3.12/site-packages/airflow/example_dags/example_bash_decorator.py for tasks to queue
[2026-05-10T06:12:09.154+0000] {logging_mixin.py:188} INFO - [2026-05-10T06:12:09.153+0000] {dagbag.py:545} INFO - Filling up the DagBag from /home/airflow/.local/lib/python3.12/site-packages/airflow/example_dags/example_bash_decorator.py
[2026-05-10T06:12:09.171+0000] {processor.py:840} INFO - DAG(s) 'example_bash_decorator' retrieved from /home/airflow/.local/lib/python3.12/site-packages/airflow/example_dags/example_bash_decorator.py
[2026-05-10T06:12:09.223+0000] {logging_mixin.py:188} INFO - [2026-05-10T06:12:09.222+0000] {dag.py:3096} INFO - Sync 1 DAGs
[2026-05-10T06:12:09.244+0000] {logging_mixin.py:188} INFO - [2026-05-10T06:12:09.244+0000] {dag.py:3954} INFO - Setting next_dagrun for example_bash_decorator to None, run_after=None
[2026-05-10T06:12:09.272+0000] {processor.py:183} INFO - Processing /home/airflow/.local/lib/python3.12/site-packages/airflow/example_dags/example_bash_decorator.py took 0.129 seconds
[2026-05-10T06:12:39.569+0000] {processor.py:161} INFO - Started process (PID=17679) to work on /home/airflow/.local/lib/python3.12/site-packages/airflow/example_dags/example_bash_decorator.py
[2026-05-10T06:12:39.570+0000] {processor.py:830} INFO - Processing file /home/airflow/.local/lib/python3.12/site-packages/airflow/example_dags/example_bash_decorator.py for tasks to queue
[2026-05-10T06:12:39.574+0000] {logging_mixin.py:188} INFO - [2026-05-10T06:12:39.574+0000] {dagbag.py:545} INFO - Filling up the DagBag from /home/airflow/.local/lib/python3.12/site-packages/airflow/example_dags/example_bash_decorator.py
[2026-05-10T06:12:39.584+0000] {processor.py:840} INFO - DAG(s) 'example_bash_decorator' retrieved from /home/airflow/.local/lib/python3.12/site-packages/airflow/example_dags/example_bash_decorator.py
[2026-05-10T06:12:39.602+0000] {logging_mixin.py:188} INFO - [2026-05-10T06:12:39.602+0000] {dag.py:3096} INFO - Sync 1 DAGs
[2026-05-10T06:12:39.613+0000] {logging_mixin.py:188} INFO - [2026-05-10T06:12:39.613+0000] {dag.py:3954} INFO - Setting next_dagrun for example_bash_decorator to None, run_after=None
[2026-05-10T06:12:39.629+0000] {processor.py:183} INFO - Processing /home/airflow/.local/lib/python3.12/site-packages/airflow/example_dags/example_bash_decorator.py took 0.065 seconds
[2026-05-10T06:13:09.889+0000] {processor.py:161} INFO - Started process (PID=17739) to work on /home/airflow/.local/lib/python3.12/site-packages/airflow/example_dags/example_bash_decorator.py
[2026-05-10T06:13:09.890+0000] {processor.py:830} INFO - Processing file /home/airflow/.local/lib/python3.12/site-packages/airflow/example_dags/example_bash_decorator.py for tasks to queue
[2026-05-10T06:13:09.892+0000] {logging_mixin.py:188} INFO - [2026-05-10T06:13:09.892+0000] {dagbag.py:545} INFO - Filling up the DagBag from /home/airflow/.local/lib/python3.12/site-packages/airflow/example_dags/example_bash_decorator.py
[2026-05-10T06:13:09.904+0000] {processor.py:840} INFO - DAG(s) 'example_bash_decorator' retrieved from /home/airflow/.local/lib/python3.12/site-packages/airflow/example_dags/example_bash_decorator.py
[2026-05-10T06:13:09.925+0000] {logging_mixin.py:188} INFO - [2026-05-10T06:13:09.925+0000] {dag.py:3096} INFO - Sync 1 DAGs
[2026-05-10T06:13:09.938+0000] {logging_mixin.py:188} INFO - [2026-05-10T06:13:09.938+0000] {dag.py:3954} INFO - Setting next_dagrun for example_bash_decorator to None, run_after=None
[2026-05-10T06:13:09.955+0000] {processor.py:183} INFO - Processing /home/airflow/.local/lib/python3.12/site-packages/airflow/example_dags/example_bash_decorator.py took 0.071 seconds
[2026-05-10T06:13:40.053+0000] {processor.py:161} INFO - Started process (PID=17799) to work on /home/airflow/.local/lib/python3.12/site-packages/airflow/example_dags/example_bash_decorator.py
[2026-05-10T06:13:40.055+0000] {processor.py:830} INFO - Processing file /home/airflow/.local/lib/python3.12/site-packages/airflow/example_dags/example_bash_decorator.py for tasks to queue
[2026-05-10T06:13:40.057+0000] {logging_mixin.py:188} INFO - [2026-05-10T06:13:40.057+0000] {dagbag.py:545} INFO - Filling up the DagBag from /home/airflow/.local/lib/python3.12/site-packages/airflow/example_dags/example_bash_decorator.py
[2026-05-10T06:13:40.067+0000] {processor.py:840} INFO - DAG(s) 'example_bash_decorator' retrieved from /home/airflow/.local/lib/python3.12/site-packages/airflow/example_dags/example_bash_decorator.py
[2026-05-10T06:13:40.085+0000] {logging_mixin.py:188} INFO - [2026-05-10T06:13:40.085+0000] {dag.py:3096} INFO - Sync 1 DAGs
[2026-05-10T06:13:40.095+0000] {logging_mixin.py:188} INFO - [2026-05-10T06:13:40.095+0000] {dag.py:3954} INFO - Setting next_dagrun for example_bash_decorator to None, run_after=None
[2026-05-10T06:13:40.110+0000] {processor.py:183} INFO - Processing /home/airflow/.local/lib/python3.12/site-packages/airflow/example_dags/example_bash_decorator.py took 0.063 seconds
[2026-05-10T06:14:10.329+0000] {processor.py:161} INFO - Started process (PID=17859) to work on /home/airflow/.local/lib/python3.12/site-packages/airflow/example_dags/example_bash_decorator.py
[2026-05-10T06:14:10.330+0000] {processor.py:830} INFO - Processing file /home/airflow/.local/lib/python3.12/site-packages/airflow/example_dags/example_bash_decorator.py for tasks to queue
[2026-05-10T06:14:10.333+0000] {logging_mixin.py:188} INFO - [2026-05-10T06:14:10.332+0000] {dagbag.py:545} INFO - Filling up the DagBag from /home/airflow/.local/lib/python3.12/site-packages/airflow/example_dags/example_bash_decorator.py
[2026-05-10T06:14:10.343+0000] {processor.py:840} INFO - DAG(s) 'example_bash_decorator' retrieved from /home/airflow/.local/lib/python3.12/site-packages/airflow/example_dags/example_bash_decorator.py
[2026-05-10T06:14:10.362+0000] {logging_mixin.py:188} INFO - [2026-05-10T06:14:10.362+0000] {dag.py:3096} INFO - Sync 1 DAGs
[2026-05-10T06:14:10.372+0000] {logging_mixin.py:188} INFO - [2026-05-10T06:14:10.372+0000] {dag.py:3954} INFO - Setting next_dagrun for example_bash_decorator to None, run_after=None
[2026-05-10T06:14:10.387+0000] {processor.py:183} INFO - Processing /home/airflow/.local/lib/python3.12/site-packages/airflow/example_dags/example_bash_decorator.py took 0.063 seconds
[2026-05-10T06:14:40.497+0000] {processor.py:161} INFO - Started process (PID=17919) to work on /home/airflow/.local/lib/python3.12/site-packages/airflow/example_dags/example_bash_decorator.py
[2026-05-10T06:14:40.498+0000] {processor.py:830} INFO - Processing file /home/airflow/.local/lib/python3.12/site-packages/airflow/example_dags/example_bash_decorator.py for tasks to queue
[2026-05-10T06:14:40.500+0000] {logging_mixin.py:188} INFO - [2026-05-10T06:14:40.500+0000] {dagbag.py:545} INFO - Filling up the DagBag from /home/airflow/.local/lib/python3.12/site-packages/airflow/example_dags/example_bash_decorator.py
[2026-05-10T06:14:40.511+0000] {processor.py:840} INFO - DAG(s) 'example_bash_decorator' retrieved from /home/airflow/.local/lib/python3.12/site-packages/airflow/example_dags/example_bash_decorator.py
[2026-05-10T06:14:40.530+0000] {logging_mixin.py:188} INFO - [2026-05-10T06:14:40.529+0000] {dag.py:3096} INFO - Sync 1 DAGs
[2026-05-10T06:14:40.540+0000] {logging_mixin.py:188} INFO - [2026-05-10T06:14:40.539+0000] {dag.py:3954} INFO - Setting next_dagrun for example_bash_decorator to None, run_after=None
[2026-05-10T06:14:40.558+0000] {processor.py:183} INFO - Processing /home/airflow/.local/lib/python3.12/site-packages/airflow/example_dags/example_bash_decorator.py took 0.066 seconds
[2026-05-10T06:15:10.726+0000] {processor.py:161} INFO - Started process (PID=17979) to work on /home/airflow/.local/lib/python3.12/site-packages/airflow/example_dags/example_bash_decorator.py
[2026-05-10T06:15:10.728+0000] {processor.py:830} INFO - Processing file /home/airflow/.local/lib/python3.12/site-packages/airflow/example_dags/example_bash_decorator.py for tasks to queue
[2026-05-10T06:15:10.730+0000] {logging_mixin.py:188} INFO - [2026-05-10T06:15:10.730+0000] {dagbag.py:545} INFO - Filling up the DagBag from /home/airflow/.local/lib/python3.12/site-packages/airflow/example_dags/example_bash_decorator.py
[2026-05-10T06:15:10.742+0000] {processor.py:840} INFO - DAG(s) 'example_bash_decorator' retrieved from /home/airflow/.local/lib/python3.12/site-packages/airflow/example_dags/example_bash_decorator.py
[2026-05-10T06:15:10.763+0000] {logging_mixin.py:188} INFO - [2026-05-10T06:15:10.763+0000] {dag.py:3096} INFO - Sync 1 DAGs
[2026-05-10T06:15:10.773+0000] {logging_mixin.py:188} INFO - [2026-05-10T06:15:10.773+0000] {dag.py:3954} INFO - Setting next_dagrun for example_bash_decorator to None, run_after=None
[2026-05-10T06:15:10.789+0000] {processor.py:183} INFO - Processing /home/airflow/.local/lib/python3.12/site-packages/airflow/example_dags/example_bash_decorator.py took 0.069 seconds
[2026-05-10T06:15:41.204+0000] {processor.py:161} INFO - Started process (PID=18039) to work on /home/airflow/.local/lib/python3.12/site-packages/airflow/example_dags/example_bash_decorator.py
[2026-05-10T06:15:41.205+0000] {processor.py:830} INFO - Processing file /home/airflow/.local/lib/python3.12/site-packages/airflow/example_dags/example_bash_decorator.py for tasks to queue
[2026-05-10T06:15:41.208+0000] {logging_mixin.py:188} INFO - [2026-05-10T06:15:41.207+0000] {dagbag.py:545} INFO - Filling up the DagBag from /home/airflow/.local/lib/python3.12/site-packages/airflow/example_dags/example_bash_decorator.py
[2026-05-10T06:15:41.218+0000] {processor.py:840} INFO - DAG(s) 'example_bash_decorator' retrieved from /home/airflow/.local/lib/python3.12/site-packages/airflow/example_dags/example_bash_decorator.py
[2026-05-10T06:15:41.238+0000] {logging_mixin.py:188} INFO - [2026-05-10T06:15:41.238+0000] {dag.py:3096} INFO - Sync 1 DAGs
[2026-05-10T06:15:41.249+0000] {logging_mixin.py:188} INFO - [2026-05-10T06:15:41.249+0000] {dag.py:3954} INFO - Setting next_dagrun for example_bash_decorator to None, run_after=None
[2026-05-10T06:15:41.267+0000] {processor.py:183} INFO - Processing /home/airflow/.local/lib/python3.12/site-packages/airflow/example_dags/example_bash_decorator.py took 0.069 seconds
[2026-05-10T06:16:11.605+0000] {processor.py:161} INFO - Started process (PID=18099) to work on /home/airflow/.local/lib/python3.12/site-packages/airflow/example_dags/example_bash_decorator.py
[2026-05-10T06:16:11.607+0000] {processor.py:830} INFO - Processing file /home/airflow/.local/lib/python3.12/site-packages/airflow/example_dags/example_bash_decorator.py for tasks to queue
[2026-05-10T06:16:11.609+0000] {logging_mixin.py:188} INFO - [2026-05-10T06:16:11.608+0000] {dagbag.py:545} INFO - Filling up the DagBag from /home/airflow/.local/lib/python3.12/site-packages/airflow/example_dags/example_bash_decorator.py
[2026-05-10T06:16:11.619+0000] {processor.py:840} INFO - DAG(s) 'example_bash_decorator' retrieved from /home/airflow/.local/lib/python3.12/site-packages/airflow/example_dags/example_bash_decorator.py
[2026-05-10T06:16:11.642+0000] {logging_mixin.py:188} INFO - [2026-05-10T06:16:11.642+0000] {dag.py:3096} INFO - Sync 1 DAGs
[2026-05-10T06:16:11.653+0000] {logging_mixin.py:188} INFO - [2026-05-10T06:16:11.653+0000] {dag.py:3954} INFO - Setting next_dagrun for example_bash_decorator to None, run_after=None
[2026-05-10T06:16:11.670+0000] {processor.py:183} INFO - Processing /home/airflow/.local/lib/python3.12/site-packages/airflow/example_dags/example_bash_decorator.py took 0.071 seconds
[2026-05-10T06:16:42.668+0000] {processor.py:161} INFO - Started process (PID=18159) to work on /home/airflow/.local/lib/python3.12/site-packages/airflow/example_dags/example_bash_decorator.py
[2026-05-10T06:16:42.669+0000] {processor.py:830} INFO - Processing file /home/airflow/.local/lib/python3.12/site-packages/airflow/example_dags/example_bash_decorator.py for tasks to queue
[2026-05-10T06:16:42.673+0000] {logging_mixin.py:188} INFO - [2026-05-10T06:16:42.672+0000] {dagbag.py:545} INFO - Filling up the DagBag from /home/airflow/.local/lib/python3.12/site-packages/airflow/example_dags/example_bash_decorator.py
[2026-05-10T06:16:42.685+0000] {processor.py:840} INFO - DAG(s) 'example_bash_decorator' retrieved from /home/airflow/.local/lib/python3.12/site-packages/airflow/example_dags/example_bash_decorator.py
[2026-05-10T06:16:42.707+0000] {logging_mixin.py:188} INFO - [2026-05-10T06:16:42.707+0000] {dag.py:3096} INFO - Sync 1 DAGs
[2026-05-10T06:16:42.719+0000] {logging_mixin.py:188} INFO - [2026-05-10T06:16:42.719+0000] {dag.py:3954} INFO - Setting next_dagrun for example_bash_decorator to None, run_after=None
[2026-05-10T06:16:42.736+0000] {processor.py:183} INFO - Processing /home/airflow/.local/lib/python3.12/site-packages/airflow/example_dags/example_bash_decorator.py took 0.074 seconds
[2026-05-10T06:17:12.962+0000] {processor.py:161} INFO - Started process (PID=18219) to work on /home/airflow/.local/lib/python3.12/site-packages/airflow/example_dags/example_bash_decorator.py
[2026-05-10T06:17:12.963+0000] {processor.py:830} INFO - Processing file /home/airflow/.local/lib/python3.12/site-packages/airflow/example_dags/example_bash_decorator.py for tasks to queue
[2026-05-10T06:17:12.966+0000] {logging_mixin.py:188} INFO - [2026-05-10T06:17:12.965+0000] {dagbag.py:545} INFO - Filling up the DagBag from /home/airflow/.local/lib/python3.12/site-packages/airflow/example_dags/example_bash_decorator.py
[2026-05-10T06:17:12.978+0000] {processor.py:840} INFO - DAG(s) 'example_bash_decorator' retrieved from /home/airflow/.local/lib/python3.12/site-packages/airflow/example_dags/example_bash_decorator.py
[2026-05-10T06:17:13.008+0000] {logging_mixin.py:188} INFO - [2026-05-10T06:17:13.007+0000] {dag.py:3096} INFO - Sync 1 DAGs
[2026-05-10T06:17:13.024+0000] {logging_mixin.py:188} INFO - [2026-05-10T06:17:13.024+0000] {dag.py:3954} INFO - Setting next_dagrun for example_bash_decorator to None, run_after=None
[2026-05-10T06:17:13.043+0000] {processor.py:183} INFO - Processing /home/airflow/.local/lib/python3.12/site-packages/airflow/example_dags/example_bash_decorator.py took 0.088 seconds
[2026-05-10T06:17:43.220+0000] {processor.py:161} INFO - Started process (PID=18279) to work on /home/airflow/.local/lib/python3.12/site-packages/airflow/example_dags/example_bash_decorator.py
[2026-05-10T06:17:43.222+0000] {processor.py:830} INFO - Processing file /home/airflow/.local/lib/python3.12/site-packages/airflow/example_dags/example_bash_decorator.py for tasks to queue
[2026-05-10T06:17:43.224+0000] {logging_mixin.py:188} INFO - [2026-05-10T06:17:43.224+0000] {dagbag.py:545} INFO - Filling up the DagBag from /home/airflow/.local/lib/python3.12/site-packages/airflow/example_dags/example_bash_decorator.py
[2026-05-10T06:17:43.235+0000] {processor.py:840} INFO - DAG(s) 'example_bash_decorator' retrieved from /home/airflow/.local/lib/python3.12/site-packages/airflow/example_dags/example_bash_decorator.py
[2026-05-10T06:17:43.255+0000] {logging_mixin.py:188} INFO - [2026-05-10T06:17:43.255+0000] {dag.py:3096} INFO - Sync 1 DAGs
[2026-05-10T06:17:43.266+0000] {logging_mixin.py:188} INFO - [2026-05-10T06:17:43.266+0000] {dag.py:3954} INFO - Setting next_dagrun for example_bash_decorator to None, run_after=None
[2026-05-10T06:17:43.284+0000] {processor.py:183} INFO - Processing /home/airflow/.local/lib/python3.12/site-packages/airflow/example_dags/example_bash_decorator.py took 0.069 seconds
[2026-05-10T06:18:13.638+0000] {processor.py:161} INFO - Started process (PID=18339) to work on /home/airflow/.local/lib/python3.12/site-packages/airflow/example_dags/example_bash_decorator.py
[2026-05-10T06:18:13.640+0000] {processor.py:830} INFO - Processing file /home/airflow/.local/lib/python3.12/site-packages/airflow/example_dags/example_bash_decorator.py for tasks to queue
[2026-05-10T06:18:13.642+0000] {logging_mixin.py:188} INFO - [2026-05-10T06:18:13.642+0000] {dagbag.py:545} INFO - Filling up the DagBag from /home/airflow/.local/lib/python3.12/site-packages/airflow/example_dags/example_bash_decorator.py
[2026-05-10T06:18:13.657+0000] {processor.py:840} INFO - DAG(s) 'example_bash_decorator' retrieved from /home/airflow/.local/lib/python3.12/site-packages/airflow/example_dags/example_bash_decorator.py
[2026-05-10T06:18:13.676+0000] {logging_mixin.py:188} INFO - [2026-05-10T06:18:13.676+0000] {dag.py:3096} INFO - Sync 1 DAGs
[2026-05-10T06:18:13.687+0000] {logging_mixin.py:188} INFO - [2026-05-10T06:18:13.686+0000] {dag.py:3954} INFO - Setting next_dagrun for example_bash_decorator to None, run_after=None
[2026-05-10T06:18:13.702+0000] {processor.py:183} INFO - Processing /home/airflow/.local/lib/python3.12/site-packages/airflow/example_dags/example_bash_decorator.py took 0.069 seconds
[2026-05-10T06:18:43.933+0000] {processor.py:161} INFO - Started process (PID=18399) to work on /home/airflow/.local/lib/python3.12/site-packages/airflow/example_dags/example_bash_decorator.py
[2026-05-10T06:18:43.935+0000] {processor.py:830} INFO - Processing file /home/airflow/.local/lib/python3.12/site-packages/airflow/example_dags/example_bash_decorator.py for tasks to queue
[2026-05-10T06:18:43.937+0000] {logging_mixin.py:188} INFO - [2026-05-10T06:18:43.937+0000] {dagbag.py:545} INFO - Filling up the DagBag from /home/airflow/.local/lib/python3.12/site-packages/airflow/example_dags/example_bash_decorator.py
[2026-05-10T06:18:43.950+0000] {processor.py:840} INFO - DAG(s) 'example_bash_decorator' retrieved from /home/airflow/.local/lib/python3.12/site-packages/airflow/example_dags/example_bash_decorator.py
[2026-05-10T06:18:43.976+0000] {logging_mixin.py:188} INFO - [2026-05-10T06:18:43.975+0000] {dag.py:3096} INFO - Sync 1 DAGs
[2026-05-10T06:18:43.991+0000] {logging_mixin.py:188} INFO - [2026-05-10T06:18:43.991+0000] {dag.py:3954} INFO - Setting next_dagrun for example_bash_decorator to None, run_after=None
[2026-05-10T06:18:44.010+0000] {processor.py:183} INFO - Processing /home/airflow/.local/lib/python3.12/site-packages/airflow/example_dags/example_bash_decorator.py took 0.084 seconds
[2026-05-10T06:19:14.658+0000] {processor.py:161} INFO - Started process (PID=18459) to work on /home/airflow/.local/lib/python3.12/site-packages/airflow/example_dags/example_bash_decorator.py
[2026-05-10T06:19:14.660+0000] {processor.py:830} INFO - Processing file /home/airflow/.local/lib/python3.12/site-packages/airflow/example_dags/example_bash_decorator.py for tasks to queue
[2026-05-10T06:19:14.662+0000] {logging_mixin.py:188} INFO - [2026-05-10T06:19:14.662+0000] {dagbag.py:545} INFO - Filling up the DagBag from /home/airflow/.local/lib/python3.12/site-packages/airflow/example_dags/example_bash_decorator.py
[2026-05-10T06:19:14.673+0000] {processor.py:840} INFO - DAG(s) 'example_bash_decorator' retrieved from /home/airflow/.local/lib/python3.12/site-packages/airflow/example_dags/example_bash_decorator.py
[2026-05-10T06:19:14.693+0000] {logging_mixin.py:188} INFO - [2026-05-10T06:19:14.693+0000] {dag.py:3096} INFO - Sync 1 DAGs
[2026-05-10T06:19:14.705+0000] {logging_mixin.py:188} INFO - [2026-05-10T06:19:14.704+0000] {dag.py:3954} INFO - Setting next_dagrun for example_bash_decorator to None, run_after=None
[2026-05-10T06:19:14.721+0000] {processor.py:183} INFO - Processing /home/airflow/.local/lib/python3.12/site-packages/airflow/example_dags/example_bash_decorator.py took 0.069 seconds
[2026-05-10T06:19:45.261+0000] {processor.py:161} INFO - Started process (PID=18519) to work on /home/airflow/.local/lib/python3.12/site-packages/airflow/example_dags/example_bash_decorator.py
[2026-05-10T06:19:45.264+0000] {processor.py:830} INFO - Processing file /home/airflow/.local/lib/python3.12/site-packages/airflow/example_dags/example_bash_decorator.py for tasks to queue
[2026-05-10T06:19:45.266+0000] {logging_mixin.py:188} INFO - [2026-05-10T06:19:45.265+0000] {dagbag.py:545} INFO - Filling up the DagBag from /home/airflow/.local/lib/python3.12/site-packages/airflow/example_dags/example_bash_decorator.py
[2026-05-10T06:19:45.276+0000] {processor.py:840} INFO - DAG(s) 'example_bash_decorator' retrieved from /home/airflow/.local/lib/python3.12/site-packages/airflow/example_dags/example_bash_decorator.py
[2026-05-10T06:19:45.296+0000] {logging_mixin.py:188} INFO - [2026-05-10T06:19:45.296+0000] {dag.py:3096} INFO - Sync 1 DAGs
[2026-05-10T06:19:45.306+0000] {logging_mixin.py:188} INFO - [2026-05-10T06:19:45.306+0000] {dag.py:3954} INFO - Setting next_dagrun for example_bash_decorator to None, run_after=None
[2026-05-10T06:19:45.325+0000] {processor.py:183} INFO - Processing /home/airflow/.local/lib/python3.12/site-packages/airflow/example_dags/example_bash_decorator.py took 0.068 seconds
[2026-05-10T06:20:15.843+0000] {processor.py:161} INFO - Started process (PID=18579) to work on /home/airflow/.local/lib/python3.12/site-packages/airflow/example_dags/example_bash_decorator.py
[2026-05-10T06:20:15.845+0000] {processor.py:830} INFO - Processing file /home/airflow/.local/lib/python3.12/site-packages/airflow/example_dags/example_bash_decorator.py for tasks to queue
[2026-05-10T06:20:15.848+0000] {logging_mixin.py:188} INFO - [2026-05-10T06:20:15.847+0000] {dagbag.py:545} INFO - Filling up the DagBag from /home/airflow/.local/lib/python3.12/site-packages/airflow/example_dags/example_bash_decorator.py
[2026-05-10T06:20:15.858+0000] {processor.py:840} INFO - DAG(s) 'example_bash_decorator' retrieved from /home/airflow/.local/lib/python3.12/site-packages/airflow/example_dags/example_bash_decorator.py
[2026-05-10T06:20:15.878+0000] {logging_mixin.py:188} INFO - [2026-05-10T06:20:15.877+0000] {dag.py:3096} INFO - Sync 1 DAGs
[2026-05-10T06:20:15.889+0000] {logging_mixin.py:188} INFO - [2026-05-10T06:20:15.888+0000] {dag.py:3954} INFO - Setting next_dagrun for example_bash_decorator to None, run_after=None
[2026-05-10T06:20:15.904+0000] {processor.py:183} INFO - Processing /home/airflow/.local/lib/python3.12/site-packages/airflow/example_dags/example_bash_decorator.py took 0.067 seconds
[2026-05-10T06:20:46.447+0000] {processor.py:161} INFO - Started process (PID=18639) to work on /home/airflow/.local/lib/python3.12/site-packages/airflow/example_dags/example_bash_decorator.py
[2026-05-10T06:20:46.449+0000] {processor.py:830} INFO - Processing file /home/airflow/.local/lib/python3.12/site-packages/airflow/example_dags/example_bash_decorator.py for tasks to queue
[2026-05-10T06:20:46.453+0000] {logging_mixin.py:188} INFO - [2026-05-10T06:20:46.452+0000] {dagbag.py:545} INFO - Filling up the DagBag from /home/airflow/.local/lib/python3.12/site-packages/airflow/example_dags/example_bash_decorator.py
[2026-05-10T06:20:46.474+0000] {processor.py:840} INFO - DAG(s) 'example_bash_decorator' retrieved from /home/airflow/.local/lib/python3.12/site-packages/airflow/example_dags/example_bash_decorator.py
[2026-05-10T06:20:46.503+0000] {logging_mixin.py:188} INFO - [2026-05-10T06:20:46.502+0000] {dag.py:3096} INFO - Sync 1 DAGs
[2026-05-10T06:20:46.514+0000] {logging_mixin.py:188} INFO - [2026-05-10T06:20:46.514+0000] {dag.py:3954} INFO - Setting next_dagrun for example_bash_decorator to None, run_after=None
[2026-05-10T06:20:46.530+0000] {processor.py:183} INFO - Processing /home/airflow/.local/lib/python3.12/site-packages/airflow/example_dags/example_bash_decorator.py took 0.091 seconds
[2026-05-10T06:21:16.907+0000] {processor.py:161} INFO - Started process (PID=18699) to work on /home/airflow/.local/lib/python3.12/site-packages/airflow/example_dags/example_bash_decorator.py
[2026-05-10T06:21:16.908+0000] {processor.py:830} INFO - Processing file /home/airflow/.local/lib/python3.12/site-packages/airflow/example_dags/example_bash_decorator.py for tasks to queue
[2026-05-10T06:21:16.911+0000] {logging_mixin.py:188} INFO - [2026-05-10T06:21:16.910+0000] {dagbag.py:545} INFO - Filling up the DagBag from /home/airflow/.local/lib/python3.12/site-packages/airflow/example_dags/example_bash_decorator.py
[2026-05-10T06:21:16.922+0000] {processor.py:840} INFO - DAG(s) 'example_bash_decorator' retrieved from /home/airflow/.local/lib/python3.12/site-packages/airflow/example_dags/example_bash_decorator.py
[2026-05-10T06:21:16.943+0000] {logging_mixin.py:188} INFO - [2026-05-10T06:21:16.942+0000] {dag.py:3096} INFO - Sync 1 DAGs
[2026-05-10T06:21:16.955+0000] {logging_mixin.py:188} INFO - [2026-05-10T06:21:16.955+0000] {dag.py:3954} INFO - Setting next_dagrun for example_bash_decorator to None, run_after=None
[2026-05-10T06:21:16.973+0000] {processor.py:183} INFO - Processing /home/airflow/.local/lib/python3.12/site-packages/airflow/example_dags/example_bash_decorator.py took 0.071 seconds
[2026-05-10T06:21:47.246+0000] {processor.py:161} INFO - Started process (PID=18759) to work on /home/airflow/.local/lib/python3.12/site-packages/airflow/example_dags/example_bash_decorator.py
[2026-05-10T06:21:47.248+0000] {processor.py:830} INFO - Processing file /home/airflow/.local/lib/python3.12/site-packages/airflow/example_dags/example_bash_decorator.py for tasks to queue
[2026-05-10T06:21:47.250+0000] {logging_mixin.py:188} INFO - [2026-05-10T06:21:47.249+0000] {dagbag.py:545} INFO - Filling up the DagBag from /home/airflow/.local/lib/python3.12/site-packages/airflow/example_dags/example_bash_decorator.py
[2026-05-10T06:21:47.261+0000] {processor.py:840} INFO - DAG(s) 'example_bash_decorator' retrieved from /home/airflow/.local/lib/python3.12/site-packages/airflow/example_dags/example_bash_decorator.py
[2026-05-10T06:21:47.282+0000] {logging_mixin.py:188} INFO - [2026-05-10T06:21:47.281+0000] {dag.py:3096} INFO - Sync 1 DAGs
[2026-05-10T06:21:47.293+0000] {logging_mixin.py:188} INFO - [2026-05-10T06:21:47.292+0000] {dag.py:3954} INFO - Setting next_dagrun for example_bash_decorator to None, run_after=None
[2026-05-10T06:21:47.309+0000] {processor.py:183} INFO - Processing /home/airflow/.local/lib/python3.12/site-packages/airflow/example_dags/example_bash_decorator.py took 0.068 seconds
[2026-05-10T06:22:17.442+0000] {processor.py:161} INFO - Started process (PID=18819) to work on /home/airflow/.local/lib/python3.12/site-packages/airflow/example_dags/example_bash_decorator.py
[2026-05-10T06:22:17.443+0000] {processor.py:830} INFO - Processing file /home/airflow/.local/lib/python3.12/site-packages/airflow/example_dags/example_bash_decorator.py for tasks to queue
[2026-05-10T06:22:17.445+0000] {logging_mixin.py:188} INFO - [2026-05-10T06:22:17.445+0000] {dagbag.py:545} INFO - Filling up the DagBag from /home/airflow/.local/lib/python3.12/site-packages/airflow/example_dags/example_bash_decorator.py
[2026-05-10T06:22:17.456+0000] {processor.py:840} INFO - DAG(s) 'example_bash_decorator' retrieved from /home/airflow/.local/lib/python3.12/site-packages/airflow/example_dags/example_bash_decorator.py
[2026-05-10T06:22:17.476+0000] {logging_mixin.py:188} INFO - [2026-05-10T06:22:17.476+0000] {dag.py:3096} INFO - Sync 1 DAGs
[2026-05-10T06:22:17.486+0000] {logging_mixin.py:188} INFO - [2026-05-10T06:22:17.486+0000] {dag.py:3954} INFO - Setting next_dagrun for example_bash_decorator to None, run_after=None
[2026-05-10T06:22:17.502+0000] {processor.py:183} INFO - Processing /home/airflow/.local/lib/python3.12/site-packages/airflow/example_dags/example_bash_decorator.py took 0.066 seconds
[2026-05-10T06:22:47.871+0000] {processor.py:161} INFO - Started process (PID=18879) to work on /home/airflow/.local/lib/python3.12/site-packages/airflow/example_dags/example_bash_decorator.py
[2026-05-10T06:22:47.873+0000] {processor.py:830} INFO - Processing file /home/airflow/.local/lib/python3.12/site-packages/airflow/example_dags/example_bash_decorator.py for tasks to queue
[2026-05-10T06:22:47.875+0000] {logging_mixin.py:188} INFO - [2026-05-10T06:22:47.875+0000] {dagbag.py:545} INFO - Filling up the DagBag from /home/airflow/.local/lib/python3.12/site-packages/airflow/example_dags/example_bash_decorator.py
[2026-05-10T06:22:47.888+0000] {processor.py:840} INFO - DAG(s) 'example_bash_decorator' retrieved from /home/airflow/.local/lib/python3.12/site-packages/airflow/example_dags/example_bash_decorator.py
[2026-05-10T06:22:47.907+0000] {logging_mixin.py:188} INFO - [2026-05-10T06:22:47.906+0000] {dag.py:3096} INFO - Sync 1 DAGs
[2026-05-10T06:22:47.917+0000] {logging_mixin.py:188} INFO - [2026-05-10T06:22:47.916+0000] {dag.py:3954} INFO - Setting next_dagrun for example_bash_decorator to None, run_after=None
[2026-05-10T06:22:47.940+0000] {processor.py:183} INFO - Processing /home/airflow/.local/lib/python3.12/site-packages/airflow/example_dags/example_bash_decorator.py took 0.074 seconds
[2026-05-10T06:23:18.241+0000] {processor.py:161} INFO - Started process (PID=18939) to work on /home/airflow/.local/lib/python3.12/site-packages/airflow/example_dags/example_bash_decorator.py
[2026-05-10T06:23:18.243+0000] {processor.py:830} INFO - Processing file /home/airflow/.local/lib/python3.12/site-packages/airflow/example_dags/example_bash_decorator.py for tasks to queue
[2026-05-10T06:23:18.245+0000] {logging_mixin.py:188} INFO - [2026-05-10T06:23:18.245+0000] {dagbag.py:545} INFO - Filling up the DagBag from /home/airflow/.local/lib/python3.12/site-packages/airflow/example_dags/example_bash_decorator.py
[2026-05-10T06:23:18.256+0000] {processor.py:840} INFO - DAG(s) 'example_bash_decorator' retrieved from /home/airflow/.local/lib/python3.12/site-packages/airflow/example_dags/example_bash_decorator.py
[2026-05-10T06:23:18.274+0000] {logging_mixin.py:188} INFO - [2026-05-10T06:23:18.274+0000] {dag.py:3096} INFO - Sync 1 DAGs
[2026-05-10T06:23:18.286+0000] {logging_mixin.py:188} INFO - [2026-05-10T06:23:18.285+0000] {dag.py:3954} INFO - Setting next_dagrun for example_bash_decorator to None, run_after=None
[2026-05-10T06:23:18.301+0000] {processor.py:183} INFO - Processing /home/airflow/.local/lib/python3.12/site-packages/airflow/example_dags/example_bash_decorator.py took 0.064 seconds
[2026-05-10T06:23:48.859+0000] {processor.py:161} INFO - Started process (PID=18999) to work on /home/airflow/.local/lib/python3.12/site-packages/airflow/example_dags/example_bash_decorator.py
[2026-05-10T06:23:48.861+0000] {processor.py:830} INFO - Processing file /home/airflow/.local/lib/python3.12/site-packages/airflow/example_dags/example_bash_decorator.py for tasks to queue
[2026-05-10T06:23:48.863+0000] {logging_mixin.py:188} INFO - [2026-05-10T06:23:48.863+0000] {dagbag.py:545} INFO - Filling up the DagBag from /home/airflow/.local/lib/python3.12/site-packages/airflow/example_dags/example_bash_decorator.py
[2026-05-10T06:23:48.875+0000] {processor.py:840} INFO - DAG(s) 'example_bash_decorator' retrieved from /home/airflow/.local/lib/python3.12/site-packages/airflow/example_dags/example_bash_decorator.py
[2026-05-10T06:23:48.898+0000] {logging_mixin.py:188} INFO - [2026-05-10T06:23:48.898+0000] {dag.py:3096} INFO - Sync 1 DAGs
[2026-05-10T06:23:48.908+0000] {logging_mixin.py:188} INFO - [2026-05-10T06:23:48.908+0000] {dag.py:3954} INFO - Setting next_dagrun for example_bash_decorator to None, run_after=None
[2026-05-10T06:23:48.925+0000] {processor.py:183} INFO - Processing /home/airflow/.local/lib/python3.12/site-packages/airflow/example_dags/example_bash_decorator.py took 0.071 seconds
[2026-05-10T06:24:19.317+0000] {processor.py:161} INFO - Started process (PID=19059) to work on /home/airflow/.local/lib/python3.12/site-packages/airflow/example_dags/example_bash_decorator.py
[2026-05-10T06:24:19.320+0000] {processor.py:830} INFO - Processing file /home/airflow/.local/lib/python3.12/site-packages/airflow/example_dags/example_bash_decorator.py for tasks to queue
[2026-05-10T06:24:19.322+0000] {logging_mixin.py:188} INFO - [2026-05-10T06:24:19.322+0000] {dagbag.py:545} INFO - Filling up the DagBag from /home/airflow/.local/lib/python3.12/site-packages/airflow/example_dags/example_bash_decorator.py
[2026-05-10T06:24:19.332+0000] {processor.py:840} INFO - DAG(s) 'example_bash_decorator' retrieved from /home/airflow/.local/lib/python3.12/site-packages/airflow/example_dags/example_bash_decorator.py
[2026-05-10T06:24:19.350+0000] {logging_mixin.py:188} INFO - [2026-05-10T06:24:19.350+0000] {dag.py:3096} INFO - Sync 1 DAGs
[2026-05-10T06:24:19.359+0000] {logging_mixin.py:188} INFO - [2026-05-10T06:24:19.359+0000] {dag.py:3954} INFO - Setting next_dagrun for example_bash_decorator to None, run_after=None
[2026-05-10T06:24:19.380+0000] {processor.py:183} INFO - Processing /home/airflow/.local/lib/python3.12/site-packages/airflow/example_dags/example_bash_decorator.py took 0.068 seconds
[2026-05-10T06:24:49.586+0000] {processor.py:161} INFO - Started process (PID=19119) to work on /home/airflow/.local/lib/python3.12/site-packages/airflow/example_dags/example_bash_decorator.py
[2026-05-10T06:24:49.588+0000] {processor.py:830} INFO - Processing file /home/airflow/.local/lib/python3.12/site-packages/airflow/example_dags/example_bash_decorator.py for tasks to queue
[2026-05-10T06:24:49.590+0000] {logging_mixin.py:188} INFO - [2026-05-10T06:24:49.590+0000] {dagbag.py:545} INFO - Filling up the DagBag from /home/airflow/.local/lib/python3.12/site-packages/airflow/example_dags/example_bash_decorator.py
[2026-05-10T06:24:49.606+0000] {processor.py:840} INFO - DAG(s) 'example_bash_decorator' retrieved from /home/airflow/.local/lib/python3.12/site-packages/airflow/example_dags/example_bash_decorator.py
[2026-05-10T06:24:49.625+0000] {logging_mixin.py:188} INFO - [2026-05-10T06:24:49.625+0000] {dag.py:3096} INFO - Sync 1 DAGs
[2026-05-10T06:24:49.634+0000] {logging_mixin.py:188} INFO - [2026-05-10T06:24:49.634+0000] {dag.py:3954} INFO - Setting next_dagrun for example_bash_decorator to None, run_after=None
[2026-05-10T06:24:49.650+0000] {processor.py:183} INFO - Processing /home/airflow/.local/lib/python3.12/site-packages/airflow/example_dags/example_bash_decorator.py took 0.070 seconds
[2026-05-10T06:25:20.070+0000] {processor.py:161} INFO - Started process (PID=19179) to work on /home/airflow/.local/lib/python3.12/site-packages/airflow/example_dags/example_bash_decorator.py
[2026-05-10T06:25:20.072+0000] {processor.py:830} INFO - Processing file /home/airflow/.local/lib/python3.12/site-packages/airflow/example_dags/example_bash_decorator.py for tasks to queue
[2026-05-10T06:25:20.074+0000] {logging_mixin.py:188} INFO - [2026-05-10T06:25:20.073+0000] {dagbag.py:545} INFO - Filling up the DagBag from /home/airflow/.local/lib/python3.12/site-packages/airflow/example_dags/example_bash_decorator.py
[2026-05-10T06:25:20.084+0000] {processor.py:840} INFO - DAG(s) 'example_bash_decorator' retrieved from /home/airflow/.local/lib/python3.12/site-packages/airflow/example_dags/example_bash_decorator.py
[2026-05-10T06:25:20.103+0000] {logging_mixin.py:188} INFO - [2026-05-10T06:25:20.102+0000] {dag.py:3096} INFO - Sync 1 DAGs
[2026-05-10T06:25:20.116+0000] {logging_mixin.py:188} INFO - [2026-05-10T06:25:20.115+0000] {dag.py:3954} INFO - Setting next_dagrun for example_bash_decorator to None, run_after=None
[2026-05-10T06:25:20.131+0000] {processor.py:183} INFO - Processing /home/airflow/.local/lib/python3.12/site-packages/airflow/example_dags/example_bash_decorator.py took 0.066 seconds
[2026-05-10T06:25:50.664+0000] {processor.py:161} INFO - Started process (PID=19239) to work on /home/airflow/.local/lib/python3.12/site-packages/airflow/example_dags/example_bash_decorator.py
[2026-05-10T06:25:50.665+0000] {processor.py:830} INFO - Processing file /home/airflow/.local/lib/python3.12/site-packages/airflow/example_dags/example_bash_decorator.py for tasks to queue
[2026-05-10T06:25:50.667+0000] {logging_mixin.py:188} INFO - [2026-05-10T06:25:50.667+0000] {dagbag.py:545} INFO - Filling up the DagBag from /home/airflow/.local/lib/python3.12/site-packages/airflow/example_dags/example_bash_decorator.py
[2026-05-10T06:25:50.680+0000] {processor.py:840} INFO - DAG(s) 'example_bash_decorator' retrieved from /home/airflow/.local/lib/python3.12/site-packages/airflow/example_dags/example_bash_decorator.py
[2026-05-10T06:25:50.702+0000] {logging_mixin.py:188} INFO - [2026-05-10T06:25:50.702+0000] {dag.py:3096} INFO - Sync 1 DAGs
[2026-05-10T06:25:50.715+0000] {logging_mixin.py:188} INFO - [2026-05-10T06:25:50.715+0000] {dag.py:3954} INFO - Setting next_dagrun for example_bash_decorator to None, run_after=None
[2026-05-10T06:25:50.736+0000] {processor.py:183} INFO - Processing /home/airflow/.local/lib/python3.12/site-packages/airflow/example_dags/example_bash_decorator.py took 0.077 seconds
[2026-05-10T06:26:21.033+0000] {processor.py:161} INFO - Started process (PID=19299) to work on /home/airflow/.local/lib/python3.12/site-packages/airflow/example_dags/example_bash_decorator.py
[2026-05-10T06:26:21.034+0000] {processor.py:830} INFO - Processing file /home/airflow/.local/lib/python3.12/site-packages/airflow/example_dags/example_bash_decorator.py for tasks to queue
[2026-05-10T06:26:21.036+0000] {logging_mixin.py:188} INFO - [2026-05-10T06:26:21.035+0000] {dagbag.py:545} INFO - Filling up the DagBag from /home/airflow/.local/lib/python3.12/site-packages/airflow/example_dags/example_bash_decorator.py
[2026-05-10T06:26:21.048+0000] {processor.py:840} INFO - DAG(s) 'example_bash_decorator' retrieved from /home/airflow/.local/lib/python3.12/site-packages/airflow/example_dags/example_bash_decorator.py
[2026-05-10T06:26:21.067+0000] {logging_mixin.py:188} INFO - [2026-05-10T06:26:21.066+0000] {dag.py:3096} INFO - Sync 1 DAGs
[2026-05-10T06:26:21.079+0000] {logging_mixin.py:188} INFO - [2026-05-10T06:26:21.079+0000] {dag.py:3954} INFO - Setting next_dagrun for example_bash_decorator to None, run_after=None
[2026-05-10T06:26:21.096+0000] {processor.py:183} INFO - Processing /home/airflow/.local/lib/python3.12/site-packages/airflow/example_dags/example_bash_decorator.py took 0.068 seconds
[2026-05-10T06:26:51.653+0000] {processor.py:161} INFO - Started process (PID=19359) to work on /home/airflow/.local/lib/python3.12/site-packages/airflow/example_dags/example_bash_decorator.py
[2026-05-10T06:26:51.654+0000] {processor.py:830} INFO - Processing file /home/airflow/.local/lib/python3.12/site-packages/airflow/example_dags/example_bash_decorator.py for tasks to queue
[2026-05-10T06:26:51.656+0000] {logging_mixin.py:188} INFO - [2026-05-10T06:26:51.655+0000] {dagbag.py:545} INFO - Filling up the DagBag from /home/airflow/.local/lib/python3.12/site-packages/airflow/example_dags/example_bash_decorator.py
[2026-05-10T06:26:51.666+0000] {processor.py:840} INFO - DAG(s) 'example_bash_decorator' retrieved from /home/airflow/.local/lib/python3.12/site-packages/airflow/example_dags/example_bash_decorator.py
[2026-05-10T06:26:51.685+0000] {logging_mixin.py:188} INFO - [2026-05-10T06:26:51.684+0000] {dag.py:3096} INFO - Sync 1 DAGs
[2026-05-10T06:26:51.694+0000] {logging_mixin.py:188} INFO - [2026-05-10T06:26:51.694+0000] {dag.py:3954} INFO - Setting next_dagrun for example_bash_decorator to None, run_after=None
[2026-05-10T06:26:51.708+0000] {processor.py:183} INFO - Processing /home/airflow/.local/lib/python3.12/site-packages/airflow/example_dags/example_bash_decorator.py took 0.060 seconds
[2026-05-10T06:27:22.302+0000] {processor.py:161} INFO - Started process (PID=19420) to work on /home/airflow/.local/lib/python3.12/site-packages/airflow/example_dags/example_bash_decorator.py
[2026-05-10T06:27:22.310+0000] {processor.py:830} INFO - Processing file /home/airflow/.local/lib/python3.12/site-packages/airflow/example_dags/example_bash_decorator.py for tasks to queue
[2026-05-10T06:27:22.313+0000] {logging_mixin.py:188} INFO - [2026-05-10T06:27:22.312+0000] {dagbag.py:545} INFO - Filling up the DagBag from /home/airflow/.local/lib/python3.12/site-packages/airflow/example_dags/example_bash_decorator.py
[2026-05-10T06:27:22.323+0000] {processor.py:840} INFO - DAG(s) 'example_bash_decorator' retrieved from /home/airflow/.local/lib/python3.12/site-packages/airflow/example_dags/example_bash_decorator.py
[2026-05-10T06:27:22.341+0000] {logging_mixin.py:188} INFO - [2026-05-10T06:27:22.341+0000] {dag.py:3096} INFO - Sync 1 DAGs
[2026-05-10T06:27:22.351+0000] {logging_mixin.py:188} INFO - [2026-05-10T06:27:22.351+0000] {dag.py:3954} INFO - Setting next_dagrun for example_bash_decorator to None, run_after=None
[2026-05-10T06:27:22.366+0000] {processor.py:183} INFO - Processing /home/airflow/.local/lib/python3.12/site-packages/airflow/example_dags/example_bash_decorator.py took 0.068 seconds
[2026-05-10T06:27:52.857+0000] {processor.py:161} INFO - Started process (PID=19480) to work on /home/airflow/.local/lib/python3.12/site-packages/airflow/example_dags/example_bash_decorator.py
[2026-05-10T06:27:52.858+0000] {processor.py:830} INFO - Processing file /home/airflow/.local/lib/python3.12/site-packages/airflow/example_dags/example_bash_decorator.py for tasks to queue
[2026-05-10T06:27:52.860+0000] {logging_mixin.py:188} INFO - [2026-05-10T06:27:52.860+0000] {dagbag.py:545} INFO - Filling up the DagBag from /home/airflow/.local/lib/python3.12/site-packages/airflow/example_dags/example_bash_decorator.py
[2026-05-10T06:27:52.871+0000] {processor.py:840} INFO - DAG(s) 'example_bash_decorator' retrieved from /home/airflow/.local/lib/python3.12/site-packages/airflow/example_dags/example_bash_decorator.py
[2026-05-10T06:27:52.894+0000] {logging_mixin.py:188} INFO - [2026-05-10T06:27:52.894+0000] {dag.py:3096} INFO - Sync 1 DAGs
[2026-05-10T06:27:52.905+0000] {logging_mixin.py:188} INFO - [2026-05-10T06:27:52.904+0000] {dag.py:3954} INFO - Setting next_dagrun for example_bash_decorator to None, run_after=None
[2026-05-10T06:27:52.923+0000] {processor.py:183} INFO - Processing /home/airflow/.local/lib/python3.12/site-packages/airflow/example_dags/example_bash_decorator.py took 0.071 seconds
[2026-05-10T06:28:23.389+0000] {processor.py:161} INFO - Started process (PID=19540) to work on /home/airflow/.local/lib/python3.12/site-packages/airflow/example_dags/example_bash_decorator.py
[2026-05-10T06:28:23.390+0000] {processor.py:830} INFO - Processing file /home/airflow/.local/lib/python3.12/site-packages/airflow/example_dags/example_bash_decorator.py for tasks to queue
[2026-05-10T06:28:23.392+0000] {logging_mixin.py:188} INFO - [2026-05-10T06:28:23.392+0000] {dagbag.py:545} INFO - Filling up the DagBag from /home/airflow/.local/lib/python3.12/site-packages/airflow/example_dags/example_bash_decorator.py
[2026-05-10T06:28:23.402+0000] {processor.py:840} INFO - DAG(s) 'example_bash_decorator' retrieved from /home/airflow/.local/lib/python3.12/site-packages/airflow/example_dags/example_bash_decorator.py
[2026-05-10T06:28:23.420+0000] {logging_mixin.py:188} INFO - [2026-05-10T06:28:23.420+0000] {dag.py:3096} INFO - Sync 1 DAGs
[2026-05-10T06:28:23.430+0000] {logging_mixin.py:188} INFO - [2026-05-10T06:28:23.430+0000] {dag.py:3954} INFO - Setting next_dagrun for example_bash_decorator to None, run_after=None
[2026-05-10T06:28:23.447+0000] {processor.py:183} INFO - Processing /home/airflow/.local/lib/python3.12/site-packages/airflow/example_dags/example_bash_decorator.py took 0.063 seconds
[2026-05-10T06:28:53.921+0000] {processor.py:161} INFO - Started process (PID=19600) to work on /home/airflow/.local/lib/python3.12/site-packages/airflow/example_dags/example_bash_decorator.py
[2026-05-10T06:28:53.923+0000] {processor.py:830} INFO - Processing file /home/airflow/.local/lib/python3.12/site-packages/airflow/example_dags/example_bash_decorator.py for tasks to queue
[2026-05-10T06:28:53.925+0000] {logging_mixin.py:188} INFO - [2026-05-10T06:28:53.925+0000] {dagbag.py:545} INFO - Filling up the DagBag from /home/airflow/.local/lib/python3.12/site-packages/airflow/example_dags/example_bash_decorator.py
[2026-05-10T06:28:53.936+0000] {processor.py:840} INFO - DAG(s) 'example_bash_decorator' retrieved from /home/airflow/.local/lib/python3.12/site-packages/airflow/example_dags/example_bash_decorator.py
[2026-05-10T06:28:53.956+0000] {logging_mixin.py:188} INFO - [2026-05-10T06:28:53.955+0000] {dag.py:3096} INFO - Sync 1 DAGs
[2026-05-10T06:28:53.966+0000] {logging_mixin.py:188} INFO - [2026-05-10T06:28:53.966+0000] {dag.py:3954} INFO - Setting next_dagrun for example_bash_decorator to None, run_after=None
[2026-05-10T06:28:53.982+0000] {processor.py:183} INFO - Processing /home/airflow/.local/lib/python3.12/site-packages/airflow/example_dags/example_bash_decorator.py took 0.065 seconds
[2026-05-10T06:29:24.206+0000] {processor.py:161} INFO - Started process (PID=19660) to work on /home/airflow/.local/lib/python3.12/site-packages/airflow/example_dags/example_bash_decorator.py
[2026-05-10T06:29:24.207+0000] {processor.py:830} INFO - Processing file /home/airflow/.local/lib/python3.12/site-packages/airflow/example_dags/example_bash_decorator.py for tasks to queue
[2026-05-10T06:29:24.209+0000] {logging_mixin.py:188} INFO - [2026-05-10T06:29:24.209+0000] {dagbag.py:545} INFO - Filling up the DagBag from /home/airflow/.local/lib/python3.12/site-packages/airflow/example_dags/example_bash_decorator.py
[2026-05-10T06:29:24.221+0000] {processor.py:840} INFO - DAG(s) 'example_bash_decorator' retrieved from /home/airflow/.local/lib/python3.12/site-packages/airflow/example_dags/example_bash_decorator.py
[2026-05-10T06:29:24.241+0000] {logging_mixin.py:188} INFO - [2026-05-10T06:29:24.240+0000] {dag.py:3096} INFO - Sync 1 DAGs
[2026-05-10T06:29:24.250+0000] {logging_mixin.py:188} INFO - [2026-05-10T06:29:24.250+0000] {dag.py:3954} INFO - Setting next_dagrun for example_bash_decorator to None, run_after=None
[2026-05-10T06:29:24.268+0000] {processor.py:183} INFO - Processing /home/airflow/.local/lib/python3.12/site-packages/airflow/example_dags/example_bash_decorator.py took 0.067 seconds
[2026-05-10T06:29:54.582+0000] {processor.py:161} INFO - Started process (PID=19720) to work on /home/airflow/.local/lib/python3.12/site-packages/airflow/example_dags/example_bash_decorator.py
[2026-05-10T06:29:54.582+0000] {processor.py:830} INFO - Processing file /home/airflow/.local/lib/python3.12/site-packages/airflow/example_dags/example_bash_decorator.py for tasks to queue
[2026-05-10T06:29:54.585+0000] {logging_mixin.py:188} INFO - [2026-05-10T06:29:54.584+0000] {dagbag.py:545} INFO - Filling up the DagBag from /home/airflow/.local/lib/python3.12/site-packages/airflow/example_dags/example_bash_decorator.py
[2026-05-10T06:29:54.597+0000] {processor.py:840} INFO - DAG(s) 'example_bash_decorator' retrieved from /home/airflow/.local/lib/python3.12/site-packages/airflow/example_dags/example_bash_decorator.py
[2026-05-10T06:29:54.619+0000] {logging_mixin.py:188} INFO - [2026-05-10T06:29:54.618+0000] {dag.py:3096} INFO - Sync 1 DAGs
[2026-05-10T06:29:54.630+0000] {logging_mixin.py:188} INFO - [2026-05-10T06:29:54.630+0000] {dag.py:3954} INFO - Setting next_dagrun for example_bash_decorator to None, run_after=None
[2026-05-10T06:29:54.650+0000] {processor.py:183} INFO - Processing /home/airflow/.local/lib/python3.12/site-packages/airflow/example_dags/example_bash_decorator.py took 0.074 seconds
[2026-05-10T06:30:25.017+0000] {processor.py:161} INFO - Started process (PID=19780) to work on /home/airflow/.local/lib/python3.12/site-packages/airflow/example_dags/example_bash_decorator.py
[2026-05-10T06:30:25.018+0000] {processor.py:830} INFO - Processing file /home/airflow/.local/lib/python3.12/site-packages/airflow/example_dags/example_bash_decorator.py for tasks to queue
[2026-05-10T06:30:25.020+0000] {logging_mixin.py:188} INFO - [2026-05-10T06:30:25.020+0000] {dagbag.py:545} INFO - Filling up the DagBag from /home/airflow/.local/lib/python3.12/site-packages/airflow/example_dags/example_bash_decorator.py
[2026-05-10T06:30:25.031+0000] {processor.py:840} INFO - DAG(s) 'example_bash_decorator' retrieved from /home/airflow/.local/lib/python3.12/site-packages/airflow/example_dags/example_bash_decorator.py
[2026-05-10T06:30:25.049+0000] {logging_mixin.py:188} INFO - [2026-05-10T06:30:25.048+0000] {dag.py:3096} INFO - Sync 1 DAGs
[2026-05-10T06:30:25.059+0000] {logging_mixin.py:188} INFO - [2026-05-10T06:30:25.059+0000] {dag.py:3954} INFO - Setting next_dagrun for example_bash_decorator to None, run_after=None
[2026-05-10T06:30:25.074+0000] {processor.py:183} INFO - Processing /home/airflow/.local/lib/python3.12/site-packages/airflow/example_dags/example_bash_decorator.py took 0.061 seconds
[2026-05-10T06:30:55.580+0000] {processor.py:161} INFO - Started process (PID=19840) to work on /home/airflow/.local/lib/python3.12/site-packages/airflow/example_dags/example_bash_decorator.py
[2026-05-10T06:30:55.581+0000] {processor.py:830} INFO - Processing file /home/airflow/.local/lib/python3.12/site-packages/airflow/example_dags/example_bash_decorator.py for tasks to queue
[2026-05-10T06:30:55.583+0000] {logging_mixin.py:188} INFO - [2026-05-10T06:30:55.583+0000] {dagbag.py:545} INFO - Filling up the DagBag from /home/airflow/.local/lib/python3.12/site-packages/airflow/example_dags/example_bash_decorator.py
[2026-05-10T06:30:55.594+0000] {processor.py:840} INFO - DAG(s) 'example_bash_decorator' retrieved from /home/airflow/.local/lib/python3.12/site-packages/airflow/example_dags/example_bash_decorator.py
[2026-05-10T06:30:55.614+0000] {logging_mixin.py:188} INFO - [2026-05-10T06:30:55.614+0000] {dag.py:3096} INFO - Sync 1 DAGs
[2026-05-10T06:30:55.625+0000] {logging_mixin.py:188} INFO - [2026-05-10T06:30:55.625+0000] {dag.py:3954} INFO - Setting next_dagrun for example_bash_decorator to None, run_after=None
[2026-05-10T06:30:55.642+0000] {processor.py:183} INFO - Processing /home/airflow/.local/lib/python3.12/site-packages/airflow/example_dags/example_bash_decorator.py took 0.067 seconds
[2026-05-10T06:31:26.137+0000] {processor.py:161} INFO - Started process (PID=19900) to work on /home/airflow/.local/lib/python3.12/site-packages/airflow/example_dags/example_bash_decorator.py
[2026-05-10T06:31:26.140+0000] {processor.py:830} INFO - Processing file /home/airflow/.local/lib/python3.12/site-packages/airflow/example_dags/example_bash_decorator.py for tasks to queue
[2026-05-10T06:31:26.150+0000] {logging_mixin.py:188} INFO - [2026-05-10T06:31:26.147+0000] {dagbag.py:545} INFO - Filling up the DagBag from /home/airflow/.local/lib/python3.12/site-packages/airflow/example_dags/example_bash_decorator.py
[2026-05-10T06:31:26.179+0000] {processor.py:840} INFO - DAG(s) 'example_bash_decorator' retrieved from /home/airflow/.local/lib/python3.12/site-packages/airflow/example_dags/example_bash_decorator.py
[2026-05-10T06:31:26.215+0000] {logging_mixin.py:188} INFO - [2026-05-10T06:31:26.215+0000] {dag.py:3096} INFO - Sync 1 DAGs
[2026-05-10T06:31:26.231+0000] {logging_mixin.py:188} INFO - [2026-05-10T06:31:26.231+0000] {dag.py:3954} INFO - Setting next_dagrun for example_bash_decorator to None, run_after=None
[2026-05-10T06:31:26.249+0000] {processor.py:183} INFO - Processing /home/airflow/.local/lib/python3.12/site-packages/airflow/example_dags/example_bash_decorator.py took 0.119 seconds
[2026-05-10T06:31:56.759+0000] {processor.py:161} INFO - Started process (PID=19960) to work on /home/airflow/.local/lib/python3.12/site-packages/airflow/example_dags/example_bash_decorator.py
[2026-05-10T06:31:56.763+0000] {processor.py:830} INFO - Processing file /home/airflow/.local/lib/python3.12/site-packages/airflow/example_dags/example_bash_decorator.py for tasks to queue
[2026-05-10T06:31:56.765+0000] {logging_mixin.py:188} INFO - [2026-05-10T06:31:56.765+0000] {dagbag.py:545} INFO - Filling up the DagBag from /home/airflow/.local/lib/python3.12/site-packages/airflow/example_dags/example_bash_decorator.py
[2026-05-10T06:31:56.777+0000] {processor.py:840} INFO - DAG(s) 'example_bash_decorator' retrieved from /home/airflow/.local/lib/python3.12/site-packages/airflow/example_dags/example_bash_decorator.py
[2026-05-10T06:31:56.799+0000] {logging_mixin.py:188} INFO - [2026-05-10T06:31:56.798+0000] {dag.py:3096} INFO - Sync 1 DAGs
[2026-05-10T06:31:56.810+0000] {logging_mixin.py:188} INFO - [2026-05-10T06:31:56.810+0000] {dag.py:3954} INFO - Setting next_dagrun for example_bash_decorator to None, run_after=None
[2026-05-10T06:31:56.828+0000] {processor.py:183} INFO - Processing /home/airflow/.local/lib/python3.12/site-packages/airflow/example_dags/example_bash_decorator.py took 0.075 seconds
[2026-05-10T06:32:27.542+0000] {processor.py:161} INFO - Started process (PID=20018) to work on /home/airflow/.local/lib/python3.12/site-packages/airflow/example_dags/example_bash_decorator.py
[2026-05-10T06:32:27.543+0000] {processor.py:830} INFO - Processing file /home/airflow/.local/lib/python3.12/site-packages/airflow/example_dags/example_bash_decorator.py for tasks to queue
[2026-05-10T06:32:27.545+0000] {logging_mixin.py:188} INFO - [2026-05-10T06:32:27.545+0000] {dagbag.py:545} INFO - Filling up the DagBag from /home/airflow/.local/lib/python3.12/site-packages/airflow/example_dags/example_bash_decorator.py
[2026-05-10T06:32:27.557+0000] {processor.py:840} INFO - DAG(s) 'example_bash_decorator' retrieved from /home/airflow/.local/lib/python3.12/site-packages/airflow/example_dags/example_bash_decorator.py
[2026-05-10T06:32:27.577+0000] {logging_mixin.py:188} INFO - [2026-05-10T06:32:27.576+0000] {dag.py:3096} INFO - Sync 1 DAGs
[2026-05-10T06:32:27.591+0000] {logging_mixin.py:188} INFO - [2026-05-10T06:32:27.591+0000] {dag.py:3954} INFO - Setting next_dagrun for example_bash_decorator to None, run_after=None
[2026-05-10T06:32:27.611+0000] {processor.py:183} INFO - Processing /home/airflow/.local/lib/python3.12/site-packages/airflow/example_dags/example_bash_decorator.py took 0.074 seconds
[2026-05-10T06:32:57.809+0000] {processor.py:161} INFO - Started process (PID=20078) to work on /home/airflow/.local/lib/python3.12/site-packages/airflow/example_dags/example_bash_decorator.py
[2026-05-10T06:32:57.812+0000] {processor.py:830} INFO - Processing file /home/airflow/.local/lib/python3.12/site-packages/airflow/example_dags/example_bash_decorator.py for tasks to queue
[2026-05-10T06:32:57.814+0000] {logging_mixin.py:188} INFO - [2026-05-10T06:32:57.813+0000] {dagbag.py:545} INFO - Filling up the DagBag from /home/airflow/.local/lib/python3.12/site-packages/airflow/example_dags/example_bash_decorator.py
[2026-05-10T06:32:57.825+0000] {processor.py:840} INFO - DAG(s) 'example_bash_decorator' retrieved from /home/airflow/.local/lib/python3.12/site-packages/airflow/example_dags/example_bash_decorator.py
[2026-05-10T06:32:57.848+0000] {logging_mixin.py:188} INFO - [2026-05-10T06:32:57.848+0000] {dag.py:3096} INFO - Sync 1 DAGs
[2026-05-10T06:32:57.860+0000] {logging_mixin.py:188} INFO - [2026-05-10T06:32:57.859+0000] {dag.py:3954} INFO - Setting next_dagrun for example_bash_decorator to None, run_after=None
[2026-05-10T06:32:57.875+0000] {processor.py:183} INFO - Processing /home/airflow/.local/lib/python3.12/site-packages/airflow/example_dags/example_bash_decorator.py took 0.071 seconds
[2026-05-10T06:33:28.867+0000] {processor.py:161} INFO - Started process (PID=20137) to work on /home/airflow/.local/lib/python3.12/site-packages/airflow/example_dags/example_bash_decorator.py
[2026-05-10T06:33:28.868+0000] {processor.py:830} INFO - Processing file /home/airflow/.local/lib/python3.12/site-packages/airflow/example_dags/example_bash_decorator.py for tasks to queue
[2026-05-10T06:33:28.871+0000] {logging_mixin.py:188} INFO - [2026-05-10T06:33:28.870+0000] {dagbag.py:545} INFO - Filling up the DagBag from /home/airflow/.local/lib/python3.12/site-packages/airflow/example_dags/example_bash_decorator.py
[2026-05-10T06:33:28.891+0000] {processor.py:840} INFO - DAG(s) 'example_bash_decorator' retrieved from /home/airflow/.local/lib/python3.12/site-packages/airflow/example_dags/example_bash_decorator.py
[2026-05-10T06:33:28.921+0000] {logging_mixin.py:188} INFO - [2026-05-10T06:33:28.920+0000] {dag.py:3096} INFO - Sync 1 DAGs
[2026-05-10T06:33:28.934+0000] {logging_mixin.py:188} INFO - [2026-05-10T06:33:28.933+0000] {dag.py:3954} INFO - Setting next_dagrun for example_bash_decorator to None, run_after=None
[2026-05-10T06:33:28.957+0000] {processor.py:183} INFO - Processing /home/airflow/.local/lib/python3.12/site-packages/airflow/example_dags/example_bash_decorator.py took 0.096 seconds
[2026-05-10T06:33:59.111+0000] {processor.py:161} INFO - Started process (PID=20196) to work on /home/airflow/.local/lib/python3.12/site-packages/airflow/example_dags/example_bash_decorator.py
[2026-05-10T06:33:59.113+0000] {processor.py:830} INFO - Processing file /home/airflow/.local/lib/python3.12/site-packages/airflow/example_dags/example_bash_decorator.py for tasks to queue
[2026-05-10T06:33:59.116+0000] {logging_mixin.py:188} INFO - [2026-05-10T06:33:59.116+0000] {dagbag.py:545} INFO - Filling up the DagBag from /home/airflow/.local/lib/python3.12/site-packages/airflow/example_dags/example_bash_decorator.py
[2026-05-10T06:33:59.129+0000] {processor.py:840} INFO - DAG(s) 'example_bash_decorator' retrieved from /home/airflow/.local/lib/python3.12/site-packages/airflow/example_dags/example_bash_decorator.py
[2026-05-10T06:33:59.154+0000] {logging_mixin.py:188} INFO - [2026-05-10T06:33:59.154+0000] {dag.py:3096} INFO - Sync 1 DAGs
[2026-05-10T06:33:59.178+0000] {logging_mixin.py:188} INFO - [2026-05-10T06:33:59.178+0000] {dag.py:3954} INFO - Setting next_dagrun for example_bash_decorator to None, run_after=None
[2026-05-10T06:33:59.210+0000] {processor.py:183} INFO - Processing /home/airflow/.local/lib/python3.12/site-packages/airflow/example_dags/example_bash_decorator.py took 0.104 seconds
[2026-05-10T06:34:29.946+0000] {processor.py:161} INFO - Started process (PID=20256) to work on /home/airflow/.local/lib/python3.12/site-packages/airflow/example_dags/example_bash_decorator.py
[2026-05-10T06:34:29.948+0000] {processor.py:830} INFO - Processing file /home/airflow/.local/lib/python3.12/site-packages/airflow/example_dags/example_bash_decorator.py for tasks to queue
[2026-05-10T06:34:29.951+0000] {logging_mixin.py:188} INFO - [2026-05-10T06:34:29.950+0000] {dagbag.py:545} INFO - Filling up the DagBag from /home/airflow/.local/lib/python3.12/site-packages/airflow/example_dags/example_bash_decorator.py
[2026-05-10T06:34:29.964+0000] {processor.py:840} INFO - DAG(s) 'example_bash_decorator' retrieved from /home/airflow/.local/lib/python3.12/site-packages/airflow/example_dags/example_bash_decorator.py
[2026-05-10T06:34:29.987+0000] {logging_mixin.py:188} INFO - [2026-05-10T06:34:29.987+0000] {dag.py:3096} INFO - Sync 1 DAGs
[2026-05-10T06:34:30.003+0000] {logging_mixin.py:188} INFO - [2026-05-10T06:34:30.002+0000] {dag.py:3954} INFO - Setting next_dagrun for example_bash_decorator to None, run_after=None
[2026-05-10T06:34:30.024+0000] {processor.py:183} INFO - Processing /home/airflow/.local/lib/python3.12/site-packages/airflow/example_dags/example_bash_decorator.py took 0.083 seconds
[2026-05-10T06:35:00.275+0000] {processor.py:161} INFO - Started process (PID=20316) to work on /home/airflow/.local/lib/python3.12/site-packages/airflow/example_dags/example_bash_decorator.py
[2026-05-10T06:35:00.277+0000] {processor.py:830} INFO - Processing file /home/airflow/.local/lib/python3.12/site-packages/airflow/example_dags/example_bash_decorator.py for tasks to queue
[2026-05-10T06:35:00.279+0000] {logging_mixin.py:188} INFO - [2026-05-10T06:35:00.278+0000] {dagbag.py:545} INFO - Filling up the DagBag from /home/airflow/.local/lib/python3.12/site-packages/airflow/example_dags/example_bash_decorator.py
[2026-05-10T06:35:00.294+0000] {processor.py:840} INFO - DAG(s) 'example_bash_decorator' retrieved from /home/airflow/.local/lib/python3.12/site-packages/airflow/example_dags/example_bash_decorator.py
[2026-05-10T06:35:00.326+0000] {logging_mixin.py:188} INFO - [2026-05-10T06:35:00.326+0000] {dag.py:3096} INFO - Sync 1 DAGs
[2026-05-10T06:35:00.343+0000] {logging_mixin.py:188} INFO - [2026-05-10T06:35:00.343+0000] {dag.py:3954} INFO - Setting next_dagrun for example_bash_decorator to None, run_after=None
[2026-05-10T06:35:00.378+0000] {processor.py:183} INFO - Processing /home/airflow/.local/lib/python3.12/site-packages/airflow/example_dags/example_bash_decorator.py took 0.109 seconds
[2026-05-10T06:35:30.532+0000] {processor.py:161} INFO - Started process (PID=20376) to work on /home/airflow/.local/lib/python3.12/site-packages/airflow/example_dags/example_bash_decorator.py
[2026-05-10T06:35:30.533+0000] {processor.py:830} INFO - Processing file /home/airflow/.local/lib/python3.12/site-packages/airflow/example_dags/example_bash_decorator.py for tasks to queue
[2026-05-10T06:35:30.536+0000] {logging_mixin.py:188} INFO - [2026-05-10T06:35:30.535+0000] {dagbag.py:545} INFO - Filling up the DagBag from /home/airflow/.local/lib/python3.12/site-packages/airflow/example_dags/example_bash_decorator.py
[2026-05-10T06:35:30.547+0000] {processor.py:840} INFO - DAG(s) 'example_bash_decorator' retrieved from /home/airflow/.local/lib/python3.12/site-packages/airflow/example_dags/example_bash_decorator.py
[2026-05-10T06:35:30.567+0000] {logging_mixin.py:188} INFO - [2026-05-10T06:35:30.567+0000] {dag.py:3096} INFO - Sync 1 DAGs
[2026-05-10T06:35:30.580+0000] {logging_mixin.py:188} INFO - [2026-05-10T06:35:30.580+0000] {dag.py:3954} INFO - Setting next_dagrun for example_bash_decorator to None, run_after=None
[2026-05-10T06:35:30.600+0000] {processor.py:183} INFO - Processing /home/airflow/.local/lib/python3.12/site-packages/airflow/example_dags/example_bash_decorator.py took 0.075 seconds
[2026-05-10T06:36:00.908+0000] {processor.py:161} INFO - Started process (PID=20436) to work on /home/airflow/.local/lib/python3.12/site-packages/airflow/example_dags/example_bash_decorator.py
[2026-05-10T06:36:00.910+0000] {processor.py:830} INFO - Processing file /home/airflow/.local/lib/python3.12/site-packages/airflow/example_dags/example_bash_decorator.py for tasks to queue
[2026-05-10T06:36:00.912+0000] {logging_mixin.py:188} INFO - [2026-05-10T06:36:00.912+0000] {dagbag.py:545} INFO - Filling up the DagBag from /home/airflow/.local/lib/python3.12/site-packages/airflow/example_dags/example_bash_decorator.py
[2026-05-10T06:36:00.929+0000] {processor.py:840} INFO - DAG(s) 'example_bash_decorator' retrieved from /home/airflow/.local/lib/python3.12/site-packages/airflow/example_dags/example_bash_decorator.py
[2026-05-10T06:36:00.952+0000] {logging_mixin.py:188} INFO - [2026-05-10T06:36:00.952+0000] {dag.py:3096} INFO - Sync 1 DAGs
[2026-05-10T06:36:00.964+0000] {logging_mixin.py:188} INFO - [2026-05-10T06:36:00.964+0000] {dag.py:3954} INFO - Setting next_dagrun for example_bash_decorator to None, run_after=None
[2026-05-10T06:36:00.986+0000] {processor.py:183} INFO - Processing /home/airflow/.local/lib/python3.12/site-packages/airflow/example_dags/example_bash_decorator.py took 0.083 seconds
[2026-05-10T06:36:31.803+0000] {processor.py:161} INFO - Started process (PID=20496) to work on /home/airflow/.local/lib/python3.12/site-packages/airflow/example_dags/example_bash_decorator.py
[2026-05-10T06:36:31.805+0000] {processor.py:830} INFO - Processing file /home/airflow/.local/lib/python3.12/site-packages/airflow/example_dags/example_bash_decorator.py for tasks to queue
[2026-05-10T06:36:31.808+0000] {logging_mixin.py:188} INFO - [2026-05-10T06:36:31.807+0000] {dagbag.py:545} INFO - Filling up the DagBag from /home/airflow/.local/lib/python3.12/site-packages/airflow/example_dags/example_bash_decorator.py
[2026-05-10T06:36:31.818+0000] {processor.py:840} INFO - DAG(s) 'example_bash_decorator' retrieved from /home/airflow/.local/lib/python3.12/site-packages/airflow/example_dags/example_bash_decorator.py
[2026-05-10T06:36:31.843+0000] {logging_mixin.py:188} INFO - [2026-05-10T06:36:31.843+0000] {dag.py:3096} INFO - Sync 1 DAGs
[2026-05-10T06:36:31.857+0000] {logging_mixin.py:188} INFO - [2026-05-10T06:36:31.856+0000] {dag.py:3954} INFO - Setting next_dagrun for example_bash_decorator to None, run_after=None
[2026-05-10T06:36:31.873+0000] {processor.py:183} INFO - Processing /home/airflow/.local/lib/python3.12/site-packages/airflow/example_dags/example_bash_decorator.py took 0.075 seconds
[2026-05-10T06:37:02.169+0000] {processor.py:161} INFO - Started process (PID=20556) to work on /home/airflow/.local/lib/python3.12/site-packages/airflow/example_dags/example_bash_decorator.py
[2026-05-10T06:37:02.170+0000] {processor.py:830} INFO - Processing file /home/airflow/.local/lib/python3.12/site-packages/airflow/example_dags/example_bash_decorator.py for tasks to queue
[2026-05-10T06:37:02.173+0000] {logging_mixin.py:188} INFO - [2026-05-10T06:37:02.172+0000] {dagbag.py:545} INFO - Filling up the DagBag from /home/airflow/.local/lib/python3.12/site-packages/airflow/example_dags/example_bash_decorator.py
[2026-05-10T06:37:02.184+0000] {processor.py:840} INFO - DAG(s) 'example_bash_decorator' retrieved from /home/airflow/.local/lib/python3.12/site-packages/airflow/example_dags/example_bash_decorator.py
[2026-05-10T06:37:02.206+0000] {logging_mixin.py:188} INFO - [2026-05-10T06:37:02.206+0000] {dag.py:3096} INFO - Sync 1 DAGs
[2026-05-10T06:37:02.218+0000] {logging_mixin.py:188} INFO - [2026-05-10T06:37:02.217+0000] {dag.py:3954} INFO - Setting next_dagrun for example_bash_decorator to None, run_after=None
[2026-05-10T06:37:02.236+0000] {processor.py:183} INFO - Processing /home/airflow/.local/lib/python3.12/site-packages/airflow/example_dags/example_bash_decorator.py took 0.073 seconds
[2026-05-10T06:37:32.445+0000] {processor.py:161} INFO - Started process (PID=20616) to work on /home/airflow/.local/lib/python3.12/site-packages/airflow/example_dags/example_bash_decorator.py
[2026-05-10T06:37:32.447+0000] {processor.py:830} INFO - Processing file /home/airflow/.local/lib/python3.12/site-packages/airflow/example_dags/example_bash_decorator.py for tasks to queue
[2026-05-10T06:37:32.450+0000] {logging_mixin.py:188} INFO - [2026-05-10T06:37:32.450+0000] {dagbag.py:545} INFO - Filling up the DagBag from /home/airflow/.local/lib/python3.12/site-packages/airflow/example_dags/example_bash_decorator.py
[2026-05-10T06:37:32.465+0000] {processor.py:840} INFO - DAG(s) 'example_bash_decorator' retrieved from /home/airflow/.local/lib/python3.12/site-packages/airflow/example_dags/example_bash_decorator.py
[2026-05-10T06:37:32.488+0000] {logging_mixin.py:188} INFO - [2026-05-10T06:37:32.488+0000] {dag.py:3096} INFO - Sync 1 DAGs
[2026-05-10T06:37:32.499+0000] {logging_mixin.py:188} INFO - [2026-05-10T06:37:32.499+0000] {dag.py:3954} INFO - Setting next_dagrun for example_bash_decorator to None, run_after=None
[2026-05-10T06:37:32.521+0000] {processor.py:183} INFO - Processing /home/airflow/.local/lib/python3.12/site-packages/airflow/example_dags/example_bash_decorator.py took 0.083 seconds
[2026-05-10T06:38:02.616+0000] {processor.py:161} INFO - Started process (PID=20676) to work on /home/airflow/.local/lib/python3.12/site-packages/airflow/example_dags/example_bash_decorator.py
[2026-05-10T06:38:02.617+0000] {processor.py:830} INFO - Processing file /home/airflow/.local/lib/python3.12/site-packages/airflow/example_dags/example_bash_decorator.py for tasks to queue
[2026-05-10T06:38:02.619+0000] {logging_mixin.py:188} INFO - [2026-05-10T06:38:02.619+0000] {dagbag.py:545} INFO - Filling up the DagBag from /home/airflow/.local/lib/python3.12/site-packages/airflow/example_dags/example_bash_decorator.py
[2026-05-10T06:38:02.636+0000] {processor.py:840} INFO - DAG(s) 'example_bash_decorator' retrieved from /home/airflow/.local/lib/python3.12/site-packages/airflow/example_dags/example_bash_decorator.py
[2026-05-10T06:38:02.661+0000] {logging_mixin.py:188} INFO - [2026-05-10T06:38:02.661+0000] {dag.py:3096} INFO - Sync 1 DAGs
[2026-05-10T06:38:02.675+0000] {logging_mixin.py:188} INFO - [2026-05-10T06:38:02.674+0000] {dag.py:3954} INFO - Setting next_dagrun for example_bash_decorator to None, run_after=None
[2026-05-10T06:38:02.700+0000] {processor.py:183} INFO - Processing /home/airflow/.local/lib/python3.12/site-packages/airflow/example_dags/example_bash_decorator.py took 0.089 seconds
[2026-05-10T06:38:32.987+0000] {processor.py:161} INFO - Started process (PID=20736) to work on /home/airflow/.local/lib/python3.12/site-packages/airflow/example_dags/example_bash_decorator.py
[2026-05-10T06:38:32.988+0000] {processor.py:830} INFO - Processing file /home/airflow/.local/lib/python3.12/site-packages/airflow/example_dags/example_bash_decorator.py for tasks to queue
[2026-05-10T06:38:32.991+0000] {logging_mixin.py:188} INFO - [2026-05-10T06:38:32.990+0000] {dagbag.py:545} INFO - Filling up the DagBag from /home/airflow/.local/lib/python3.12/site-packages/airflow/example_dags/example_bash_decorator.py
[2026-05-10T06:38:33.003+0000] {processor.py:840} INFO - DAG(s) 'example_bash_decorator' retrieved from /home/airflow/.local/lib/python3.12/site-packages/airflow/example_dags/example_bash_decorator.py
[2026-05-10T06:38:33.023+0000] {logging_mixin.py:188} INFO - [2026-05-10T06:38:33.022+0000] {dag.py:3096} INFO - Sync 1 DAGs
[2026-05-10T06:38:33.035+0000] {logging_mixin.py:188} INFO - [2026-05-10T06:38:33.035+0000] {dag.py:3954} INFO - Setting next_dagrun for example_bash_decorator to None, run_after=None
[2026-05-10T06:38:33.053+0000] {processor.py:183} INFO - Processing /home/airflow/.local/lib/python3.12/site-packages/airflow/example_dags/example_bash_decorator.py took 0.073 seconds
[2026-05-10T06:39:03.204+0000] {processor.py:161} INFO - Started process (PID=20796) to work on /home/airflow/.local/lib/python3.12/site-packages/airflow/example_dags/example_bash_decorator.py
[2026-05-10T06:39:03.206+0000] {processor.py:830} INFO - Processing file /home/airflow/.local/lib/python3.12/site-packages/airflow/example_dags/example_bash_decorator.py for tasks to queue
[2026-05-10T06:39:03.209+0000] {logging_mixin.py:188} INFO - [2026-05-10T06:39:03.209+0000] {dagbag.py:545} INFO - Filling up the DagBag from /home/airflow/.local/lib/python3.12/site-packages/airflow/example_dags/example_bash_decorator.py
[2026-05-10T06:39:03.225+0000] {processor.py:840} INFO - DAG(s) 'example_bash_decorator' retrieved from /home/airflow/.local/lib/python3.12/site-packages/airflow/example_dags/example_bash_decorator.py
[2026-05-10T06:39:03.253+0000] {logging_mixin.py:188} INFO - [2026-05-10T06:39:03.253+0000] {dag.py:3096} INFO - Sync 1 DAGs
[2026-05-10T06:39:03.271+0000] {logging_mixin.py:188} INFO - [2026-05-10T06:39:03.271+0000] {dag.py:3954} INFO - Setting next_dagrun for example_bash_decorator to None, run_after=None
[2026-05-10T06:39:03.295+0000] {processor.py:183} INFO - Processing /home/airflow/.local/lib/python3.12/site-packages/airflow/example_dags/example_bash_decorator.py took 0.098 seconds
[2026-05-10T06:39:33.423+0000] {processor.py:161} INFO - Started process (PID=20856) to work on /home/airflow/.local/lib/python3.12/site-packages/airflow/example_dags/example_bash_decorator.py
[2026-05-10T06:39:33.425+0000] {processor.py:830} INFO - Processing file /home/airflow/.local/lib/python3.12/site-packages/airflow/example_dags/example_bash_decorator.py for tasks to queue
[2026-05-10T06:39:33.427+0000] {logging_mixin.py:188} INFO - [2026-05-10T06:39:33.427+0000] {dagbag.py:545} INFO - Filling up the DagBag from /home/airflow/.local/lib/python3.12/site-packages/airflow/example_dags/example_bash_decorator.py
[2026-05-10T06:39:33.440+0000] {processor.py:840} INFO - DAG(s) 'example_bash_decorator' retrieved from /home/airflow/.local/lib/python3.12/site-packages/airflow/example_dags/example_bash_decorator.py
[2026-05-10T06:39:33.461+0000] {logging_mixin.py:188} INFO - [2026-05-10T06:39:33.461+0000] {dag.py:3096} INFO - Sync 1 DAGs
[2026-05-10T06:39:33.473+0000] {logging_mixin.py:188} INFO - [2026-05-10T06:39:33.473+0000] {dag.py:3954} INFO - Setting next_dagrun for example_bash_decorator to None, run_after=None
[2026-05-10T06:39:33.493+0000] {processor.py:183} INFO - Processing /home/airflow/.local/lib/python3.12/site-packages/airflow/example_dags/example_bash_decorator.py took 0.075 seconds
[2026-05-10T06:40:04.122+0000] {processor.py:161} INFO - Started process (PID=20916) to work on /home/airflow/.local/lib/python3.12/site-packages/airflow/example_dags/example_bash_decorator.py
[2026-05-10T06:40:04.123+0000] {processor.py:830} INFO - Processing file /home/airflow/.local/lib/python3.12/site-packages/airflow/example_dags/example_bash_decorator.py for tasks to queue
[2026-05-10T06:40:04.125+0000] {logging_mixin.py:188} INFO - [2026-05-10T06:40:04.125+0000] {dagbag.py:545} INFO - Filling up the DagBag from /home/airflow/.local/lib/python3.12/site-packages/airflow/example_dags/example_bash_decorator.py
[2026-05-10T06:40:04.136+0000] {processor.py:840} INFO - DAG(s) 'example_bash_decorator' retrieved from /home/airflow/.local/lib/python3.12/site-packages/airflow/example_dags/example_bash_decorator.py
[2026-05-10T06:40:04.157+0000] {logging_mixin.py:188} INFO - [2026-05-10T06:40:04.156+0000] {dag.py:3096} INFO - Sync 1 DAGs
[2026-05-10T06:40:04.167+0000] {logging_mixin.py:188} INFO - [2026-05-10T06:40:04.167+0000] {dag.py:3954} INFO - Setting next_dagrun for example_bash_decorator to None, run_after=None
[2026-05-10T06:40:04.183+0000] {processor.py:183} INFO - Processing /home/airflow/.local/lib/python3.12/site-packages/airflow/example_dags/example_bash_decorator.py took 0.066 seconds
[2026-05-10T06:40:34.463+0000] {processor.py:161} INFO - Started process (PID=20976) to work on /home/airflow/.local/lib/python3.12/site-packages/airflow/example_dags/example_bash_decorator.py
[2026-05-10T06:40:34.465+0000] {processor.py:830} INFO - Processing file /home/airflow/.local/lib/python3.12/site-packages/airflow/example_dags/example_bash_decorator.py for tasks to queue
[2026-05-10T06:40:34.467+0000] {logging_mixin.py:188} INFO - [2026-05-10T06:40:34.466+0000] {dagbag.py:545} INFO - Filling up the DagBag from /home/airflow/.local/lib/python3.12/site-packages/airflow/example_dags/example_bash_decorator.py
[2026-05-10T06:40:34.480+0000] {processor.py:840} INFO - DAG(s) 'example_bash_decorator' retrieved from /home/airflow/.local/lib/python3.12/site-packages/airflow/example_dags/example_bash_decorator.py
[2026-05-10T06:40:34.506+0000] {logging_mixin.py:188} INFO - [2026-05-10T06:40:34.506+0000] {dag.py:3096} INFO - Sync 1 DAGs
[2026-05-10T06:40:34.521+0000] {logging_mixin.py:188} INFO - [2026-05-10T06:40:34.521+0000] {dag.py:3954} INFO - Setting next_dagrun for example_bash_decorator to None, run_after=None
[2026-05-10T06:40:34.550+0000] {processor.py:183} INFO - Processing /home/airflow/.local/lib/python3.12/site-packages/airflow/example_dags/example_bash_decorator.py took 0.093 seconds
[2026-05-10T06:41:05.072+0000] {processor.py:161} INFO - Started process (PID=21035) to work on /home/airflow/.local/lib/python3.12/site-packages/airflow/example_dags/example_bash_decorator.py
[2026-05-10T06:41:05.073+0000] {processor.py:830} INFO - Processing file /home/airflow/.local/lib/python3.12/site-packages/airflow/example_dags/example_bash_decorator.py for tasks to queue
[2026-05-10T06:41:05.078+0000] {logging_mixin.py:188} INFO - [2026-05-10T06:41:05.078+0000] {dagbag.py:545} INFO - Filling up the DagBag from /home/airflow/.local/lib/python3.12/site-packages/airflow/example_dags/example_bash_decorator.py
[2026-05-10T06:41:05.091+0000] {processor.py:840} INFO - DAG(s) 'example_bash_decorator' retrieved from /home/airflow/.local/lib/python3.12/site-packages/airflow/example_dags/example_bash_decorator.py
[2026-05-10T06:41:05.112+0000] {logging_mixin.py:188} INFO - [2026-05-10T06:41:05.112+0000] {dag.py:3096} INFO - Sync 1 DAGs
[2026-05-10T06:41:05.123+0000] {logging_mixin.py:188} INFO - [2026-05-10T06:41:05.123+0000] {dag.py:3954} INFO - Setting next_dagrun for example_bash_decorator to None, run_after=None
[2026-05-10T06:41:05.144+0000] {processor.py:183} INFO - Processing /home/airflow/.local/lib/python3.12/site-packages/airflow/example_dags/example_bash_decorator.py took 0.078 seconds
[2026-05-10T06:41:35.290+0000] {processor.py:161} INFO - Started process (PID=21095) to work on /home/airflow/.local/lib/python3.12/site-packages/airflow/example_dags/example_bash_decorator.py
[2026-05-10T06:41:35.291+0000] {processor.py:830} INFO - Processing file /home/airflow/.local/lib/python3.12/site-packages/airflow/example_dags/example_bash_decorator.py for tasks to queue
[2026-05-10T06:41:35.293+0000] {logging_mixin.py:188} INFO - [2026-05-10T06:41:35.293+0000] {dagbag.py:545} INFO - Filling up the DagBag from /home/airflow/.local/lib/python3.12/site-packages/airflow/example_dags/example_bash_decorator.py
[2026-05-10T06:41:35.305+0000] {processor.py:840} INFO - DAG(s) 'example_bash_decorator' retrieved from /home/airflow/.local/lib/python3.12/site-packages/airflow/example_dags/example_bash_decorator.py
[2026-05-10T06:41:35.329+0000] {logging_mixin.py:188} INFO - [2026-05-10T06:41:35.329+0000] {dag.py:3096} INFO - Sync 1 DAGs
[2026-05-10T06:41:35.342+0000] {logging_mixin.py:188} INFO - [2026-05-10T06:41:35.342+0000] {dag.py:3954} INFO - Setting next_dagrun for example_bash_decorator to None, run_after=None
[2026-05-10T06:41:35.367+0000] {processor.py:183} INFO - Processing /home/airflow/.local/lib/python3.12/site-packages/airflow/example_dags/example_bash_decorator.py took 0.083 seconds
[2026-05-10T06:42:05.661+0000] {processor.py:161} INFO - Started process (PID=21155) to work on /home/airflow/.local/lib/python3.12/site-packages/airflow/example_dags/example_bash_decorator.py
[2026-05-10T06:42:05.663+0000] {processor.py:830} INFO - Processing file /home/airflow/.local/lib/python3.12/site-packages/airflow/example_dags/example_bash_decorator.py for tasks to queue
[2026-05-10T06:42:05.665+0000] {logging_mixin.py:188} INFO - [2026-05-10T06:42:05.665+0000] {dagbag.py:545} INFO - Filling up the DagBag from /home/airflow/.local/lib/python3.12/site-packages/airflow/example_dags/example_bash_decorator.py
[2026-05-10T06:42:05.678+0000] {processor.py:840} INFO - DAG(s) 'example_bash_decorator' retrieved from /home/airflow/.local/lib/python3.12/site-packages/airflow/example_dags/example_bash_decorator.py
[2026-05-10T06:42:05.697+0000] {logging_mixin.py:188} INFO - [2026-05-10T06:42:05.697+0000] {dag.py:3096} INFO - Sync 1 DAGs
[2026-05-10T06:42:05.709+0000] {logging_mixin.py:188} INFO - [2026-05-10T06:42:05.709+0000] {dag.py:3954} INFO - Setting next_dagrun for example_bash_decorator to None, run_after=None
[2026-05-10T06:42:05.727+0000] {processor.py:183} INFO - Processing /home/airflow/.local/lib/python3.12/site-packages/airflow/example_dags/example_bash_decorator.py took 0.071 seconds
[2026-05-10T06:42:36.438+0000] {processor.py:161} INFO - Started process (PID=21215) to work on /home/airflow/.local/lib/python3.12/site-packages/airflow/example_dags/example_bash_decorator.py
[2026-05-10T06:42:36.440+0000] {processor.py:830} INFO - Processing file /home/airflow/.local/lib/python3.12/site-packages/airflow/example_dags/example_bash_decorator.py for tasks to queue
[2026-05-10T06:42:36.442+0000] {logging_mixin.py:188} INFO - [2026-05-10T06:42:36.441+0000] {dagbag.py:545} INFO - Filling up the DagBag from /home/airflow/.local/lib/python3.12/site-packages/airflow/example_dags/example_bash_decorator.py
[2026-05-10T06:42:36.454+0000] {processor.py:840} INFO - DAG(s) 'example_bash_decorator' retrieved from /home/airflow/.local/lib/python3.12/site-packages/airflow/example_dags/example_bash_decorator.py
[2026-05-10T06:42:36.476+0000] {logging_mixin.py:188} INFO - [2026-05-10T06:42:36.476+0000] {dag.py:3096} INFO - Sync 1 DAGs
[2026-05-10T06:42:36.487+0000] {logging_mixin.py:188} INFO - [2026-05-10T06:42:36.487+0000] {dag.py:3954} INFO - Setting next_dagrun for example_bash_decorator to None, run_after=None
[2026-05-10T06:42:36.506+0000] {processor.py:183} INFO - Processing /home/airflow/.local/lib/python3.12/site-packages/airflow/example_dags/example_bash_decorator.py took 0.073 seconds
[2026-05-10T06:43:07.189+0000] {processor.py:161} INFO - Started process (PID=21275) to work on /home/airflow/.local/lib/python3.12/site-packages/airflow/example_dags/example_bash_decorator.py
[2026-05-10T06:43:07.191+0000] {processor.py:830} INFO - Processing file /home/airflow/.local/lib/python3.12/site-packages/airflow/example_dags/example_bash_decorator.py for tasks to queue
[2026-05-10T06:43:07.193+0000] {logging_mixin.py:188} INFO - [2026-05-10T06:43:07.193+0000] {dagbag.py:545} INFO - Filling up the DagBag from /home/airflow/.local/lib/python3.12/site-packages/airflow/example_dags/example_bash_decorator.py
[2026-05-10T06:43:07.208+0000] {processor.py:840} INFO - DAG(s) 'example_bash_decorator' retrieved from /home/airflow/.local/lib/python3.12/site-packages/airflow/example_dags/example_bash_decorator.py
[2026-05-10T06:43:07.232+0000] {logging_mixin.py:188} INFO - [2026-05-10T06:43:07.232+0000] {dag.py:3096} INFO - Sync 1 DAGs
[2026-05-10T06:43:07.246+0000] {logging_mixin.py:188} INFO - [2026-05-10T06:43:07.246+0000] {dag.py:3954} INFO - Setting next_dagrun for example_bash_decorator to None, run_after=None
[2026-05-10T06:43:07.264+0000] {processor.py:183} INFO - Processing /home/airflow/.local/lib/python3.12/site-packages/airflow/example_dags/example_bash_decorator.py took 0.080 seconds
[2026-05-10T06:43:37.697+0000] {processor.py:161} INFO - Started process (PID=21335) to work on /home/airflow/.local/lib/python3.12/site-packages/airflow/example_dags/example_bash_decorator.py
[2026-05-10T06:43:37.698+0000] {processor.py:830} INFO - Processing file /home/airflow/.local/lib/python3.12/site-packages/airflow/example_dags/example_bash_decorator.py for tasks to queue
[2026-05-10T06:43:37.700+0000] {logging_mixin.py:188} INFO - [2026-05-10T06:43:37.700+0000] {dagbag.py:545} INFO - Filling up the DagBag from /home/airflow/.local/lib/python3.12/site-packages/airflow/example_dags/example_bash_decorator.py
[2026-05-10T06:43:37.710+0000] {processor.py:840} INFO - DAG(s) 'example_bash_decorator' retrieved from /home/airflow/.local/lib/python3.12/site-packages/airflow/example_dags/example_bash_decorator.py
[2026-05-10T06:43:37.728+0000] {logging_mixin.py:188} INFO - [2026-05-10T06:43:37.728+0000] {dag.py:3096} INFO - Sync 1 DAGs
[2026-05-10T06:43:37.740+0000] {logging_mixin.py:188} INFO - [2026-05-10T06:43:37.739+0000] {dag.py:3954} INFO - Setting next_dagrun for example_bash_decorator to None, run_after=None
[2026-05-10T06:43:37.756+0000] {processor.py:183} INFO - Processing /home/airflow/.local/lib/python3.12/site-packages/airflow/example_dags/example_bash_decorator.py took 0.064 seconds
[2026-05-10T06:44:07.864+0000] {processor.py:161} INFO - Started process (PID=21395) to work on /home/airflow/.local/lib/python3.12/site-packages/airflow/example_dags/example_bash_decorator.py
[2026-05-10T06:44:07.866+0000] {processor.py:830} INFO - Processing file /home/airflow/.local/lib/python3.12/site-packages/airflow/example_dags/example_bash_decorator.py for tasks to queue
[2026-05-10T06:44:07.868+0000] {logging_mixin.py:188} INFO - [2026-05-10T06:44:07.868+0000] {dagbag.py:545} INFO - Filling up the DagBag from /home/airflow/.local/lib/python3.12/site-packages/airflow/example_dags/example_bash_decorator.py
[2026-05-10T06:44:07.878+0000] {processor.py:840} INFO - DAG(s) 'example_bash_decorator' retrieved from /home/airflow/.local/lib/python3.12/site-packages/airflow/example_dags/example_bash_decorator.py
[2026-05-10T06:44:07.897+0000] {logging_mixin.py:188} INFO - [2026-05-10T06:44:07.897+0000] {dag.py:3096} INFO - Sync 1 DAGs
[2026-05-10T06:44:07.908+0000] {logging_mixin.py:188} INFO - [2026-05-10T06:44:07.908+0000] {dag.py:3954} INFO - Setting next_dagrun for example_bash_decorator to None, run_after=None
[2026-05-10T06:44:07.923+0000] {processor.py:183} INFO - Processing /home/airflow/.local/lib/python3.12/site-packages/airflow/example_dags/example_bash_decorator.py took 0.063 seconds
[2026-05-10T06:44:38.524+0000] {processor.py:161} INFO - Started process (PID=21455) to work on /home/airflow/.local/lib/python3.12/site-packages/airflow/example_dags/example_bash_decorator.py
[2026-05-10T06:44:38.526+0000] {processor.py:830} INFO - Processing file /home/airflow/.local/lib/python3.12/site-packages/airflow/example_dags/example_bash_decorator.py for tasks to queue
[2026-05-10T06:44:38.528+0000] {logging_mixin.py:188} INFO - [2026-05-10T06:44:38.527+0000] {dagbag.py:545} INFO - Filling up the DagBag from /home/airflow/.local/lib/python3.12/site-packages/airflow/example_dags/example_bash_decorator.py
[2026-05-10T06:44:38.538+0000] {processor.py:840} INFO - DAG(s) 'example_bash_decorator' retrieved from /home/airflow/.local/lib/python3.12/site-packages/airflow/example_dags/example_bash_decorator.py
[2026-05-10T06:44:38.556+0000] {logging_mixin.py:188} INFO - [2026-05-10T06:44:38.556+0000] {dag.py:3096} INFO - Sync 1 DAGs
[2026-05-10T06:44:38.566+0000] {logging_mixin.py:188} INFO - [2026-05-10T06:44:38.566+0000] {dag.py:3954} INFO - Setting next_dagrun for example_bash_decorator to None, run_after=None
[2026-05-10T06:44:38.585+0000] {processor.py:183} INFO - Processing /home/airflow/.local/lib/python3.12/site-packages/airflow/example_dags/example_bash_decorator.py took 0.066 seconds
[2026-05-10T06:45:09.092+0000] {processor.py:161} INFO - Started process (PID=21515) to work on /home/airflow/.local/lib/python3.12/site-packages/airflow/example_dags/example_bash_decorator.py
[2026-05-10T06:45:09.093+0000] {processor.py:830} INFO - Processing file /home/airflow/.local/lib/python3.12/site-packages/airflow/example_dags/example_bash_decorator.py for tasks to queue
[2026-05-10T06:45:09.094+0000] {logging_mixin.py:188} INFO - [2026-05-10T06:45:09.094+0000] {dagbag.py:545} INFO - Filling up the DagBag from /home/airflow/.local/lib/python3.12/site-packages/airflow/example_dags/example_bash_decorator.py
[2026-05-10T06:45:09.104+0000] {processor.py:840} INFO - DAG(s) 'example_bash_decorator' retrieved from /home/airflow/.local/lib/python3.12/site-packages/airflow/example_dags/example_bash_decorator.py
[2026-05-10T06:45:09.123+0000] {logging_mixin.py:188} INFO - [2026-05-10T06:45:09.123+0000] {dag.py:3096} INFO - Sync 1 DAGs
[2026-05-10T06:45:09.134+0000] {logging_mixin.py:188} INFO - [2026-05-10T06:45:09.134+0000] {dag.py:3954} INFO - Setting next_dagrun for example_bash_decorator to None, run_after=None
[2026-05-10T06:45:09.154+0000] {processor.py:183} INFO - Processing /home/airflow/.local/lib/python3.12/site-packages/airflow/example_dags/example_bash_decorator.py took 0.067 seconds
[2026-05-10T06:45:40.089+0000] {processor.py:161} INFO - Started process (PID=21581) to work on /home/airflow/.local/lib/python3.12/site-packages/airflow/example_dags/example_bash_decorator.py
[2026-05-10T06:45:40.091+0000] {processor.py:830} INFO - Processing file /home/airflow/.local/lib/python3.12/site-packages/airflow/example_dags/example_bash_decorator.py for tasks to queue
[2026-05-10T06:45:40.093+0000] {logging_mixin.py:188} INFO - [2026-05-10T06:45:40.092+0000] {dagbag.py:545} INFO - Filling up the DagBag from /home/airflow/.local/lib/python3.12/site-packages/airflow/example_dags/example_bash_decorator.py
[2026-05-10T06:45:40.104+0000] {processor.py:840} INFO - DAG(s) 'example_bash_decorator' retrieved from /home/airflow/.local/lib/python3.12/site-packages/airflow/example_dags/example_bash_decorator.py
[2026-05-10T06:45:40.122+0000] {logging_mixin.py:188} INFO - [2026-05-10T06:45:40.122+0000] {dag.py:3096} INFO - Sync 1 DAGs
[2026-05-10T06:45:40.133+0000] {logging_mixin.py:188} INFO - [2026-05-10T06:45:40.133+0000] {dag.py:3954} INFO - Setting next_dagrun for example_bash_decorator to None, run_after=None
[2026-05-10T06:45:40.149+0000] {processor.py:183} INFO - Processing /home/airflow/.local/lib/python3.12/site-packages/airflow/example_dags/example_bash_decorator.py took 0.065 seconds
[2026-05-10T06:46:10.604+0000] {processor.py:161} INFO - Started process (PID=21641) to work on /home/airflow/.local/lib/python3.12/site-packages/airflow/example_dags/example_bash_decorator.py
[2026-05-10T06:46:10.606+0000] {processor.py:830} INFO - Processing file /home/airflow/.local/lib/python3.12/site-packages/airflow/example_dags/example_bash_decorator.py for tasks to queue
[2026-05-10T06:46:10.608+0000] {logging_mixin.py:188} INFO - [2026-05-10T06:46:10.607+0000] {dagbag.py:545} INFO - Filling up the DagBag from /home/airflow/.local/lib/python3.12/site-packages/airflow/example_dags/example_bash_decorator.py
[2026-05-10T06:46:10.619+0000] {processor.py:840} INFO - DAG(s) 'example_bash_decorator' retrieved from /home/airflow/.local/lib/python3.12/site-packages/airflow/example_dags/example_bash_decorator.py
[2026-05-10T06:46:10.637+0000] {logging_mixin.py:188} INFO - [2026-05-10T06:46:10.637+0000] {dag.py:3096} INFO - Sync 1 DAGs
[2026-05-10T06:46:10.647+0000] {logging_mixin.py:188} INFO - [2026-05-10T06:46:10.647+0000] {dag.py:3954} INFO - Setting next_dagrun for example_bash_decorator to None, run_after=None
[2026-05-10T06:46:10.663+0000] {processor.py:183} INFO - Processing /home/airflow/.local/lib/python3.12/site-packages/airflow/example_dags/example_bash_decorator.py took 0.063 seconds
[2026-05-10T06:46:40.747+0000] {processor.py:161} INFO - Started process (PID=21701) to work on /home/airflow/.local/lib/python3.12/site-packages/airflow/example_dags/example_bash_decorator.py
[2026-05-10T06:46:40.748+0000] {processor.py:830} INFO - Processing file /home/airflow/.local/lib/python3.12/site-packages/airflow/example_dags/example_bash_decorator.py for tasks to queue
[2026-05-10T06:46:40.750+0000] {logging_mixin.py:188} INFO - [2026-05-10T06:46:40.750+0000] {dagbag.py:545} INFO - Filling up the DagBag from /home/airflow/.local/lib/python3.12/site-packages/airflow/example_dags/example_bash_decorator.py
[2026-05-10T06:46:40.762+0000] {processor.py:840} INFO - DAG(s) 'example_bash_decorator' retrieved from /home/airflow/.local/lib/python3.12/site-packages/airflow/example_dags/example_bash_decorator.py
[2026-05-10T06:46:40.783+0000] {logging_mixin.py:188} INFO - [2026-05-10T06:46:40.782+0000] {dag.py:3096} INFO - Sync 1 DAGs
[2026-05-10T06:46:40.793+0000] {logging_mixin.py:188} INFO - [2026-05-10T06:46:40.793+0000] {dag.py:3954} INFO - Setting next_dagrun for example_bash_decorator to None, run_after=None
[2026-05-10T06:46:40.807+0000] {processor.py:183} INFO - Processing /home/airflow/.local/lib/python3.12/site-packages/airflow/example_dags/example_bash_decorator.py took 0.067 seconds
[2026-05-10T06:47:11.166+0000] {processor.py:161} INFO - Started process (PID=21761) to work on /home/airflow/.local/lib/python3.12/site-packages/airflow/example_dags/example_bash_decorator.py
[2026-05-10T06:47:11.167+0000] {processor.py:830} INFO - Processing file /home/airflow/.local/lib/python3.12/site-packages/airflow/example_dags/example_bash_decorator.py for tasks to queue
[2026-05-10T06:47:11.170+0000] {logging_mixin.py:188} INFO - [2026-05-10T06:47:11.170+0000] {dagbag.py:545} INFO - Filling up the DagBag from /home/airflow/.local/lib/python3.12/site-packages/airflow/example_dags/example_bash_decorator.py
[2026-05-10T06:47:11.184+0000] {processor.py:840} INFO - DAG(s) 'example_bash_decorator' retrieved from /home/airflow/.local/lib/python3.12/site-packages/airflow/example_dags/example_bash_decorator.py
[2026-05-10T06:47:11.208+0000] {logging_mixin.py:188} INFO - [2026-05-10T06:47:11.208+0000] {dag.py:3096} INFO - Sync 1 DAGs
[2026-05-10T06:47:11.221+0000] {logging_mixin.py:188} INFO - [2026-05-10T06:47:11.221+0000] {dag.py:3954} INFO - Setting next_dagrun for example_bash_decorator to None, run_after=None
[2026-05-10T06:47:11.242+0000] {processor.py:183} INFO - Processing /home/airflow/.local/lib/python3.12/site-packages/airflow/example_dags/example_bash_decorator.py took 0.082 seconds
[2026-05-10T06:47:41.772+0000] {processor.py:161} INFO - Started process (PID=21821) to work on /home/airflow/.local/lib/python3.12/site-packages/airflow/example_dags/example_bash_decorator.py
[2026-05-10T06:47:41.774+0000] {processor.py:830} INFO - Processing file /home/airflow/.local/lib/python3.12/site-packages/airflow/example_dags/example_bash_decorator.py for tasks to queue
[2026-05-10T06:47:41.776+0000] {logging_mixin.py:188} INFO - [2026-05-10T06:47:41.776+0000] {dagbag.py:545} INFO - Filling up the DagBag from /home/airflow/.local/lib/python3.12/site-packages/airflow/example_dags/example_bash_decorator.py
[2026-05-10T06:47:41.787+0000] {processor.py:840} INFO - DAG(s) 'example_bash_decorator' retrieved from /home/airflow/.local/lib/python3.12/site-packages/airflow/example_dags/example_bash_decorator.py
[2026-05-10T06:47:41.805+0000] {logging_mixin.py:188} INFO - [2026-05-10T06:47:41.805+0000] {dag.py:3096} INFO - Sync 1 DAGs
[2026-05-10T06:47:41.933+0000] {logging_mixin.py:188} INFO - [2026-05-10T06:47:41.933+0000] {dag.py:3954} INFO - Setting next_dagrun for example_bash_decorator to None, run_after=None
[2026-05-10T06:47:41.954+0000] {processor.py:183} INFO - Processing /home/airflow/.local/lib/python3.12/site-packages/airflow/example_dags/example_bash_decorator.py took 0.186 seconds
[2026-05-10T06:48:12.502+0000] {processor.py:161} INFO - Started process (PID=21880) to work on /home/airflow/.local/lib/python3.12/site-packages/airflow/example_dags/example_bash_decorator.py
[2026-05-10T06:48:12.504+0000] {processor.py:830} INFO - Processing file /home/airflow/.local/lib/python3.12/site-packages/airflow/example_dags/example_bash_decorator.py for tasks to queue
[2026-05-10T06:48:12.506+0000] {logging_mixin.py:188} INFO - [2026-05-10T06:48:12.506+0000] {dagbag.py:545} INFO - Filling up the DagBag from /home/airflow/.local/lib/python3.12/site-packages/airflow/example_dags/example_bash_decorator.py
[2026-05-10T06:48:12.522+0000] {processor.py:840} INFO - DAG(s) 'example_bash_decorator' retrieved from /home/airflow/.local/lib/python3.12/site-packages/airflow/example_dags/example_bash_decorator.py
[2026-05-10T06:48:12.544+0000] {logging_mixin.py:188} INFO - [2026-05-10T06:48:12.544+0000] {dag.py:3096} INFO - Sync 1 DAGs
[2026-05-10T06:48:12.555+0000] {logging_mixin.py:188} INFO - [2026-05-10T06:48:12.555+0000] {dag.py:3954} INFO - Setting next_dagrun for example_bash_decorator to None, run_after=None
[2026-05-10T06:48:12.576+0000] {processor.py:183} INFO - Processing /home/airflow/.local/lib/python3.12/site-packages/airflow/example_dags/example_bash_decorator.py took 0.079 seconds
[2026-05-10T06:48:43.419+0000] {processor.py:161} INFO - Started process (PID=21940) to work on /home/airflow/.local/lib/python3.12/site-packages/airflow/example_dags/example_bash_decorator.py
[2026-05-10T06:48:43.420+0000] {processor.py:830} INFO - Processing file /home/airflow/.local/lib/python3.12/site-packages/airflow/example_dags/example_bash_decorator.py for tasks to queue
[2026-05-10T06:48:43.423+0000] {logging_mixin.py:188} INFO - [2026-05-10T06:48:43.423+0000] {dagbag.py:545} INFO - Filling up the DagBag from /home/airflow/.local/lib/python3.12/site-packages/airflow/example_dags/example_bash_decorator.py
[2026-05-10T06:48:43.433+0000] {processor.py:840} INFO - DAG(s) 'example_bash_decorator' retrieved from /home/airflow/.local/lib/python3.12/site-packages/airflow/example_dags/example_bash_decorator.py
[2026-05-10T06:48:43.453+0000] {logging_mixin.py:188} INFO - [2026-05-10T06:48:43.453+0000] {dag.py:3096} INFO - Sync 1 DAGs
[2026-05-10T06:48:43.466+0000] {logging_mixin.py:188} INFO - [2026-05-10T06:48:43.465+0000] {dag.py:3954} INFO - Setting next_dagrun for example_bash_decorator to None, run_after=None
[2026-05-10T06:48:43.483+0000] {processor.py:183} INFO - Processing /home/airflow/.local/lib/python3.12/site-packages/airflow/example_dags/example_bash_decorator.py took 0.070 seconds
[2026-05-10T06:49:14.302+0000] {processor.py:161} INFO - Started process (PID=22000) to work on /home/airflow/.local/lib/python3.12/site-packages/airflow/example_dags/example_bash_decorator.py
[2026-05-10T06:49:14.304+0000] {processor.py:830} INFO - Processing file /home/airflow/.local/lib/python3.12/site-packages/airflow/example_dags/example_bash_decorator.py for tasks to queue
[2026-05-10T06:49:14.306+0000] {logging_mixin.py:188} INFO - [2026-05-10T06:49:14.305+0000] {dagbag.py:545} INFO - Filling up the DagBag from /home/airflow/.local/lib/python3.12/site-packages/airflow/example_dags/example_bash_decorator.py
[2026-05-10T06:49:14.316+0000] {processor.py:840} INFO - DAG(s) 'example_bash_decorator' retrieved from /home/airflow/.local/lib/python3.12/site-packages/airflow/example_dags/example_bash_decorator.py
[2026-05-10T06:49:14.335+0000] {logging_mixin.py:188} INFO - [2026-05-10T06:49:14.334+0000] {dag.py:3096} INFO - Sync 1 DAGs
[2026-05-10T06:49:14.346+0000] {logging_mixin.py:188} INFO - [2026-05-10T06:49:14.345+0000] {dag.py:3954} INFO - Setting next_dagrun for example_bash_decorator to None, run_after=None
[2026-05-10T06:49:14.361+0000] {processor.py:183} INFO - Processing /home/airflow/.local/lib/python3.12/site-packages/airflow/example_dags/example_bash_decorator.py took 0.064 seconds
[2026-05-10T06:49:44.948+0000] {processor.py:161} INFO - Started process (PID=22060) to work on /home/airflow/.local/lib/python3.12/site-packages/airflow/example_dags/example_bash_decorator.py
[2026-05-10T06:49:44.949+0000] {processor.py:830} INFO - Processing file /home/airflow/.local/lib/python3.12/site-packages/airflow/example_dags/example_bash_decorator.py for tasks to queue
[2026-05-10T06:49:44.951+0000] {logging_mixin.py:188} INFO - [2026-05-10T06:49:44.950+0000] {dagbag.py:545} INFO - Filling up the DagBag from /home/airflow/.local/lib/python3.12/site-packages/airflow/example_dags/example_bash_decorator.py
[2026-05-10T06:49:44.962+0000] {processor.py:840} INFO - DAG(s) 'example_bash_decorator' retrieved from /home/airflow/.local/lib/python3.12/site-packages/airflow/example_dags/example_bash_decorator.py
[2026-05-10T06:49:44.981+0000] {logging_mixin.py:188} INFO - [2026-05-10T06:49:44.981+0000] {dag.py:3096} INFO - Sync 1 DAGs
[2026-05-10T06:49:44.991+0000] {logging_mixin.py:188} INFO - [2026-05-10T06:49:44.991+0000] {dag.py:3954} INFO - Setting next_dagrun for example_bash_decorator to None, run_after=None
[2026-05-10T06:49:45.006+0000] {processor.py:183} INFO - Processing /home/airflow/.local/lib/python3.12/site-packages/airflow/example_dags/example_bash_decorator.py took 0.063 seconds
[2026-05-10T06:50:15.699+0000] {processor.py:161} INFO - Started process (PID=22120) to work on /home/airflow/.local/lib/python3.12/site-packages/airflow/example_dags/example_bash_decorator.py
[2026-05-10T06:50:15.709+0000] {processor.py:830} INFO - Processing file /home/airflow/.local/lib/python3.12/site-packages/airflow/example_dags/example_bash_decorator.py for tasks to queue
[2026-05-10T06:50:15.711+0000] {logging_mixin.py:188} INFO - [2026-05-10T06:50:15.711+0000] {dagbag.py:545} INFO - Filling up the DagBag from /home/airflow/.local/lib/python3.12/site-packages/airflow/example_dags/example_bash_decorator.py
[2026-05-10T06:50:15.725+0000] {processor.py:840} INFO - DAG(s) 'example_bash_decorator' retrieved from /home/airflow/.local/lib/python3.12/site-packages/airflow/example_dags/example_bash_decorator.py
[2026-05-10T06:50:15.745+0000] {logging_mixin.py:188} INFO - [2026-05-10T06:50:15.745+0000] {dag.py:3096} INFO - Sync 1 DAGs
[2026-05-10T06:50:15.759+0000] {logging_mixin.py:188} INFO - [2026-05-10T06:50:15.759+0000] {dag.py:3954} INFO - Setting next_dagrun for example_bash_decorator to None, run_after=None
[2026-05-10T06:50:15.782+0000] {processor.py:183} INFO - Processing /home/airflow/.local/lib/python3.12/site-packages/airflow/example_dags/example_bash_decorator.py took 0.088 seconds
[2026-05-10T06:50:46.671+0000] {processor.py:161} INFO - Started process (PID=22180) to work on /home/airflow/.local/lib/python3.12/site-packages/airflow/example_dags/example_bash_decorator.py
[2026-05-10T06:50:46.673+0000] {processor.py:830} INFO - Processing file /home/airflow/.local/lib/python3.12/site-packages/airflow/example_dags/example_bash_decorator.py for tasks to queue
[2026-05-10T06:50:46.675+0000] {logging_mixin.py:188} INFO - [2026-05-10T06:50:46.675+0000] {dagbag.py:545} INFO - Filling up the DagBag from /home/airflow/.local/lib/python3.12/site-packages/airflow/example_dags/example_bash_decorator.py
[2026-05-10T06:50:46.687+0000] {processor.py:840} INFO - DAG(s) 'example_bash_decorator' retrieved from /home/airflow/.local/lib/python3.12/site-packages/airflow/example_dags/example_bash_decorator.py
[2026-05-10T06:50:46.707+0000] {logging_mixin.py:188} INFO - [2026-05-10T06:50:46.707+0000] {dag.py:3096} INFO - Sync 1 DAGs
[2026-05-10T06:50:46.717+0000] {logging_mixin.py:188} INFO - [2026-05-10T06:50:46.717+0000] {dag.py:3954} INFO - Setting next_dagrun for example_bash_decorator to None, run_after=None
[2026-05-10T06:50:46.734+0000] {processor.py:183} INFO - Processing /home/airflow/.local/lib/python3.12/site-packages/airflow/example_dags/example_bash_decorator.py took 0.068 seconds
[2026-05-10T06:51:17.382+0000] {processor.py:161} INFO - Started process (PID=22240) to work on /home/airflow/.local/lib/python3.12/site-packages/airflow/example_dags/example_bash_decorator.py
[2026-05-10T06:51:17.384+0000] {processor.py:830} INFO - Processing file /home/airflow/.local/lib/python3.12/site-packages/airflow/example_dags/example_bash_decorator.py for tasks to queue
[2026-05-10T06:51:17.386+0000] {logging_mixin.py:188} INFO - [2026-05-10T06:51:17.386+0000] {dagbag.py:545} INFO - Filling up the DagBag from /home/airflow/.local/lib/python3.12/site-packages/airflow/example_dags/example_bash_decorator.py
[2026-05-10T06:51:17.396+0000] {processor.py:840} INFO - DAG(s) 'example_bash_decorator' retrieved from /home/airflow/.local/lib/python3.12/site-packages/airflow/example_dags/example_bash_decorator.py
[2026-05-10T06:51:17.414+0000] {logging_mixin.py:188} INFO - [2026-05-10T06:51:17.414+0000] {dag.py:3096} INFO - Sync 1 DAGs
[2026-05-10T06:51:17.423+0000] {logging_mixin.py:188} INFO - [2026-05-10T06:51:17.423+0000] {dag.py:3954} INFO - Setting next_dagrun for example_bash_decorator to None, run_after=None
[2026-05-10T06:51:17.442+0000] {processor.py:183} INFO - Processing /home/airflow/.local/lib/python3.12/site-packages/airflow/example_dags/example_bash_decorator.py took 0.065 seconds
[2026-05-10T06:51:47.826+0000] {processor.py:161} INFO - Started process (PID=22300) to work on /home/airflow/.local/lib/python3.12/site-packages/airflow/example_dags/example_bash_decorator.py
[2026-05-10T06:51:47.828+0000] {processor.py:830} INFO - Processing file /home/airflow/.local/lib/python3.12/site-packages/airflow/example_dags/example_bash_decorator.py for tasks to queue
[2026-05-10T06:51:47.830+0000] {logging_mixin.py:188} INFO - [2026-05-10T06:51:47.830+0000] {dagbag.py:545} INFO - Filling up the DagBag from /home/airflow/.local/lib/python3.12/site-packages/airflow/example_dags/example_bash_decorator.py
[2026-05-10T06:51:47.845+0000] {processor.py:840} INFO - DAG(s) 'example_bash_decorator' retrieved from /home/airflow/.local/lib/python3.12/site-packages/airflow/example_dags/example_bash_decorator.py
[2026-05-10T06:51:47.869+0000] {logging_mixin.py:188} INFO - [2026-05-10T06:51:47.869+0000] {dag.py:3096} INFO - Sync 1 DAGs
[2026-05-10T06:51:47.883+0000] {logging_mixin.py:188} INFO - [2026-05-10T06:51:47.883+0000] {dag.py:3954} INFO - Setting next_dagrun for example_bash_decorator to None, run_after=None
[2026-05-10T06:51:47.904+0000] {processor.py:183} INFO - Processing /home/airflow/.local/lib/python3.12/site-packages/airflow/example_dags/example_bash_decorator.py took 0.082 seconds
[2026-05-10T06:52:18.211+0000] {processor.py:161} INFO - Started process (PID=22360) to work on /home/airflow/.local/lib/python3.12/site-packages/airflow/example_dags/example_bash_decorator.py
[2026-05-10T06:52:18.212+0000] {processor.py:830} INFO - Processing file /home/airflow/.local/lib/python3.12/site-packages/airflow/example_dags/example_bash_decorator.py for tasks to queue
[2026-05-10T06:52:18.215+0000] {logging_mixin.py:188} INFO - [2026-05-10T06:52:18.215+0000] {dagbag.py:545} INFO - Filling up the DagBag from /home/airflow/.local/lib/python3.12/site-packages/airflow/example_dags/example_bash_decorator.py
[2026-05-10T06:52:18.227+0000] {processor.py:840} INFO - DAG(s) 'example_bash_decorator' retrieved from /home/airflow/.local/lib/python3.12/site-packages/airflow/example_dags/example_bash_decorator.py
[2026-05-10T06:52:18.247+0000] {logging_mixin.py:188} INFO - [2026-05-10T06:52:18.246+0000] {dag.py:3096} INFO - Sync 1 DAGs
[2026-05-10T06:52:18.257+0000] {logging_mixin.py:188} INFO - [2026-05-10T06:52:18.256+0000] {dag.py:3954} INFO - Setting next_dagrun for example_bash_decorator to None, run_after=None
[2026-05-10T06:52:18.271+0000] {processor.py:183} INFO - Processing /home/airflow/.local/lib/python3.12/site-packages/airflow/example_dags/example_bash_decorator.py took 0.065 seconds
[2026-05-10T06:52:48.526+0000] {processor.py:161} INFO - Started process (PID=22420) to work on /home/airflow/.local/lib/python3.12/site-packages/airflow/example_dags/example_bash_decorator.py
[2026-05-10T06:52:48.528+0000] {processor.py:830} INFO - Processing file /home/airflow/.local/lib/python3.12/site-packages/airflow/example_dags/example_bash_decorator.py for tasks to queue
[2026-05-10T06:52:48.530+0000] {logging_mixin.py:188} INFO - [2026-05-10T06:52:48.530+0000] {dagbag.py:545} INFO - Filling up the DagBag from /home/airflow/.local/lib/python3.12/site-packages/airflow/example_dags/example_bash_decorator.py
[2026-05-10T06:52:48.540+0000] {processor.py:840} INFO - DAG(s) 'example_bash_decorator' retrieved from /home/airflow/.local/lib/python3.12/site-packages/airflow/example_dags/example_bash_decorator.py
[2026-05-10T06:52:48.559+0000] {logging_mixin.py:188} INFO - [2026-05-10T06:52:48.559+0000] {dag.py:3096} INFO - Sync 1 DAGs
[2026-05-10T06:52:48.571+0000] {logging_mixin.py:188} INFO - [2026-05-10T06:52:48.571+0000] {dag.py:3954} INFO - Setting next_dagrun for example_bash_decorator to None, run_after=None
[2026-05-10T06:52:48.588+0000] {processor.py:183} INFO - Processing /home/airflow/.local/lib/python3.12/site-packages/airflow/example_dags/example_bash_decorator.py took 0.067 seconds
[2026-05-10T06:53:18.789+0000] {processor.py:161} INFO - Started process (PID=22480) to work on /home/airflow/.local/lib/python3.12/site-packages/airflow/example_dags/example_bash_decorator.py
[2026-05-10T06:53:18.791+0000] {processor.py:830} INFO - Processing file /home/airflow/.local/lib/python3.12/site-packages/airflow/example_dags/example_bash_decorator.py for tasks to queue
[2026-05-10T06:53:18.793+0000] {logging_mixin.py:188} INFO - [2026-05-10T06:53:18.793+0000] {dagbag.py:545} INFO - Filling up the DagBag from /home/airflow/.local/lib/python3.12/site-packages/airflow/example_dags/example_bash_decorator.py
[2026-05-10T06:53:18.804+0000] {processor.py:840} INFO - DAG(s) 'example_bash_decorator' retrieved from /home/airflow/.local/lib/python3.12/site-packages/airflow/example_dags/example_bash_decorator.py
[2026-05-10T06:53:18.823+0000] {logging_mixin.py:188} INFO - [2026-05-10T06:53:18.822+0000] {dag.py:3096} INFO - Sync 1 DAGs
[2026-05-10T06:53:18.833+0000] {logging_mixin.py:188} INFO - [2026-05-10T06:53:18.833+0000] {dag.py:3954} INFO - Setting next_dagrun for example_bash_decorator to None, run_after=None
[2026-05-10T06:53:18.848+0000] {processor.py:183} INFO - Processing /home/airflow/.local/lib/python3.12/site-packages/airflow/example_dags/example_bash_decorator.py took 0.063 seconds
[2026-05-10T06:53:49.305+0000] {processor.py:161} INFO - Started process (PID=22540) to work on /home/airflow/.local/lib/python3.12/site-packages/airflow/example_dags/example_bash_decorator.py
[2026-05-10T06:53:49.309+0000] {processor.py:830} INFO - Processing file /home/airflow/.local/lib/python3.12/site-packages/airflow/example_dags/example_bash_decorator.py for tasks to queue
[2026-05-10T06:53:49.313+0000] {logging_mixin.py:188} INFO - [2026-05-10T06:53:49.313+0000] {dagbag.py:545} INFO - Filling up the DagBag from /home/airflow/.local/lib/python3.12/site-packages/airflow/example_dags/example_bash_decorator.py
[2026-05-10T06:53:49.327+0000] {processor.py:840} INFO - DAG(s) 'example_bash_decorator' retrieved from /home/airflow/.local/lib/python3.12/site-packages/airflow/example_dags/example_bash_decorator.py
[2026-05-10T06:53:49.347+0000] {logging_mixin.py:188} INFO - [2026-05-10T06:53:49.347+0000] {dag.py:3096} INFO - Sync 1 DAGs
[2026-05-10T06:53:49.359+0000] {logging_mixin.py:188} INFO - [2026-05-10T06:53:49.358+0000] {dag.py:3954} INFO - Setting next_dagrun for example_bash_decorator to None, run_after=None
[2026-05-10T06:53:49.378+0000] {processor.py:183} INFO - Processing /home/airflow/.local/lib/python3.12/site-packages/airflow/example_dags/example_bash_decorator.py took 0.081 seconds
[2026-05-10T06:54:19.754+0000] {processor.py:161} INFO - Started process (PID=22601) to work on /home/airflow/.local/lib/python3.12/site-packages/airflow/example_dags/example_bash_decorator.py
[2026-05-10T06:54:19.756+0000] {processor.py:830} INFO - Processing file /home/airflow/.local/lib/python3.12/site-packages/airflow/example_dags/example_bash_decorator.py for tasks to queue
[2026-05-10T06:54:19.758+0000] {logging_mixin.py:188} INFO - [2026-05-10T06:54:19.758+0000] {dagbag.py:545} INFO - Filling up the DagBag from /home/airflow/.local/lib/python3.12/site-packages/airflow/example_dags/example_bash_decorator.py
[2026-05-10T06:54:19.768+0000] {processor.py:840} INFO - DAG(s) 'example_bash_decorator' retrieved from /home/airflow/.local/lib/python3.12/site-packages/airflow/example_dags/example_bash_decorator.py
[2026-05-10T06:54:19.785+0000] {logging_mixin.py:188} INFO - [2026-05-10T06:54:19.785+0000] {dag.py:3096} INFO - Sync 1 DAGs
[2026-05-10T06:54:19.795+0000] {logging_mixin.py:188} INFO - [2026-05-10T06:54:19.794+0000] {dag.py:3954} INFO - Setting next_dagrun for example_bash_decorator to None, run_after=None
[2026-05-10T06:54:19.815+0000] {processor.py:183} INFO - Processing /home/airflow/.local/lib/python3.12/site-packages/airflow/example_dags/example_bash_decorator.py took 0.065 seconds
[2026-05-10T06:54:50.457+0000] {processor.py:161} INFO - Started process (PID=22661) to work on /home/airflow/.local/lib/python3.12/site-packages/airflow/example_dags/example_bash_decorator.py
[2026-05-10T06:54:50.458+0000] {processor.py:830} INFO - Processing file /home/airflow/.local/lib/python3.12/site-packages/airflow/example_dags/example_bash_decorator.py for tasks to queue
[2026-05-10T06:54:50.460+0000] {logging_mixin.py:188} INFO - [2026-05-10T06:54:50.460+0000] {dagbag.py:545} INFO - Filling up the DagBag from /home/airflow/.local/lib/python3.12/site-packages/airflow/example_dags/example_bash_decorator.py
[2026-05-10T06:54:50.471+0000] {processor.py:840} INFO - DAG(s) 'example_bash_decorator' retrieved from /home/airflow/.local/lib/python3.12/site-packages/airflow/example_dags/example_bash_decorator.py
[2026-05-10T06:54:50.489+0000] {logging_mixin.py:188} INFO - [2026-05-10T06:54:50.489+0000] {dag.py:3096} INFO - Sync 1 DAGs
[2026-05-10T06:54:50.498+0000] {logging_mixin.py:188} INFO - [2026-05-10T06:54:50.498+0000] {dag.py:3954} INFO - Setting next_dagrun for example_bash_decorator to None, run_after=None
[2026-05-10T06:54:50.515+0000] {processor.py:183} INFO - Processing /home/airflow/.local/lib/python3.12/site-packages/airflow/example_dags/example_bash_decorator.py took 0.062 seconds
[2026-05-10T06:55:20.649+0000] {processor.py:161} INFO - Started process (PID=22721) to work on /home/airflow/.local/lib/python3.12/site-packages/airflow/example_dags/example_bash_decorator.py
[2026-05-10T06:55:20.651+0000] {processor.py:830} INFO - Processing file /home/airflow/.local/lib/python3.12/site-packages/airflow/example_dags/example_bash_decorator.py for tasks to queue
[2026-05-10T06:55:20.653+0000] {logging_mixin.py:188} INFO - [2026-05-10T06:55:20.653+0000] {dagbag.py:545} INFO - Filling up the DagBag from /home/airflow/.local/lib/python3.12/site-packages/airflow/example_dags/example_bash_decorator.py
[2026-05-10T06:55:20.669+0000] {processor.py:840} INFO - DAG(s) 'example_bash_decorator' retrieved from /home/airflow/.local/lib/python3.12/site-packages/airflow/example_dags/example_bash_decorator.py
[2026-05-10T06:55:20.687+0000] {logging_mixin.py:188} INFO - [2026-05-10T06:55:20.687+0000] {dag.py:3096} INFO - Sync 1 DAGs
[2026-05-10T06:55:20.702+0000] {logging_mixin.py:188} INFO - [2026-05-10T06:55:20.702+0000] {dag.py:3954} INFO - Setting next_dagrun for example_bash_decorator to None, run_after=None
[2026-05-10T06:55:20.722+0000] {processor.py:183} INFO - Processing /home/airflow/.local/lib/python3.12/site-packages/airflow/example_dags/example_bash_decorator.py took 0.077 seconds
[2026-05-10T06:55:50.899+0000] {processor.py:161} INFO - Started process (PID=22781) to work on /home/airflow/.local/lib/python3.12/site-packages/airflow/example_dags/example_bash_decorator.py
[2026-05-10T06:55:50.899+0000] {processor.py:830} INFO - Processing file /home/airflow/.local/lib/python3.12/site-packages/airflow/example_dags/example_bash_decorator.py for tasks to queue
[2026-05-10T06:55:50.901+0000] {logging_mixin.py:188} INFO - [2026-05-10T06:55:50.901+0000] {dagbag.py:545} INFO - Filling up the DagBag from /home/airflow/.local/lib/python3.12/site-packages/airflow/example_dags/example_bash_decorator.py
[2026-05-10T06:55:50.912+0000] {processor.py:840} INFO - DAG(s) 'example_bash_decorator' retrieved from /home/airflow/.local/lib/python3.12/site-packages/airflow/example_dags/example_bash_decorator.py
[2026-05-10T06:55:50.936+0000] {logging_mixin.py:188} INFO - [2026-05-10T06:55:50.936+0000] {dag.py:3096} INFO - Sync 1 DAGs
[2026-05-10T06:55:50.949+0000] {logging_mixin.py:188} INFO - [2026-05-10T06:55:50.949+0000] {dag.py:3954} INFO - Setting next_dagrun for example_bash_decorator to None, run_after=None
[2026-05-10T06:55:50.966+0000] {processor.py:183} INFO - Processing /home/airflow/.local/lib/python3.12/site-packages/airflow/example_dags/example_bash_decorator.py took 0.072 seconds
[2026-05-10T06:56:21.383+0000] {processor.py:161} INFO - Started process (PID=22841) to work on /home/airflow/.local/lib/python3.12/site-packages/airflow/example_dags/example_bash_decorator.py
[2026-05-10T06:56:21.385+0000] {processor.py:830} INFO - Processing file /home/airflow/.local/lib/python3.12/site-packages/airflow/example_dags/example_bash_decorator.py for tasks to queue
[2026-05-10T06:56:21.388+0000] {logging_mixin.py:188} INFO - [2026-05-10T06:56:21.388+0000] {dagbag.py:545} INFO - Filling up the DagBag from /home/airflow/.local/lib/python3.12/site-packages/airflow/example_dags/example_bash_decorator.py
[2026-05-10T06:56:21.399+0000] {processor.py:840} INFO - DAG(s) 'example_bash_decorator' retrieved from /home/airflow/.local/lib/python3.12/site-packages/airflow/example_dags/example_bash_decorator.py
[2026-05-10T06:56:21.418+0000] {logging_mixin.py:188} INFO - [2026-05-10T06:56:21.418+0000] {dag.py:3096} INFO - Sync 1 DAGs
[2026-05-10T06:56:21.431+0000] {logging_mixin.py:188} INFO - [2026-05-10T06:56:21.431+0000] {dag.py:3954} INFO - Setting next_dagrun for example_bash_decorator to None, run_after=None
[2026-05-10T06:56:21.445+0000] {processor.py:183} INFO - Processing /home/airflow/.local/lib/python3.12/site-packages/airflow/example_dags/example_bash_decorator.py took 0.067 seconds
[2026-05-10T06:56:51.770+0000] {processor.py:161} INFO - Started process (PID=22901) to work on /home/airflow/.local/lib/python3.12/site-packages/airflow/example_dags/example_bash_decorator.py
[2026-05-10T06:56:51.771+0000] {processor.py:830} INFO - Processing file /home/airflow/.local/lib/python3.12/site-packages/airflow/example_dags/example_bash_decorator.py for tasks to queue
[2026-05-10T06:56:51.774+0000] {logging_mixin.py:188} INFO - [2026-05-10T06:56:51.773+0000] {dagbag.py:545} INFO - Filling up the DagBag from /home/airflow/.local/lib/python3.12/site-packages/airflow/example_dags/example_bash_decorator.py
[2026-05-10T06:56:51.784+0000] {processor.py:840} INFO - DAG(s) 'example_bash_decorator' retrieved from /home/airflow/.local/lib/python3.12/site-packages/airflow/example_dags/example_bash_decorator.py
[2026-05-10T06:56:51.801+0000] {logging_mixin.py:188} INFO - [2026-05-10T06:56:51.801+0000] {dag.py:3096} INFO - Sync 1 DAGs
[2026-05-10T06:56:51.824+0000] {logging_mixin.py:188} INFO - [2026-05-10T06:56:51.824+0000] {dag.py:3954} INFO - Setting next_dagrun for example_bash_decorator to None, run_after=None
[2026-05-10T06:56:51.839+0000] {processor.py:183} INFO - Processing /home/airflow/.local/lib/python3.12/site-packages/airflow/example_dags/example_bash_decorator.py took 0.073 seconds
[2026-05-10T06:57:22.241+0000] {processor.py:161} INFO - Started process (PID=22961) to work on /home/airflow/.local/lib/python3.12/site-packages/airflow/example_dags/example_bash_decorator.py
[2026-05-10T06:57:22.243+0000] {processor.py:830} INFO - Processing file /home/airflow/.local/lib/python3.12/site-packages/airflow/example_dags/example_bash_decorator.py for tasks to queue
[2026-05-10T06:57:22.245+0000] {logging_mixin.py:188} INFO - [2026-05-10T06:57:22.245+0000] {dagbag.py:545} INFO - Filling up the DagBag from /home/airflow/.local/lib/python3.12/site-packages/airflow/example_dags/example_bash_decorator.py
[2026-05-10T06:57:22.260+0000] {processor.py:840} INFO - DAG(s) 'example_bash_decorator' retrieved from /home/airflow/.local/lib/python3.12/site-packages/airflow/example_dags/example_bash_decorator.py
[2026-05-10T06:57:22.279+0000] {logging_mixin.py:188} INFO - [2026-05-10T06:57:22.279+0000] {dag.py:3096} INFO - Sync 1 DAGs
[2026-05-10T06:57:22.289+0000] {logging_mixin.py:188} INFO - [2026-05-10T06:57:22.289+0000] {dag.py:3954} INFO - Setting next_dagrun for example_bash_decorator to None, run_after=None
[2026-05-10T06:57:22.305+0000] {processor.py:183} INFO - Processing /home/airflow/.local/lib/python3.12/site-packages/airflow/example_dags/example_bash_decorator.py took 0.069 seconds
[2026-05-10T06:57:52.524+0000] {processor.py:161} INFO - Started process (PID=23021) to work on /home/airflow/.local/lib/python3.12/site-packages/airflow/example_dags/example_bash_decorator.py
[2026-05-10T06:57:52.526+0000] {processor.py:830} INFO - Processing file /home/airflow/.local/lib/python3.12/site-packages/airflow/example_dags/example_bash_decorator.py for tasks to queue
[2026-05-10T06:57:52.530+0000] {logging_mixin.py:188} INFO - [2026-05-10T06:57:52.529+0000] {dagbag.py:545} INFO - Filling up the DagBag from /home/airflow/.local/lib/python3.12/site-packages/airflow/example_dags/example_bash_decorator.py
[2026-05-10T06:57:52.541+0000] {processor.py:840} INFO - DAG(s) 'example_bash_decorator' retrieved from /home/airflow/.local/lib/python3.12/site-packages/airflow/example_dags/example_bash_decorator.py
[2026-05-10T06:57:52.560+0000] {logging_mixin.py:188} INFO - [2026-05-10T06:57:52.560+0000] {dag.py:3096} INFO - Sync 1 DAGs
[2026-05-10T06:57:52.570+0000] {logging_mixin.py:188} INFO - [2026-05-10T06:57:52.570+0000] {dag.py:3954} INFO - Setting next_dagrun for example_bash_decorator to None, run_after=None
[2026-05-10T06:57:52.585+0000] {processor.py:183} INFO - Processing /home/airflow/.local/lib/python3.12/site-packages/airflow/example_dags/example_bash_decorator.py took 0.065 seconds
[2026-05-10T06:58:22.794+0000] {processor.py:161} INFO - Started process (PID=23081) to work on /home/airflow/.local/lib/python3.12/site-packages/airflow/example_dags/example_bash_decorator.py
[2026-05-10T06:58:22.796+0000] {processor.py:830} INFO - Processing file /home/airflow/.local/lib/python3.12/site-packages/airflow/example_dags/example_bash_decorator.py for tasks to queue
[2026-05-10T06:58:22.798+0000] {logging_mixin.py:188} INFO - [2026-05-10T06:58:22.798+0000] {dagbag.py:545} INFO - Filling up the DagBag from /home/airflow/.local/lib/python3.12/site-packages/airflow/example_dags/example_bash_decorator.py
[2026-05-10T06:58:22.807+0000] {processor.py:840} INFO - DAG(s) 'example_bash_decorator' retrieved from /home/airflow/.local/lib/python3.12/site-packages/airflow/example_dags/example_bash_decorator.py
[2026-05-10T06:58:22.827+0000] {logging_mixin.py:188} INFO - [2026-05-10T06:58:22.826+0000] {dag.py:3096} INFO - Sync 1 DAGs
[2026-05-10T06:58:22.838+0000] {logging_mixin.py:188} INFO - [2026-05-10T06:58:22.838+0000] {dag.py:3954} INFO - Setting next_dagrun for example_bash_decorator to None, run_after=None
[2026-05-10T06:58:22.855+0000] {processor.py:183} INFO - Processing /home/airflow/.local/lib/python3.12/site-packages/airflow/example_dags/example_bash_decorator.py took 0.068 seconds
[2026-05-10T06:58:53.596+0000] {processor.py:161} INFO - Started process (PID=23141) to work on /home/airflow/.local/lib/python3.12/site-packages/airflow/example_dags/example_bash_decorator.py
[2026-05-10T06:58:53.598+0000] {processor.py:830} INFO - Processing file /home/airflow/.local/lib/python3.12/site-packages/airflow/example_dags/example_bash_decorator.py for tasks to queue
[2026-05-10T06:58:53.602+0000] {logging_mixin.py:188} INFO - [2026-05-10T06:58:53.602+0000] {dagbag.py:545} INFO - Filling up the DagBag from /home/airflow/.local/lib/python3.12/site-packages/airflow/example_dags/example_bash_decorator.py
[2026-05-10T06:58:53.615+0000] {processor.py:840} INFO - DAG(s) 'example_bash_decorator' retrieved from /home/airflow/.local/lib/python3.12/site-packages/airflow/example_dags/example_bash_decorator.py
[2026-05-10T06:58:53.639+0000] {logging_mixin.py:188} INFO - [2026-05-10T06:58:53.639+0000] {dag.py:3096} INFO - Sync 1 DAGs
[2026-05-10T06:58:53.651+0000] {logging_mixin.py:188} INFO - [2026-05-10T06:58:53.651+0000] {dag.py:3954} INFO - Setting next_dagrun for example_bash_decorator to None, run_after=None
[2026-05-10T06:58:53.672+0000] {processor.py:183} INFO - Processing /home/airflow/.local/lib/python3.12/site-packages/airflow/example_dags/example_bash_decorator.py took 0.081 seconds
[2026-05-10T06:59:23.933+0000] {processor.py:161} INFO - Started process (PID=23201) to work on /home/airflow/.local/lib/python3.12/site-packages/airflow/example_dags/example_bash_decorator.py
[2026-05-10T06:59:23.934+0000] {processor.py:830} INFO - Processing file /home/airflow/.local/lib/python3.12/site-packages/airflow/example_dags/example_bash_decorator.py for tasks to queue
[2026-05-10T06:59:23.937+0000] {logging_mixin.py:188} INFO - [2026-05-10T06:59:23.936+0000] {dagbag.py:545} INFO - Filling up the DagBag from /home/airflow/.local/lib/python3.12/site-packages/airflow/example_dags/example_bash_decorator.py
[2026-05-10T06:59:23.949+0000] {processor.py:840} INFO - DAG(s) 'example_bash_decorator' retrieved from /home/airflow/.local/lib/python3.12/site-packages/airflow/example_dags/example_bash_decorator.py
[2026-05-10T06:59:23.973+0000] {logging_mixin.py:188} INFO - [2026-05-10T06:59:23.972+0000] {dag.py:3096} INFO - Sync 1 DAGs
[2026-05-10T06:59:23.987+0000] {logging_mixin.py:188} INFO - [2026-05-10T06:59:23.987+0000] {dag.py:3954} INFO - Setting next_dagrun for example_bash_decorator to None, run_after=None
[2026-05-10T06:59:24.006+0000] {processor.py:183} INFO - Processing /home/airflow/.local/lib/python3.12/site-packages/airflow/example_dags/example_bash_decorator.py took 0.079 seconds
[2026-05-10T06:59:54.393+0000] {processor.py:161} INFO - Started process (PID=23261) to work on /home/airflow/.local/lib/python3.12/site-packages/airflow/example_dags/example_bash_decorator.py
[2026-05-10T06:59:54.394+0000] {processor.py:830} INFO - Processing file /home/airflow/.local/lib/python3.12/site-packages/airflow/example_dags/example_bash_decorator.py for tasks to queue
[2026-05-10T06:59:54.397+0000] {logging_mixin.py:188} INFO - [2026-05-10T06:59:54.396+0000] {dagbag.py:545} INFO - Filling up the DagBag from /home/airflow/.local/lib/python3.12/site-packages/airflow/example_dags/example_bash_decorator.py
[2026-05-10T06:59:54.408+0000] {processor.py:840} INFO - DAG(s) 'example_bash_decorator' retrieved from /home/airflow/.local/lib/python3.12/site-packages/airflow/example_dags/example_bash_decorator.py
[2026-05-10T06:59:54.426+0000] {logging_mixin.py:188} INFO - [2026-05-10T06:59:54.426+0000] {dag.py:3096} INFO - Sync 1 DAGs
[2026-05-10T06:59:54.436+0000] {logging_mixin.py:188} INFO - [2026-05-10T06:59:54.436+0000] {dag.py:3954} INFO - Setting next_dagrun for example_bash_decorator to None, run_after=None
[2026-05-10T06:59:54.452+0000] {processor.py:183} INFO - Processing /home/airflow/.local/lib/python3.12/site-packages/airflow/example_dags/example_bash_decorator.py took 0.065 seconds
[2026-05-10T07:00:24.628+0000] {processor.py:161} INFO - Started process (PID=23321) to work on /home/airflow/.local/lib/python3.12/site-packages/airflow/example_dags/example_bash_decorator.py
[2026-05-10T07:00:24.630+0000] {processor.py:830} INFO - Processing file /home/airflow/.local/lib/python3.12/site-packages/airflow/example_dags/example_bash_decorator.py for tasks to queue
[2026-05-10T07:00:24.634+0000] {logging_mixin.py:188} INFO - [2026-05-10T07:00:24.634+0000] {dagbag.py:545} INFO - Filling up the DagBag from /home/airflow/.local/lib/python3.12/site-packages/airflow/example_dags/example_bash_decorator.py
[2026-05-10T07:00:24.649+0000] {processor.py:840} INFO - DAG(s) 'example_bash_decorator' retrieved from /home/airflow/.local/lib/python3.12/site-packages/airflow/example_dags/example_bash_decorator.py
[2026-05-10T07:00:24.669+0000] {logging_mixin.py:188} INFO - [2026-05-10T07:00:24.669+0000] {dag.py:3096} INFO - Sync 1 DAGs
[2026-05-10T07:00:24.681+0000] {logging_mixin.py:188} INFO - [2026-05-10T07:00:24.681+0000] {dag.py:3954} INFO - Setting next_dagrun for example_bash_decorator to None, run_after=None
[2026-05-10T07:00:24.699+0000] {processor.py:183} INFO - Processing /home/airflow/.local/lib/python3.12/site-packages/airflow/example_dags/example_bash_decorator.py took 0.082 seconds
[2026-05-10T07:00:54.940+0000] {processor.py:161} INFO - Started process (PID=23381) to work on /home/airflow/.local/lib/python3.12/site-packages/airflow/example_dags/example_bash_decorator.py
[2026-05-10T07:00:54.944+0000] {processor.py:830} INFO - Processing file /home/airflow/.local/lib/python3.12/site-packages/airflow/example_dags/example_bash_decorator.py for tasks to queue
[2026-05-10T07:00:54.949+0000] {logging_mixin.py:188} INFO - [2026-05-10T07:00:54.949+0000] {dagbag.py:545} INFO - Filling up the DagBag from /home/airflow/.local/lib/python3.12/site-packages/airflow/example_dags/example_bash_decorator.py
[2026-05-10T07:00:54.962+0000] {processor.py:840} INFO - DAG(s) 'example_bash_decorator' retrieved from /home/airflow/.local/lib/python3.12/site-packages/airflow/example_dags/example_bash_decorator.py
[2026-05-10T07:00:54.981+0000] {logging_mixin.py:188} INFO - [2026-05-10T07:00:54.981+0000] {dag.py:3096} INFO - Sync 1 DAGs
[2026-05-10T07:00:54.991+0000] {logging_mixin.py:188} INFO - [2026-05-10T07:00:54.991+0000] {dag.py:3954} INFO - Setting next_dagrun for example_bash_decorator to None, run_after=None
[2026-05-10T07:00:55.009+0000] {processor.py:183} INFO - Processing /home/airflow/.local/lib/python3.12/site-packages/airflow/example_dags/example_bash_decorator.py took 0.074 seconds
[2026-05-10T07:01:25.251+0000] {processor.py:161} INFO - Started process (PID=23441) to work on /home/airflow/.local/lib/python3.12/site-packages/airflow/example_dags/example_bash_decorator.py
[2026-05-10T07:01:25.253+0000] {processor.py:830} INFO - Processing file /home/airflow/.local/lib/python3.12/site-packages/airflow/example_dags/example_bash_decorator.py for tasks to queue
[2026-05-10T07:01:25.255+0000] {logging_mixin.py:188} INFO - [2026-05-10T07:01:25.255+0000] {dagbag.py:545} INFO - Filling up the DagBag from /home/airflow/.local/lib/python3.12/site-packages/airflow/example_dags/example_bash_decorator.py
[2026-05-10T07:01:25.268+0000] {processor.py:840} INFO - DAG(s) 'example_bash_decorator' retrieved from /home/airflow/.local/lib/python3.12/site-packages/airflow/example_dags/example_bash_decorator.py
[2026-05-10T07:01:25.285+0000] {logging_mixin.py:188} INFO - [2026-05-10T07:01:25.285+0000] {dag.py:3096} INFO - Sync 1 DAGs
[2026-05-10T07:01:25.295+0000] {logging_mixin.py:188} INFO - [2026-05-10T07:01:25.294+0000] {dag.py:3954} INFO - Setting next_dagrun for example_bash_decorator to None, run_after=None
[2026-05-10T07:01:25.311+0000] {processor.py:183} INFO - Processing /home/airflow/.local/lib/python3.12/site-packages/airflow/example_dags/example_bash_decorator.py took 0.064 seconds
[2026-05-10T07:01:55.536+0000] {processor.py:161} INFO - Started process (PID=23501) to work on /home/airflow/.local/lib/python3.12/site-packages/airflow/example_dags/example_bash_decorator.py
[2026-05-10T07:01:55.539+0000] {processor.py:830} INFO - Processing file /home/airflow/.local/lib/python3.12/site-packages/airflow/example_dags/example_bash_decorator.py for tasks to queue
[2026-05-10T07:01:55.543+0000] {logging_mixin.py:188} INFO - [2026-05-10T07:01:55.542+0000] {dagbag.py:545} INFO - Filling up the DagBag from /home/airflow/.local/lib/python3.12/site-packages/airflow/example_dags/example_bash_decorator.py
[2026-05-10T07:01:55.560+0000] {processor.py:840} INFO - DAG(s) 'example_bash_decorator' retrieved from /home/airflow/.local/lib/python3.12/site-packages/airflow/example_dags/example_bash_decorator.py
[2026-05-10T07:01:55.580+0000] {logging_mixin.py:188} INFO - [2026-05-10T07:01:55.580+0000] {dag.py:3096} INFO - Sync 1 DAGs
[2026-05-10T07:01:55.590+0000] {logging_mixin.py:188} INFO - [2026-05-10T07:01:55.589+0000] {dag.py:3954} INFO - Setting next_dagrun for example_bash_decorator to None, run_after=None
[2026-05-10T07:01:55.604+0000] {processor.py:183} INFO - Processing /home/airflow/.local/lib/python3.12/site-packages/airflow/example_dags/example_bash_decorator.py took 0.078 seconds
[2026-05-10T07:02:26.007+0000] {processor.py:161} INFO - Started process (PID=23561) to work on /home/airflow/.local/lib/python3.12/site-packages/airflow/example_dags/example_bash_decorator.py
[2026-05-10T07:02:26.009+0000] {processor.py:830} INFO - Processing file /home/airflow/.local/lib/python3.12/site-packages/airflow/example_dags/example_bash_decorator.py for tasks to queue
[2026-05-10T07:02:26.011+0000] {logging_mixin.py:188} INFO - [2026-05-10T07:02:26.011+0000] {dagbag.py:545} INFO - Filling up the DagBag from /home/airflow/.local/lib/python3.12/site-packages/airflow/example_dags/example_bash_decorator.py
[2026-05-10T07:02:26.022+0000] {processor.py:840} INFO - DAG(s) 'example_bash_decorator' retrieved from /home/airflow/.local/lib/python3.12/site-packages/airflow/example_dags/example_bash_decorator.py
[2026-05-10T07:02:26.039+0000] {logging_mixin.py:188} INFO - [2026-05-10T07:02:26.039+0000] {dag.py:3096} INFO - Sync 1 DAGs
[2026-05-10T07:02:26.049+0000] {logging_mixin.py:188} INFO - [2026-05-10T07:02:26.049+0000] {dag.py:3954} INFO - Setting next_dagrun for example_bash_decorator to None, run_after=None
[2026-05-10T07:02:26.067+0000] {processor.py:183} INFO - Processing /home/airflow/.local/lib/python3.12/site-packages/airflow/example_dags/example_bash_decorator.py took 0.064 seconds
[2026-05-10T07:02:56.379+0000] {processor.py:161} INFO - Started process (PID=23621) to work on /home/airflow/.local/lib/python3.12/site-packages/airflow/example_dags/example_bash_decorator.py
[2026-05-10T07:02:56.381+0000] {processor.py:830} INFO - Processing file /home/airflow/.local/lib/python3.12/site-packages/airflow/example_dags/example_bash_decorator.py for tasks to queue
[2026-05-10T07:02:56.383+0000] {logging_mixin.py:188} INFO - [2026-05-10T07:02:56.383+0000] {dagbag.py:545} INFO - Filling up the DagBag from /home/airflow/.local/lib/python3.12/site-packages/airflow/example_dags/example_bash_decorator.py
[2026-05-10T07:02:56.394+0000] {processor.py:840} INFO - DAG(s) 'example_bash_decorator' retrieved from /home/airflow/.local/lib/python3.12/site-packages/airflow/example_dags/example_bash_decorator.py
[2026-05-10T07:02:56.416+0000] {logging_mixin.py:188} INFO - [2026-05-10T07:02:56.416+0000] {dag.py:3096} INFO - Sync 1 DAGs
[2026-05-10T07:02:56.428+0000] {logging_mixin.py:188} INFO - [2026-05-10T07:02:56.428+0000] {dag.py:3954} INFO - Setting next_dagrun for example_bash_decorator to None, run_after=None
[2026-05-10T07:02:56.448+0000] {processor.py:183} INFO - Processing /home/airflow/.local/lib/python3.12/site-packages/airflow/example_dags/example_bash_decorator.py took 0.074 seconds
[2026-05-10T07:03:26.674+0000] {processor.py:161} INFO - Started process (PID=23681) to work on /home/airflow/.local/lib/python3.12/site-packages/airflow/example_dags/example_bash_decorator.py
[2026-05-10T07:03:26.676+0000] {processor.py:830} INFO - Processing file /home/airflow/.local/lib/python3.12/site-packages/airflow/example_dags/example_bash_decorator.py for tasks to queue
[2026-05-10T07:03:26.678+0000] {logging_mixin.py:188} INFO - [2026-05-10T07:03:26.678+0000] {dagbag.py:545} INFO - Filling up the DagBag from /home/airflow/.local/lib/python3.12/site-packages/airflow/example_dags/example_bash_decorator.py
[2026-05-10T07:03:26.688+0000] {processor.py:840} INFO - DAG(s) 'example_bash_decorator' retrieved from /home/airflow/.local/lib/python3.12/site-packages/airflow/example_dags/example_bash_decorator.py
[2026-05-10T07:03:26.705+0000] {logging_mixin.py:188} INFO - [2026-05-10T07:03:26.705+0000] {dag.py:3096} INFO - Sync 1 DAGs
[2026-05-10T07:03:26.715+0000] {logging_mixin.py:188} INFO - [2026-05-10T07:03:26.714+0000] {dag.py:3954} INFO - Setting next_dagrun for example_bash_decorator to None, run_after=None
[2026-05-10T07:03:26.730+0000] {processor.py:183} INFO - Processing /home/airflow/.local/lib/python3.12/site-packages/airflow/example_dags/example_bash_decorator.py took 0.061 seconds
[2026-05-10T07:03:57.330+0000] {processor.py:161} INFO - Started process (PID=23741) to work on /home/airflow/.local/lib/python3.12/site-packages/airflow/example_dags/example_bash_decorator.py
[2026-05-10T07:03:57.331+0000] {processor.py:830} INFO - Processing file /home/airflow/.local/lib/python3.12/site-packages/airflow/example_dags/example_bash_decorator.py for tasks to queue
[2026-05-10T07:03:57.334+0000] {logging_mixin.py:188} INFO - [2026-05-10T07:03:57.334+0000] {dagbag.py:545} INFO - Filling up the DagBag from /home/airflow/.local/lib/python3.12/site-packages/airflow/example_dags/example_bash_decorator.py
[2026-05-10T07:03:57.352+0000] {processor.py:840} INFO - DAG(s) 'example_bash_decorator' retrieved from /home/airflow/.local/lib/python3.12/site-packages/airflow/example_dags/example_bash_decorator.py
[2026-05-10T07:03:57.380+0000] {logging_mixin.py:188} INFO - [2026-05-10T07:03:57.379+0000] {dag.py:3096} INFO - Sync 1 DAGs
[2026-05-10T07:03:57.391+0000] {logging_mixin.py:188} INFO - [2026-05-10T07:03:57.390+0000] {dag.py:3954} INFO - Setting next_dagrun for example_bash_decorator to None, run_after=None
[2026-05-10T07:03:57.411+0000] {processor.py:183} INFO - Processing /home/airflow/.local/lib/python3.12/site-packages/airflow/example_dags/example_bash_decorator.py took 0.086 seconds
[2026-05-10T07:04:27.703+0000] {processor.py:161} INFO - Started process (PID=23801) to work on /home/airflow/.local/lib/python3.12/site-packages/airflow/example_dags/example_bash_decorator.py
[2026-05-10T07:04:27.704+0000] {processor.py:830} INFO - Processing file /home/airflow/.local/lib/python3.12/site-packages/airflow/example_dags/example_bash_decorator.py for tasks to queue
[2026-05-10T07:04:27.706+0000] {logging_mixin.py:188} INFO - [2026-05-10T07:04:27.706+0000] {dagbag.py:545} INFO - Filling up the DagBag from /home/airflow/.local/lib/python3.12/site-packages/airflow/example_dags/example_bash_decorator.py
[2026-05-10T07:04:27.719+0000] {processor.py:840} INFO - DAG(s) 'example_bash_decorator' retrieved from /home/airflow/.local/lib/python3.12/site-packages/airflow/example_dags/example_bash_decorator.py
[2026-05-10T07:04:27.739+0000] {logging_mixin.py:188} INFO - [2026-05-10T07:04:27.739+0000] {dag.py:3096} INFO - Sync 1 DAGs
[2026-05-10T07:04:27.750+0000] {logging_mixin.py:188} INFO - [2026-05-10T07:04:27.750+0000] {dag.py:3954} INFO - Setting next_dagrun for example_bash_decorator to None, run_after=None
[2026-05-10T07:04:27.767+0000] {processor.py:183} INFO - Processing /home/airflow/.local/lib/python3.12/site-packages/airflow/example_dags/example_bash_decorator.py took 0.069 seconds
[2026-05-10T07:04:57.838+0000] {processor.py:161} INFO - Started process (PID=23861) to work on /home/airflow/.local/lib/python3.12/site-packages/airflow/example_dags/example_bash_decorator.py
[2026-05-10T07:04:57.840+0000] {processor.py:830} INFO - Processing file /home/airflow/.local/lib/python3.12/site-packages/airflow/example_dags/example_bash_decorator.py for tasks to queue
[2026-05-10T07:04:57.842+0000] {logging_mixin.py:188} INFO - [2026-05-10T07:04:57.842+0000] {dagbag.py:545} INFO - Filling up the DagBag from /home/airflow/.local/lib/python3.12/site-packages/airflow/example_dags/example_bash_decorator.py
[2026-05-10T07:04:57.854+0000] {processor.py:840} INFO - DAG(s) 'example_bash_decorator' retrieved from /home/airflow/.local/lib/python3.12/site-packages/airflow/example_dags/example_bash_decorator.py
[2026-05-10T07:04:57.871+0000] {logging_mixin.py:188} INFO - [2026-05-10T07:04:57.871+0000] {dag.py:3096} INFO - Sync 1 DAGs
[2026-05-10T07:04:57.883+0000] {logging_mixin.py:188} INFO - [2026-05-10T07:04:57.883+0000] {dag.py:3954} INFO - Setting next_dagrun for example_bash_decorator to None, run_after=None
[2026-05-10T07:04:57.899+0000] {processor.py:183} INFO - Processing /home/airflow/.local/lib/python3.12/site-packages/airflow/example_dags/example_bash_decorator.py took 0.066 seconds
[2026-05-10T07:05:28.356+0000] {processor.py:161} INFO - Started process (PID=23921) to work on /home/airflow/.local/lib/python3.12/site-packages/airflow/example_dags/example_bash_decorator.py
[2026-05-10T07:05:28.358+0000] {processor.py:830} INFO - Processing file /home/airflow/.local/lib/python3.12/site-packages/airflow/example_dags/example_bash_decorator.py for tasks to queue
[2026-05-10T07:05:28.360+0000] {logging_mixin.py:188} INFO - [2026-05-10T07:05:28.359+0000] {dagbag.py:545} INFO - Filling up the DagBag from /home/airflow/.local/lib/python3.12/site-packages/airflow/example_dags/example_bash_decorator.py
[2026-05-10T07:05:28.370+0000] {processor.py:840} INFO - DAG(s) 'example_bash_decorator' retrieved from /home/airflow/.local/lib/python3.12/site-packages/airflow/example_dags/example_bash_decorator.py
[2026-05-10T07:05:28.386+0000] {logging_mixin.py:188} INFO - [2026-05-10T07:05:28.386+0000] {dag.py:3096} INFO - Sync 1 DAGs
[2026-05-10T07:05:28.396+0000] {logging_mixin.py:188} INFO - [2026-05-10T07:05:28.396+0000] {dag.py:3954} INFO - Setting next_dagrun for example_bash_decorator to None, run_after=None
[2026-05-10T07:05:28.410+0000] {processor.py:183} INFO - Processing /home/airflow/.local/lib/python3.12/site-packages/airflow/example_dags/example_bash_decorator.py took 0.058 seconds
[2026-05-10T07:05:58.605+0000] {processor.py:161} INFO - Started process (PID=23981) to work on /home/airflow/.local/lib/python3.12/site-packages/airflow/example_dags/example_bash_decorator.py
[2026-05-10T07:05:58.607+0000] {processor.py:830} INFO - Processing file /home/airflow/.local/lib/python3.12/site-packages/airflow/example_dags/example_bash_decorator.py for tasks to queue
[2026-05-10T07:05:58.611+0000] {logging_mixin.py:188} INFO - [2026-05-10T07:05:58.611+0000] {dagbag.py:545} INFO - Filling up the DagBag from /home/airflow/.local/lib/python3.12/site-packages/airflow/example_dags/example_bash_decorator.py
[2026-05-10T07:05:58.631+0000] {processor.py:840} INFO - DAG(s) 'example_bash_decorator' retrieved from /home/airflow/.local/lib/python3.12/site-packages/airflow/example_dags/example_bash_decorator.py
[2026-05-10T07:05:58.656+0000] {logging_mixin.py:188} INFO - [2026-05-10T07:05:58.655+0000] {dag.py:3096} INFO - Sync 1 DAGs
[2026-05-10T07:05:58.670+0000] {logging_mixin.py:188} INFO - [2026-05-10T07:05:58.670+0000] {dag.py:3954} INFO - Setting next_dagrun for example_bash_decorator to None, run_after=None
[2026-05-10T07:05:58.689+0000] {processor.py:183} INFO - Processing /home/airflow/.local/lib/python3.12/site-packages/airflow/example_dags/example_bash_decorator.py took 0.095 seconds
[2026-05-10T07:06:28.965+0000] {processor.py:161} INFO - Started process (PID=24041) to work on /home/airflow/.local/lib/python3.12/site-packages/airflow/example_dags/example_bash_decorator.py
[2026-05-10T07:06:28.967+0000] {processor.py:830} INFO - Processing file /home/airflow/.local/lib/python3.12/site-packages/airflow/example_dags/example_bash_decorator.py for tasks to queue
[2026-05-10T07:06:28.969+0000] {logging_mixin.py:188} INFO - [2026-05-10T07:06:28.968+0000] {dagbag.py:545} INFO - Filling up the DagBag from /home/airflow/.local/lib/python3.12/site-packages/airflow/example_dags/example_bash_decorator.py
[2026-05-10T07:06:28.981+0000] {processor.py:840} INFO - DAG(s) 'example_bash_decorator' retrieved from /home/airflow/.local/lib/python3.12/site-packages/airflow/example_dags/example_bash_decorator.py
[2026-05-10T07:06:29.005+0000] {logging_mixin.py:188} INFO - [2026-05-10T07:06:29.004+0000] {dag.py:3096} INFO - Sync 1 DAGs
[2026-05-10T07:06:29.016+0000] {logging_mixin.py:188} INFO - [2026-05-10T07:06:29.016+0000] {dag.py:3954} INFO - Setting next_dagrun for example_bash_decorator to None, run_after=None
[2026-05-10T07:06:29.032+0000] {processor.py:183} INFO - Processing /home/airflow/.local/lib/python3.12/site-packages/airflow/example_dags/example_bash_decorator.py took 0.072 seconds
[2026-05-10T07:06:59.151+0000] {processor.py:161} INFO - Started process (PID=24101) to work on /home/airflow/.local/lib/python3.12/site-packages/airflow/example_dags/example_bash_decorator.py
[2026-05-10T07:06:59.153+0000] {processor.py:830} INFO - Processing file /home/airflow/.local/lib/python3.12/site-packages/airflow/example_dags/example_bash_decorator.py for tasks to queue
[2026-05-10T07:06:59.155+0000] {logging_mixin.py:188} INFO - [2026-05-10T07:06:59.155+0000] {dagbag.py:545} INFO - Filling up the DagBag from /home/airflow/.local/lib/python3.12/site-packages/airflow/example_dags/example_bash_decorator.py
[2026-05-10T07:06:59.166+0000] {processor.py:840} INFO - DAG(s) 'example_bash_decorator' retrieved from /home/airflow/.local/lib/python3.12/site-packages/airflow/example_dags/example_bash_decorator.py
[2026-05-10T07:06:59.186+0000] {logging_mixin.py:188} INFO - [2026-05-10T07:06:59.186+0000] {dag.py:3096} INFO - Sync 1 DAGs
[2026-05-10T07:06:59.196+0000] {logging_mixin.py:188} INFO - [2026-05-10T07:06:59.196+0000] {dag.py:3954} INFO - Setting next_dagrun for example_bash_decorator to None, run_after=None
[2026-05-10T07:06:59.212+0000] {processor.py:183} INFO - Processing /home/airflow/.local/lib/python3.12/site-packages/airflow/example_dags/example_bash_decorator.py took 0.066 seconds
[2026-05-10T07:07:29.749+0000] {processor.py:161} INFO - Started process (PID=24161) to work on /home/airflow/.local/lib/python3.12/site-packages/airflow/example_dags/example_bash_decorator.py
[2026-05-10T07:07:29.750+0000] {processor.py:830} INFO - Processing file /home/airflow/.local/lib/python3.12/site-packages/airflow/example_dags/example_bash_decorator.py for tasks to queue
[2026-05-10T07:07:29.752+0000] {logging_mixin.py:188} INFO - [2026-05-10T07:07:29.752+0000] {dagbag.py:545} INFO - Filling up the DagBag from /home/airflow/.local/lib/python3.12/site-packages/airflow/example_dags/example_bash_decorator.py
[2026-05-10T07:07:29.765+0000] {processor.py:840} INFO - DAG(s) 'example_bash_decorator' retrieved from /home/airflow/.local/lib/python3.12/site-packages/airflow/example_dags/example_bash_decorator.py
[2026-05-10T07:07:29.784+0000] {logging_mixin.py:188} INFO - [2026-05-10T07:07:29.784+0000] {dag.py:3096} INFO - Sync 1 DAGs
[2026-05-10T07:07:29.793+0000] {logging_mixin.py:188} INFO - [2026-05-10T07:07:29.793+0000] {dag.py:3954} INFO - Setting next_dagrun for example_bash_decorator to None, run_after=None
[2026-05-10T07:07:29.810+0000] {processor.py:183} INFO - Processing /home/airflow/.local/lib/python3.12/site-packages/airflow/example_dags/example_bash_decorator.py took 0.067 seconds
[2026-05-10T07:08:00.393+0000] {processor.py:161} INFO - Started process (PID=24221) to work on /home/airflow/.local/lib/python3.12/site-packages/airflow/example_dags/example_bash_decorator.py
[2026-05-10T07:08:00.396+0000] {processor.py:830} INFO - Processing file /home/airflow/.local/lib/python3.12/site-packages/airflow/example_dags/example_bash_decorator.py for tasks to queue
[2026-05-10T07:08:00.400+0000] {logging_mixin.py:188} INFO - [2026-05-10T07:08:00.400+0000] {dagbag.py:545} INFO - Filling up the DagBag from /home/airflow/.local/lib/python3.12/site-packages/airflow/example_dags/example_bash_decorator.py
[2026-05-10T07:08:00.428+0000] {processor.py:840} INFO - DAG(s) 'example_bash_decorator' retrieved from /home/airflow/.local/lib/python3.12/site-packages/airflow/example_dags/example_bash_decorator.py
[2026-05-10T07:08:00.467+0000] {logging_mixin.py:188} INFO - [2026-05-10T07:08:00.467+0000] {dag.py:3096} INFO - Sync 1 DAGs
[2026-05-10T07:08:00.487+0000] {logging_mixin.py:188} INFO - [2026-05-10T07:08:00.487+0000] {dag.py:3954} INFO - Setting next_dagrun for example_bash_decorator to None, run_after=None
[2026-05-10T07:08:00.512+0000] {processor.py:183} INFO - Processing /home/airflow/.local/lib/python3.12/site-packages/airflow/example_dags/example_bash_decorator.py took 0.133 seconds
[2026-05-10T07:08:31.243+0000] {processor.py:161} INFO - Started process (PID=24281) to work on /home/airflow/.local/lib/python3.12/site-packages/airflow/example_dags/example_bash_decorator.py
[2026-05-10T07:08:31.248+0000] {processor.py:830} INFO - Processing file /home/airflow/.local/lib/python3.12/site-packages/airflow/example_dags/example_bash_decorator.py for tasks to queue
[2026-05-10T07:08:31.254+0000] {logging_mixin.py:188} INFO - [2026-05-10T07:08:31.253+0000] {dagbag.py:545} INFO - Filling up the DagBag from /home/airflow/.local/lib/python3.12/site-packages/airflow/example_dags/example_bash_decorator.py
[2026-05-10T07:08:31.280+0000] {processor.py:840} INFO - DAG(s) 'example_bash_decorator' retrieved from /home/airflow/.local/lib/python3.12/site-packages/airflow/example_dags/example_bash_decorator.py
[2026-05-10T07:08:31.341+0000] {logging_mixin.py:188} INFO - [2026-05-10T07:08:31.340+0000] {dag.py:3096} INFO - Sync 1 DAGs
[2026-05-10T07:08:31.360+0000] {logging_mixin.py:188} INFO - [2026-05-10T07:08:31.359+0000] {dag.py:3954} INFO - Setting next_dagrun for example_bash_decorator to None, run_after=None
[2026-05-10T07:08:31.391+0000] {processor.py:183} INFO - Processing /home/airflow/.local/lib/python3.12/site-packages/airflow/example_dags/example_bash_decorator.py took 0.160 seconds
[2026-05-10T07:09:01.710+0000] {processor.py:161} INFO - Started process (PID=24341) to work on /home/airflow/.local/lib/python3.12/site-packages/airflow/example_dags/example_bash_decorator.py
[2026-05-10T07:09:01.713+0000] {processor.py:830} INFO - Processing file /home/airflow/.local/lib/python3.12/site-packages/airflow/example_dags/example_bash_decorator.py for tasks to queue
[2026-05-10T07:09:01.716+0000] {logging_mixin.py:188} INFO - [2026-05-10T07:09:01.715+0000] {dagbag.py:545} INFO - Filling up the DagBag from /home/airflow/.local/lib/python3.12/site-packages/airflow/example_dags/example_bash_decorator.py
[2026-05-10T07:09:01.730+0000] {processor.py:840} INFO - DAG(s) 'example_bash_decorator' retrieved from /home/airflow/.local/lib/python3.12/site-packages/airflow/example_dags/example_bash_decorator.py
[2026-05-10T07:09:01.749+0000] {logging_mixin.py:188} INFO - [2026-05-10T07:09:01.749+0000] {dag.py:3096} INFO - Sync 1 DAGs
[2026-05-10T07:09:01.760+0000] {logging_mixin.py:188} INFO - [2026-05-10T07:09:01.760+0000] {dag.py:3954} INFO - Setting next_dagrun for example_bash_decorator to None, run_after=None
[2026-05-10T07:09:01.777+0000] {processor.py:183} INFO - Processing /home/airflow/.local/lib/python3.12/site-packages/airflow/example_dags/example_bash_decorator.py took 0.072 seconds
[2026-05-10T07:09:32.264+0000] {processor.py:161} INFO - Started process (PID=24401) to work on /home/airflow/.local/lib/python3.12/site-packages/airflow/example_dags/example_bash_decorator.py
[2026-05-10T07:09:32.267+0000] {processor.py:830} INFO - Processing file /home/airflow/.local/lib/python3.12/site-packages/airflow/example_dags/example_bash_decorator.py for tasks to queue
[2026-05-10T07:09:32.270+0000] {logging_mixin.py:188} INFO - [2026-05-10T07:09:32.270+0000] {dagbag.py:545} INFO - Filling up the DagBag from /home/airflow/.local/lib/python3.12/site-packages/airflow/example_dags/example_bash_decorator.py
[2026-05-10T07:09:32.283+0000] {processor.py:840} INFO - DAG(s) 'example_bash_decorator' retrieved from /home/airflow/.local/lib/python3.12/site-packages/airflow/example_dags/example_bash_decorator.py
[2026-05-10T07:09:32.302+0000] {logging_mixin.py:188} INFO - [2026-05-10T07:09:32.302+0000] {dag.py:3096} INFO - Sync 1 DAGs
[2026-05-10T07:09:32.314+0000] {logging_mixin.py:188} INFO - [2026-05-10T07:09:32.314+0000] {dag.py:3954} INFO - Setting next_dagrun for example_bash_decorator to None, run_after=None
[2026-05-10T07:09:32.329+0000] {processor.py:183} INFO - Processing /home/airflow/.local/lib/python3.12/site-packages/airflow/example_dags/example_bash_decorator.py took 0.071 seconds
[2026-05-10T07:10:02.460+0000] {processor.py:161} INFO - Started process (PID=24461) to work on /home/airflow/.local/lib/python3.12/site-packages/airflow/example_dags/example_bash_decorator.py
[2026-05-10T07:10:02.461+0000] {processor.py:830} INFO - Processing file /home/airflow/.local/lib/python3.12/site-packages/airflow/example_dags/example_bash_decorator.py for tasks to queue
[2026-05-10T07:10:02.466+0000] {logging_mixin.py:188} INFO - [2026-05-10T07:10:02.466+0000] {dagbag.py:545} INFO - Filling up the DagBag from /home/airflow/.local/lib/python3.12/site-packages/airflow/example_dags/example_bash_decorator.py
[2026-05-10T07:10:02.477+0000] {processor.py:840} INFO - DAG(s) 'example_bash_decorator' retrieved from /home/airflow/.local/lib/python3.12/site-packages/airflow/example_dags/example_bash_decorator.py
[2026-05-10T07:10:02.498+0000] {logging_mixin.py:188} INFO - [2026-05-10T07:10:02.498+0000] {dag.py:3096} INFO - Sync 1 DAGs
[2026-05-10T07:10:02.510+0000] {logging_mixin.py:188} INFO - [2026-05-10T07:10:02.509+0000] {dag.py:3954} INFO - Setting next_dagrun for example_bash_decorator to None, run_after=None
[2026-05-10T07:10:02.532+0000] {processor.py:183} INFO - Processing /home/airflow/.local/lib/python3.12/site-packages/airflow/example_dags/example_bash_decorator.py took 0.077 seconds
[2026-05-10T07:10:32.978+0000] {processor.py:161} INFO - Started process (PID=24521) to work on /home/airflow/.local/lib/python3.12/site-packages/airflow/example_dags/example_bash_decorator.py
[2026-05-10T07:10:32.980+0000] {processor.py:830} INFO - Processing file /home/airflow/.local/lib/python3.12/site-packages/airflow/example_dags/example_bash_decorator.py for tasks to queue
[2026-05-10T07:10:32.982+0000] {logging_mixin.py:188} INFO - [2026-05-10T07:10:32.982+0000] {dagbag.py:545} INFO - Filling up the DagBag from /home/airflow/.local/lib/python3.12/site-packages/airflow/example_dags/example_bash_decorator.py
[2026-05-10T07:10:32.994+0000] {processor.py:840} INFO - DAG(s) 'example_bash_decorator' retrieved from /home/airflow/.local/lib/python3.12/site-packages/airflow/example_dags/example_bash_decorator.py
[2026-05-10T07:10:33.019+0000] {logging_mixin.py:188} INFO - [2026-05-10T07:10:33.019+0000] {dag.py:3096} INFO - Sync 1 DAGs
[2026-05-10T07:10:33.031+0000] {logging_mixin.py:188} INFO - [2026-05-10T07:10:33.031+0000] {dag.py:3954} INFO - Setting next_dagrun for example_bash_decorator to None, run_after=None
[2026-05-10T07:10:33.045+0000] {processor.py:183} INFO - Processing /home/airflow/.local/lib/python3.12/site-packages/airflow/example_dags/example_bash_decorator.py took 0.072 seconds
[2026-05-10T07:11:04.145+0000] {processor.py:161} INFO - Started process (PID=24581) to work on /home/airflow/.local/lib/python3.12/site-packages/airflow/example_dags/example_bash_decorator.py
[2026-05-10T07:11:04.147+0000] {processor.py:830} INFO - Processing file /home/airflow/.local/lib/python3.12/site-packages/airflow/example_dags/example_bash_decorator.py for tasks to queue
[2026-05-10T07:11:04.149+0000] {logging_mixin.py:188} INFO - [2026-05-10T07:11:04.149+0000] {dagbag.py:545} INFO - Filling up the DagBag from /home/airflow/.local/lib/python3.12/site-packages/airflow/example_dags/example_bash_decorator.py
[2026-05-10T07:11:04.160+0000] {processor.py:840} INFO - DAG(s) 'example_bash_decorator' retrieved from /home/airflow/.local/lib/python3.12/site-packages/airflow/example_dags/example_bash_decorator.py
[2026-05-10T07:11:04.181+0000] {logging_mixin.py:188} INFO - [2026-05-10T07:11:04.180+0000] {dag.py:3096} INFO - Sync 1 DAGs
[2026-05-10T07:11:04.191+0000] {logging_mixin.py:188} INFO - [2026-05-10T07:11:04.191+0000] {dag.py:3954} INFO - Setting next_dagrun for example_bash_decorator to None, run_after=None
[2026-05-10T07:11:04.209+0000] {processor.py:183} INFO - Processing /home/airflow/.local/lib/python3.12/site-packages/airflow/example_dags/example_bash_decorator.py took 0.068 seconds
[2026-05-10T07:11:34.849+0000] {processor.py:161} INFO - Started process (PID=24641) to work on /home/airflow/.local/lib/python3.12/site-packages/airflow/example_dags/example_bash_decorator.py
[2026-05-10T07:11:34.850+0000] {processor.py:830} INFO - Processing file /home/airflow/.local/lib/python3.12/site-packages/airflow/example_dags/example_bash_decorator.py for tasks to queue
[2026-05-10T07:11:34.852+0000] {logging_mixin.py:188} INFO - [2026-05-10T07:11:34.852+0000] {dagbag.py:545} INFO - Filling up the DagBag from /home/airflow/.local/lib/python3.12/site-packages/airflow/example_dags/example_bash_decorator.py
[2026-05-10T07:11:34.863+0000] {processor.py:840} INFO - DAG(s) 'example_bash_decorator' retrieved from /home/airflow/.local/lib/python3.12/site-packages/airflow/example_dags/example_bash_decorator.py
[2026-05-10T07:11:34.883+0000] {logging_mixin.py:188} INFO - [2026-05-10T07:11:34.883+0000] {dag.py:3096} INFO - Sync 1 DAGs
[2026-05-10T07:11:34.893+0000] {logging_mixin.py:188} INFO - [2026-05-10T07:11:34.893+0000] {dag.py:3954} INFO - Setting next_dagrun for example_bash_decorator to None, run_after=None
[2026-05-10T07:11:34.910+0000] {processor.py:183} INFO - Processing /home/airflow/.local/lib/python3.12/site-packages/airflow/example_dags/example_bash_decorator.py took 0.066 seconds
[2026-05-10T07:12:05.136+0000] {processor.py:161} INFO - Started process (PID=24699) to work on /home/airflow/.local/lib/python3.12/site-packages/airflow/example_dags/example_bash_decorator.py
[2026-05-10T07:12:05.137+0000] {processor.py:830} INFO - Processing file /home/airflow/.local/lib/python3.12/site-packages/airflow/example_dags/example_bash_decorator.py for tasks to queue
[2026-05-10T07:12:05.139+0000] {logging_mixin.py:188} INFO - [2026-05-10T07:12:05.139+0000] {dagbag.py:545} INFO - Filling up the DagBag from /home/airflow/.local/lib/python3.12/site-packages/airflow/example_dags/example_bash_decorator.py
[2026-05-10T07:12:05.149+0000] {processor.py:840} INFO - DAG(s) 'example_bash_decorator' retrieved from /home/airflow/.local/lib/python3.12/site-packages/airflow/example_dags/example_bash_decorator.py
[2026-05-10T07:12:05.168+0000] {logging_mixin.py:188} INFO - [2026-05-10T07:12:05.168+0000] {dag.py:3096} INFO - Sync 1 DAGs
[2026-05-10T07:12:05.178+0000] {logging_mixin.py:188} INFO - [2026-05-10T07:12:05.178+0000] {dag.py:3954} INFO - Setting next_dagrun for example_bash_decorator to None, run_after=None
[2026-05-10T07:12:05.195+0000] {processor.py:183} INFO - Processing /home/airflow/.local/lib/python3.12/site-packages/airflow/example_dags/example_bash_decorator.py took 0.063 seconds
[2026-05-10T07:12:35.691+0000] {processor.py:161} INFO - Started process (PID=24757) to work on /home/airflow/.local/lib/python3.12/site-packages/airflow/example_dags/example_bash_decorator.py
[2026-05-10T07:12:35.692+0000] {processor.py:830} INFO - Processing file /home/airflow/.local/lib/python3.12/site-packages/airflow/example_dags/example_bash_decorator.py for tasks to queue
[2026-05-10T07:12:35.695+0000] {logging_mixin.py:188} INFO - [2026-05-10T07:12:35.694+0000] {dagbag.py:545} INFO - Filling up the DagBag from /home/airflow/.local/lib/python3.12/site-packages/airflow/example_dags/example_bash_decorator.py
[2026-05-10T07:12:35.705+0000] {processor.py:840} INFO - DAG(s) 'example_bash_decorator' retrieved from /home/airflow/.local/lib/python3.12/site-packages/airflow/example_dags/example_bash_decorator.py
[2026-05-10T07:12:35.723+0000] {logging_mixin.py:188} INFO - [2026-05-10T07:12:35.723+0000] {dag.py:3096} INFO - Sync 1 DAGs
[2026-05-10T07:12:35.733+0000] {logging_mixin.py:188} INFO - [2026-05-10T07:12:35.732+0000] {dag.py:3954} INFO - Setting next_dagrun for example_bash_decorator to None, run_after=None
[2026-05-10T07:12:35.752+0000] {processor.py:183} INFO - Processing /home/airflow/.local/lib/python3.12/site-packages/airflow/example_dags/example_bash_decorator.py took 0.068 seconds
[2026-05-10T07:13:06.063+0000] {processor.py:161} INFO - Started process (PID=24817) to work on /home/airflow/.local/lib/python3.12/site-packages/airflow/example_dags/example_bash_decorator.py
[2026-05-10T07:13:06.064+0000] {processor.py:830} INFO - Processing file /home/airflow/.local/lib/python3.12/site-packages/airflow/example_dags/example_bash_decorator.py for tasks to queue
[2026-05-10T07:13:06.066+0000] {logging_mixin.py:188} INFO - [2026-05-10T07:13:06.066+0000] {dagbag.py:545} INFO - Filling up the DagBag from /home/airflow/.local/lib/python3.12/site-packages/airflow/example_dags/example_bash_decorator.py
[2026-05-10T07:13:06.076+0000] {processor.py:840} INFO - DAG(s) 'example_bash_decorator' retrieved from /home/airflow/.local/lib/python3.12/site-packages/airflow/example_dags/example_bash_decorator.py
[2026-05-10T07:13:06.095+0000] {logging_mixin.py:188} INFO - [2026-05-10T07:13:06.095+0000] {dag.py:3096} INFO - Sync 1 DAGs
[2026-05-10T07:13:06.105+0000] {logging_mixin.py:188} INFO - [2026-05-10T07:13:06.105+0000] {dag.py:3954} INFO - Setting next_dagrun for example_bash_decorator to None, run_after=None
[2026-05-10T07:13:06.119+0000] {processor.py:183} INFO - Processing /home/airflow/.local/lib/python3.12/site-packages/airflow/example_dags/example_bash_decorator.py took 0.061 seconds
[2026-05-10T07:13:36.456+0000] {processor.py:161} INFO - Started process (PID=24877) to work on /home/airflow/.local/lib/python3.12/site-packages/airflow/example_dags/example_bash_decorator.py
[2026-05-10T07:13:36.458+0000] {processor.py:830} INFO - Processing file /home/airflow/.local/lib/python3.12/site-packages/airflow/example_dags/example_bash_decorator.py for tasks to queue
[2026-05-10T07:13:36.460+0000] {logging_mixin.py:188} INFO - [2026-05-10T07:13:36.460+0000] {dagbag.py:545} INFO - Filling up the DagBag from /home/airflow/.local/lib/python3.12/site-packages/airflow/example_dags/example_bash_decorator.py
[2026-05-10T07:13:36.470+0000] {processor.py:840} INFO - DAG(s) 'example_bash_decorator' retrieved from /home/airflow/.local/lib/python3.12/site-packages/airflow/example_dags/example_bash_decorator.py
[2026-05-10T07:13:36.488+0000] {logging_mixin.py:188} INFO - [2026-05-10T07:13:36.488+0000] {dag.py:3096} INFO - Sync 1 DAGs
[2026-05-10T07:13:36.499+0000] {logging_mixin.py:188} INFO - [2026-05-10T07:13:36.499+0000] {dag.py:3954} INFO - Setting next_dagrun for example_bash_decorator to None, run_after=None
[2026-05-10T07:13:36.514+0000] {processor.py:183} INFO - Processing /home/airflow/.local/lib/python3.12/site-packages/airflow/example_dags/example_bash_decorator.py took 0.062 seconds
[2026-05-10T07:14:07.182+0000] {processor.py:161} INFO - Started process (PID=24937) to work on /home/airflow/.local/lib/python3.12/site-packages/airflow/example_dags/example_bash_decorator.py
[2026-05-10T07:14:07.184+0000] {processor.py:830} INFO - Processing file /home/airflow/.local/lib/python3.12/site-packages/airflow/example_dags/example_bash_decorator.py for tasks to queue
[2026-05-10T07:14:07.187+0000] {logging_mixin.py:188} INFO - [2026-05-10T07:14:07.187+0000] {dagbag.py:545} INFO - Filling up the DagBag from /home/airflow/.local/lib/python3.12/site-packages/airflow/example_dags/example_bash_decorator.py
[2026-05-10T07:14:07.200+0000] {processor.py:840} INFO - DAG(s) 'example_bash_decorator' retrieved from /home/airflow/.local/lib/python3.12/site-packages/airflow/example_dags/example_bash_decorator.py
[2026-05-10T07:14:07.226+0000] {logging_mixin.py:188} INFO - [2026-05-10T07:14:07.225+0000] {dag.py:3096} INFO - Sync 1 DAGs
[2026-05-10T07:14:07.241+0000] {logging_mixin.py:188} INFO - [2026-05-10T07:14:07.240+0000] {dag.py:3954} INFO - Setting next_dagrun for example_bash_decorator to None, run_after=None
[2026-05-10T07:14:07.261+0000] {processor.py:183} INFO - Processing /home/airflow/.local/lib/python3.12/site-packages/airflow/example_dags/example_bash_decorator.py took 0.088 seconds
[2026-05-10T07:14:37.708+0000] {processor.py:161} INFO - Started process (PID=24997) to work on /home/airflow/.local/lib/python3.12/site-packages/airflow/example_dags/example_bash_decorator.py
[2026-05-10T07:14:37.710+0000] {processor.py:830} INFO - Processing file /home/airflow/.local/lib/python3.12/site-packages/airflow/example_dags/example_bash_decorator.py for tasks to queue
[2026-05-10T07:14:37.712+0000] {logging_mixin.py:188} INFO - [2026-05-10T07:14:37.711+0000] {dagbag.py:545} INFO - Filling up the DagBag from /home/airflow/.local/lib/python3.12/site-packages/airflow/example_dags/example_bash_decorator.py
[2026-05-10T07:14:37.722+0000] {processor.py:840} INFO - DAG(s) 'example_bash_decorator' retrieved from /home/airflow/.local/lib/python3.12/site-packages/airflow/example_dags/example_bash_decorator.py
[2026-05-10T07:14:37.740+0000] {logging_mixin.py:188} INFO - [2026-05-10T07:14:37.740+0000] {dag.py:3096} INFO - Sync 1 DAGs
[2026-05-10T07:14:37.750+0000] {logging_mixin.py:188} INFO - [2026-05-10T07:14:37.750+0000] {dag.py:3954} INFO - Setting next_dagrun for example_bash_decorator to None, run_after=None
[2026-05-10T07:14:37.767+0000] {processor.py:183} INFO - Processing /home/airflow/.local/lib/python3.12/site-packages/airflow/example_dags/example_bash_decorator.py took 0.064 seconds
[2026-05-10T07:15:08.428+0000] {processor.py:161} INFO - Started process (PID=25057) to work on /home/airflow/.local/lib/python3.12/site-packages/airflow/example_dags/example_bash_decorator.py
[2026-05-10T07:15:08.429+0000] {processor.py:830} INFO - Processing file /home/airflow/.local/lib/python3.12/site-packages/airflow/example_dags/example_bash_decorator.py for tasks to queue
[2026-05-10T07:15:08.431+0000] {logging_mixin.py:188} INFO - [2026-05-10T07:15:08.431+0000] {dagbag.py:545} INFO - Filling up the DagBag from /home/airflow/.local/lib/python3.12/site-packages/airflow/example_dags/example_bash_decorator.py
[2026-05-10T07:15:08.441+0000] {processor.py:840} INFO - DAG(s) 'example_bash_decorator' retrieved from /home/airflow/.local/lib/python3.12/site-packages/airflow/example_dags/example_bash_decorator.py
[2026-05-10T07:15:08.458+0000] {logging_mixin.py:188} INFO - [2026-05-10T07:15:08.458+0000] {dag.py:3096} INFO - Sync 1 DAGs
[2026-05-10T07:15:08.468+0000] {logging_mixin.py:188} INFO - [2026-05-10T07:15:08.468+0000] {dag.py:3954} INFO - Setting next_dagrun for example_bash_decorator to None, run_after=None
[2026-05-10T07:15:08.484+0000] {processor.py:183} INFO - Processing /home/airflow/.local/lib/python3.12/site-packages/airflow/example_dags/example_bash_decorator.py took 0.060 seconds
[2026-05-10T07:15:38.694+0000] {processor.py:161} INFO - Started process (PID=25117) to work on /home/airflow/.local/lib/python3.12/site-packages/airflow/example_dags/example_bash_decorator.py
[2026-05-10T07:15:38.696+0000] {processor.py:830} INFO - Processing file /home/airflow/.local/lib/python3.12/site-packages/airflow/example_dags/example_bash_decorator.py for tasks to queue
[2026-05-10T07:15:38.704+0000] {logging_mixin.py:188} INFO - [2026-05-10T07:15:38.704+0000] {dagbag.py:545} INFO - Filling up the DagBag from /home/airflow/.local/lib/python3.12/site-packages/airflow/example_dags/example_bash_decorator.py
[2026-05-10T07:15:38.715+0000] {processor.py:840} INFO - DAG(s) 'example_bash_decorator' retrieved from /home/airflow/.local/lib/python3.12/site-packages/airflow/example_dags/example_bash_decorator.py
[2026-05-10T07:15:38.737+0000] {logging_mixin.py:188} INFO - [2026-05-10T07:15:38.737+0000] {dag.py:3096} INFO - Sync 1 DAGs
[2026-05-10T07:15:38.753+0000] {logging_mixin.py:188} INFO - [2026-05-10T07:15:38.753+0000] {dag.py:3954} INFO - Setting next_dagrun for example_bash_decorator to None, run_after=None
[2026-05-10T07:15:38.769+0000] {processor.py:183} INFO - Processing /home/airflow/.local/lib/python3.12/site-packages/airflow/example_dags/example_bash_decorator.py took 0.080 seconds
[2026-05-10T07:16:09.327+0000] {processor.py:161} INFO - Started process (PID=25177) to work on /home/airflow/.local/lib/python3.12/site-packages/airflow/example_dags/example_bash_decorator.py
[2026-05-10T07:16:09.329+0000] {processor.py:830} INFO - Processing file /home/airflow/.local/lib/python3.12/site-packages/airflow/example_dags/example_bash_decorator.py for tasks to queue
[2026-05-10T07:16:09.331+0000] {logging_mixin.py:188} INFO - [2026-05-10T07:16:09.331+0000] {dagbag.py:545} INFO - Filling up the DagBag from /home/airflow/.local/lib/python3.12/site-packages/airflow/example_dags/example_bash_decorator.py
[2026-05-10T07:16:09.341+0000] {processor.py:840} INFO - DAG(s) 'example_bash_decorator' retrieved from /home/airflow/.local/lib/python3.12/site-packages/airflow/example_dags/example_bash_decorator.py
[2026-05-10T07:16:09.358+0000] {logging_mixin.py:188} INFO - [2026-05-10T07:16:09.358+0000] {dag.py:3096} INFO - Sync 1 DAGs
[2026-05-10T07:16:09.368+0000] {logging_mixin.py:188} INFO - [2026-05-10T07:16:09.368+0000] {dag.py:3954} INFO - Setting next_dagrun for example_bash_decorator to None, run_after=None
[2026-05-10T07:16:09.386+0000] {processor.py:183} INFO - Processing /home/airflow/.local/lib/python3.12/site-packages/airflow/example_dags/example_bash_decorator.py took 0.063 seconds
[2026-05-10T07:16:39.529+0000] {processor.py:161} INFO - Started process (PID=25237) to work on /home/airflow/.local/lib/python3.12/site-packages/airflow/example_dags/example_bash_decorator.py
[2026-05-10T07:16:39.531+0000] {processor.py:830} INFO - Processing file /home/airflow/.local/lib/python3.12/site-packages/airflow/example_dags/example_bash_decorator.py for tasks to queue
[2026-05-10T07:16:39.533+0000] {logging_mixin.py:188} INFO - [2026-05-10T07:16:39.532+0000] {dagbag.py:545} INFO - Filling up the DagBag from /home/airflow/.local/lib/python3.12/site-packages/airflow/example_dags/example_bash_decorator.py
[2026-05-10T07:16:39.543+0000] {processor.py:840} INFO - DAG(s) 'example_bash_decorator' retrieved from /home/airflow/.local/lib/python3.12/site-packages/airflow/example_dags/example_bash_decorator.py
[2026-05-10T07:16:39.561+0000] {logging_mixin.py:188} INFO - [2026-05-10T07:16:39.561+0000] {dag.py:3096} INFO - Sync 1 DAGs
[2026-05-10T07:16:39.571+0000] {logging_mixin.py:188} INFO - [2026-05-10T07:16:39.571+0000] {dag.py:3954} INFO - Setting next_dagrun for example_bash_decorator to None, run_after=None
[2026-05-10T07:16:39.589+0000] {processor.py:183} INFO - Processing /home/airflow/.local/lib/python3.12/site-packages/airflow/example_dags/example_bash_decorator.py took 0.064 seconds
[2026-05-10T07:17:10.058+0000] {processor.py:161} INFO - Started process (PID=25297) to work on /home/airflow/.local/lib/python3.12/site-packages/airflow/example_dags/example_bash_decorator.py
[2026-05-10T07:17:10.059+0000] {processor.py:830} INFO - Processing file /home/airflow/.local/lib/python3.12/site-packages/airflow/example_dags/example_bash_decorator.py for tasks to queue
[2026-05-10T07:17:10.061+0000] {logging_mixin.py:188} INFO - [2026-05-10T07:17:10.061+0000] {dagbag.py:545} INFO - Filling up the DagBag from /home/airflow/.local/lib/python3.12/site-packages/airflow/example_dags/example_bash_decorator.py
[2026-05-10T07:17:10.072+0000] {processor.py:840} INFO - DAG(s) 'example_bash_decorator' retrieved from /home/airflow/.local/lib/python3.12/site-packages/airflow/example_dags/example_bash_decorator.py
[2026-05-10T07:17:10.092+0000] {logging_mixin.py:188} INFO - [2026-05-10T07:17:10.092+0000] {dag.py:3096} INFO - Sync 1 DAGs
[2026-05-10T07:17:10.103+0000] {logging_mixin.py:188} INFO - [2026-05-10T07:17:10.103+0000] {dag.py:3954} INFO - Setting next_dagrun for example_bash_decorator to None, run_after=None
[2026-05-10T07:17:10.120+0000] {processor.py:183} INFO - Processing /home/airflow/.local/lib/python3.12/site-packages/airflow/example_dags/example_bash_decorator.py took 0.067 seconds
[2026-05-10T07:17:40.474+0000] {processor.py:161} INFO - Started process (PID=25357) to work on /home/airflow/.local/lib/python3.12/site-packages/airflow/example_dags/example_bash_decorator.py
[2026-05-10T07:17:40.475+0000] {processor.py:830} INFO - Processing file /home/airflow/.local/lib/python3.12/site-packages/airflow/example_dags/example_bash_decorator.py for tasks to queue
[2026-05-10T07:17:40.477+0000] {logging_mixin.py:188} INFO - [2026-05-10T07:17:40.477+0000] {dagbag.py:545} INFO - Filling up the DagBag from /home/airflow/.local/lib/python3.12/site-packages/airflow/example_dags/example_bash_decorator.py
[2026-05-10T07:17:40.488+0000] {processor.py:840} INFO - DAG(s) 'example_bash_decorator' retrieved from /home/airflow/.local/lib/python3.12/site-packages/airflow/example_dags/example_bash_decorator.py
[2026-05-10T07:17:40.508+0000] {logging_mixin.py:188} INFO - [2026-05-10T07:17:40.507+0000] {dag.py:3096} INFO - Sync 1 DAGs
[2026-05-10T07:17:40.522+0000] {logging_mixin.py:188} INFO - [2026-05-10T07:17:40.521+0000] {dag.py:3954} INFO - Setting next_dagrun for example_bash_decorator to None, run_after=None
[2026-05-10T07:17:40.537+0000] {processor.py:183} INFO - Processing /home/airflow/.local/lib/python3.12/site-packages/airflow/example_dags/example_bash_decorator.py took 0.070 seconds
[2026-05-10T07:18:10.924+0000] {processor.py:161} INFO - Started process (PID=25417) to work on /home/airflow/.local/lib/python3.12/site-packages/airflow/example_dags/example_bash_decorator.py
[2026-05-10T07:18:10.925+0000] {processor.py:830} INFO - Processing file /home/airflow/.local/lib/python3.12/site-packages/airflow/example_dags/example_bash_decorator.py for tasks to queue
[2026-05-10T07:18:10.926+0000] {logging_mixin.py:188} INFO - [2026-05-10T07:18:10.926+0000] {dagbag.py:545} INFO - Filling up the DagBag from /home/airflow/.local/lib/python3.12/site-packages/airflow/example_dags/example_bash_decorator.py
[2026-05-10T07:18:10.937+0000] {processor.py:840} INFO - DAG(s) 'example_bash_decorator' retrieved from /home/airflow/.local/lib/python3.12/site-packages/airflow/example_dags/example_bash_decorator.py
[2026-05-10T07:18:10.956+0000] {logging_mixin.py:188} INFO - [2026-05-10T07:18:10.955+0000] {dag.py:3096} INFO - Sync 1 DAGs
[2026-05-10T07:18:10.967+0000] {logging_mixin.py:188} INFO - [2026-05-10T07:18:10.966+0000] {dag.py:3954} INFO - Setting next_dagrun for example_bash_decorator to None, run_after=None
[2026-05-10T07:18:10.984+0000] {processor.py:183} INFO - Processing /home/airflow/.local/lib/python3.12/site-packages/airflow/example_dags/example_bash_decorator.py took 0.065 seconds
[2026-05-10T07:18:41.500+0000] {processor.py:161} INFO - Started process (PID=25477) to work on /home/airflow/.local/lib/python3.12/site-packages/airflow/example_dags/example_bash_decorator.py
[2026-05-10T07:18:41.502+0000] {processor.py:830} INFO - Processing file /home/airflow/.local/lib/python3.12/site-packages/airflow/example_dags/example_bash_decorator.py for tasks to queue
[2026-05-10T07:18:41.504+0000] {logging_mixin.py:188} INFO - [2026-05-10T07:18:41.504+0000] {dagbag.py:545} INFO - Filling up the DagBag from /home/airflow/.local/lib/python3.12/site-packages/airflow/example_dags/example_bash_decorator.py
[2026-05-10T07:18:41.517+0000] {processor.py:840} INFO - DAG(s) 'example_bash_decorator' retrieved from /home/airflow/.local/lib/python3.12/site-packages/airflow/example_dags/example_bash_decorator.py
[2026-05-10T07:18:41.538+0000] {logging_mixin.py:188} INFO - [2026-05-10T07:18:41.538+0000] {dag.py:3096} INFO - Sync 1 DAGs
[2026-05-10T07:18:41.549+0000] {logging_mixin.py:188} INFO - [2026-05-10T07:18:41.548+0000] {dag.py:3954} INFO - Setting next_dagrun for example_bash_decorator to None, run_after=None
[2026-05-10T07:18:41.568+0000] {processor.py:183} INFO - Processing /home/airflow/.local/lib/python3.12/site-packages/airflow/example_dags/example_bash_decorator.py took 0.073 seconds
[2026-05-10T07:19:12.333+0000] {processor.py:161} INFO - Started process (PID=25537) to work on /home/airflow/.local/lib/python3.12/site-packages/airflow/example_dags/example_bash_decorator.py
[2026-05-10T07:19:12.336+0000] {processor.py:830} INFO - Processing file /home/airflow/.local/lib/python3.12/site-packages/airflow/example_dags/example_bash_decorator.py for tasks to queue
[2026-05-10T07:19:12.340+0000] {logging_mixin.py:188} INFO - [2026-05-10T07:19:12.340+0000] {dagbag.py:545} INFO - Filling up the DagBag from /home/airflow/.local/lib/python3.12/site-packages/airflow/example_dags/example_bash_decorator.py
[2026-05-10T07:19:12.355+0000] {processor.py:840} INFO - DAG(s) 'example_bash_decorator' retrieved from /home/airflow/.local/lib/python3.12/site-packages/airflow/example_dags/example_bash_decorator.py
[2026-05-10T07:19:12.376+0000] {logging_mixin.py:188} INFO - [2026-05-10T07:19:12.376+0000] {dag.py:3096} INFO - Sync 1 DAGs
[2026-05-10T07:19:12.389+0000] {logging_mixin.py:188} INFO - [2026-05-10T07:19:12.388+0000] {dag.py:3954} INFO - Setting next_dagrun for example_bash_decorator to None, run_after=None
[2026-05-10T07:19:12.410+0000] {processor.py:183} INFO - Processing /home/airflow/.local/lib/python3.12/site-packages/airflow/example_dags/example_bash_decorator.py took 0.082 seconds
[2026-05-10T07:19:43.056+0000] {processor.py:161} INFO - Started process (PID=25597) to work on /home/airflow/.local/lib/python3.12/site-packages/airflow/example_dags/example_bash_decorator.py
[2026-05-10T07:19:43.059+0000] {processor.py:830} INFO - Processing file /home/airflow/.local/lib/python3.12/site-packages/airflow/example_dags/example_bash_decorator.py for tasks to queue
[2026-05-10T07:19:43.061+0000] {logging_mixin.py:188} INFO - [2026-05-10T07:19:43.061+0000] {dagbag.py:545} INFO - Filling up the DagBag from /home/airflow/.local/lib/python3.12/site-packages/airflow/example_dags/example_bash_decorator.py
[2026-05-10T07:19:43.073+0000] {processor.py:840} INFO - DAG(s) 'example_bash_decorator' retrieved from /home/airflow/.local/lib/python3.12/site-packages/airflow/example_dags/example_bash_decorator.py
[2026-05-10T07:19:43.093+0000] {logging_mixin.py:188} INFO - [2026-05-10T07:19:43.093+0000] {dag.py:3096} INFO - Sync 1 DAGs
[2026-05-10T07:19:43.104+0000] {logging_mixin.py:188} INFO - [2026-05-10T07:19:43.104+0000] {dag.py:3954} INFO - Setting next_dagrun for example_bash_decorator to None, run_after=None
[2026-05-10T07:19:43.127+0000] {processor.py:183} INFO - Processing /home/airflow/.local/lib/python3.12/site-packages/airflow/example_dags/example_bash_decorator.py took 0.076 seconds
[2026-05-10T07:20:13.877+0000] {processor.py:161} INFO - Started process (PID=25657) to work on /home/airflow/.local/lib/python3.12/site-packages/airflow/example_dags/example_bash_decorator.py
[2026-05-10T07:20:13.878+0000] {processor.py:830} INFO - Processing file /home/airflow/.local/lib/python3.12/site-packages/airflow/example_dags/example_bash_decorator.py for tasks to queue
[2026-05-10T07:20:13.881+0000] {logging_mixin.py:188} INFO - [2026-05-10T07:20:13.880+0000] {dagbag.py:545} INFO - Filling up the DagBag from /home/airflow/.local/lib/python3.12/site-packages/airflow/example_dags/example_bash_decorator.py
[2026-05-10T07:20:13.891+0000] {processor.py:840} INFO - DAG(s) 'example_bash_decorator' retrieved from /home/airflow/.local/lib/python3.12/site-packages/airflow/example_dags/example_bash_decorator.py
[2026-05-10T07:20:13.909+0000] {logging_mixin.py:188} INFO - [2026-05-10T07:20:13.909+0000] {dag.py:3096} INFO - Sync 1 DAGs
[2026-05-10T07:20:13.920+0000] {logging_mixin.py:188} INFO - [2026-05-10T07:20:13.920+0000] {dag.py:3954} INFO - Setting next_dagrun for example_bash_decorator to None, run_after=None
[2026-05-10T07:20:13.935+0000] {processor.py:183} INFO - Processing /home/airflow/.local/lib/python3.12/site-packages/airflow/example_dags/example_bash_decorator.py took 0.063 seconds
[2026-05-10T07:20:44.268+0000] {processor.py:161} INFO - Started process (PID=25723) to work on /home/airflow/.local/lib/python3.12/site-packages/airflow/example_dags/example_bash_decorator.py
[2026-05-10T07:20:44.270+0000] {processor.py:830} INFO - Processing file /home/airflow/.local/lib/python3.12/site-packages/airflow/example_dags/example_bash_decorator.py for tasks to queue
[2026-05-10T07:20:44.274+0000] {logging_mixin.py:188} INFO - [2026-05-10T07:20:44.274+0000] {dagbag.py:545} INFO - Filling up the DagBag from /home/airflow/.local/lib/python3.12/site-packages/airflow/example_dags/example_bash_decorator.py
[2026-05-10T07:20:44.290+0000] {processor.py:840} INFO - DAG(s) 'example_bash_decorator' retrieved from /home/airflow/.local/lib/python3.12/site-packages/airflow/example_dags/example_bash_decorator.py
[2026-05-10T07:20:44.312+0000] {logging_mixin.py:188} INFO - [2026-05-10T07:20:44.312+0000] {dag.py:3096} INFO - Sync 1 DAGs
[2026-05-10T07:20:44.323+0000] {logging_mixin.py:188} INFO - [2026-05-10T07:20:44.323+0000] {dag.py:3954} INFO - Setting next_dagrun for example_bash_decorator to None, run_after=None
[2026-05-10T07:20:44.341+0000] {processor.py:183} INFO - Processing /home/airflow/.local/lib/python3.12/site-packages/airflow/example_dags/example_bash_decorator.py took 0.082 seconds
[2026-05-10T07:21:14.633+0000] {processor.py:161} INFO - Started process (PID=25783) to work on /home/airflow/.local/lib/python3.12/site-packages/airflow/example_dags/example_bash_decorator.py
[2026-05-10T07:21:14.634+0000] {processor.py:830} INFO - Processing file /home/airflow/.local/lib/python3.12/site-packages/airflow/example_dags/example_bash_decorator.py for tasks to queue
[2026-05-10T07:21:14.636+0000] {logging_mixin.py:188} INFO - [2026-05-10T07:21:14.636+0000] {dagbag.py:545} INFO - Filling up the DagBag from /home/airflow/.local/lib/python3.12/site-packages/airflow/example_dags/example_bash_decorator.py
[2026-05-10T07:21:14.647+0000] {processor.py:840} INFO - DAG(s) 'example_bash_decorator' retrieved from /home/airflow/.local/lib/python3.12/site-packages/airflow/example_dags/example_bash_decorator.py
[2026-05-10T07:21:14.670+0000] {logging_mixin.py:188} INFO - [2026-05-10T07:21:14.670+0000] {dag.py:3096} INFO - Sync 1 DAGs
[2026-05-10T07:21:14.682+0000] {logging_mixin.py:188} INFO - [2026-05-10T07:21:14.682+0000] {dag.py:3954} INFO - Setting next_dagrun for example_bash_decorator to None, run_after=None
[2026-05-10T07:21:14.705+0000] {processor.py:183} INFO - Processing /home/airflow/.local/lib/python3.12/site-packages/airflow/example_dags/example_bash_decorator.py took 0.077 seconds
[2026-05-10T07:21:45.189+0000] {processor.py:161} INFO - Started process (PID=25843) to work on /home/airflow/.local/lib/python3.12/site-packages/airflow/example_dags/example_bash_decorator.py
[2026-05-10T07:21:45.191+0000] {processor.py:830} INFO - Processing file /home/airflow/.local/lib/python3.12/site-packages/airflow/example_dags/example_bash_decorator.py for tasks to queue
[2026-05-10T07:21:45.194+0000] {logging_mixin.py:188} INFO - [2026-05-10T07:21:45.194+0000] {dagbag.py:545} INFO - Filling up the DagBag from /home/airflow/.local/lib/python3.12/site-packages/airflow/example_dags/example_bash_decorator.py
[2026-05-10T07:21:45.209+0000] {processor.py:840} INFO - DAG(s) 'example_bash_decorator' retrieved from /home/airflow/.local/lib/python3.12/site-packages/airflow/example_dags/example_bash_decorator.py
[2026-05-10T07:21:45.231+0000] {logging_mixin.py:188} INFO - [2026-05-10T07:21:45.230+0000] {dag.py:3096} INFO - Sync 1 DAGs
[2026-05-10T07:21:45.245+0000] {logging_mixin.py:188} INFO - [2026-05-10T07:21:45.245+0000] {dag.py:3954} INFO - Setting next_dagrun for example_bash_decorator to None, run_after=None
[2026-05-10T07:21:45.266+0000] {processor.py:183} INFO - Processing /home/airflow/.local/lib/python3.12/site-packages/airflow/example_dags/example_bash_decorator.py took 0.084 seconds
[2026-05-10T07:22:16.206+0000] {processor.py:161} INFO - Started process (PID=25904) to work on /home/airflow/.local/lib/python3.12/site-packages/airflow/example_dags/example_bash_decorator.py
[2026-05-10T07:22:16.209+0000] {processor.py:830} INFO - Processing file /home/airflow/.local/lib/python3.12/site-packages/airflow/example_dags/example_bash_decorator.py for tasks to queue
[2026-05-10T07:22:16.212+0000] {logging_mixin.py:188} INFO - [2026-05-10T07:22:16.211+0000] {dagbag.py:545} INFO - Filling up the DagBag from /home/airflow/.local/lib/python3.12/site-packages/airflow/example_dags/example_bash_decorator.py
[2026-05-10T07:22:16.238+0000] {processor.py:840} INFO - DAG(s) 'example_bash_decorator' retrieved from /home/airflow/.local/lib/python3.12/site-packages/airflow/example_dags/example_bash_decorator.py
[2026-05-10T07:22:16.305+0000] {logging_mixin.py:188} INFO - [2026-05-10T07:22:16.305+0000] {dag.py:3096} INFO - Sync 1 DAGs
[2026-05-10T07:22:16.353+0000] {logging_mixin.py:188} INFO - [2026-05-10T07:22:16.352+0000] {dag.py:3954} INFO - Setting next_dagrun for example_bash_decorator to None, run_after=None
[2026-05-10T07:22:16.385+0000] {processor.py:183} INFO - Processing /home/airflow/.local/lib/python3.12/site-packages/airflow/example_dags/example_bash_decorator.py took 0.191 seconds
[2026-05-10T07:22:47.212+0000] {processor.py:161} INFO - Started process (PID=25964) to work on /home/airflow/.local/lib/python3.12/site-packages/airflow/example_dags/example_bash_decorator.py
[2026-05-10T07:22:47.213+0000] {processor.py:830} INFO - Processing file /home/airflow/.local/lib/python3.12/site-packages/airflow/example_dags/example_bash_decorator.py for tasks to queue
[2026-05-10T07:22:47.215+0000] {logging_mixin.py:188} INFO - [2026-05-10T07:22:47.215+0000] {dagbag.py:545} INFO - Filling up the DagBag from /home/airflow/.local/lib/python3.12/site-packages/airflow/example_dags/example_bash_decorator.py
[2026-05-10T07:22:47.226+0000] {processor.py:840} INFO - DAG(s) 'example_bash_decorator' retrieved from /home/airflow/.local/lib/python3.12/site-packages/airflow/example_dags/example_bash_decorator.py
[2026-05-10T07:22:47.246+0000] {logging_mixin.py:188} INFO - [2026-05-10T07:22:47.245+0000] {dag.py:3096} INFO - Sync 1 DAGs
[2026-05-10T07:22:47.257+0000] {logging_mixin.py:188} INFO - [2026-05-10T07:22:47.257+0000] {dag.py:3954} INFO - Setting next_dagrun for example_bash_decorator to None, run_after=None
[2026-05-10T07:22:47.276+0000] {processor.py:183} INFO - Processing /home/airflow/.local/lib/python3.12/site-packages/airflow/example_dags/example_bash_decorator.py took 0.070 seconds
[2026-05-10T07:23:18.019+0000] {processor.py:161} INFO - Started process (PID=26024) to work on /home/airflow/.local/lib/python3.12/site-packages/airflow/example_dags/example_bash_decorator.py
[2026-05-10T07:23:18.021+0000] {processor.py:830} INFO - Processing file /home/airflow/.local/lib/python3.12/site-packages/airflow/example_dags/example_bash_decorator.py for tasks to queue
[2026-05-10T07:23:18.024+0000] {logging_mixin.py:188} INFO - [2026-05-10T07:23:18.023+0000] {dagbag.py:545} INFO - Filling up the DagBag from /home/airflow/.local/lib/python3.12/site-packages/airflow/example_dags/example_bash_decorator.py
[2026-05-10T07:23:18.035+0000] {processor.py:840} INFO - DAG(s) 'example_bash_decorator' retrieved from /home/airflow/.local/lib/python3.12/site-packages/airflow/example_dags/example_bash_decorator.py
[2026-05-10T07:23:18.055+0000] {logging_mixin.py:188} INFO - [2026-05-10T07:23:18.055+0000] {dag.py:3096} INFO - Sync 1 DAGs
[2026-05-10T07:23:18.066+0000] {logging_mixin.py:188} INFO - [2026-05-10T07:23:18.066+0000] {dag.py:3954} INFO - Setting next_dagrun for example_bash_decorator to None, run_after=None
[2026-05-10T07:23:18.135+0000] {processor.py:183} INFO - Processing /home/airflow/.local/lib/python3.12/site-packages/airflow/example_dags/example_bash_decorator.py took 0.122 seconds
[2026-05-10T07:23:48.255+0000] {processor.py:161} INFO - Started process (PID=26084) to work on /home/airflow/.local/lib/python3.12/site-packages/airflow/example_dags/example_bash_decorator.py
[2026-05-10T07:23:48.257+0000] {processor.py:830} INFO - Processing file /home/airflow/.local/lib/python3.12/site-packages/airflow/example_dags/example_bash_decorator.py for tasks to queue
[2026-05-10T07:23:48.259+0000] {logging_mixin.py:188} INFO - [2026-05-10T07:23:48.259+0000] {dagbag.py:545} INFO - Filling up the DagBag from /home/airflow/.local/lib/python3.12/site-packages/airflow/example_dags/example_bash_decorator.py
[2026-05-10T07:23:48.274+0000] {processor.py:840} INFO - DAG(s) 'example_bash_decorator' retrieved from /home/airflow/.local/lib/python3.12/site-packages/airflow/example_dags/example_bash_decorator.py
[2026-05-10T07:23:48.294+0000] {logging_mixin.py:188} INFO - [2026-05-10T07:23:48.293+0000] {dag.py:3096} INFO - Sync 1 DAGs
[2026-05-10T07:23:48.304+0000] {logging_mixin.py:188} INFO - [2026-05-10T07:23:48.304+0000] {dag.py:3954} INFO - Setting next_dagrun for example_bash_decorator to None, run_after=None
[2026-05-10T07:23:48.321+0000] {processor.py:183} INFO - Processing /home/airflow/.local/lib/python3.12/site-packages/airflow/example_dags/example_bash_decorator.py took 0.071 seconds
[2026-05-10T07:24:18.964+0000] {processor.py:161} INFO - Started process (PID=26144) to work on /home/airflow/.local/lib/python3.12/site-packages/airflow/example_dags/example_bash_decorator.py
[2026-05-10T07:24:18.966+0000] {processor.py:830} INFO - Processing file /home/airflow/.local/lib/python3.12/site-packages/airflow/example_dags/example_bash_decorator.py for tasks to queue
[2026-05-10T07:24:18.968+0000] {logging_mixin.py:188} INFO - [2026-05-10T07:24:18.968+0000] {dagbag.py:545} INFO - Filling up the DagBag from /home/airflow/.local/lib/python3.12/site-packages/airflow/example_dags/example_bash_decorator.py
[2026-05-10T07:24:18.978+0000] {processor.py:840} INFO - DAG(s) 'example_bash_decorator' retrieved from /home/airflow/.local/lib/python3.12/site-packages/airflow/example_dags/example_bash_decorator.py
[2026-05-10T07:24:18.996+0000] {logging_mixin.py:188} INFO - [2026-05-10T07:24:18.996+0000] {dag.py:3096} INFO - Sync 1 DAGs
[2026-05-10T07:24:19.007+0000] {logging_mixin.py:188} INFO - [2026-05-10T07:24:19.007+0000] {dag.py:3954} INFO - Setting next_dagrun for example_bash_decorator to None, run_after=None
[2026-05-10T07:24:19.023+0000] {processor.py:183} INFO - Processing /home/airflow/.local/lib/python3.12/site-packages/airflow/example_dags/example_bash_decorator.py took 0.063 seconds
[2026-05-10T07:24:49.355+0000] {processor.py:161} INFO - Started process (PID=26204) to work on /home/airflow/.local/lib/python3.12/site-packages/airflow/example_dags/example_bash_decorator.py
[2026-05-10T07:24:49.357+0000] {processor.py:830} INFO - Processing file /home/airflow/.local/lib/python3.12/site-packages/airflow/example_dags/example_bash_decorator.py for tasks to queue
[2026-05-10T07:24:49.360+0000] {logging_mixin.py:188} INFO - [2026-05-10T07:24:49.359+0000] {dagbag.py:545} INFO - Filling up the DagBag from /home/airflow/.local/lib/python3.12/site-packages/airflow/example_dags/example_bash_decorator.py
[2026-05-10T07:24:49.372+0000] {processor.py:840} INFO - DAG(s) 'example_bash_decorator' retrieved from /home/airflow/.local/lib/python3.12/site-packages/airflow/example_dags/example_bash_decorator.py
[2026-05-10T07:24:49.395+0000] {logging_mixin.py:188} INFO - [2026-05-10T07:24:49.394+0000] {dag.py:3096} INFO - Sync 1 DAGs
[2026-05-10T07:24:49.405+0000] {logging_mixin.py:188} INFO - [2026-05-10T07:24:49.405+0000] {dag.py:3954} INFO - Setting next_dagrun for example_bash_decorator to None, run_after=None
[2026-05-10T07:24:49.423+0000] {processor.py:183} INFO - Processing /home/airflow/.local/lib/python3.12/site-packages/airflow/example_dags/example_bash_decorator.py took 0.075 seconds
[2026-05-10T07:25:19.617+0000] {processor.py:161} INFO - Started process (PID=26264) to work on /home/airflow/.local/lib/python3.12/site-packages/airflow/example_dags/example_bash_decorator.py
[2026-05-10T07:25:19.618+0000] {processor.py:830} INFO - Processing file /home/airflow/.local/lib/python3.12/site-packages/airflow/example_dags/example_bash_decorator.py for tasks to queue
[2026-05-10T07:25:19.620+0000] {logging_mixin.py:188} INFO - [2026-05-10T07:25:19.620+0000] {dagbag.py:545} INFO - Filling up the DagBag from /home/airflow/.local/lib/python3.12/site-packages/airflow/example_dags/example_bash_decorator.py
[2026-05-10T07:25:19.632+0000] {processor.py:840} INFO - DAG(s) 'example_bash_decorator' retrieved from /home/airflow/.local/lib/python3.12/site-packages/airflow/example_dags/example_bash_decorator.py
[2026-05-10T07:25:19.650+0000] {logging_mixin.py:188} INFO - [2026-05-10T07:25:19.650+0000] {dag.py:3096} INFO - Sync 1 DAGs
[2026-05-10T07:25:19.660+0000] {logging_mixin.py:188} INFO - [2026-05-10T07:25:19.660+0000] {dag.py:3954} INFO - Setting next_dagrun for example_bash_decorator to None, run_after=None
[2026-05-10T07:25:19.675+0000] {processor.py:183} INFO - Processing /home/airflow/.local/lib/python3.12/site-packages/airflow/example_dags/example_bash_decorator.py took 0.063 seconds
[2026-05-10T07:25:50.052+0000] {processor.py:161} INFO - Started process (PID=26324) to work on /home/airflow/.local/lib/python3.12/site-packages/airflow/example_dags/example_bash_decorator.py
[2026-05-10T07:25:50.054+0000] {processor.py:830} INFO - Processing file /home/airflow/.local/lib/python3.12/site-packages/airflow/example_dags/example_bash_decorator.py for tasks to queue
[2026-05-10T07:25:50.057+0000] {logging_mixin.py:188} INFO - [2026-05-10T07:25:50.056+0000] {dagbag.py:545} INFO - Filling up the DagBag from /home/airflow/.local/lib/python3.12/site-packages/airflow/example_dags/example_bash_decorator.py
[2026-05-10T07:25:50.067+0000] {processor.py:840} INFO - DAG(s) 'example_bash_decorator' retrieved from /home/airflow/.local/lib/python3.12/site-packages/airflow/example_dags/example_bash_decorator.py
[2026-05-10T07:25:50.085+0000] {logging_mixin.py:188} INFO - [2026-05-10T07:25:50.085+0000] {dag.py:3096} INFO - Sync 1 DAGs
[2026-05-10T07:25:50.095+0000] {logging_mixin.py:188} INFO - [2026-05-10T07:25:50.095+0000] {dag.py:3954} INFO - Setting next_dagrun for example_bash_decorator to None, run_after=None
[2026-05-10T07:25:50.112+0000] {processor.py:183} INFO - Processing /home/airflow/.local/lib/python3.12/site-packages/airflow/example_dags/example_bash_decorator.py took 0.064 seconds
[2026-05-10T07:26:20.373+0000] {processor.py:161} INFO - Started process (PID=26384) to work on /home/airflow/.local/lib/python3.12/site-packages/airflow/example_dags/example_bash_decorator.py
[2026-05-10T07:26:20.374+0000] {processor.py:830} INFO - Processing file /home/airflow/.local/lib/python3.12/site-packages/airflow/example_dags/example_bash_decorator.py for tasks to queue
[2026-05-10T07:26:20.376+0000] {logging_mixin.py:188} INFO - [2026-05-10T07:26:20.376+0000] {dagbag.py:545} INFO - Filling up the DagBag from /home/airflow/.local/lib/python3.12/site-packages/airflow/example_dags/example_bash_decorator.py
[2026-05-10T07:26:20.389+0000] {processor.py:840} INFO - DAG(s) 'example_bash_decorator' retrieved from /home/airflow/.local/lib/python3.12/site-packages/airflow/example_dags/example_bash_decorator.py
[2026-05-10T07:26:20.412+0000] {logging_mixin.py:188} INFO - [2026-05-10T07:26:20.412+0000] {dag.py:3096} INFO - Sync 1 DAGs
[2026-05-10T07:26:20.423+0000] {logging_mixin.py:188} INFO - [2026-05-10T07:26:20.423+0000] {dag.py:3954} INFO - Setting next_dagrun for example_bash_decorator to None, run_after=None
[2026-05-10T07:26:20.441+0000] {processor.py:183} INFO - Processing /home/airflow/.local/lib/python3.12/site-packages/airflow/example_dags/example_bash_decorator.py took 0.073 seconds
[2026-05-10T07:26:50.936+0000] {processor.py:161} INFO - Started process (PID=26444) to work on /home/airflow/.local/lib/python3.12/site-packages/airflow/example_dags/example_bash_decorator.py
[2026-05-10T07:26:50.937+0000] {processor.py:830} INFO - Processing file /home/airflow/.local/lib/python3.12/site-packages/airflow/example_dags/example_bash_decorator.py for tasks to queue
[2026-05-10T07:26:50.940+0000] {logging_mixin.py:188} INFO - [2026-05-10T07:26:50.940+0000] {dagbag.py:545} INFO - Filling up the DagBag from /home/airflow/.local/lib/python3.12/site-packages/airflow/example_dags/example_bash_decorator.py
[2026-05-10T07:26:50.960+0000] {processor.py:840} INFO - DAG(s) 'example_bash_decorator' retrieved from /home/airflow/.local/lib/python3.12/site-packages/airflow/example_dags/example_bash_decorator.py
[2026-05-10T07:26:50.990+0000] {logging_mixin.py:188} INFO - [2026-05-10T07:26:50.989+0000] {dag.py:3096} INFO - Sync 1 DAGs
[2026-05-10T07:26:51.013+0000] {logging_mixin.py:188} INFO - [2026-05-10T07:26:51.012+0000] {dag.py:3954} INFO - Setting next_dagrun for example_bash_decorator to None, run_after=None
[2026-05-10T07:26:51.040+0000] {processor.py:183} INFO - Processing /home/airflow/.local/lib/python3.12/site-packages/airflow/example_dags/example_bash_decorator.py took 0.113 seconds
[2026-05-10T07:27:21.368+0000] {processor.py:161} INFO - Started process (PID=26504) to work on /home/airflow/.local/lib/python3.12/site-packages/airflow/example_dags/example_bash_decorator.py
[2026-05-10T07:27:21.372+0000] {processor.py:830} INFO - Processing file /home/airflow/.local/lib/python3.12/site-packages/airflow/example_dags/example_bash_decorator.py for tasks to queue
[2026-05-10T07:27:21.375+0000] {logging_mixin.py:188} INFO - [2026-05-10T07:27:21.374+0000] {dagbag.py:545} INFO - Filling up the DagBag from /home/airflow/.local/lib/python3.12/site-packages/airflow/example_dags/example_bash_decorator.py
[2026-05-10T07:27:21.399+0000] {processor.py:840} INFO - DAG(s) 'example_bash_decorator' retrieved from /home/airflow/.local/lib/python3.12/site-packages/airflow/example_dags/example_bash_decorator.py
[2026-05-10T07:27:21.442+0000] {logging_mixin.py:188} INFO - [2026-05-10T07:27:21.441+0000] {dag.py:3096} INFO - Sync 1 DAGs
[2026-05-10T07:27:21.462+0000] {logging_mixin.py:188} INFO - [2026-05-10T07:27:21.462+0000] {dag.py:3954} INFO - Setting next_dagrun for example_bash_decorator to None, run_after=None
[2026-05-10T07:27:21.498+0000] {processor.py:183} INFO - Processing /home/airflow/.local/lib/python3.12/site-packages/airflow/example_dags/example_bash_decorator.py took 0.139 seconds
[2026-05-10T07:27:51.613+0000] {processor.py:161} INFO - Started process (PID=26564) to work on /home/airflow/.local/lib/python3.12/site-packages/airflow/example_dags/example_bash_decorator.py
[2026-05-10T07:27:51.614+0000] {processor.py:830} INFO - Processing file /home/airflow/.local/lib/python3.12/site-packages/airflow/example_dags/example_bash_decorator.py for tasks to queue
[2026-05-10T07:27:51.617+0000] {logging_mixin.py:188} INFO - [2026-05-10T07:27:51.617+0000] {dagbag.py:545} INFO - Filling up the DagBag from /home/airflow/.local/lib/python3.12/site-packages/airflow/example_dags/example_bash_decorator.py
[2026-05-10T07:27:51.635+0000] {processor.py:840} INFO - DAG(s) 'example_bash_decorator' retrieved from /home/airflow/.local/lib/python3.12/site-packages/airflow/example_dags/example_bash_decorator.py
[2026-05-10T07:27:51.669+0000] {logging_mixin.py:188} INFO - [2026-05-10T07:27:51.668+0000] {dag.py:3096} INFO - Sync 1 DAGs
[2026-05-10T07:27:51.685+0000] {logging_mixin.py:188} INFO - [2026-05-10T07:27:51.684+0000] {dag.py:3954} INFO - Setting next_dagrun for example_bash_decorator to None, run_after=None
[2026-05-10T07:27:51.711+0000] {processor.py:183} INFO - Processing /home/airflow/.local/lib/python3.12/site-packages/airflow/example_dags/example_bash_decorator.py took 0.108 seconds
[2026-05-10T07:28:22.364+0000] {processor.py:161} INFO - Started process (PID=26624) to work on /home/airflow/.local/lib/python3.12/site-packages/airflow/example_dags/example_bash_decorator.py
[2026-05-10T07:28:22.365+0000] {processor.py:830} INFO - Processing file /home/airflow/.local/lib/python3.12/site-packages/airflow/example_dags/example_bash_decorator.py for tasks to queue
[2026-05-10T07:28:22.369+0000] {logging_mixin.py:188} INFO - [2026-05-10T07:28:22.369+0000] {dagbag.py:545} INFO - Filling up the DagBag from /home/airflow/.local/lib/python3.12/site-packages/airflow/example_dags/example_bash_decorator.py
[2026-05-10T07:28:22.389+0000] {processor.py:840} INFO - DAG(s) 'example_bash_decorator' retrieved from /home/airflow/.local/lib/python3.12/site-packages/airflow/example_dags/example_bash_decorator.py
[2026-05-10T07:28:22.425+0000] {logging_mixin.py:188} INFO - [2026-05-10T07:28:22.425+0000] {dag.py:3096} INFO - Sync 1 DAGs
[2026-05-10T07:28:22.445+0000] {logging_mixin.py:188} INFO - [2026-05-10T07:28:22.444+0000] {dag.py:3954} INFO - Setting next_dagrun for example_bash_decorator to None, run_after=None
[2026-05-10T07:28:22.474+0000] {processor.py:183} INFO - Processing /home/airflow/.local/lib/python3.12/site-packages/airflow/example_dags/example_bash_decorator.py took 0.121 seconds
[2026-05-10T07:28:52.619+0000] {processor.py:161} INFO - Started process (PID=26684) to work on /home/airflow/.local/lib/python3.12/site-packages/airflow/example_dags/example_bash_decorator.py
[2026-05-10T07:28:52.620+0000] {processor.py:830} INFO - Processing file /home/airflow/.local/lib/python3.12/site-packages/airflow/example_dags/example_bash_decorator.py for tasks to queue
[2026-05-10T07:28:52.623+0000] {logging_mixin.py:188} INFO - [2026-05-10T07:28:52.623+0000] {dagbag.py:545} INFO - Filling up the DagBag from /home/airflow/.local/lib/python3.12/site-packages/airflow/example_dags/example_bash_decorator.py
[2026-05-10T07:28:52.634+0000] {processor.py:840} INFO - DAG(s) 'example_bash_decorator' retrieved from /home/airflow/.local/lib/python3.12/site-packages/airflow/example_dags/example_bash_decorator.py
[2026-05-10T07:28:52.653+0000] {logging_mixin.py:188} INFO - [2026-05-10T07:28:52.653+0000] {dag.py:3096} INFO - Sync 1 DAGs
[2026-05-10T07:28:52.664+0000] {logging_mixin.py:188} INFO - [2026-05-10T07:28:52.664+0000] {dag.py:3954} INFO - Setting next_dagrun for example_bash_decorator to None, run_after=None
[2026-05-10T07:28:52.680+0000] {processor.py:183} INFO - Processing /home/airflow/.local/lib/python3.12/site-packages/airflow/example_dags/example_bash_decorator.py took 0.067 seconds
[2026-05-10T07:29:22.829+0000] {processor.py:161} INFO - Started process (PID=26744) to work on /home/airflow/.local/lib/python3.12/site-packages/airflow/example_dags/example_bash_decorator.py
[2026-05-10T07:29:22.831+0000] {processor.py:830} INFO - Processing file /home/airflow/.local/lib/python3.12/site-packages/airflow/example_dags/example_bash_decorator.py for tasks to queue
[2026-05-10T07:29:22.833+0000] {logging_mixin.py:188} INFO - [2026-05-10T07:29:22.832+0000] {dagbag.py:545} INFO - Filling up the DagBag from /home/airflow/.local/lib/python3.12/site-packages/airflow/example_dags/example_bash_decorator.py
[2026-05-10T07:29:22.843+0000] {processor.py:840} INFO - DAG(s) 'example_bash_decorator' retrieved from /home/airflow/.local/lib/python3.12/site-packages/airflow/example_dags/example_bash_decorator.py
[2026-05-10T07:29:22.861+0000] {logging_mixin.py:188} INFO - [2026-05-10T07:29:22.860+0000] {dag.py:3096} INFO - Sync 1 DAGs
[2026-05-10T07:29:22.870+0000] {logging_mixin.py:188} INFO - [2026-05-10T07:29:22.870+0000] {dag.py:3954} INFO - Setting next_dagrun for example_bash_decorator to None, run_after=None
[2026-05-10T07:29:22.886+0000] {processor.py:183} INFO - Processing /home/airflow/.local/lib/python3.12/site-packages/airflow/example_dags/example_bash_decorator.py took 0.062 seconds
[2026-05-10T07:29:53.149+0000] {processor.py:161} INFO - Started process (PID=26804) to work on /home/airflow/.local/lib/python3.12/site-packages/airflow/example_dags/example_bash_decorator.py
[2026-05-10T07:29:53.153+0000] {processor.py:830} INFO - Processing file /home/airflow/.local/lib/python3.12/site-packages/airflow/example_dags/example_bash_decorator.py for tasks to queue
[2026-05-10T07:29:53.157+0000] {logging_mixin.py:188} INFO - [2026-05-10T07:29:53.157+0000] {dagbag.py:545} INFO - Filling up the DagBag from /home/airflow/.local/lib/python3.12/site-packages/airflow/example_dags/example_bash_decorator.py
[2026-05-10T07:29:53.171+0000] {processor.py:840} INFO - DAG(s) 'example_bash_decorator' retrieved from /home/airflow/.local/lib/python3.12/site-packages/airflow/example_dags/example_bash_decorator.py
[2026-05-10T07:29:53.192+0000] {logging_mixin.py:188} INFO - [2026-05-10T07:29:53.191+0000] {dag.py:3096} INFO - Sync 1 DAGs
[2026-05-10T07:29:53.203+0000] {logging_mixin.py:188} INFO - [2026-05-10T07:29:53.202+0000] {dag.py:3954} INFO - Setting next_dagrun for example_bash_decorator to None, run_after=None
[2026-05-10T07:29:53.220+0000] {processor.py:183} INFO - Processing /home/airflow/.local/lib/python3.12/site-packages/airflow/example_dags/example_bash_decorator.py took 0.075 seconds
[2026-05-10T07:30:23.295+0000] {processor.py:161} INFO - Started process (PID=26864) to work on /home/airflow/.local/lib/python3.12/site-packages/airflow/example_dags/example_bash_decorator.py
[2026-05-10T07:30:23.297+0000] {processor.py:830} INFO - Processing file /home/airflow/.local/lib/python3.12/site-packages/airflow/example_dags/example_bash_decorator.py for tasks to queue
[2026-05-10T07:30:23.300+0000] {logging_mixin.py:188} INFO - [2026-05-10T07:30:23.300+0000] {dagbag.py:545} INFO - Filling up the DagBag from /home/airflow/.local/lib/python3.12/site-packages/airflow/example_dags/example_bash_decorator.py
[2026-05-10T07:30:23.313+0000] {processor.py:840} INFO - DAG(s) 'example_bash_decorator' retrieved from /home/airflow/.local/lib/python3.12/site-packages/airflow/example_dags/example_bash_decorator.py
[2026-05-10T07:30:23.333+0000] {logging_mixin.py:188} INFO - [2026-05-10T07:30:23.333+0000] {dag.py:3096} INFO - Sync 1 DAGs
[2026-05-10T07:30:23.469+0000] {logging_mixin.py:188} INFO - [2026-05-10T07:30:23.469+0000] {dag.py:3954} INFO - Setting next_dagrun for example_bash_decorator to None, run_after=None
[2026-05-10T07:30:23.485+0000] {processor.py:183} INFO - Processing /home/airflow/.local/lib/python3.12/site-packages/airflow/example_dags/example_bash_decorator.py took 0.196 seconds
[2026-05-10T07:30:54.284+0000] {processor.py:161} INFO - Started process (PID=26924) to work on /home/airflow/.local/lib/python3.12/site-packages/airflow/example_dags/example_bash_decorator.py
[2026-05-10T07:30:54.285+0000] {processor.py:830} INFO - Processing file /home/airflow/.local/lib/python3.12/site-packages/airflow/example_dags/example_bash_decorator.py for tasks to queue
[2026-05-10T07:30:54.288+0000] {logging_mixin.py:188} INFO - [2026-05-10T07:30:54.287+0000] {dagbag.py:545} INFO - Filling up the DagBag from /home/airflow/.local/lib/python3.12/site-packages/airflow/example_dags/example_bash_decorator.py
[2026-05-10T07:30:54.299+0000] {processor.py:840} INFO - DAG(s) 'example_bash_decorator' retrieved from /home/airflow/.local/lib/python3.12/site-packages/airflow/example_dags/example_bash_decorator.py
[2026-05-10T07:30:54.324+0000] {logging_mixin.py:188} INFO - [2026-05-10T07:30:54.324+0000] {dag.py:3096} INFO - Sync 1 DAGs
[2026-05-10T07:30:54.339+0000] {logging_mixin.py:188} INFO - [2026-05-10T07:30:54.339+0000] {dag.py:3954} INFO - Setting next_dagrun for example_bash_decorator to None, run_after=None
[2026-05-10T07:30:54.356+0000] {processor.py:183} INFO - Processing /home/airflow/.local/lib/python3.12/site-packages/airflow/example_dags/example_bash_decorator.py took 0.076 seconds
[2026-05-10T07:31:25.154+0000] {processor.py:161} INFO - Started process (PID=26984) to work on /home/airflow/.local/lib/python3.12/site-packages/airflow/example_dags/example_bash_decorator.py
[2026-05-10T07:31:25.156+0000] {processor.py:830} INFO - Processing file /home/airflow/.local/lib/python3.12/site-packages/airflow/example_dags/example_bash_decorator.py for tasks to queue
[2026-05-10T07:31:25.159+0000] {logging_mixin.py:188} INFO - [2026-05-10T07:31:25.158+0000] {dagbag.py:545} INFO - Filling up the DagBag from /home/airflow/.local/lib/python3.12/site-packages/airflow/example_dags/example_bash_decorator.py
[2026-05-10T07:31:25.178+0000] {processor.py:840} INFO - DAG(s) 'example_bash_decorator' retrieved from /home/airflow/.local/lib/python3.12/site-packages/airflow/example_dags/example_bash_decorator.py
[2026-05-10T07:31:25.210+0000] {logging_mixin.py:188} INFO - [2026-05-10T07:31:25.209+0000] {dag.py:3096} INFO - Sync 1 DAGs
[2026-05-10T07:31:25.226+0000] {logging_mixin.py:188} INFO - [2026-05-10T07:31:25.226+0000] {dag.py:3954} INFO - Setting next_dagrun for example_bash_decorator to None, run_after=None
[2026-05-10T07:31:25.251+0000] {processor.py:183} INFO - Processing /home/airflow/.local/lib/python3.12/site-packages/airflow/example_dags/example_bash_decorator.py took 0.106 seconds
[2026-05-10T07:31:55.731+0000] {processor.py:161} INFO - Started process (PID=27044) to work on /home/airflow/.local/lib/python3.12/site-packages/airflow/example_dags/example_bash_decorator.py
[2026-05-10T07:31:55.732+0000] {processor.py:830} INFO - Processing file /home/airflow/.local/lib/python3.12/site-packages/airflow/example_dags/example_bash_decorator.py for tasks to queue
[2026-05-10T07:31:55.734+0000] {logging_mixin.py:188} INFO - [2026-05-10T07:31:55.734+0000] {dagbag.py:545} INFO - Filling up the DagBag from /home/airflow/.local/lib/python3.12/site-packages/airflow/example_dags/example_bash_decorator.py
[2026-05-10T07:31:55.745+0000] {processor.py:840} INFO - DAG(s) 'example_bash_decorator' retrieved from /home/airflow/.local/lib/python3.12/site-packages/airflow/example_dags/example_bash_decorator.py
[2026-05-10T07:31:55.762+0000] {logging_mixin.py:188} INFO - [2026-05-10T07:31:55.761+0000] {dag.py:3096} INFO - Sync 1 DAGs
[2026-05-10T07:31:55.772+0000] {logging_mixin.py:188} INFO - [2026-05-10T07:31:55.772+0000] {dag.py:3954} INFO - Setting next_dagrun for example_bash_decorator to None, run_after=None
[2026-05-10T07:31:55.788+0000] {processor.py:183} INFO - Processing /home/airflow/.local/lib/python3.12/site-packages/airflow/example_dags/example_bash_decorator.py took 0.061 seconds
[2026-05-10T07:32:26.460+0000] {processor.py:161} INFO - Started process (PID=27104) to work on /home/airflow/.local/lib/python3.12/site-packages/airflow/example_dags/example_bash_decorator.py
[2026-05-10T07:32:26.462+0000] {processor.py:830} INFO - Processing file /home/airflow/.local/lib/python3.12/site-packages/airflow/example_dags/example_bash_decorator.py for tasks to queue
[2026-05-10T07:32:26.464+0000] {logging_mixin.py:188} INFO - [2026-05-10T07:32:26.464+0000] {dagbag.py:545} INFO - Filling up the DagBag from /home/airflow/.local/lib/python3.12/site-packages/airflow/example_dags/example_bash_decorator.py
[2026-05-10T07:32:26.475+0000] {processor.py:840} INFO - DAG(s) 'example_bash_decorator' retrieved from /home/airflow/.local/lib/python3.12/site-packages/airflow/example_dags/example_bash_decorator.py
[2026-05-10T07:32:26.497+0000] {logging_mixin.py:188} INFO - [2026-05-10T07:32:26.497+0000] {dag.py:3096} INFO - Sync 1 DAGs
[2026-05-10T07:32:26.648+0000] {logging_mixin.py:188} INFO - [2026-05-10T07:32:26.648+0000] {dag.py:3954} INFO - Setting next_dagrun for example_bash_decorator to None, run_after=None
[2026-05-10T07:32:26.668+0000] {processor.py:183} INFO - Processing /home/airflow/.local/lib/python3.12/site-packages/airflow/example_dags/example_bash_decorator.py took 0.215 seconds
[2026-05-10T07:32:57.607+0000] {processor.py:161} INFO - Started process (PID=27164) to work on /home/airflow/.local/lib/python3.12/site-packages/airflow/example_dags/example_bash_decorator.py
[2026-05-10T07:32:57.608+0000] {processor.py:830} INFO - Processing file /home/airflow/.local/lib/python3.12/site-packages/airflow/example_dags/example_bash_decorator.py for tasks to queue
[2026-05-10T07:32:57.610+0000] {logging_mixin.py:188} INFO - [2026-05-10T07:32:57.610+0000] {dagbag.py:545} INFO - Filling up the DagBag from /home/airflow/.local/lib/python3.12/site-packages/airflow/example_dags/example_bash_decorator.py
[2026-05-10T07:32:57.622+0000] {processor.py:840} INFO - DAG(s) 'example_bash_decorator' retrieved from /home/airflow/.local/lib/python3.12/site-packages/airflow/example_dags/example_bash_decorator.py
[2026-05-10T07:32:57.642+0000] {logging_mixin.py:188} INFO - [2026-05-10T07:32:57.642+0000] {dag.py:3096} INFO - Sync 1 DAGs
[2026-05-10T07:32:57.654+0000] {logging_mixin.py:188} INFO - [2026-05-10T07:32:57.654+0000] {dag.py:3954} INFO - Setting next_dagrun for example_bash_decorator to None, run_after=None
[2026-05-10T07:32:57.675+0000] {processor.py:183} INFO - Processing /home/airflow/.local/lib/python3.12/site-packages/airflow/example_dags/example_bash_decorator.py took 0.073 seconds
[2026-05-10T07:33:27.812+0000] {processor.py:161} INFO - Started process (PID=27224) to work on /home/airflow/.local/lib/python3.12/site-packages/airflow/example_dags/example_bash_decorator.py
[2026-05-10T07:33:27.814+0000] {processor.py:830} INFO - Processing file /home/airflow/.local/lib/python3.12/site-packages/airflow/example_dags/example_bash_decorator.py for tasks to queue
[2026-05-10T07:33:27.816+0000] {logging_mixin.py:188} INFO - [2026-05-10T07:33:27.816+0000] {dagbag.py:545} INFO - Filling up the DagBag from /home/airflow/.local/lib/python3.12/site-packages/airflow/example_dags/example_bash_decorator.py
[2026-05-10T07:33:27.829+0000] {processor.py:840} INFO - DAG(s) 'example_bash_decorator' retrieved from /home/airflow/.local/lib/python3.12/site-packages/airflow/example_dags/example_bash_decorator.py
[2026-05-10T07:33:27.855+0000] {logging_mixin.py:188} INFO - [2026-05-10T07:33:27.855+0000] {dag.py:3096} INFO - Sync 1 DAGs
[2026-05-10T07:33:27.868+0000] {logging_mixin.py:188} INFO - [2026-05-10T07:33:27.868+0000] {dag.py:3954} INFO - Setting next_dagrun for example_bash_decorator to None, run_after=None
[2026-05-10T07:33:27.890+0000] {processor.py:183} INFO - Processing /home/airflow/.local/lib/python3.12/site-packages/airflow/example_dags/example_bash_decorator.py took 0.083 seconds
[2026-05-10T07:33:58.034+0000] {processor.py:161} INFO - Started process (PID=27284) to work on /home/airflow/.local/lib/python3.12/site-packages/airflow/example_dags/example_bash_decorator.py
[2026-05-10T07:33:58.036+0000] {processor.py:830} INFO - Processing file /home/airflow/.local/lib/python3.12/site-packages/airflow/example_dags/example_bash_decorator.py for tasks to queue
[2026-05-10T07:33:58.037+0000] {logging_mixin.py:188} INFO - [2026-05-10T07:33:58.037+0000] {dagbag.py:545} INFO - Filling up the DagBag from /home/airflow/.local/lib/python3.12/site-packages/airflow/example_dags/example_bash_decorator.py
[2026-05-10T07:33:58.050+0000] {processor.py:840} INFO - DAG(s) 'example_bash_decorator' retrieved from /home/airflow/.local/lib/python3.12/site-packages/airflow/example_dags/example_bash_decorator.py
[2026-05-10T07:33:58.074+0000] {logging_mixin.py:188} INFO - [2026-05-10T07:33:58.073+0000] {dag.py:3096} INFO - Sync 1 DAGs
[2026-05-10T07:33:58.088+0000] {logging_mixin.py:188} INFO - [2026-05-10T07:33:58.088+0000] {dag.py:3954} INFO - Setting next_dagrun for example_bash_decorator to None, run_after=None
[2026-05-10T07:33:58.114+0000] {processor.py:183} INFO - Processing /home/airflow/.local/lib/python3.12/site-packages/airflow/example_dags/example_bash_decorator.py took 0.086 seconds
[2026-05-10T07:34:28.333+0000] {processor.py:161} INFO - Started process (PID=27344) to work on /home/airflow/.local/lib/python3.12/site-packages/airflow/example_dags/example_bash_decorator.py
[2026-05-10T07:34:28.335+0000] {processor.py:830} INFO - Processing file /home/airflow/.local/lib/python3.12/site-packages/airflow/example_dags/example_bash_decorator.py for tasks to queue
[2026-05-10T07:34:28.337+0000] {logging_mixin.py:188} INFO - [2026-05-10T07:34:28.336+0000] {dagbag.py:545} INFO - Filling up the DagBag from /home/airflow/.local/lib/python3.12/site-packages/airflow/example_dags/example_bash_decorator.py
[2026-05-10T07:34:28.352+0000] {processor.py:840} INFO - DAG(s) 'example_bash_decorator' retrieved from /home/airflow/.local/lib/python3.12/site-packages/airflow/example_dags/example_bash_decorator.py
[2026-05-10T07:34:28.373+0000] {logging_mixin.py:188} INFO - [2026-05-10T07:34:28.373+0000] {dag.py:3096} INFO - Sync 1 DAGs
[2026-05-10T07:34:28.388+0000] {logging_mixin.py:188} INFO - [2026-05-10T07:34:28.388+0000] {dag.py:3954} INFO - Setting next_dagrun for example_bash_decorator to None, run_after=None
[2026-05-10T07:34:28.408+0000] {processor.py:183} INFO - Processing /home/airflow/.local/lib/python3.12/site-packages/airflow/example_dags/example_bash_decorator.py took 0.080 seconds
[2026-05-10T07:34:58.823+0000] {processor.py:161} INFO - Started process (PID=27404) to work on /home/airflow/.local/lib/python3.12/site-packages/airflow/example_dags/example_bash_decorator.py
[2026-05-10T07:34:58.824+0000] {processor.py:830} INFO - Processing file /home/airflow/.local/lib/python3.12/site-packages/airflow/example_dags/example_bash_decorator.py for tasks to queue
[2026-05-10T07:34:58.826+0000] {logging_mixin.py:188} INFO - [2026-05-10T07:34:58.826+0000] {dagbag.py:545} INFO - Filling up the DagBag from /home/airflow/.local/lib/python3.12/site-packages/airflow/example_dags/example_bash_decorator.py
[2026-05-10T07:34:58.837+0000] {processor.py:840} INFO - DAG(s) 'example_bash_decorator' retrieved from /home/airflow/.local/lib/python3.12/site-packages/airflow/example_dags/example_bash_decorator.py
[2026-05-10T07:34:58.860+0000] {logging_mixin.py:188} INFO - [2026-05-10T07:34:58.860+0000] {dag.py:3096} INFO - Sync 1 DAGs
[2026-05-10T07:34:58.871+0000] {logging_mixin.py:188} INFO - [2026-05-10T07:34:58.870+0000] {dag.py:3954} INFO - Setting next_dagrun for example_bash_decorator to None, run_after=None
[2026-05-10T07:34:58.894+0000] {processor.py:183} INFO - Processing /home/airflow/.local/lib/python3.12/site-packages/airflow/example_dags/example_bash_decorator.py took 0.076 seconds
[2026-05-10T07:35:29.097+0000] {processor.py:161} INFO - Started process (PID=27464) to work on /home/airflow/.local/lib/python3.12/site-packages/airflow/example_dags/example_bash_decorator.py
[2026-05-10T07:35:29.098+0000] {processor.py:830} INFO - Processing file /home/airflow/.local/lib/python3.12/site-packages/airflow/example_dags/example_bash_decorator.py for tasks to queue
[2026-05-10T07:35:29.100+0000] {logging_mixin.py:188} INFO - [2026-05-10T07:35:29.100+0000] {dagbag.py:545} INFO - Filling up the DagBag from /home/airflow/.local/lib/python3.12/site-packages/airflow/example_dags/example_bash_decorator.py
[2026-05-10T07:35:29.110+0000] {processor.py:840} INFO - DAG(s) 'example_bash_decorator' retrieved from /home/airflow/.local/lib/python3.12/site-packages/airflow/example_dags/example_bash_decorator.py
[2026-05-10T07:35:29.129+0000] {logging_mixin.py:188} INFO - [2026-05-10T07:35:29.129+0000] {dag.py:3096} INFO - Sync 1 DAGs
[2026-05-10T07:35:29.140+0000] {logging_mixin.py:188} INFO - [2026-05-10T07:35:29.139+0000] {dag.py:3954} INFO - Setting next_dagrun for example_bash_decorator to None, run_after=None
[2026-05-10T07:35:29.159+0000] {processor.py:183} INFO - Processing /home/airflow/.local/lib/python3.12/site-packages/airflow/example_dags/example_bash_decorator.py took 0.066 seconds
[2026-05-10T07:35:59.374+0000] {processor.py:161} INFO - Started process (PID=27524) to work on /home/airflow/.local/lib/python3.12/site-packages/airflow/example_dags/example_bash_decorator.py
[2026-05-10T07:35:59.375+0000] {processor.py:830} INFO - Processing file /home/airflow/.local/lib/python3.12/site-packages/airflow/example_dags/example_bash_decorator.py for tasks to queue
[2026-05-10T07:35:59.378+0000] {logging_mixin.py:188} INFO - [2026-05-10T07:35:59.378+0000] {dagbag.py:545} INFO - Filling up the DagBag from /home/airflow/.local/lib/python3.12/site-packages/airflow/example_dags/example_bash_decorator.py
[2026-05-10T07:35:59.388+0000] {processor.py:840} INFO - DAG(s) 'example_bash_decorator' retrieved from /home/airflow/.local/lib/python3.12/site-packages/airflow/example_dags/example_bash_decorator.py
[2026-05-10T07:35:59.405+0000] {logging_mixin.py:188} INFO - [2026-05-10T07:35:59.405+0000] {dag.py:3096} INFO - Sync 1 DAGs
[2026-05-10T07:35:59.415+0000] {logging_mixin.py:188} INFO - [2026-05-10T07:35:59.414+0000] {dag.py:3954} INFO - Setting next_dagrun for example_bash_decorator to None, run_after=None
[2026-05-10T07:35:59.431+0000] {processor.py:183} INFO - Processing /home/airflow/.local/lib/python3.12/site-packages/airflow/example_dags/example_bash_decorator.py took 0.061 seconds
[2026-05-10T07:36:29.652+0000] {processor.py:161} INFO - Started process (PID=27584) to work on /home/airflow/.local/lib/python3.12/site-packages/airflow/example_dags/example_bash_decorator.py
[2026-05-10T07:36:29.654+0000] {processor.py:830} INFO - Processing file /home/airflow/.local/lib/python3.12/site-packages/airflow/example_dags/example_bash_decorator.py for tasks to queue
[2026-05-10T07:36:29.656+0000] {logging_mixin.py:188} INFO - [2026-05-10T07:36:29.655+0000] {dagbag.py:545} INFO - Filling up the DagBag from /home/airflow/.local/lib/python3.12/site-packages/airflow/example_dags/example_bash_decorator.py
[2026-05-10T07:36:29.669+0000] {processor.py:840} INFO - DAG(s) 'example_bash_decorator' retrieved from /home/airflow/.local/lib/python3.12/site-packages/airflow/example_dags/example_bash_decorator.py
[2026-05-10T07:36:29.692+0000] {logging_mixin.py:188} INFO - [2026-05-10T07:36:29.691+0000] {dag.py:3096} INFO - Sync 1 DAGs
[2026-05-10T07:36:29.702+0000] {logging_mixin.py:188} INFO - [2026-05-10T07:36:29.702+0000] {dag.py:3954} INFO - Setting next_dagrun for example_bash_decorator to None, run_after=None
[2026-05-10T07:36:29.719+0000] {processor.py:183} INFO - Processing /home/airflow/.local/lib/python3.12/site-packages/airflow/example_dags/example_bash_decorator.py took 0.073 seconds
[2026-05-10T07:37:00.116+0000] {processor.py:161} INFO - Started process (PID=27644) to work on /home/airflow/.local/lib/python3.12/site-packages/airflow/example_dags/example_bash_decorator.py
[2026-05-10T07:37:00.119+0000] {processor.py:830} INFO - Processing file /home/airflow/.local/lib/python3.12/site-packages/airflow/example_dags/example_bash_decorator.py for tasks to queue
[2026-05-10T07:37:00.125+0000] {logging_mixin.py:188} INFO - [2026-05-10T07:37:00.124+0000] {dagbag.py:545} INFO - Filling up the DagBag from /home/airflow/.local/lib/python3.12/site-packages/airflow/example_dags/example_bash_decorator.py
[2026-05-10T07:37:00.143+0000] {processor.py:840} INFO - DAG(s) 'example_bash_decorator' retrieved from /home/airflow/.local/lib/python3.12/site-packages/airflow/example_dags/example_bash_decorator.py
[2026-05-10T07:37:00.165+0000] {logging_mixin.py:188} INFO - [2026-05-10T07:37:00.165+0000] {dag.py:3096} INFO - Sync 1 DAGs
[2026-05-10T07:37:00.178+0000] {logging_mixin.py:188} INFO - [2026-05-10T07:37:00.177+0000] {dag.py:3954} INFO - Setting next_dagrun for example_bash_decorator to None, run_after=None
[2026-05-10T07:37:00.195+0000] {processor.py:183} INFO - Processing /home/airflow/.local/lib/python3.12/site-packages/airflow/example_dags/example_bash_decorator.py took 0.085 seconds
[2026-05-10T07:37:30.423+0000] {processor.py:161} INFO - Started process (PID=27704) to work on /home/airflow/.local/lib/python3.12/site-packages/airflow/example_dags/example_bash_decorator.py
[2026-05-10T07:37:30.424+0000] {processor.py:830} INFO - Processing file /home/airflow/.local/lib/python3.12/site-packages/airflow/example_dags/example_bash_decorator.py for tasks to queue
[2026-05-10T07:37:30.426+0000] {logging_mixin.py:188} INFO - [2026-05-10T07:37:30.426+0000] {dagbag.py:545} INFO - Filling up the DagBag from /home/airflow/.local/lib/python3.12/site-packages/airflow/example_dags/example_bash_decorator.py
[2026-05-10T07:37:30.441+0000] {processor.py:840} INFO - DAG(s) 'example_bash_decorator' retrieved from /home/airflow/.local/lib/python3.12/site-packages/airflow/example_dags/example_bash_decorator.py
[2026-05-10T07:37:30.463+0000] {logging_mixin.py:188} INFO - [2026-05-10T07:37:30.463+0000] {dag.py:3096} INFO - Sync 1 DAGs
[2026-05-10T07:37:30.473+0000] {logging_mixin.py:188} INFO - [2026-05-10T07:37:30.473+0000] {dag.py:3954} INFO - Setting next_dagrun for example_bash_decorator to None, run_after=None
[2026-05-10T07:37:30.490+0000] {processor.py:183} INFO - Processing /home/airflow/.local/lib/python3.12/site-packages/airflow/example_dags/example_bash_decorator.py took 0.072 seconds
[2026-05-10T07:38:01.228+0000] {processor.py:161} INFO - Started process (PID=27764) to work on /home/airflow/.local/lib/python3.12/site-packages/airflow/example_dags/example_bash_decorator.py
[2026-05-10T07:38:01.229+0000] {processor.py:830} INFO - Processing file /home/airflow/.local/lib/python3.12/site-packages/airflow/example_dags/example_bash_decorator.py for tasks to queue
[2026-05-10T07:38:01.232+0000] {logging_mixin.py:188} INFO - [2026-05-10T07:38:01.231+0000] {dagbag.py:545} INFO - Filling up the DagBag from /home/airflow/.local/lib/python3.12/site-packages/airflow/example_dags/example_bash_decorator.py
[2026-05-10T07:38:01.242+0000] {processor.py:840} INFO - DAG(s) 'example_bash_decorator' retrieved from /home/airflow/.local/lib/python3.12/site-packages/airflow/example_dags/example_bash_decorator.py
[2026-05-10T07:38:01.262+0000] {logging_mixin.py:188} INFO - [2026-05-10T07:38:01.262+0000] {dag.py:3096} INFO - Sync 1 DAGs
[2026-05-10T07:38:01.272+0000] {logging_mixin.py:188} INFO - [2026-05-10T07:38:01.272+0000] {dag.py:3954} INFO - Setting next_dagrun for example_bash_decorator to None, run_after=None
[2026-05-10T07:38:01.286+0000] {processor.py:183} INFO - Processing /home/airflow/.local/lib/python3.12/site-packages/airflow/example_dags/example_bash_decorator.py took 0.063 seconds
[2026-05-10T07:38:31.382+0000] {processor.py:161} INFO - Started process (PID=27824) to work on /home/airflow/.local/lib/python3.12/site-packages/airflow/example_dags/example_bash_decorator.py
[2026-05-10T07:38:31.383+0000] {processor.py:830} INFO - Processing file /home/airflow/.local/lib/python3.12/site-packages/airflow/example_dags/example_bash_decorator.py for tasks to queue
[2026-05-10T07:38:31.385+0000] {logging_mixin.py:188} INFO - [2026-05-10T07:38:31.385+0000] {dagbag.py:545} INFO - Filling up the DagBag from /home/airflow/.local/lib/python3.12/site-packages/airflow/example_dags/example_bash_decorator.py
[2026-05-10T07:38:31.395+0000] {processor.py:840} INFO - DAG(s) 'example_bash_decorator' retrieved from /home/airflow/.local/lib/python3.12/site-packages/airflow/example_dags/example_bash_decorator.py
[2026-05-10T07:38:31.414+0000] {logging_mixin.py:188} INFO - [2026-05-10T07:38:31.414+0000] {dag.py:3096} INFO - Sync 1 DAGs
[2026-05-10T07:38:31.423+0000] {logging_mixin.py:188} INFO - [2026-05-10T07:38:31.423+0000] {dag.py:3954} INFO - Setting next_dagrun for example_bash_decorator to None, run_after=None
[2026-05-10T07:38:31.439+0000] {processor.py:183} INFO - Processing /home/airflow/.local/lib/python3.12/site-packages/airflow/example_dags/example_bash_decorator.py took 0.062 seconds
[2026-05-10T07:39:01.769+0000] {processor.py:161} INFO - Started process (PID=27884) to work on /home/airflow/.local/lib/python3.12/site-packages/airflow/example_dags/example_bash_decorator.py
[2026-05-10T07:39:01.770+0000] {processor.py:830} INFO - Processing file /home/airflow/.local/lib/python3.12/site-packages/airflow/example_dags/example_bash_decorator.py for tasks to queue
[2026-05-10T07:39:01.772+0000] {logging_mixin.py:188} INFO - [2026-05-10T07:39:01.772+0000] {dagbag.py:545} INFO - Filling up the DagBag from /home/airflow/.local/lib/python3.12/site-packages/airflow/example_dags/example_bash_decorator.py
[2026-05-10T07:39:01.783+0000] {processor.py:840} INFO - DAG(s) 'example_bash_decorator' retrieved from /home/airflow/.local/lib/python3.12/site-packages/airflow/example_dags/example_bash_decorator.py
[2026-05-10T07:39:01.800+0000] {logging_mixin.py:188} INFO - [2026-05-10T07:39:01.800+0000] {dag.py:3096} INFO - Sync 1 DAGs
[2026-05-10T07:39:01.810+0000] {logging_mixin.py:188} INFO - [2026-05-10T07:39:01.810+0000] {dag.py:3954} INFO - Setting next_dagrun for example_bash_decorator to None, run_after=None
[2026-05-10T07:39:01.824+0000] {processor.py:183} INFO - Processing /home/airflow/.local/lib/python3.12/site-packages/airflow/example_dags/example_bash_decorator.py took 0.061 seconds
[2026-05-10T07:39:32.082+0000] {processor.py:161} INFO - Started process (PID=27944) to work on /home/airflow/.local/lib/python3.12/site-packages/airflow/example_dags/example_bash_decorator.py
[2026-05-10T07:39:32.083+0000] {processor.py:830} INFO - Processing file /home/airflow/.local/lib/python3.12/site-packages/airflow/example_dags/example_bash_decorator.py for tasks to queue
[2026-05-10T07:39:32.085+0000] {logging_mixin.py:188} INFO - [2026-05-10T07:39:32.085+0000] {dagbag.py:545} INFO - Filling up the DagBag from /home/airflow/.local/lib/python3.12/site-packages/airflow/example_dags/example_bash_decorator.py
[2026-05-10T07:39:32.095+0000] {processor.py:840} INFO - DAG(s) 'example_bash_decorator' retrieved from /home/airflow/.local/lib/python3.12/site-packages/airflow/example_dags/example_bash_decorator.py
[2026-05-10T07:39:32.112+0000] {logging_mixin.py:188} INFO - [2026-05-10T07:39:32.112+0000] {dag.py:3096} INFO - Sync 1 DAGs
[2026-05-10T07:39:32.121+0000] {logging_mixin.py:188} INFO - [2026-05-10T07:39:32.121+0000] {dag.py:3954} INFO - Setting next_dagrun for example_bash_decorator to None, run_after=None
[2026-05-10T07:39:32.138+0000] {processor.py:183} INFO - Processing /home/airflow/.local/lib/python3.12/site-packages/airflow/example_dags/example_bash_decorator.py took 0.061 seconds
[2026-05-10T07:40:02.238+0000] {processor.py:161} INFO - Started process (PID=28004) to work on /home/airflow/.local/lib/python3.12/site-packages/airflow/example_dags/example_bash_decorator.py
[2026-05-10T07:40:02.240+0000] {processor.py:830} INFO - Processing file /home/airflow/.local/lib/python3.12/site-packages/airflow/example_dags/example_bash_decorator.py for tasks to queue
[2026-05-10T07:40:02.242+0000] {logging_mixin.py:188} INFO - [2026-05-10T07:40:02.242+0000] {dagbag.py:545} INFO - Filling up the DagBag from /home/airflow/.local/lib/python3.12/site-packages/airflow/example_dags/example_bash_decorator.py
[2026-05-10T07:40:02.260+0000] {processor.py:840} INFO - DAG(s) 'example_bash_decorator' retrieved from /home/airflow/.local/lib/python3.12/site-packages/airflow/example_dags/example_bash_decorator.py
[2026-05-10T07:40:02.289+0000] {logging_mixin.py:188} INFO - [2026-05-10T07:40:02.288+0000] {dag.py:3096} INFO - Sync 1 DAGs
[2026-05-10T07:40:02.303+0000] {logging_mixin.py:188} INFO - [2026-05-10T07:40:02.302+0000] {dag.py:3954} INFO - Setting next_dagrun for example_bash_decorator to None, run_after=None
[2026-05-10T07:40:02.331+0000] {processor.py:183} INFO - Processing /home/airflow/.local/lib/python3.12/site-packages/airflow/example_dags/example_bash_decorator.py took 0.098 seconds
[2026-05-10T07:40:32.565+0000] {processor.py:161} INFO - Started process (PID=28064) to work on /home/airflow/.local/lib/python3.12/site-packages/airflow/example_dags/example_bash_decorator.py
[2026-05-10T07:40:32.566+0000] {processor.py:830} INFO - Processing file /home/airflow/.local/lib/python3.12/site-packages/airflow/example_dags/example_bash_decorator.py for tasks to queue
[2026-05-10T07:40:32.568+0000] {logging_mixin.py:188} INFO - [2026-05-10T07:40:32.568+0000] {dagbag.py:545} INFO - Filling up the DagBag from /home/airflow/.local/lib/python3.12/site-packages/airflow/example_dags/example_bash_decorator.py
[2026-05-10T07:40:32.578+0000] {processor.py:840} INFO - DAG(s) 'example_bash_decorator' retrieved from /home/airflow/.local/lib/python3.12/site-packages/airflow/example_dags/example_bash_decorator.py
[2026-05-10T07:40:32.599+0000] {logging_mixin.py:188} INFO - [2026-05-10T07:40:32.599+0000] {dag.py:3096} INFO - Sync 1 DAGs
[2026-05-10T07:40:32.612+0000] {logging_mixin.py:188} INFO - [2026-05-10T07:40:32.611+0000] {dag.py:3954} INFO - Setting next_dagrun for example_bash_decorator to None, run_after=None
[2026-05-10T07:40:32.632+0000] {processor.py:183} INFO - Processing /home/airflow/.local/lib/python3.12/site-packages/airflow/example_dags/example_bash_decorator.py took 0.073 seconds
[2026-05-10T07:41:03.183+0000] {processor.py:161} INFO - Started process (PID=28124) to work on /home/airflow/.local/lib/python3.12/site-packages/airflow/example_dags/example_bash_decorator.py
[2026-05-10T07:41:03.184+0000] {processor.py:830} INFO - Processing file /home/airflow/.local/lib/python3.12/site-packages/airflow/example_dags/example_bash_decorator.py for tasks to queue
[2026-05-10T07:41:03.187+0000] {logging_mixin.py:188} INFO - [2026-05-10T07:41:03.186+0000] {dagbag.py:545} INFO - Filling up the DagBag from /home/airflow/.local/lib/python3.12/site-packages/airflow/example_dags/example_bash_decorator.py
[2026-05-10T07:41:03.199+0000] {processor.py:840} INFO - DAG(s) 'example_bash_decorator' retrieved from /home/airflow/.local/lib/python3.12/site-packages/airflow/example_dags/example_bash_decorator.py
[2026-05-10T07:41:03.224+0000] {logging_mixin.py:188} INFO - [2026-05-10T07:41:03.224+0000] {dag.py:3096} INFO - Sync 1 DAGs
[2026-05-10T07:41:03.236+0000] {logging_mixin.py:188} INFO - [2026-05-10T07:41:03.236+0000] {dag.py:3954} INFO - Setting next_dagrun for example_bash_decorator to None, run_after=None
[2026-05-10T07:41:03.253+0000] {processor.py:183} INFO - Processing /home/airflow/.local/lib/python3.12/site-packages/airflow/example_dags/example_bash_decorator.py took 0.076 seconds
[2026-05-10T07:41:33.781+0000] {processor.py:161} INFO - Started process (PID=28184) to work on /home/airflow/.local/lib/python3.12/site-packages/airflow/example_dags/example_bash_decorator.py
[2026-05-10T07:41:33.783+0000] {processor.py:830} INFO - Processing file /home/airflow/.local/lib/python3.12/site-packages/airflow/example_dags/example_bash_decorator.py for tasks to queue
[2026-05-10T07:41:33.785+0000] {logging_mixin.py:188} INFO - [2026-05-10T07:41:33.785+0000] {dagbag.py:545} INFO - Filling up the DagBag from /home/airflow/.local/lib/python3.12/site-packages/airflow/example_dags/example_bash_decorator.py
[2026-05-10T07:41:33.799+0000] {processor.py:840} INFO - DAG(s) 'example_bash_decorator' retrieved from /home/airflow/.local/lib/python3.12/site-packages/airflow/example_dags/example_bash_decorator.py
[2026-05-10T07:41:33.818+0000] {logging_mixin.py:188} INFO - [2026-05-10T07:41:33.818+0000] {dag.py:3096} INFO - Sync 1 DAGs
[2026-05-10T07:41:33.829+0000] {logging_mixin.py:188} INFO - [2026-05-10T07:41:33.829+0000] {dag.py:3954} INFO - Setting next_dagrun for example_bash_decorator to None, run_after=None
[2026-05-10T07:41:33.847+0000] {processor.py:183} INFO - Processing /home/airflow/.local/lib/python3.12/site-packages/airflow/example_dags/example_bash_decorator.py took 0.070 seconds
[2026-05-10T07:42:03.980+0000] {processor.py:161} INFO - Started process (PID=28244) to work on /home/airflow/.local/lib/python3.12/site-packages/airflow/example_dags/example_bash_decorator.py
[2026-05-10T07:42:03.981+0000] {processor.py:830} INFO - Processing file /home/airflow/.local/lib/python3.12/site-packages/airflow/example_dags/example_bash_decorator.py for tasks to queue
[2026-05-10T07:42:03.983+0000] {logging_mixin.py:188} INFO - [2026-05-10T07:42:03.983+0000] {dagbag.py:545} INFO - Filling up the DagBag from /home/airflow/.local/lib/python3.12/site-packages/airflow/example_dags/example_bash_decorator.py
[2026-05-10T07:42:03.994+0000] {processor.py:840} INFO - DAG(s) 'example_bash_decorator' retrieved from /home/airflow/.local/lib/python3.12/site-packages/airflow/example_dags/example_bash_decorator.py
[2026-05-10T07:42:04.013+0000] {logging_mixin.py:188} INFO - [2026-05-10T07:42:04.012+0000] {dag.py:3096} INFO - Sync 1 DAGs
[2026-05-10T07:42:04.023+0000] {logging_mixin.py:188} INFO - [2026-05-10T07:42:04.023+0000] {dag.py:3954} INFO - Setting next_dagrun for example_bash_decorator to None, run_after=None
[2026-05-10T07:42:04.039+0000] {processor.py:183} INFO - Processing /home/airflow/.local/lib/python3.12/site-packages/airflow/example_dags/example_bash_decorator.py took 0.064 seconds
[2026-05-10T07:42:34.453+0000] {processor.py:161} INFO - Started process (PID=28302) to work on /home/airflow/.local/lib/python3.12/site-packages/airflow/example_dags/example_bash_decorator.py
[2026-05-10T07:42:34.455+0000] {processor.py:830} INFO - Processing file /home/airflow/.local/lib/python3.12/site-packages/airflow/example_dags/example_bash_decorator.py for tasks to queue
[2026-05-10T07:42:34.457+0000] {logging_mixin.py:188} INFO - [2026-05-10T07:42:34.457+0000] {dagbag.py:545} INFO - Filling up the DagBag from /home/airflow/.local/lib/python3.12/site-packages/airflow/example_dags/example_bash_decorator.py
[2026-05-10T07:42:34.468+0000] {processor.py:840} INFO - DAG(s) 'example_bash_decorator' retrieved from /home/airflow/.local/lib/python3.12/site-packages/airflow/example_dags/example_bash_decorator.py
[2026-05-10T07:42:34.487+0000] {logging_mixin.py:188} INFO - [2026-05-10T07:42:34.486+0000] {dag.py:3096} INFO - Sync 1 DAGs
[2026-05-10T07:42:34.496+0000] {logging_mixin.py:188} INFO - [2026-05-10T07:42:34.496+0000] {dag.py:3954} INFO - Setting next_dagrun for example_bash_decorator to None, run_after=None
[2026-05-10T07:42:34.511+0000] {processor.py:183} INFO - Processing /home/airflow/.local/lib/python3.12/site-packages/airflow/example_dags/example_bash_decorator.py took 0.062 seconds
[2026-05-10T07:43:04.914+0000] {processor.py:161} INFO - Started process (PID=28362) to work on /home/airflow/.local/lib/python3.12/site-packages/airflow/example_dags/example_bash_decorator.py
[2026-05-10T07:43:04.915+0000] {processor.py:830} INFO - Processing file /home/airflow/.local/lib/python3.12/site-packages/airflow/example_dags/example_bash_decorator.py for tasks to queue
[2026-05-10T07:43:04.917+0000] {logging_mixin.py:188} INFO - [2026-05-10T07:43:04.916+0000] {dagbag.py:545} INFO - Filling up the DagBag from /home/airflow/.local/lib/python3.12/site-packages/airflow/example_dags/example_bash_decorator.py
[2026-05-10T07:43:04.928+0000] {processor.py:840} INFO - DAG(s) 'example_bash_decorator' retrieved from /home/airflow/.local/lib/python3.12/site-packages/airflow/example_dags/example_bash_decorator.py
[2026-05-10T07:43:04.946+0000] {logging_mixin.py:188} INFO - [2026-05-10T07:43:04.946+0000] {dag.py:3096} INFO - Sync 1 DAGs
[2026-05-10T07:43:04.956+0000] {logging_mixin.py:188} INFO - [2026-05-10T07:43:04.956+0000] {dag.py:3954} INFO - Setting next_dagrun for example_bash_decorator to None, run_after=None
[2026-05-10T07:43:04.974+0000] {processor.py:183} INFO - Processing /home/airflow/.local/lib/python3.12/site-packages/airflow/example_dags/example_bash_decorator.py took 0.065 seconds
[2026-05-10T07:43:35.285+0000] {processor.py:161} INFO - Started process (PID=28422) to work on /home/airflow/.local/lib/python3.12/site-packages/airflow/example_dags/example_bash_decorator.py
[2026-05-10T07:43:35.288+0000] {processor.py:830} INFO - Processing file /home/airflow/.local/lib/python3.12/site-packages/airflow/example_dags/example_bash_decorator.py for tasks to queue
[2026-05-10T07:43:35.290+0000] {logging_mixin.py:188} INFO - [2026-05-10T07:43:35.289+0000] {dagbag.py:545} INFO - Filling up the DagBag from /home/airflow/.local/lib/python3.12/site-packages/airflow/example_dags/example_bash_decorator.py
[2026-05-10T07:43:35.300+0000] {processor.py:840} INFO - DAG(s) 'example_bash_decorator' retrieved from /home/airflow/.local/lib/python3.12/site-packages/airflow/example_dags/example_bash_decorator.py
[2026-05-10T07:43:35.322+0000] {logging_mixin.py:188} INFO - [2026-05-10T07:43:35.322+0000] {dag.py:3096} INFO - Sync 1 DAGs
[2026-05-10T07:43:35.332+0000] {logging_mixin.py:188} INFO - [2026-05-10T07:43:35.332+0000] {dag.py:3954} INFO - Setting next_dagrun for example_bash_decorator to None, run_after=None
[2026-05-10T07:43:35.347+0000] {processor.py:183} INFO - Processing /home/airflow/.local/lib/python3.12/site-packages/airflow/example_dags/example_bash_decorator.py took 0.067 seconds
[2026-05-10T07:44:05.646+0000] {processor.py:161} INFO - Started process (PID=28482) to work on /home/airflow/.local/lib/python3.12/site-packages/airflow/example_dags/example_bash_decorator.py
[2026-05-10T07:44:05.647+0000] {processor.py:830} INFO - Processing file /home/airflow/.local/lib/python3.12/site-packages/airflow/example_dags/example_bash_decorator.py for tasks to queue
[2026-05-10T07:44:05.649+0000] {logging_mixin.py:188} INFO - [2026-05-10T07:44:05.649+0000] {dagbag.py:545} INFO - Filling up the DagBag from /home/airflow/.local/lib/python3.12/site-packages/airflow/example_dags/example_bash_decorator.py
[2026-05-10T07:44:05.666+0000] {processor.py:840} INFO - DAG(s) 'example_bash_decorator' retrieved from /home/airflow/.local/lib/python3.12/site-packages/airflow/example_dags/example_bash_decorator.py
[2026-05-10T07:44:05.688+0000] {logging_mixin.py:188} INFO - [2026-05-10T07:44:05.688+0000] {dag.py:3096} INFO - Sync 1 DAGs
[2026-05-10T07:44:05.700+0000] {logging_mixin.py:188} INFO - [2026-05-10T07:44:05.700+0000] {dag.py:3954} INFO - Setting next_dagrun for example_bash_decorator to None, run_after=None
[2026-05-10T07:44:05.721+0000] {processor.py:183} INFO - Processing /home/airflow/.local/lib/python3.12/site-packages/airflow/example_dags/example_bash_decorator.py took 0.080 seconds
[2026-05-10T07:44:35.794+0000] {processor.py:161} INFO - Started process (PID=28542) to work on /home/airflow/.local/lib/python3.12/site-packages/airflow/example_dags/example_bash_decorator.py
[2026-05-10T07:44:35.795+0000] {processor.py:830} INFO - Processing file /home/airflow/.local/lib/python3.12/site-packages/airflow/example_dags/example_bash_decorator.py for tasks to queue
[2026-05-10T07:44:35.797+0000] {logging_mixin.py:188} INFO - [2026-05-10T07:44:35.797+0000] {dagbag.py:545} INFO - Filling up the DagBag from /home/airflow/.local/lib/python3.12/site-packages/airflow/example_dags/example_bash_decorator.py
[2026-05-10T07:44:35.807+0000] {processor.py:840} INFO - DAG(s) 'example_bash_decorator' retrieved from /home/airflow/.local/lib/python3.12/site-packages/airflow/example_dags/example_bash_decorator.py
[2026-05-10T07:44:35.828+0000] {logging_mixin.py:188} INFO - [2026-05-10T07:44:35.827+0000] {dag.py:3096} INFO - Sync 1 DAGs
[2026-05-10T07:44:35.838+0000] {logging_mixin.py:188} INFO - [2026-05-10T07:44:35.838+0000] {dag.py:3954} INFO - Setting next_dagrun for example_bash_decorator to None, run_after=None
[2026-05-10T07:44:35.856+0000] {processor.py:183} INFO - Processing /home/airflow/.local/lib/python3.12/site-packages/airflow/example_dags/example_bash_decorator.py took 0.067 seconds
[2026-05-10T07:45:05.903+0000] {processor.py:161} INFO - Started process (PID=28598) to work on /home/airflow/.local/lib/python3.12/site-packages/airflow/example_dags/example_bash_decorator.py
[2026-05-10T07:45:05.904+0000] {processor.py:830} INFO - Processing file /home/airflow/.local/lib/python3.12/site-packages/airflow/example_dags/example_bash_decorator.py for tasks to queue
[2026-05-10T07:45:05.906+0000] {logging_mixin.py:188} INFO - [2026-05-10T07:45:05.906+0000] {dagbag.py:545} INFO - Filling up the DagBag from /home/airflow/.local/lib/python3.12/site-packages/airflow/example_dags/example_bash_decorator.py
[2026-05-10T07:45:05.918+0000] {processor.py:840} INFO - DAG(s) 'example_bash_decorator' retrieved from /home/airflow/.local/lib/python3.12/site-packages/airflow/example_dags/example_bash_decorator.py
[2026-05-10T07:45:05.937+0000] {logging_mixin.py:188} INFO - [2026-05-10T07:45:05.937+0000] {dag.py:3096} INFO - Sync 1 DAGs
[2026-05-10T07:45:05.948+0000] {logging_mixin.py:188} INFO - [2026-05-10T07:45:05.947+0000] {dag.py:3954} INFO - Setting next_dagrun for example_bash_decorator to None, run_after=None
[2026-05-10T07:45:05.963+0000] {processor.py:183} INFO - Processing /home/airflow/.local/lib/python3.12/site-packages/airflow/example_dags/example_bash_decorator.py took 0.065 seconds
[2026-05-10T07:45:36.160+0000] {processor.py:161} INFO - Started process (PID=28658) to work on /home/airflow/.local/lib/python3.12/site-packages/airflow/example_dags/example_bash_decorator.py
[2026-05-10T07:45:36.161+0000] {processor.py:830} INFO - Processing file /home/airflow/.local/lib/python3.12/site-packages/airflow/example_dags/example_bash_decorator.py for tasks to queue
[2026-05-10T07:45:36.163+0000] {logging_mixin.py:188} INFO - [2026-05-10T07:45:36.163+0000] {dagbag.py:545} INFO - Filling up the DagBag from /home/airflow/.local/lib/python3.12/site-packages/airflow/example_dags/example_bash_decorator.py
[2026-05-10T07:45:36.174+0000] {processor.py:840} INFO - DAG(s) 'example_bash_decorator' retrieved from /home/airflow/.local/lib/python3.12/site-packages/airflow/example_dags/example_bash_decorator.py
[2026-05-10T07:45:36.192+0000] {logging_mixin.py:188} INFO - [2026-05-10T07:45:36.192+0000] {dag.py:3096} INFO - Sync 1 DAGs
[2026-05-10T07:45:36.204+0000] {logging_mixin.py:188} INFO - [2026-05-10T07:45:36.204+0000] {dag.py:3954} INFO - Setting next_dagrun for example_bash_decorator to None, run_after=None
[2026-05-10T07:45:36.220+0000] {processor.py:183} INFO - Processing /home/airflow/.local/lib/python3.12/site-packages/airflow/example_dags/example_bash_decorator.py took 0.064 seconds
[2026-05-10T07:46:06.286+0000] {processor.py:161} INFO - Started process (PID=28716) to work on /home/airflow/.local/lib/python3.12/site-packages/airflow/example_dags/example_bash_decorator.py
[2026-05-10T07:46:06.287+0000] {processor.py:830} INFO - Processing file /home/airflow/.local/lib/python3.12/site-packages/airflow/example_dags/example_bash_decorator.py for tasks to queue
[2026-05-10T07:46:06.289+0000] {logging_mixin.py:188} INFO - [2026-05-10T07:46:06.289+0000] {dagbag.py:545} INFO - Filling up the DagBag from /home/airflow/.local/lib/python3.12/site-packages/airflow/example_dags/example_bash_decorator.py
[2026-05-10T07:46:06.300+0000] {processor.py:840} INFO - DAG(s) 'example_bash_decorator' retrieved from /home/airflow/.local/lib/python3.12/site-packages/airflow/example_dags/example_bash_decorator.py
[2026-05-10T07:46:06.320+0000] {logging_mixin.py:188} INFO - [2026-05-10T07:46:06.320+0000] {dag.py:3096} INFO - Sync 1 DAGs
[2026-05-10T07:46:06.330+0000] {logging_mixin.py:188} INFO - [2026-05-10T07:46:06.330+0000] {dag.py:3954} INFO - Setting next_dagrun for example_bash_decorator to None, run_after=None
[2026-05-10T07:46:06.349+0000] {processor.py:183} INFO - Processing /home/airflow/.local/lib/python3.12/site-packages/airflow/example_dags/example_bash_decorator.py took 0.068 seconds
[2026-05-10T07:46:36.552+0000] {processor.py:161} INFO - Started process (PID=28776) to work on /home/airflow/.local/lib/python3.12/site-packages/airflow/example_dags/example_bash_decorator.py
[2026-05-10T07:46:36.553+0000] {processor.py:830} INFO - Processing file /home/airflow/.local/lib/python3.12/site-packages/airflow/example_dags/example_bash_decorator.py for tasks to queue
[2026-05-10T07:46:36.555+0000] {logging_mixin.py:188} INFO - [2026-05-10T07:46:36.555+0000] {dagbag.py:545} INFO - Filling up the DagBag from /home/airflow/.local/lib/python3.12/site-packages/airflow/example_dags/example_bash_decorator.py
[2026-05-10T07:46:36.565+0000] {processor.py:840} INFO - DAG(s) 'example_bash_decorator' retrieved from /home/airflow/.local/lib/python3.12/site-packages/airflow/example_dags/example_bash_decorator.py
[2026-05-10T07:46:36.585+0000] {logging_mixin.py:188} INFO - [2026-05-10T07:46:36.584+0000] {dag.py:3096} INFO - Sync 1 DAGs
[2026-05-10T07:46:36.595+0000] {logging_mixin.py:188} INFO - [2026-05-10T07:46:36.595+0000] {dag.py:3954} INFO - Setting next_dagrun for example_bash_decorator to None, run_after=None
[2026-05-10T07:46:36.611+0000] {processor.py:183} INFO - Processing /home/airflow/.local/lib/python3.12/site-packages/airflow/example_dags/example_bash_decorator.py took 0.064 seconds
[2026-05-10T07:47:07.025+0000] {processor.py:161} INFO - Started process (PID=28835) to work on /home/airflow/.local/lib/python3.12/site-packages/airflow/example_dags/example_bash_decorator.py
[2026-05-10T07:47:07.026+0000] {processor.py:830} INFO - Processing file /home/airflow/.local/lib/python3.12/site-packages/airflow/example_dags/example_bash_decorator.py for tasks to queue
[2026-05-10T07:47:07.028+0000] {logging_mixin.py:188} INFO - [2026-05-10T07:47:07.028+0000] {dagbag.py:545} INFO - Filling up the DagBag from /home/airflow/.local/lib/python3.12/site-packages/airflow/example_dags/example_bash_decorator.py
[2026-05-10T07:47:07.039+0000] {processor.py:840} INFO - DAG(s) 'example_bash_decorator' retrieved from /home/airflow/.local/lib/python3.12/site-packages/airflow/example_dags/example_bash_decorator.py
[2026-05-10T07:47:07.057+0000] {logging_mixin.py:188} INFO - [2026-05-10T07:47:07.057+0000] {dag.py:3096} INFO - Sync 1 DAGs
[2026-05-10T07:47:07.066+0000] {logging_mixin.py:188} INFO - [2026-05-10T07:47:07.066+0000] {dag.py:3954} INFO - Setting next_dagrun for example_bash_decorator to None, run_after=None
[2026-05-10T07:47:07.084+0000] {processor.py:183} INFO - Processing /home/airflow/.local/lib/python3.12/site-packages/airflow/example_dags/example_bash_decorator.py took 0.064 seconds
[2026-05-10T07:47:38.028+0000] {processor.py:161} INFO - Started process (PID=28895) to work on /home/airflow/.local/lib/python3.12/site-packages/airflow/example_dags/example_bash_decorator.py
[2026-05-10T07:47:38.029+0000] {processor.py:830} INFO - Processing file /home/airflow/.local/lib/python3.12/site-packages/airflow/example_dags/example_bash_decorator.py for tasks to queue
[2026-05-10T07:47:38.031+0000] {logging_mixin.py:188} INFO - [2026-05-10T07:47:38.031+0000] {dagbag.py:545} INFO - Filling up the DagBag from /home/airflow/.local/lib/python3.12/site-packages/airflow/example_dags/example_bash_decorator.py
[2026-05-10T07:47:38.042+0000] {processor.py:840} INFO - DAG(s) 'example_bash_decorator' retrieved from /home/airflow/.local/lib/python3.12/site-packages/airflow/example_dags/example_bash_decorator.py
[2026-05-10T07:47:38.064+0000] {logging_mixin.py:188} INFO - [2026-05-10T07:47:38.064+0000] {dag.py:3096} INFO - Sync 1 DAGs
[2026-05-10T07:47:38.076+0000] {logging_mixin.py:188} INFO - [2026-05-10T07:47:38.076+0000] {dag.py:3954} INFO - Setting next_dagrun for example_bash_decorator to None, run_after=None
[2026-05-10T07:47:38.094+0000] {processor.py:183} INFO - Processing /home/airflow/.local/lib/python3.12/site-packages/airflow/example_dags/example_bash_decorator.py took 0.072 seconds
[2026-05-10T07:48:08.222+0000] {processor.py:161} INFO - Started process (PID=28955) to work on /home/airflow/.local/lib/python3.12/site-packages/airflow/example_dags/example_bash_decorator.py
[2026-05-10T07:48:08.224+0000] {processor.py:830} INFO - Processing file /home/airflow/.local/lib/python3.12/site-packages/airflow/example_dags/example_bash_decorator.py for tasks to queue
[2026-05-10T07:48:08.226+0000] {logging_mixin.py:188} INFO - [2026-05-10T07:48:08.225+0000] {dagbag.py:545} INFO - Filling up the DagBag from /home/airflow/.local/lib/python3.12/site-packages/airflow/example_dags/example_bash_decorator.py
[2026-05-10T07:48:08.237+0000] {processor.py:840} INFO - DAG(s) 'example_bash_decorator' retrieved from /home/airflow/.local/lib/python3.12/site-packages/airflow/example_dags/example_bash_decorator.py
[2026-05-10T07:48:08.255+0000] {logging_mixin.py:188} INFO - [2026-05-10T07:48:08.255+0000] {dag.py:3096} INFO - Sync 1 DAGs
[2026-05-10T07:48:08.264+0000] {logging_mixin.py:188} INFO - [2026-05-10T07:48:08.264+0000] {dag.py:3954} INFO - Setting next_dagrun for example_bash_decorator to None, run_after=None
[2026-05-10T07:48:08.281+0000] {processor.py:183} INFO - Processing /home/airflow/.local/lib/python3.12/site-packages/airflow/example_dags/example_bash_decorator.py took 0.064 seconds
[2026-05-10T12:24:01.230+0000] {processor.py:161} INFO - Started process (PID=70) to work on /home/airflow/.local/lib/python3.12/site-packages/airflow/example_dags/example_bash_decorator.py
[2026-05-10T12:24:01.232+0000] {processor.py:830} INFO - Processing file /home/airflow/.local/lib/python3.12/site-packages/airflow/example_dags/example_bash_decorator.py for tasks to queue
[2026-05-10T12:24:01.234+0000] {logging_mixin.py:188} INFO - [2026-05-10T12:24:01.234+0000] {dagbag.py:545} INFO - Filling up the DagBag from /home/airflow/.local/lib/python3.12/site-packages/airflow/example_dags/example_bash_decorator.py
[2026-05-10T12:24:01.249+0000] {processor.py:840} INFO - DAG(s) 'example_bash_decorator' retrieved from /home/airflow/.local/lib/python3.12/site-packages/airflow/example_dags/example_bash_decorator.py
[2026-05-10T12:24:01.348+0000] {logging_mixin.py:188} INFO - [2026-05-10T12:24:01.347+0000] {dag.py:3096} INFO - Sync 1 DAGs
[2026-05-10T12:24:01.357+0000] {logging_mixin.py:188} INFO - [2026-05-10T12:24:01.357+0000] {dag.py:3954} INFO - Setting next_dagrun for example_bash_decorator to None, run_after=None
[2026-05-10T12:24:01.373+0000] {processor.py:183} INFO - Processing /home/airflow/.local/lib/python3.12/site-packages/airflow/example_dags/example_bash_decorator.py took 0.148 seconds
