[2026-05-10T03:43:41.213+0000] {processor.py:161} INFO - Started process (PID=59) to work on /home/airflow/.local/lib/python3.12/site-packages/airflow/example_dags/example_xcom.py
[2026-05-10T03:43:41.215+0000] {processor.py:830} INFO - Processing file /home/airflow/.local/lib/python3.12/site-packages/airflow/example_dags/example_xcom.py for tasks to queue
[2026-05-10T03:43:41.218+0000] {logging_mixin.py:188} INFO - [2026-05-10T03:43:41.218+0000] {dagbag.py:545} INFO - Filling up the DagBag from /home/airflow/.local/lib/python3.12/site-packages/airflow/example_dags/example_xcom.py
[2026-05-10T03:43:41.234+0000] {processor.py:840} INFO - DAG(s) 'example_xcom' retrieved from /home/airflow/.local/lib/python3.12/site-packages/airflow/example_dags/example_xcom.py
[2026-05-10T03:43:41.277+0000] {logging_mixin.py:188} INFO - [2026-05-10T03:43:41.276+0000] {dag.py:3096} INFO - Sync 1 DAGs
[2026-05-10T03:43:41.310+0000] {logging_mixin.py:188} INFO - [2026-05-10T03:43:41.310+0000] {dag.py:3954} INFO - Setting next_dagrun for example_xcom to 2021-01-01 00:00:00+00:00, run_after=2021-01-01 00:00:00+00:00
[2026-05-10T03:43:41.339+0000] {processor.py:183} INFO - Processing /home/airflow/.local/lib/python3.12/site-packages/airflow/example_dags/example_xcom.py took 0.135 seconds
[2026-05-10T03:44:11.875+0000] {processor.py:161} INFO - Started process (PID=117) to work on /home/airflow/.local/lib/python3.12/site-packages/airflow/example_dags/example_xcom.py
[2026-05-10T03:44:11.877+0000] {processor.py:830} INFO - Processing file /home/airflow/.local/lib/python3.12/site-packages/airflow/example_dags/example_xcom.py for tasks to queue
[2026-05-10T03:44:11.881+0000] {logging_mixin.py:188} INFO - [2026-05-10T03:44:11.880+0000] {dagbag.py:545} INFO - Filling up the DagBag from /home/airflow/.local/lib/python3.12/site-packages/airflow/example_dags/example_xcom.py
[2026-05-10T03:44:11.891+0000] {processor.py:840} INFO - DAG(s) 'example_xcom' retrieved from /home/airflow/.local/lib/python3.12/site-packages/airflow/example_dags/example_xcom.py
[2026-05-10T03:44:11.918+0000] {logging_mixin.py:188} INFO - [2026-05-10T03:44:11.917+0000] {dag.py:3096} INFO - Sync 1 DAGs
[2026-05-10T03:44:11.938+0000] {logging_mixin.py:188} INFO - [2026-05-10T03:44:11.938+0000] {dag.py:3954} INFO - Setting next_dagrun for example_xcom to 2021-01-01 00:00:00+00:00, run_after=2021-01-01 00:00:00+00:00
[2026-05-10T03:44:11.958+0000] {processor.py:183} INFO - Processing /home/airflow/.local/lib/python3.12/site-packages/airflow/example_dags/example_xcom.py took 0.089 seconds
[2026-05-10T03:44:42.122+0000] {processor.py:161} INFO - Started process (PID=177) to work on /home/airflow/.local/lib/python3.12/site-packages/airflow/example_dags/example_xcom.py
[2026-05-10T03:44:42.126+0000] {processor.py:830} INFO - Processing file /home/airflow/.local/lib/python3.12/site-packages/airflow/example_dags/example_xcom.py for tasks to queue
[2026-05-10T03:44:42.130+0000] {logging_mixin.py:188} INFO - [2026-05-10T03:44:42.130+0000] {dagbag.py:545} INFO - Filling up the DagBag from /home/airflow/.local/lib/python3.12/site-packages/airflow/example_dags/example_xcom.py
[2026-05-10T03:44:42.139+0000] {processor.py:840} INFO - DAG(s) 'example_xcom' retrieved from /home/airflow/.local/lib/python3.12/site-packages/airflow/example_dags/example_xcom.py
[2026-05-10T03:44:42.162+0000] {logging_mixin.py:188} INFO - [2026-05-10T03:44:42.162+0000] {dag.py:3096} INFO - Sync 1 DAGs
[2026-05-10T03:44:42.187+0000] {logging_mixin.py:188} INFO - [2026-05-10T03:44:42.187+0000] {dag.py:3954} INFO - Setting next_dagrun for example_xcom to 2021-01-01 00:00:00+00:00, run_after=2021-01-01 00:00:00+00:00
[2026-05-10T03:44:42.212+0000] {processor.py:183} INFO - Processing /home/airflow/.local/lib/python3.12/site-packages/airflow/example_dags/example_xcom.py took 0.095 seconds
[2026-05-10T03:45:12.317+0000] {processor.py:161} INFO - Started process (PID=236) to work on /home/airflow/.local/lib/python3.12/site-packages/airflow/example_dags/example_xcom.py
[2026-05-10T03:45:12.319+0000] {processor.py:830} INFO - Processing file /home/airflow/.local/lib/python3.12/site-packages/airflow/example_dags/example_xcom.py for tasks to queue
[2026-05-10T03:45:12.324+0000] {logging_mixin.py:188} INFO - [2026-05-10T03:45:12.322+0000] {dagbag.py:545} INFO - Filling up the DagBag from /home/airflow/.local/lib/python3.12/site-packages/airflow/example_dags/example_xcom.py
[2026-05-10T03:45:12.340+0000] {processor.py:840} INFO - DAG(s) 'example_xcom' retrieved from /home/airflow/.local/lib/python3.12/site-packages/airflow/example_dags/example_xcom.py
[2026-05-10T03:45:12.373+0000] {logging_mixin.py:188} INFO - [2026-05-10T03:45:12.373+0000] {dag.py:3096} INFO - Sync 1 DAGs
[2026-05-10T03:45:12.404+0000] {logging_mixin.py:188} INFO - [2026-05-10T03:45:12.403+0000] {dag.py:3954} INFO - Setting next_dagrun for example_xcom to 2021-01-01 00:00:00+00:00, run_after=2021-01-01 00:00:00+00:00
[2026-05-10T03:45:12.433+0000] {processor.py:183} INFO - Processing /home/airflow/.local/lib/python3.12/site-packages/airflow/example_dags/example_xcom.py took 0.122 seconds
[2026-05-10T03:45:42.619+0000] {processor.py:161} INFO - Started process (PID=296) to work on /home/airflow/.local/lib/python3.12/site-packages/airflow/example_dags/example_xcom.py
[2026-05-10T03:45:42.621+0000] {processor.py:830} INFO - Processing file /home/airflow/.local/lib/python3.12/site-packages/airflow/example_dags/example_xcom.py for tasks to queue
[2026-05-10T03:45:42.626+0000] {logging_mixin.py:188} INFO - [2026-05-10T03:45:42.625+0000] {dagbag.py:545} INFO - Filling up the DagBag from /home/airflow/.local/lib/python3.12/site-packages/airflow/example_dags/example_xcom.py
[2026-05-10T03:45:42.642+0000] {processor.py:840} INFO - DAG(s) 'example_xcom' retrieved from /home/airflow/.local/lib/python3.12/site-packages/airflow/example_dags/example_xcom.py
[2026-05-10T03:45:42.685+0000] {logging_mixin.py:188} INFO - [2026-05-10T03:45:42.684+0000] {dag.py:3096} INFO - Sync 1 DAGs
[2026-05-10T03:45:42.731+0000] {logging_mixin.py:188} INFO - [2026-05-10T03:45:42.730+0000] {dag.py:3954} INFO - Setting next_dagrun for example_xcom to 2021-01-01 00:00:00+00:00, run_after=2021-01-01 00:00:00+00:00
[2026-05-10T03:45:42.779+0000] {processor.py:183} INFO - Processing /home/airflow/.local/lib/python3.12/site-packages/airflow/example_dags/example_xcom.py took 0.170 seconds
[2026-05-10T03:46:12.923+0000] {processor.py:161} INFO - Started process (PID=356) to work on /home/airflow/.local/lib/python3.12/site-packages/airflow/example_dags/example_xcom.py
[2026-05-10T03:46:12.925+0000] {processor.py:830} INFO - Processing file /home/airflow/.local/lib/python3.12/site-packages/airflow/example_dags/example_xcom.py for tasks to queue
[2026-05-10T03:46:12.928+0000] {logging_mixin.py:188} INFO - [2026-05-10T03:46:12.927+0000] {dagbag.py:545} INFO - Filling up the DagBag from /home/airflow/.local/lib/python3.12/site-packages/airflow/example_dags/example_xcom.py
[2026-05-10T03:46:12.936+0000] {processor.py:840} INFO - DAG(s) 'example_xcom' retrieved from /home/airflow/.local/lib/python3.12/site-packages/airflow/example_dags/example_xcom.py
[2026-05-10T03:46:12.958+0000] {logging_mixin.py:188} INFO - [2026-05-10T03:46:12.958+0000] {dag.py:3096} INFO - Sync 1 DAGs
[2026-05-10T03:46:12.979+0000] {logging_mixin.py:188} INFO - [2026-05-10T03:46:12.979+0000] {dag.py:3954} INFO - Setting next_dagrun for example_xcom to 2021-01-01 00:00:00+00:00, run_after=2021-01-01 00:00:00+00:00
[2026-05-10T03:46:13.000+0000] {processor.py:183} INFO - Processing /home/airflow/.local/lib/python3.12/site-packages/airflow/example_dags/example_xcom.py took 0.084 seconds
[2026-05-10T03:46:43.655+0000] {processor.py:161} INFO - Started process (PID=416) to work on /home/airflow/.local/lib/python3.12/site-packages/airflow/example_dags/example_xcom.py
[2026-05-10T03:46:43.659+0000] {processor.py:830} INFO - Processing file /home/airflow/.local/lib/python3.12/site-packages/airflow/example_dags/example_xcom.py for tasks to queue
[2026-05-10T03:46:43.664+0000] {logging_mixin.py:188} INFO - [2026-05-10T03:46:43.664+0000] {dagbag.py:545} INFO - Filling up the DagBag from /home/airflow/.local/lib/python3.12/site-packages/airflow/example_dags/example_xcom.py
[2026-05-10T03:46:43.675+0000] {processor.py:840} INFO - DAG(s) 'example_xcom' retrieved from /home/airflow/.local/lib/python3.12/site-packages/airflow/example_dags/example_xcom.py
[2026-05-10T03:46:43.729+0000] {logging_mixin.py:188} INFO - [2026-05-10T03:46:43.728+0000] {dag.py:3096} INFO - Sync 1 DAGs
[2026-05-10T03:46:43.780+0000] {logging_mixin.py:188} INFO - [2026-05-10T03:46:43.779+0000] {dag.py:3954} INFO - Setting next_dagrun for example_xcom to 2021-01-01 00:00:00+00:00, run_after=2021-01-01 00:00:00+00:00
[2026-05-10T03:46:43.826+0000] {processor.py:183} INFO - Processing /home/airflow/.local/lib/python3.12/site-packages/airflow/example_dags/example_xcom.py took 0.182 seconds
[2026-05-10T03:47:14.448+0000] {processor.py:161} INFO - Started process (PID=476) to work on /home/airflow/.local/lib/python3.12/site-packages/airflow/example_dags/example_xcom.py
[2026-05-10T03:47:14.450+0000] {processor.py:830} INFO - Processing file /home/airflow/.local/lib/python3.12/site-packages/airflow/example_dags/example_xcom.py for tasks to queue
[2026-05-10T03:47:14.454+0000] {logging_mixin.py:188} INFO - [2026-05-10T03:47:14.453+0000] {dagbag.py:545} INFO - Filling up the DagBag from /home/airflow/.local/lib/python3.12/site-packages/airflow/example_dags/example_xcom.py
[2026-05-10T03:47:14.469+0000] {processor.py:840} INFO - DAG(s) 'example_xcom' retrieved from /home/airflow/.local/lib/python3.12/site-packages/airflow/example_dags/example_xcom.py
[2026-05-10T03:47:14.505+0000] {logging_mixin.py:188} INFO - [2026-05-10T03:47:14.504+0000] {dag.py:3096} INFO - Sync 1 DAGs
[2026-05-10T03:47:14.545+0000] {logging_mixin.py:188} INFO - [2026-05-10T03:47:14.545+0000] {dag.py:3954} INFO - Setting next_dagrun for example_xcom to 2021-01-01 00:00:00+00:00, run_after=2021-01-01 00:00:00+00:00
[2026-05-10T03:47:14.584+0000] {processor.py:183} INFO - Processing /home/airflow/.local/lib/python3.12/site-packages/airflow/example_dags/example_xcom.py took 0.145 seconds
[2026-05-10T03:47:44.753+0000] {processor.py:161} INFO - Started process (PID=536) to work on /home/airflow/.local/lib/python3.12/site-packages/airflow/example_dags/example_xcom.py
[2026-05-10T03:47:44.755+0000] {processor.py:830} INFO - Processing file /home/airflow/.local/lib/python3.12/site-packages/airflow/example_dags/example_xcom.py for tasks to queue
[2026-05-10T03:47:44.758+0000] {logging_mixin.py:188} INFO - [2026-05-10T03:47:44.758+0000] {dagbag.py:545} INFO - Filling up the DagBag from /home/airflow/.local/lib/python3.12/site-packages/airflow/example_dags/example_xcom.py
[2026-05-10T03:47:44.768+0000] {processor.py:840} INFO - DAG(s) 'example_xcom' retrieved from /home/airflow/.local/lib/python3.12/site-packages/airflow/example_dags/example_xcom.py
[2026-05-10T03:47:44.795+0000] {logging_mixin.py:188} INFO - [2026-05-10T03:47:44.795+0000] {dag.py:3096} INFO - Sync 1 DAGs
[2026-05-10T03:47:44.818+0000] {logging_mixin.py:188} INFO - [2026-05-10T03:47:44.818+0000] {dag.py:3954} INFO - Setting next_dagrun for example_xcom to 2021-01-01 00:00:00+00:00, run_after=2021-01-01 00:00:00+00:00
[2026-05-10T03:47:44.843+0000] {processor.py:183} INFO - Processing /home/airflow/.local/lib/python3.12/site-packages/airflow/example_dags/example_xcom.py took 0.099 seconds
[2026-05-10T03:48:15.014+0000] {processor.py:161} INFO - Started process (PID=596) to work on /home/airflow/.local/lib/python3.12/site-packages/airflow/example_dags/example_xcom.py
[2026-05-10T03:48:15.018+0000] {processor.py:830} INFO - Processing file /home/airflow/.local/lib/python3.12/site-packages/airflow/example_dags/example_xcom.py for tasks to queue
[2026-05-10T03:48:15.022+0000] {logging_mixin.py:188} INFO - [2026-05-10T03:48:15.022+0000] {dagbag.py:545} INFO - Filling up the DagBag from /home/airflow/.local/lib/python3.12/site-packages/airflow/example_dags/example_xcom.py
[2026-05-10T03:48:15.031+0000] {processor.py:840} INFO - DAG(s) 'example_xcom' retrieved from /home/airflow/.local/lib/python3.12/site-packages/airflow/example_dags/example_xcom.py
[2026-05-10T03:48:15.056+0000] {logging_mixin.py:188} INFO - [2026-05-10T03:48:15.056+0000] {dag.py:3096} INFO - Sync 1 DAGs
[2026-05-10T03:48:15.080+0000] {logging_mixin.py:188} INFO - [2026-05-10T03:48:15.079+0000] {dag.py:3954} INFO - Setting next_dagrun for example_xcom to 2021-01-01 00:00:00+00:00, run_after=2021-01-01 00:00:00+00:00
[2026-05-10T03:48:15.104+0000] {processor.py:183} INFO - Processing /home/airflow/.local/lib/python3.12/site-packages/airflow/example_dags/example_xcom.py took 0.102 seconds
[2026-05-10T03:48:45.301+0000] {processor.py:161} INFO - Started process (PID=656) to work on /home/airflow/.local/lib/python3.12/site-packages/airflow/example_dags/example_xcom.py
[2026-05-10T03:48:45.303+0000] {processor.py:830} INFO - Processing file /home/airflow/.local/lib/python3.12/site-packages/airflow/example_dags/example_xcom.py for tasks to queue
[2026-05-10T03:48:45.305+0000] {logging_mixin.py:188} INFO - [2026-05-10T03:48:45.305+0000] {dagbag.py:545} INFO - Filling up the DagBag from /home/airflow/.local/lib/python3.12/site-packages/airflow/example_dags/example_xcom.py
[2026-05-10T03:48:45.314+0000] {processor.py:840} INFO - DAG(s) 'example_xcom' retrieved from /home/airflow/.local/lib/python3.12/site-packages/airflow/example_dags/example_xcom.py
[2026-05-10T03:48:45.337+0000] {logging_mixin.py:188} INFO - [2026-05-10T03:48:45.336+0000] {dag.py:3096} INFO - Sync 1 DAGs
[2026-05-10T03:48:45.357+0000] {logging_mixin.py:188} INFO - [2026-05-10T03:48:45.357+0000] {dag.py:3954} INFO - Setting next_dagrun for example_xcom to 2021-01-01 00:00:00+00:00, run_after=2021-01-01 00:00:00+00:00
[2026-05-10T03:48:45.379+0000] {processor.py:183} INFO - Processing /home/airflow/.local/lib/python3.12/site-packages/airflow/example_dags/example_xcom.py took 0.083 seconds
[2026-05-10T03:49:15.580+0000] {processor.py:161} INFO - Started process (PID=716) to work on /home/airflow/.local/lib/python3.12/site-packages/airflow/example_dags/example_xcom.py
[2026-05-10T03:49:15.582+0000] {processor.py:830} INFO - Processing file /home/airflow/.local/lib/python3.12/site-packages/airflow/example_dags/example_xcom.py for tasks to queue
[2026-05-10T03:49:15.585+0000] {logging_mixin.py:188} INFO - [2026-05-10T03:49:15.585+0000] {dagbag.py:545} INFO - Filling up the DagBag from /home/airflow/.local/lib/python3.12/site-packages/airflow/example_dags/example_xcom.py
[2026-05-10T03:49:15.600+0000] {processor.py:840} INFO - DAG(s) 'example_xcom' retrieved from /home/airflow/.local/lib/python3.12/site-packages/airflow/example_dags/example_xcom.py
[2026-05-10T03:49:15.621+0000] {logging_mixin.py:188} INFO - [2026-05-10T03:49:15.621+0000] {dag.py:3096} INFO - Sync 1 DAGs
[2026-05-10T03:49:15.641+0000] {logging_mixin.py:188} INFO - [2026-05-10T03:49:15.641+0000] {dag.py:3954} INFO - Setting next_dagrun for example_xcom to 2021-01-01 00:00:00+00:00, run_after=2021-01-01 00:00:00+00:00
[2026-05-10T03:49:15.662+0000] {processor.py:183} INFO - Processing /home/airflow/.local/lib/python3.12/site-packages/airflow/example_dags/example_xcom.py took 0.088 seconds
[2026-05-10T03:49:45.860+0000] {processor.py:161} INFO - Started process (PID=776) to work on /home/airflow/.local/lib/python3.12/site-packages/airflow/example_dags/example_xcom.py
[2026-05-10T03:49:45.862+0000] {processor.py:830} INFO - Processing file /home/airflow/.local/lib/python3.12/site-packages/airflow/example_dags/example_xcom.py for tasks to queue
[2026-05-10T03:49:45.864+0000] {logging_mixin.py:188} INFO - [2026-05-10T03:49:45.864+0000] {dagbag.py:545} INFO - Filling up the DagBag from /home/airflow/.local/lib/python3.12/site-packages/airflow/example_dags/example_xcom.py
[2026-05-10T03:49:45.872+0000] {processor.py:840} INFO - DAG(s) 'example_xcom' retrieved from /home/airflow/.local/lib/python3.12/site-packages/airflow/example_dags/example_xcom.py
[2026-05-10T03:49:45.898+0000] {logging_mixin.py:188} INFO - [2026-05-10T03:49:45.898+0000] {dag.py:3096} INFO - Sync 1 DAGs
[2026-05-10T03:49:45.925+0000] {logging_mixin.py:188} INFO - [2026-05-10T03:49:45.925+0000] {dag.py:3954} INFO - Setting next_dagrun for example_xcom to 2021-01-01 00:00:00+00:00, run_after=2021-01-01 00:00:00+00:00
[2026-05-10T03:49:45.948+0000] {processor.py:183} INFO - Processing /home/airflow/.local/lib/python3.12/site-packages/airflow/example_dags/example_xcom.py took 0.093 seconds
[2026-05-10T03:50:16.317+0000] {processor.py:161} INFO - Started process (PID=836) to work on /home/airflow/.local/lib/python3.12/site-packages/airflow/example_dags/example_xcom.py
[2026-05-10T03:50:16.319+0000] {processor.py:830} INFO - Processing file /home/airflow/.local/lib/python3.12/site-packages/airflow/example_dags/example_xcom.py for tasks to queue
[2026-05-10T03:50:16.321+0000] {logging_mixin.py:188} INFO - [2026-05-10T03:50:16.321+0000] {dagbag.py:545} INFO - Filling up the DagBag from /home/airflow/.local/lib/python3.12/site-packages/airflow/example_dags/example_xcom.py
[2026-05-10T03:50:16.328+0000] {processor.py:840} INFO - DAG(s) 'example_xcom' retrieved from /home/airflow/.local/lib/python3.12/site-packages/airflow/example_dags/example_xcom.py
[2026-05-10T03:50:16.349+0000] {logging_mixin.py:188} INFO - [2026-05-10T03:50:16.349+0000] {dag.py:3096} INFO - Sync 1 DAGs
[2026-05-10T03:50:16.372+0000] {logging_mixin.py:188} INFO - [2026-05-10T03:50:16.372+0000] {dag.py:3954} INFO - Setting next_dagrun for example_xcom to 2021-01-01 00:00:00+00:00, run_after=2021-01-01 00:00:00+00:00
[2026-05-10T03:50:16.390+0000] {processor.py:183} INFO - Processing /home/airflow/.local/lib/python3.12/site-packages/airflow/example_dags/example_xcom.py took 0.078 seconds
[2026-05-10T03:50:46.603+0000] {processor.py:161} INFO - Started process (PID=902) to work on /home/airflow/.local/lib/python3.12/site-packages/airflow/example_dags/example_xcom.py
[2026-05-10T03:50:46.605+0000] {processor.py:830} INFO - Processing file /home/airflow/.local/lib/python3.12/site-packages/airflow/example_dags/example_xcom.py for tasks to queue
[2026-05-10T03:50:46.607+0000] {logging_mixin.py:188} INFO - [2026-05-10T03:50:46.607+0000] {dagbag.py:545} INFO - Filling up the DagBag from /home/airflow/.local/lib/python3.12/site-packages/airflow/example_dags/example_xcom.py
[2026-05-10T03:50:46.614+0000] {processor.py:840} INFO - DAG(s) 'example_xcom' retrieved from /home/airflow/.local/lib/python3.12/site-packages/airflow/example_dags/example_xcom.py
[2026-05-10T03:50:46.637+0000] {logging_mixin.py:188} INFO - [2026-05-10T03:50:46.636+0000] {dag.py:3096} INFO - Sync 1 DAGs
[2026-05-10T03:50:46.656+0000] {logging_mixin.py:188} INFO - [2026-05-10T03:50:46.655+0000] {dag.py:3954} INFO - Setting next_dagrun for example_xcom to 2021-01-01 00:00:00+00:00, run_after=2021-01-01 00:00:00+00:00
[2026-05-10T03:50:46.698+0000] {processor.py:183} INFO - Processing /home/airflow/.local/lib/python3.12/site-packages/airflow/example_dags/example_xcom.py took 0.101 seconds
[2026-05-10T03:51:17.052+0000] {processor.py:161} INFO - Started process (PID=962) to work on /home/airflow/.local/lib/python3.12/site-packages/airflow/example_dags/example_xcom.py
[2026-05-10T03:51:17.054+0000] {processor.py:830} INFO - Processing file /home/airflow/.local/lib/python3.12/site-packages/airflow/example_dags/example_xcom.py for tasks to queue
[2026-05-10T03:51:17.057+0000] {logging_mixin.py:188} INFO - [2026-05-10T03:51:17.057+0000] {dagbag.py:545} INFO - Filling up the DagBag from /home/airflow/.local/lib/python3.12/site-packages/airflow/example_dags/example_xcom.py
[2026-05-10T03:51:17.066+0000] {processor.py:840} INFO - DAG(s) 'example_xcom' retrieved from /home/airflow/.local/lib/python3.12/site-packages/airflow/example_dags/example_xcom.py
[2026-05-10T03:51:17.091+0000] {logging_mixin.py:188} INFO - [2026-05-10T03:51:17.091+0000] {dag.py:3096} INFO - Sync 1 DAGs
[2026-05-10T03:51:17.112+0000] {logging_mixin.py:188} INFO - [2026-05-10T03:51:17.112+0000] {dag.py:3954} INFO - Setting next_dagrun for example_xcom to 2021-01-01 00:00:00+00:00, run_after=2021-01-01 00:00:00+00:00
[2026-05-10T03:51:17.131+0000] {processor.py:183} INFO - Processing /home/airflow/.local/lib/python3.12/site-packages/airflow/example_dags/example_xcom.py took 0.085 seconds
[2026-05-10T03:51:47.337+0000] {processor.py:161} INFO - Started process (PID=1022) to work on /home/airflow/.local/lib/python3.12/site-packages/airflow/example_dags/example_xcom.py
[2026-05-10T03:51:47.338+0000] {processor.py:830} INFO - Processing file /home/airflow/.local/lib/python3.12/site-packages/airflow/example_dags/example_xcom.py for tasks to queue
[2026-05-10T03:51:47.341+0000] {logging_mixin.py:188} INFO - [2026-05-10T03:51:47.341+0000] {dagbag.py:545} INFO - Filling up the DagBag from /home/airflow/.local/lib/python3.12/site-packages/airflow/example_dags/example_xcom.py
[2026-05-10T03:51:47.350+0000] {processor.py:840} INFO - DAG(s) 'example_xcom' retrieved from /home/airflow/.local/lib/python3.12/site-packages/airflow/example_dags/example_xcom.py
[2026-05-10T03:51:47.370+0000] {logging_mixin.py:188} INFO - [2026-05-10T03:51:47.370+0000] {dag.py:3096} INFO - Sync 1 DAGs
[2026-05-10T03:51:47.388+0000] {logging_mixin.py:188} INFO - [2026-05-10T03:51:47.387+0000] {dag.py:3954} INFO - Setting next_dagrun for example_xcom to 2021-01-01 00:00:00+00:00, run_after=2021-01-01 00:00:00+00:00
[2026-05-10T03:51:47.407+0000] {processor.py:183} INFO - Processing /home/airflow/.local/lib/python3.12/site-packages/airflow/example_dags/example_xcom.py took 0.078 seconds
[2026-05-10T03:52:17.812+0000] {processor.py:161} INFO - Started process (PID=1082) to work on /home/airflow/.local/lib/python3.12/site-packages/airflow/example_dags/example_xcom.py
[2026-05-10T03:52:17.814+0000] {processor.py:830} INFO - Processing file /home/airflow/.local/lib/python3.12/site-packages/airflow/example_dags/example_xcom.py for tasks to queue
[2026-05-10T03:52:17.816+0000] {logging_mixin.py:188} INFO - [2026-05-10T03:52:17.816+0000] {dagbag.py:545} INFO - Filling up the DagBag from /home/airflow/.local/lib/python3.12/site-packages/airflow/example_dags/example_xcom.py
[2026-05-10T03:52:17.824+0000] {processor.py:840} INFO - DAG(s) 'example_xcom' retrieved from /home/airflow/.local/lib/python3.12/site-packages/airflow/example_dags/example_xcom.py
[2026-05-10T03:52:17.846+0000] {logging_mixin.py:188} INFO - [2026-05-10T03:52:17.846+0000] {dag.py:3096} INFO - Sync 1 DAGs
[2026-05-10T03:52:17.865+0000] {logging_mixin.py:188} INFO - [2026-05-10T03:52:17.865+0000] {dag.py:3954} INFO - Setting next_dagrun for example_xcom to 2021-01-01 00:00:00+00:00, run_after=2021-01-01 00:00:00+00:00
[2026-05-10T03:52:17.884+0000] {processor.py:183} INFO - Processing /home/airflow/.local/lib/python3.12/site-packages/airflow/example_dags/example_xcom.py took 0.077 seconds
[2026-05-10T03:52:48.339+0000] {processor.py:161} INFO - Started process (PID=1142) to work on /home/airflow/.local/lib/python3.12/site-packages/airflow/example_dags/example_xcom.py
[2026-05-10T03:52:48.342+0000] {processor.py:830} INFO - Processing file /home/airflow/.local/lib/python3.12/site-packages/airflow/example_dags/example_xcom.py for tasks to queue
[2026-05-10T03:52:48.346+0000] {logging_mixin.py:188} INFO - [2026-05-10T03:52:48.346+0000] {dagbag.py:545} INFO - Filling up the DagBag from /home/airflow/.local/lib/python3.12/site-packages/airflow/example_dags/example_xcom.py
[2026-05-10T03:52:48.357+0000] {processor.py:840} INFO - DAG(s) 'example_xcom' retrieved from /home/airflow/.local/lib/python3.12/site-packages/airflow/example_dags/example_xcom.py
[2026-05-10T03:52:48.384+0000] {logging_mixin.py:188} INFO - [2026-05-10T03:52:48.384+0000] {dag.py:3096} INFO - Sync 1 DAGs
[2026-05-10T03:52:48.403+0000] {logging_mixin.py:188} INFO - [2026-05-10T03:52:48.402+0000] {dag.py:3954} INFO - Setting next_dagrun for example_xcom to 2021-01-01 00:00:00+00:00, run_after=2021-01-01 00:00:00+00:00
[2026-05-10T03:52:48.421+0000] {processor.py:183} INFO - Processing /home/airflow/.local/lib/python3.12/site-packages/airflow/example_dags/example_xcom.py took 0.087 seconds
[2026-05-10T03:53:19.052+0000] {processor.py:161} INFO - Started process (PID=1202) to work on /home/airflow/.local/lib/python3.12/site-packages/airflow/example_dags/example_xcom.py
[2026-05-10T03:53:19.055+0000] {processor.py:830} INFO - Processing file /home/airflow/.local/lib/python3.12/site-packages/airflow/example_dags/example_xcom.py for tasks to queue
[2026-05-10T03:53:19.058+0000] {logging_mixin.py:188} INFO - [2026-05-10T03:53:19.058+0000] {dagbag.py:545} INFO - Filling up the DagBag from /home/airflow/.local/lib/python3.12/site-packages/airflow/example_dags/example_xcom.py
[2026-05-10T03:53:19.066+0000] {processor.py:840} INFO - DAG(s) 'example_xcom' retrieved from /home/airflow/.local/lib/python3.12/site-packages/airflow/example_dags/example_xcom.py
[2026-05-10T03:53:19.087+0000] {logging_mixin.py:188} INFO - [2026-05-10T03:53:19.087+0000] {dag.py:3096} INFO - Sync 1 DAGs
[2026-05-10T03:53:19.106+0000] {logging_mixin.py:188} INFO - [2026-05-10T03:53:19.106+0000] {dag.py:3954} INFO - Setting next_dagrun for example_xcom to 2021-01-01 00:00:00+00:00, run_after=2021-01-01 00:00:00+00:00
[2026-05-10T03:53:19.141+0000] {processor.py:183} INFO - Processing /home/airflow/.local/lib/python3.12/site-packages/airflow/example_dags/example_xcom.py took 0.099 seconds
[2026-05-10T03:53:49.580+0000] {processor.py:161} INFO - Started process (PID=1262) to work on /home/airflow/.local/lib/python3.12/site-packages/airflow/example_dags/example_xcom.py
[2026-05-10T03:53:49.581+0000] {processor.py:830} INFO - Processing file /home/airflow/.local/lib/python3.12/site-packages/airflow/example_dags/example_xcom.py for tasks to queue
[2026-05-10T03:53:49.583+0000] {logging_mixin.py:188} INFO - [2026-05-10T03:53:49.583+0000] {dagbag.py:545} INFO - Filling up the DagBag from /home/airflow/.local/lib/python3.12/site-packages/airflow/example_dags/example_xcom.py
[2026-05-10T03:53:49.591+0000] {processor.py:840} INFO - DAG(s) 'example_xcom' retrieved from /home/airflow/.local/lib/python3.12/site-packages/airflow/example_dags/example_xcom.py
[2026-05-10T03:53:49.612+0000] {logging_mixin.py:188} INFO - [2026-05-10T03:53:49.612+0000] {dag.py:3096} INFO - Sync 1 DAGs
[2026-05-10T03:53:49.633+0000] {logging_mixin.py:188} INFO - [2026-05-10T03:53:49.633+0000] {dag.py:3954} INFO - Setting next_dagrun for example_xcom to 2021-01-01 00:00:00+00:00, run_after=2021-01-01 00:00:00+00:00
[2026-05-10T03:53:49.652+0000] {processor.py:183} INFO - Processing /home/airflow/.local/lib/python3.12/site-packages/airflow/example_dags/example_xcom.py took 0.078 seconds
[2026-05-10T03:54:19.905+0000] {processor.py:161} INFO - Started process (PID=1322) to work on /home/airflow/.local/lib/python3.12/site-packages/airflow/example_dags/example_xcom.py
[2026-05-10T03:54:19.907+0000] {processor.py:830} INFO - Processing file /home/airflow/.local/lib/python3.12/site-packages/airflow/example_dags/example_xcom.py for tasks to queue
[2026-05-10T03:54:19.912+0000] {logging_mixin.py:188} INFO - [2026-05-10T03:54:19.911+0000] {dagbag.py:545} INFO - Filling up the DagBag from /home/airflow/.local/lib/python3.12/site-packages/airflow/example_dags/example_xcom.py
[2026-05-10T03:54:19.920+0000] {processor.py:840} INFO - DAG(s) 'example_xcom' retrieved from /home/airflow/.local/lib/python3.12/site-packages/airflow/example_dags/example_xcom.py
[2026-05-10T03:54:19.945+0000] {logging_mixin.py:188} INFO - [2026-05-10T03:54:19.945+0000] {dag.py:3096} INFO - Sync 1 DAGs
[2026-05-10T03:54:19.969+0000] {logging_mixin.py:188} INFO - [2026-05-10T03:54:19.969+0000] {dag.py:3954} INFO - Setting next_dagrun for example_xcom to 2021-01-01 00:00:00+00:00, run_after=2021-01-01 00:00:00+00:00
[2026-05-10T03:54:20.135+0000] {processor.py:183} INFO - Processing /home/airflow/.local/lib/python3.12/site-packages/airflow/example_dags/example_xcom.py took 0.235 seconds
[2026-05-10T03:54:50.602+0000] {processor.py:161} INFO - Started process (PID=1382) to work on /home/airflow/.local/lib/python3.12/site-packages/airflow/example_dags/example_xcom.py
[2026-05-10T03:54:50.603+0000] {processor.py:830} INFO - Processing file /home/airflow/.local/lib/python3.12/site-packages/airflow/example_dags/example_xcom.py for tasks to queue
[2026-05-10T03:54:50.606+0000] {logging_mixin.py:188} INFO - [2026-05-10T03:54:50.605+0000] {dagbag.py:545} INFO - Filling up the DagBag from /home/airflow/.local/lib/python3.12/site-packages/airflow/example_dags/example_xcom.py
[2026-05-10T03:54:50.615+0000] {processor.py:840} INFO - DAG(s) 'example_xcom' retrieved from /home/airflow/.local/lib/python3.12/site-packages/airflow/example_dags/example_xcom.py
[2026-05-10T03:54:50.643+0000] {logging_mixin.py:188} INFO - [2026-05-10T03:54:50.643+0000] {dag.py:3096} INFO - Sync 1 DAGs
[2026-05-10T03:54:50.669+0000] {logging_mixin.py:188} INFO - [2026-05-10T03:54:50.669+0000] {dag.py:3954} INFO - Setting next_dagrun for example_xcom to 2021-01-01 00:00:00+00:00, run_after=2021-01-01 00:00:00+00:00
[2026-05-10T03:54:50.695+0000] {processor.py:183} INFO - Processing /home/airflow/.local/lib/python3.12/site-packages/airflow/example_dags/example_xcom.py took 0.100 seconds
[2026-05-10T03:55:21.419+0000] {processor.py:161} INFO - Started process (PID=1442) to work on /home/airflow/.local/lib/python3.12/site-packages/airflow/example_dags/example_xcom.py
[2026-05-10T03:55:21.421+0000] {processor.py:830} INFO - Processing file /home/airflow/.local/lib/python3.12/site-packages/airflow/example_dags/example_xcom.py for tasks to queue
[2026-05-10T03:55:21.424+0000] {logging_mixin.py:188} INFO - [2026-05-10T03:55:21.424+0000] {dagbag.py:545} INFO - Filling up the DagBag from /home/airflow/.local/lib/python3.12/site-packages/airflow/example_dags/example_xcom.py
[2026-05-10T03:55:21.434+0000] {processor.py:840} INFO - DAG(s) 'example_xcom' retrieved from /home/airflow/.local/lib/python3.12/site-packages/airflow/example_dags/example_xcom.py
[2026-05-10T03:55:21.462+0000] {logging_mixin.py:188} INFO - [2026-05-10T03:55:21.461+0000] {dag.py:3096} INFO - Sync 1 DAGs
[2026-05-10T03:55:21.493+0000] {logging_mixin.py:188} INFO - [2026-05-10T03:55:21.493+0000] {dag.py:3954} INFO - Setting next_dagrun for example_xcom to 2021-01-01 00:00:00+00:00, run_after=2021-01-01 00:00:00+00:00
[2026-05-10T03:55:21.518+0000] {processor.py:183} INFO - Processing /home/airflow/.local/lib/python3.12/site-packages/airflow/example_dags/example_xcom.py took 0.107 seconds
[2026-05-10T03:55:52.049+0000] {processor.py:161} INFO - Started process (PID=1502) to work on /home/airflow/.local/lib/python3.12/site-packages/airflow/example_dags/example_xcom.py
[2026-05-10T03:55:52.050+0000] {processor.py:830} INFO - Processing file /home/airflow/.local/lib/python3.12/site-packages/airflow/example_dags/example_xcom.py for tasks to queue
[2026-05-10T03:55:52.058+0000] {logging_mixin.py:188} INFO - [2026-05-10T03:55:52.057+0000] {dagbag.py:545} INFO - Filling up the DagBag from /home/airflow/.local/lib/python3.12/site-packages/airflow/example_dags/example_xcom.py
[2026-05-10T03:55:52.068+0000] {processor.py:840} INFO - DAG(s) 'example_xcom' retrieved from /home/airflow/.local/lib/python3.12/site-packages/airflow/example_dags/example_xcom.py
[2026-05-10T03:55:52.103+0000] {logging_mixin.py:188} INFO - [2026-05-10T03:55:52.103+0000] {dag.py:3096} INFO - Sync 1 DAGs
[2026-05-10T03:55:52.143+0000] {logging_mixin.py:188} INFO - [2026-05-10T03:55:52.142+0000] {dag.py:3954} INFO - Setting next_dagrun for example_xcom to 2021-01-01 00:00:00+00:00, run_after=2021-01-01 00:00:00+00:00
[2026-05-10T03:55:52.181+0000] {processor.py:183} INFO - Processing /home/airflow/.local/lib/python3.12/site-packages/airflow/example_dags/example_xcom.py took 0.140 seconds
[2026-05-10T03:56:22.493+0000] {processor.py:161} INFO - Started process (PID=1562) to work on /home/airflow/.local/lib/python3.12/site-packages/airflow/example_dags/example_xcom.py
[2026-05-10T03:56:22.496+0000] {processor.py:830} INFO - Processing file /home/airflow/.local/lib/python3.12/site-packages/airflow/example_dags/example_xcom.py for tasks to queue
[2026-05-10T03:56:22.500+0000] {logging_mixin.py:188} INFO - [2026-05-10T03:56:22.499+0000] {dagbag.py:545} INFO - Filling up the DagBag from /home/airflow/.local/lib/python3.12/site-packages/airflow/example_dags/example_xcom.py
[2026-05-10T03:56:22.511+0000] {processor.py:840} INFO - DAG(s) 'example_xcom' retrieved from /home/airflow/.local/lib/python3.12/site-packages/airflow/example_dags/example_xcom.py
[2026-05-10T03:56:22.542+0000] {logging_mixin.py:188} INFO - [2026-05-10T03:56:22.542+0000] {dag.py:3096} INFO - Sync 1 DAGs
[2026-05-10T03:56:22.571+0000] {logging_mixin.py:188} INFO - [2026-05-10T03:56:22.571+0000] {dag.py:3954} INFO - Setting next_dagrun for example_xcom to 2021-01-01 00:00:00+00:00, run_after=2021-01-01 00:00:00+00:00
[2026-05-10T03:56:22.603+0000] {processor.py:183} INFO - Processing /home/airflow/.local/lib/python3.12/site-packages/airflow/example_dags/example_xcom.py took 0.120 seconds
[2026-05-10T03:56:52.998+0000] {processor.py:161} INFO - Started process (PID=1622) to work on /home/airflow/.local/lib/python3.12/site-packages/airflow/example_dags/example_xcom.py
[2026-05-10T03:56:53.000+0000] {processor.py:830} INFO - Processing file /home/airflow/.local/lib/python3.12/site-packages/airflow/example_dags/example_xcom.py for tasks to queue
[2026-05-10T03:56:53.003+0000] {logging_mixin.py:188} INFO - [2026-05-10T03:56:53.003+0000] {dagbag.py:545} INFO - Filling up the DagBag from /home/airflow/.local/lib/python3.12/site-packages/airflow/example_dags/example_xcom.py
[2026-05-10T03:56:53.014+0000] {processor.py:840} INFO - DAG(s) 'example_xcom' retrieved from /home/airflow/.local/lib/python3.12/site-packages/airflow/example_dags/example_xcom.py
[2026-05-10T03:56:53.043+0000] {logging_mixin.py:188} INFO - [2026-05-10T03:56:53.043+0000] {dag.py:3096} INFO - Sync 1 DAGs
[2026-05-10T03:56:53.069+0000] {logging_mixin.py:188} INFO - [2026-05-10T03:56:53.068+0000] {dag.py:3954} INFO - Setting next_dagrun for example_xcom to 2021-01-01 00:00:00+00:00, run_after=2021-01-01 00:00:00+00:00
[2026-05-10T03:56:53.090+0000] {processor.py:183} INFO - Processing /home/airflow/.local/lib/python3.12/site-packages/airflow/example_dags/example_xcom.py took 0.099 seconds
[2026-05-10T03:57:23.214+0000] {processor.py:161} INFO - Started process (PID=1682) to work on /home/airflow/.local/lib/python3.12/site-packages/airflow/example_dags/example_xcom.py
[2026-05-10T03:57:23.216+0000] {processor.py:830} INFO - Processing file /home/airflow/.local/lib/python3.12/site-packages/airflow/example_dags/example_xcom.py for tasks to queue
[2026-05-10T03:57:23.219+0000] {logging_mixin.py:188} INFO - [2026-05-10T03:57:23.219+0000] {dagbag.py:545} INFO - Filling up the DagBag from /home/airflow/.local/lib/python3.12/site-packages/airflow/example_dags/example_xcom.py
[2026-05-10T03:57:23.228+0000] {processor.py:840} INFO - DAG(s) 'example_xcom' retrieved from /home/airflow/.local/lib/python3.12/site-packages/airflow/example_dags/example_xcom.py
[2026-05-10T03:57:23.257+0000] {logging_mixin.py:188} INFO - [2026-05-10T03:57:23.256+0000] {dag.py:3096} INFO - Sync 1 DAGs
[2026-05-10T03:57:23.288+0000] {logging_mixin.py:188} INFO - [2026-05-10T03:57:23.287+0000] {dag.py:3954} INFO - Setting next_dagrun for example_xcom to 2021-01-01 00:00:00+00:00, run_after=2021-01-01 00:00:00+00:00
[2026-05-10T03:57:23.315+0000] {processor.py:183} INFO - Processing /home/airflow/.local/lib/python3.12/site-packages/airflow/example_dags/example_xcom.py took 0.106 seconds
[2026-05-10T03:57:53.773+0000] {processor.py:161} INFO - Started process (PID=1742) to work on /home/airflow/.local/lib/python3.12/site-packages/airflow/example_dags/example_xcom.py
[2026-05-10T03:57:53.775+0000] {processor.py:830} INFO - Processing file /home/airflow/.local/lib/python3.12/site-packages/airflow/example_dags/example_xcom.py for tasks to queue
[2026-05-10T03:57:53.781+0000] {logging_mixin.py:188} INFO - [2026-05-10T03:57:53.781+0000] {dagbag.py:545} INFO - Filling up the DagBag from /home/airflow/.local/lib/python3.12/site-packages/airflow/example_dags/example_xcom.py
[2026-05-10T03:57:53.793+0000] {processor.py:840} INFO - DAG(s) 'example_xcom' retrieved from /home/airflow/.local/lib/python3.12/site-packages/airflow/example_dags/example_xcom.py
[2026-05-10T03:57:53.824+0000] {logging_mixin.py:188} INFO - [2026-05-10T03:57:53.823+0000] {dag.py:3096} INFO - Sync 1 DAGs
[2026-05-10T03:57:53.871+0000] {logging_mixin.py:188} INFO - [2026-05-10T03:57:53.871+0000] {dag.py:3954} INFO - Setting next_dagrun for example_xcom to 2021-01-01 00:00:00+00:00, run_after=2021-01-01 00:00:00+00:00
[2026-05-10T03:57:53.907+0000] {processor.py:183} INFO - Processing /home/airflow/.local/lib/python3.12/site-packages/airflow/example_dags/example_xcom.py took 0.146 seconds
[2026-05-10T03:58:24.196+0000] {processor.py:161} INFO - Started process (PID=1802) to work on /home/airflow/.local/lib/python3.12/site-packages/airflow/example_dags/example_xcom.py
[2026-05-10T03:58:24.198+0000] {processor.py:830} INFO - Processing file /home/airflow/.local/lib/python3.12/site-packages/airflow/example_dags/example_xcom.py for tasks to queue
[2026-05-10T03:58:24.202+0000] {logging_mixin.py:188} INFO - [2026-05-10T03:58:24.201+0000] {dagbag.py:545} INFO - Filling up the DagBag from /home/airflow/.local/lib/python3.12/site-packages/airflow/example_dags/example_xcom.py
[2026-05-10T03:58:24.214+0000] {processor.py:840} INFO - DAG(s) 'example_xcom' retrieved from /home/airflow/.local/lib/python3.12/site-packages/airflow/example_dags/example_xcom.py
[2026-05-10T03:58:24.256+0000] {logging_mixin.py:188} INFO - [2026-05-10T03:58:24.255+0000] {dag.py:3096} INFO - Sync 1 DAGs
[2026-05-10T03:58:24.291+0000] {logging_mixin.py:188} INFO - [2026-05-10T03:58:24.290+0000] {dag.py:3954} INFO - Setting next_dagrun for example_xcom to 2021-01-01 00:00:00+00:00, run_after=2021-01-01 00:00:00+00:00
[2026-05-10T03:58:24.332+0000] {processor.py:183} INFO - Processing /home/airflow/.local/lib/python3.12/site-packages/airflow/example_dags/example_xcom.py took 0.146 seconds
[2026-05-10T03:58:55.104+0000] {processor.py:161} INFO - Started process (PID=1862) to work on /home/airflow/.local/lib/python3.12/site-packages/airflow/example_dags/example_xcom.py
[2026-05-10T03:58:55.106+0000] {processor.py:830} INFO - Processing file /home/airflow/.local/lib/python3.12/site-packages/airflow/example_dags/example_xcom.py for tasks to queue
[2026-05-10T03:58:55.109+0000] {logging_mixin.py:188} INFO - [2026-05-10T03:58:55.109+0000] {dagbag.py:545} INFO - Filling up the DagBag from /home/airflow/.local/lib/python3.12/site-packages/airflow/example_dags/example_xcom.py
[2026-05-10T03:58:55.118+0000] {processor.py:840} INFO - DAG(s) 'example_xcom' retrieved from /home/airflow/.local/lib/python3.12/site-packages/airflow/example_dags/example_xcom.py
[2026-05-10T03:58:55.147+0000] {logging_mixin.py:188} INFO - [2026-05-10T03:58:55.147+0000] {dag.py:3096} INFO - Sync 1 DAGs
[2026-05-10T03:58:55.169+0000] {logging_mixin.py:188} INFO - [2026-05-10T03:58:55.169+0000] {dag.py:3954} INFO - Setting next_dagrun for example_xcom to 2021-01-01 00:00:00+00:00, run_after=2021-01-01 00:00:00+00:00
[2026-05-10T03:58:55.192+0000] {processor.py:183} INFO - Processing /home/airflow/.local/lib/python3.12/site-packages/airflow/example_dags/example_xcom.py took 0.095 seconds
[2026-05-10T03:59:25.423+0000] {processor.py:161} INFO - Started process (PID=1922) to work on /home/airflow/.local/lib/python3.12/site-packages/airflow/example_dags/example_xcom.py
[2026-05-10T03:59:25.425+0000] {processor.py:830} INFO - Processing file /home/airflow/.local/lib/python3.12/site-packages/airflow/example_dags/example_xcom.py for tasks to queue
[2026-05-10T03:59:25.427+0000] {logging_mixin.py:188} INFO - [2026-05-10T03:59:25.426+0000] {dagbag.py:545} INFO - Filling up the DagBag from /home/airflow/.local/lib/python3.12/site-packages/airflow/example_dags/example_xcom.py
[2026-05-10T03:59:25.434+0000] {processor.py:840} INFO - DAG(s) 'example_xcom' retrieved from /home/airflow/.local/lib/python3.12/site-packages/airflow/example_dags/example_xcom.py
[2026-05-10T03:59:25.454+0000] {logging_mixin.py:188} INFO - [2026-05-10T03:59:25.454+0000] {dag.py:3096} INFO - Sync 1 DAGs
[2026-05-10T03:59:25.472+0000] {logging_mixin.py:188} INFO - [2026-05-10T03:59:25.472+0000] {dag.py:3954} INFO - Setting next_dagrun for example_xcom to 2021-01-01 00:00:00+00:00, run_after=2021-01-01 00:00:00+00:00
[2026-05-10T03:59:25.492+0000] {processor.py:183} INFO - Processing /home/airflow/.local/lib/python3.12/site-packages/airflow/example_dags/example_xcom.py took 0.074 seconds
[2026-05-10T03:59:56.092+0000] {processor.py:161} INFO - Started process (PID=1982) to work on /home/airflow/.local/lib/python3.12/site-packages/airflow/example_dags/example_xcom.py
[2026-05-10T03:59:56.093+0000] {processor.py:830} INFO - Processing file /home/airflow/.local/lib/python3.12/site-packages/airflow/example_dags/example_xcom.py for tasks to queue
[2026-05-10T03:59:56.095+0000] {logging_mixin.py:188} INFO - [2026-05-10T03:59:56.095+0000] {dagbag.py:545} INFO - Filling up the DagBag from /home/airflow/.local/lib/python3.12/site-packages/airflow/example_dags/example_xcom.py
[2026-05-10T03:59:56.102+0000] {processor.py:840} INFO - DAG(s) 'example_xcom' retrieved from /home/airflow/.local/lib/python3.12/site-packages/airflow/example_dags/example_xcom.py
[2026-05-10T03:59:56.120+0000] {logging_mixin.py:188} INFO - [2026-05-10T03:59:56.119+0000] {dag.py:3096} INFO - Sync 1 DAGs
[2026-05-10T03:59:56.139+0000] {logging_mixin.py:188} INFO - [2026-05-10T03:59:56.139+0000] {dag.py:3954} INFO - Setting next_dagrun for example_xcom to 2021-01-01 00:00:00+00:00, run_after=2021-01-01 00:00:00+00:00
[2026-05-10T03:59:56.157+0000] {processor.py:183} INFO - Processing /home/airflow/.local/lib/python3.12/site-packages/airflow/example_dags/example_xcom.py took 0.071 seconds
[2026-05-10T04:00:26.365+0000] {processor.py:161} INFO - Started process (PID=2042) to work on /home/airflow/.local/lib/python3.12/site-packages/airflow/example_dags/example_xcom.py
[2026-05-10T04:00:26.367+0000] {processor.py:830} INFO - Processing file /home/airflow/.local/lib/python3.12/site-packages/airflow/example_dags/example_xcom.py for tasks to queue
[2026-05-10T04:00:26.369+0000] {logging_mixin.py:188} INFO - [2026-05-10T04:00:26.369+0000] {dagbag.py:545} INFO - Filling up the DagBag from /home/airflow/.local/lib/python3.12/site-packages/airflow/example_dags/example_xcom.py
[2026-05-10T04:00:26.377+0000] {processor.py:840} INFO - DAG(s) 'example_xcom' retrieved from /home/airflow/.local/lib/python3.12/site-packages/airflow/example_dags/example_xcom.py
[2026-05-10T04:00:26.398+0000] {logging_mixin.py:188} INFO - [2026-05-10T04:00:26.398+0000] {dag.py:3096} INFO - Sync 1 DAGs
[2026-05-10T04:00:26.419+0000] {logging_mixin.py:188} INFO - [2026-05-10T04:00:26.419+0000] {dag.py:3954} INFO - Setting next_dagrun for example_xcom to 2021-01-01 00:00:00+00:00, run_after=2021-01-01 00:00:00+00:00
[2026-05-10T04:00:26.443+0000] {processor.py:183} INFO - Processing /home/airflow/.local/lib/python3.12/site-packages/airflow/example_dags/example_xcom.py took 0.083 seconds
[2026-05-10T04:00:56.633+0000] {processor.py:161} INFO - Started process (PID=2102) to work on /home/airflow/.local/lib/python3.12/site-packages/airflow/example_dags/example_xcom.py
[2026-05-10T04:00:56.635+0000] {processor.py:830} INFO - Processing file /home/airflow/.local/lib/python3.12/site-packages/airflow/example_dags/example_xcom.py for tasks to queue
[2026-05-10T04:00:56.637+0000] {logging_mixin.py:188} INFO - [2026-05-10T04:00:56.636+0000] {dagbag.py:545} INFO - Filling up the DagBag from /home/airflow/.local/lib/python3.12/site-packages/airflow/example_dags/example_xcom.py
[2026-05-10T04:00:56.645+0000] {processor.py:840} INFO - DAG(s) 'example_xcom' retrieved from /home/airflow/.local/lib/python3.12/site-packages/airflow/example_dags/example_xcom.py
[2026-05-10T04:00:56.673+0000] {logging_mixin.py:188} INFO - [2026-05-10T04:00:56.673+0000] {dag.py:3096} INFO - Sync 1 DAGs
[2026-05-10T04:00:56.698+0000] {logging_mixin.py:188} INFO - [2026-05-10T04:00:56.697+0000] {dag.py:3954} INFO - Setting next_dagrun for example_xcom to 2021-01-01 00:00:00+00:00, run_after=2021-01-01 00:00:00+00:00
[2026-05-10T04:00:56.720+0000] {processor.py:183} INFO - Processing /home/airflow/.local/lib/python3.12/site-packages/airflow/example_dags/example_xcom.py took 0.092 seconds
[2026-05-10T04:01:27.146+0000] {processor.py:161} INFO - Started process (PID=2162) to work on /home/airflow/.local/lib/python3.12/site-packages/airflow/example_dags/example_xcom.py
[2026-05-10T04:01:27.147+0000] {processor.py:830} INFO - Processing file /home/airflow/.local/lib/python3.12/site-packages/airflow/example_dags/example_xcom.py for tasks to queue
[2026-05-10T04:01:27.150+0000] {logging_mixin.py:188} INFO - [2026-05-10T04:01:27.150+0000] {dagbag.py:545} INFO - Filling up the DagBag from /home/airflow/.local/lib/python3.12/site-packages/airflow/example_dags/example_xcom.py
[2026-05-10T04:01:27.157+0000] {processor.py:840} INFO - DAG(s) 'example_xcom' retrieved from /home/airflow/.local/lib/python3.12/site-packages/airflow/example_dags/example_xcom.py
[2026-05-10T04:01:27.175+0000] {logging_mixin.py:188} INFO - [2026-05-10T04:01:27.175+0000] {dag.py:3096} INFO - Sync 1 DAGs
[2026-05-10T04:01:27.192+0000] {logging_mixin.py:188} INFO - [2026-05-10T04:01:27.191+0000] {dag.py:3954} INFO - Setting next_dagrun for example_xcom to 2021-01-01 00:00:00+00:00, run_after=2021-01-01 00:00:00+00:00
[2026-05-10T04:01:27.207+0000] {processor.py:183} INFO - Processing /home/airflow/.local/lib/python3.12/site-packages/airflow/example_dags/example_xcom.py took 0.067 seconds
[2026-05-10T04:01:57.576+0000] {processor.py:161} INFO - Started process (PID=2221) to work on /home/airflow/.local/lib/python3.12/site-packages/airflow/example_dags/example_xcom.py
[2026-05-10T04:01:57.577+0000] {processor.py:830} INFO - Processing file /home/airflow/.local/lib/python3.12/site-packages/airflow/example_dags/example_xcom.py for tasks to queue
[2026-05-10T04:01:57.579+0000] {logging_mixin.py:188} INFO - [2026-05-10T04:01:57.579+0000] {dagbag.py:545} INFO - Filling up the DagBag from /home/airflow/.local/lib/python3.12/site-packages/airflow/example_dags/example_xcom.py
[2026-05-10T04:01:57.588+0000] {processor.py:840} INFO - DAG(s) 'example_xcom' retrieved from /home/airflow/.local/lib/python3.12/site-packages/airflow/example_dags/example_xcom.py
[2026-05-10T04:01:57.609+0000] {logging_mixin.py:188} INFO - [2026-05-10T04:01:57.608+0000] {dag.py:3096} INFO - Sync 1 DAGs
[2026-05-10T04:01:57.630+0000] {logging_mixin.py:188} INFO - [2026-05-10T04:01:57.630+0000] {dag.py:3954} INFO - Setting next_dagrun for example_xcom to 2021-01-01 00:00:00+00:00, run_after=2021-01-01 00:00:00+00:00
[2026-05-10T04:01:57.651+0000] {processor.py:183} INFO - Processing /home/airflow/.local/lib/python3.12/site-packages/airflow/example_dags/example_xcom.py took 0.080 seconds
[2026-05-10T04:02:28.189+0000] {processor.py:161} INFO - Started process (PID=2281) to work on /home/airflow/.local/lib/python3.12/site-packages/airflow/example_dags/example_xcom.py
[2026-05-10T04:02:28.191+0000] {processor.py:830} INFO - Processing file /home/airflow/.local/lib/python3.12/site-packages/airflow/example_dags/example_xcom.py for tasks to queue
[2026-05-10T04:02:28.193+0000] {logging_mixin.py:188} INFO - [2026-05-10T04:02:28.193+0000] {dagbag.py:545} INFO - Filling up the DagBag from /home/airflow/.local/lib/python3.12/site-packages/airflow/example_dags/example_xcom.py
[2026-05-10T04:02:28.199+0000] {processor.py:840} INFO - DAG(s) 'example_xcom' retrieved from /home/airflow/.local/lib/python3.12/site-packages/airflow/example_dags/example_xcom.py
[2026-05-10T04:02:28.217+0000] {logging_mixin.py:188} INFO - [2026-05-10T04:02:28.217+0000] {dag.py:3096} INFO - Sync 1 DAGs
[2026-05-10T04:02:28.238+0000] {logging_mixin.py:188} INFO - [2026-05-10T04:02:28.238+0000] {dag.py:3954} INFO - Setting next_dagrun for example_xcom to 2021-01-01 00:00:00+00:00, run_after=2021-01-01 00:00:00+00:00
[2026-05-10T04:02:28.253+0000] {processor.py:183} INFO - Processing /home/airflow/.local/lib/python3.12/site-packages/airflow/example_dags/example_xcom.py took 0.069 seconds
[2026-05-10T04:02:58.588+0000] {processor.py:161} INFO - Started process (PID=2341) to work on /home/airflow/.local/lib/python3.12/site-packages/airflow/example_dags/example_xcom.py
[2026-05-10T04:02:58.590+0000] {processor.py:830} INFO - Processing file /home/airflow/.local/lib/python3.12/site-packages/airflow/example_dags/example_xcom.py for tasks to queue
[2026-05-10T04:02:58.593+0000] {logging_mixin.py:188} INFO - [2026-05-10T04:02:58.592+0000] {dagbag.py:545} INFO - Filling up the DagBag from /home/airflow/.local/lib/python3.12/site-packages/airflow/example_dags/example_xcom.py
[2026-05-10T04:02:58.600+0000] {processor.py:840} INFO - DAG(s) 'example_xcom' retrieved from /home/airflow/.local/lib/python3.12/site-packages/airflow/example_dags/example_xcom.py
[2026-05-10T04:02:58.617+0000] {logging_mixin.py:188} INFO - [2026-05-10T04:02:58.617+0000] {dag.py:3096} INFO - Sync 1 DAGs
[2026-05-10T04:02:58.633+0000] {logging_mixin.py:188} INFO - [2026-05-10T04:02:58.633+0000] {dag.py:3954} INFO - Setting next_dagrun for example_xcom to 2021-01-01 00:00:00+00:00, run_after=2021-01-01 00:00:00+00:00
[2026-05-10T04:02:58.650+0000] {processor.py:183} INFO - Processing /home/airflow/.local/lib/python3.12/site-packages/airflow/example_dags/example_xcom.py took 0.068 seconds
[2026-05-10T04:03:28.893+0000] {processor.py:161} INFO - Started process (PID=2401) to work on /home/airflow/.local/lib/python3.12/site-packages/airflow/example_dags/example_xcom.py
[2026-05-10T04:03:28.894+0000] {processor.py:830} INFO - Processing file /home/airflow/.local/lib/python3.12/site-packages/airflow/example_dags/example_xcom.py for tasks to queue
[2026-05-10T04:03:28.897+0000] {logging_mixin.py:188} INFO - [2026-05-10T04:03:28.897+0000] {dagbag.py:545} INFO - Filling up the DagBag from /home/airflow/.local/lib/python3.12/site-packages/airflow/example_dags/example_xcom.py
[2026-05-10T04:03:28.907+0000] {processor.py:840} INFO - DAG(s) 'example_xcom' retrieved from /home/airflow/.local/lib/python3.12/site-packages/airflow/example_dags/example_xcom.py
[2026-05-10T04:03:28.936+0000] {logging_mixin.py:188} INFO - [2026-05-10T04:03:28.935+0000] {dag.py:3096} INFO - Sync 1 DAGs
[2026-05-10T04:03:28.961+0000] {logging_mixin.py:188} INFO - [2026-05-10T04:03:28.961+0000] {dag.py:3954} INFO - Setting next_dagrun for example_xcom to 2021-01-01 00:00:00+00:00, run_after=2021-01-01 00:00:00+00:00
[2026-05-10T04:03:28.988+0000] {processor.py:183} INFO - Processing /home/airflow/.local/lib/python3.12/site-packages/airflow/example_dags/example_xcom.py took 0.100 seconds
[2026-05-10T04:03:59.375+0000] {processor.py:161} INFO - Started process (PID=2462) to work on /home/airflow/.local/lib/python3.12/site-packages/airflow/example_dags/example_xcom.py
[2026-05-10T04:03:59.376+0000] {processor.py:830} INFO - Processing file /home/airflow/.local/lib/python3.12/site-packages/airflow/example_dags/example_xcom.py for tasks to queue
[2026-05-10T04:03:59.379+0000] {logging_mixin.py:188} INFO - [2026-05-10T04:03:59.379+0000] {dagbag.py:545} INFO - Filling up the DagBag from /home/airflow/.local/lib/python3.12/site-packages/airflow/example_dags/example_xcom.py
[2026-05-10T04:03:59.387+0000] {processor.py:840} INFO - DAG(s) 'example_xcom' retrieved from /home/airflow/.local/lib/python3.12/site-packages/airflow/example_dags/example_xcom.py
[2026-05-10T04:03:59.411+0000] {logging_mixin.py:188} INFO - [2026-05-10T04:03:59.410+0000] {dag.py:3096} INFO - Sync 1 DAGs
[2026-05-10T04:03:59.433+0000] {logging_mixin.py:188} INFO - [2026-05-10T04:03:59.432+0000] {dag.py:3954} INFO - Setting next_dagrun for example_xcom to 2021-01-01 00:00:00+00:00, run_after=2021-01-01 00:00:00+00:00
[2026-05-10T04:03:59.454+0000] {processor.py:183} INFO - Processing /home/airflow/.local/lib/python3.12/site-packages/airflow/example_dags/example_xcom.py took 0.085 seconds
[2026-05-10T04:04:29.865+0000] {processor.py:161} INFO - Started process (PID=2522) to work on /home/airflow/.local/lib/python3.12/site-packages/airflow/example_dags/example_xcom.py
[2026-05-10T04:04:29.872+0000] {processor.py:830} INFO - Processing file /home/airflow/.local/lib/python3.12/site-packages/airflow/example_dags/example_xcom.py for tasks to queue
[2026-05-10T04:04:29.879+0000] {logging_mixin.py:188} INFO - [2026-05-10T04:04:29.878+0000] {dagbag.py:545} INFO - Filling up the DagBag from /home/airflow/.local/lib/python3.12/site-packages/airflow/example_dags/example_xcom.py
[2026-05-10T04:04:29.893+0000] {processor.py:840} INFO - DAG(s) 'example_xcom' retrieved from /home/airflow/.local/lib/python3.12/site-packages/airflow/example_dags/example_xcom.py
[2026-05-10T04:04:29.915+0000] {logging_mixin.py:188} INFO - [2026-05-10T04:04:29.915+0000] {dag.py:3096} INFO - Sync 1 DAGs
[2026-05-10T04:04:29.941+0000] {logging_mixin.py:188} INFO - [2026-05-10T04:04:29.941+0000] {dag.py:3954} INFO - Setting next_dagrun for example_xcom to 2021-01-01 00:00:00+00:00, run_after=2021-01-01 00:00:00+00:00
[2026-05-10T04:04:29.970+0000] {processor.py:183} INFO - Processing /home/airflow/.local/lib/python3.12/site-packages/airflow/example_dags/example_xcom.py took 0.110 seconds
[2026-05-10T04:05:00.536+0000] {processor.py:161} INFO - Started process (PID=2582) to work on /home/airflow/.local/lib/python3.12/site-packages/airflow/example_dags/example_xcom.py
[2026-05-10T04:05:00.538+0000] {processor.py:830} INFO - Processing file /home/airflow/.local/lib/python3.12/site-packages/airflow/example_dags/example_xcom.py for tasks to queue
[2026-05-10T04:05:00.540+0000] {logging_mixin.py:188} INFO - [2026-05-10T04:05:00.539+0000] {dagbag.py:545} INFO - Filling up the DagBag from /home/airflow/.local/lib/python3.12/site-packages/airflow/example_dags/example_xcom.py
[2026-05-10T04:05:00.546+0000] {processor.py:840} INFO - DAG(s) 'example_xcom' retrieved from /home/airflow/.local/lib/python3.12/site-packages/airflow/example_dags/example_xcom.py
[2026-05-10T04:05:00.564+0000] {logging_mixin.py:188} INFO - [2026-05-10T04:05:00.564+0000] {dag.py:3096} INFO - Sync 1 DAGs
[2026-05-10T04:05:00.581+0000] {logging_mixin.py:188} INFO - [2026-05-10T04:05:00.581+0000] {dag.py:3954} INFO - Setting next_dagrun for example_xcom to 2021-01-01 00:00:00+00:00, run_after=2021-01-01 00:00:00+00:00
[2026-05-10T04:05:00.601+0000] {processor.py:183} INFO - Processing /home/airflow/.local/lib/python3.12/site-packages/airflow/example_dags/example_xcom.py took 0.070 seconds
[2026-05-10T04:05:30.993+0000] {processor.py:161} INFO - Started process (PID=2642) to work on /home/airflow/.local/lib/python3.12/site-packages/airflow/example_dags/example_xcom.py
[2026-05-10T04:05:30.995+0000] {processor.py:830} INFO - Processing file /home/airflow/.local/lib/python3.12/site-packages/airflow/example_dags/example_xcom.py for tasks to queue
[2026-05-10T04:05:30.997+0000] {logging_mixin.py:188} INFO - [2026-05-10T04:05:30.997+0000] {dagbag.py:545} INFO - Filling up the DagBag from /home/airflow/.local/lib/python3.12/site-packages/airflow/example_dags/example_xcom.py
[2026-05-10T04:05:31.004+0000] {processor.py:840} INFO - DAG(s) 'example_xcom' retrieved from /home/airflow/.local/lib/python3.12/site-packages/airflow/example_dags/example_xcom.py
[2026-05-10T04:05:31.022+0000] {logging_mixin.py:188} INFO - [2026-05-10T04:05:31.022+0000] {dag.py:3096} INFO - Sync 1 DAGs
[2026-05-10T04:05:31.039+0000] {logging_mixin.py:188} INFO - [2026-05-10T04:05:31.038+0000] {dag.py:3954} INFO - Setting next_dagrun for example_xcom to 2021-01-01 00:00:00+00:00, run_after=2021-01-01 00:00:00+00:00
[2026-05-10T04:05:31.055+0000] {processor.py:183} INFO - Processing /home/airflow/.local/lib/python3.12/site-packages/airflow/example_dags/example_xcom.py took 0.067 seconds
[2026-05-10T04:06:01.529+0000] {processor.py:161} INFO - Started process (PID=2701) to work on /home/airflow/.local/lib/python3.12/site-packages/airflow/example_dags/example_xcom.py
[2026-05-10T04:06:01.532+0000] {processor.py:830} INFO - Processing file /home/airflow/.local/lib/python3.12/site-packages/airflow/example_dags/example_xcom.py for tasks to queue
[2026-05-10T04:06:01.539+0000] {logging_mixin.py:188} INFO - [2026-05-10T04:06:01.538+0000] {dagbag.py:545} INFO - Filling up the DagBag from /home/airflow/.local/lib/python3.12/site-packages/airflow/example_dags/example_xcom.py
[2026-05-10T04:06:01.545+0000] {processor.py:840} INFO - DAG(s) 'example_xcom' retrieved from /home/airflow/.local/lib/python3.12/site-packages/airflow/example_dags/example_xcom.py
[2026-05-10T04:06:01.563+0000] {logging_mixin.py:188} INFO - [2026-05-10T04:06:01.563+0000] {dag.py:3096} INFO - Sync 1 DAGs
[2026-05-10T04:06:01.579+0000] {logging_mixin.py:188} INFO - [2026-05-10T04:06:01.579+0000] {dag.py:3954} INFO - Setting next_dagrun for example_xcom to 2021-01-01 00:00:00+00:00, run_after=2021-01-01 00:00:00+00:00
[2026-05-10T04:06:01.599+0000] {processor.py:183} INFO - Processing /home/airflow/.local/lib/python3.12/site-packages/airflow/example_dags/example_xcom.py took 0.075 seconds
[2026-05-10T04:06:31.802+0000] {processor.py:161} INFO - Started process (PID=2761) to work on /home/airflow/.local/lib/python3.12/site-packages/airflow/example_dags/example_xcom.py
[2026-05-10T04:06:31.804+0000] {processor.py:830} INFO - Processing file /home/airflow/.local/lib/python3.12/site-packages/airflow/example_dags/example_xcom.py for tasks to queue
[2026-05-10T04:06:31.806+0000] {logging_mixin.py:188} INFO - [2026-05-10T04:06:31.805+0000] {dagbag.py:545} INFO - Filling up the DagBag from /home/airflow/.local/lib/python3.12/site-packages/airflow/example_dags/example_xcom.py
[2026-05-10T04:06:31.812+0000] {processor.py:840} INFO - DAG(s) 'example_xcom' retrieved from /home/airflow/.local/lib/python3.12/site-packages/airflow/example_dags/example_xcom.py
[2026-05-10T04:06:31.833+0000] {logging_mixin.py:188} INFO - [2026-05-10T04:06:31.832+0000] {dag.py:3096} INFO - Sync 1 DAGs
[2026-05-10T04:06:31.850+0000] {logging_mixin.py:188} INFO - [2026-05-10T04:06:31.850+0000] {dag.py:3954} INFO - Setting next_dagrun for example_xcom to 2021-01-01 00:00:00+00:00, run_after=2021-01-01 00:00:00+00:00
[2026-05-10T04:06:31.868+0000] {processor.py:183} INFO - Processing /home/airflow/.local/lib/python3.12/site-packages/airflow/example_dags/example_xcom.py took 0.071 seconds
[2026-05-10T04:07:02.043+0000] {processor.py:161} INFO - Started process (PID=2819) to work on /home/airflow/.local/lib/python3.12/site-packages/airflow/example_dags/example_xcom.py
[2026-05-10T04:07:02.045+0000] {processor.py:830} INFO - Processing file /home/airflow/.local/lib/python3.12/site-packages/airflow/example_dags/example_xcom.py for tasks to queue
[2026-05-10T04:07:02.047+0000] {logging_mixin.py:188} INFO - [2026-05-10T04:07:02.047+0000] {dagbag.py:545} INFO - Filling up the DagBag from /home/airflow/.local/lib/python3.12/site-packages/airflow/example_dags/example_xcom.py
[2026-05-10T04:07:02.054+0000] {processor.py:840} INFO - DAG(s) 'example_xcom' retrieved from /home/airflow/.local/lib/python3.12/site-packages/airflow/example_dags/example_xcom.py
[2026-05-10T04:07:02.073+0000] {logging_mixin.py:188} INFO - [2026-05-10T04:07:02.072+0000] {dag.py:3096} INFO - Sync 1 DAGs
[2026-05-10T04:07:02.089+0000] {logging_mixin.py:188} INFO - [2026-05-10T04:07:02.089+0000] {dag.py:3954} INFO - Setting next_dagrun for example_xcom to 2021-01-01 00:00:00+00:00, run_after=2021-01-01 00:00:00+00:00
[2026-05-10T04:07:02.108+0000] {processor.py:183} INFO - Processing /home/airflow/.local/lib/python3.12/site-packages/airflow/example_dags/example_xcom.py took 0.070 seconds
[2026-05-10T04:07:32.503+0000] {processor.py:161} INFO - Started process (PID=2879) to work on /home/airflow/.local/lib/python3.12/site-packages/airflow/example_dags/example_xcom.py
[2026-05-10T04:07:32.505+0000] {processor.py:830} INFO - Processing file /home/airflow/.local/lib/python3.12/site-packages/airflow/example_dags/example_xcom.py for tasks to queue
[2026-05-10T04:07:32.508+0000] {logging_mixin.py:188} INFO - [2026-05-10T04:07:32.508+0000] {dagbag.py:545} INFO - Filling up the DagBag from /home/airflow/.local/lib/python3.12/site-packages/airflow/example_dags/example_xcom.py
[2026-05-10T04:07:32.514+0000] {processor.py:840} INFO - DAG(s) 'example_xcom' retrieved from /home/airflow/.local/lib/python3.12/site-packages/airflow/example_dags/example_xcom.py
[2026-05-10T04:07:32.533+0000] {logging_mixin.py:188} INFO - [2026-05-10T04:07:32.533+0000] {dag.py:3096} INFO - Sync 1 DAGs
[2026-05-10T04:07:32.549+0000] {logging_mixin.py:188} INFO - [2026-05-10T04:07:32.549+0000] {dag.py:3954} INFO - Setting next_dagrun for example_xcom to 2021-01-01 00:00:00+00:00, run_after=2021-01-01 00:00:00+00:00
[2026-05-10T04:07:32.569+0000] {processor.py:183} INFO - Processing /home/airflow/.local/lib/python3.12/site-packages/airflow/example_dags/example_xcom.py took 0.071 seconds
[2026-05-10T04:08:02.856+0000] {processor.py:161} INFO - Started process (PID=2939) to work on /home/airflow/.local/lib/python3.12/site-packages/airflow/example_dags/example_xcom.py
[2026-05-10T04:08:02.864+0000] {processor.py:830} INFO - Processing file /home/airflow/.local/lib/python3.12/site-packages/airflow/example_dags/example_xcom.py for tasks to queue
[2026-05-10T04:08:02.870+0000] {logging_mixin.py:188} INFO - [2026-05-10T04:08:02.870+0000] {dagbag.py:545} INFO - Filling up the DagBag from /home/airflow/.local/lib/python3.12/site-packages/airflow/example_dags/example_xcom.py
[2026-05-10T04:08:02.881+0000] {processor.py:840} INFO - DAG(s) 'example_xcom' retrieved from /home/airflow/.local/lib/python3.12/site-packages/airflow/example_dags/example_xcom.py
[2026-05-10T04:08:02.905+0000] {logging_mixin.py:188} INFO - [2026-05-10T04:08:02.905+0000] {dag.py:3096} INFO - Sync 1 DAGs
[2026-05-10T04:08:02.925+0000] {logging_mixin.py:188} INFO - [2026-05-10T04:08:02.925+0000] {dag.py:3954} INFO - Setting next_dagrun for example_xcom to 2021-01-01 00:00:00+00:00, run_after=2021-01-01 00:00:00+00:00
[2026-05-10T04:08:02.951+0000] {processor.py:183} INFO - Processing /home/airflow/.local/lib/python3.12/site-packages/airflow/example_dags/example_xcom.py took 0.100 seconds
[2026-05-10T04:08:33.326+0000] {processor.py:161} INFO - Started process (PID=2999) to work on /home/airflow/.local/lib/python3.12/site-packages/airflow/example_dags/example_xcom.py
[2026-05-10T04:08:33.330+0000] {processor.py:830} INFO - Processing file /home/airflow/.local/lib/python3.12/site-packages/airflow/example_dags/example_xcom.py for tasks to queue
[2026-05-10T04:08:33.336+0000] {logging_mixin.py:188} INFO - [2026-05-10T04:08:33.336+0000] {dagbag.py:545} INFO - Filling up the DagBag from /home/airflow/.local/lib/python3.12/site-packages/airflow/example_dags/example_xcom.py
[2026-05-10T04:08:33.357+0000] {processor.py:840} INFO - DAG(s) 'example_xcom' retrieved from /home/airflow/.local/lib/python3.12/site-packages/airflow/example_dags/example_xcom.py
[2026-05-10T04:08:33.393+0000] {logging_mixin.py:188} INFO - [2026-05-10T04:08:33.393+0000] {dag.py:3096} INFO - Sync 1 DAGs
[2026-05-10T04:08:33.419+0000] {logging_mixin.py:188} INFO - [2026-05-10T04:08:33.418+0000] {dag.py:3954} INFO - Setting next_dagrun for example_xcom to 2021-01-01 00:00:00+00:00, run_after=2021-01-01 00:00:00+00:00
[2026-05-10T04:08:33.442+0000] {processor.py:183} INFO - Processing /home/airflow/.local/lib/python3.12/site-packages/airflow/example_dags/example_xcom.py took 0.129 seconds
[2026-05-10T04:09:03.950+0000] {processor.py:161} INFO - Started process (PID=3059) to work on /home/airflow/.local/lib/python3.12/site-packages/airflow/example_dags/example_xcom.py
[2026-05-10T04:09:03.952+0000] {processor.py:830} INFO - Processing file /home/airflow/.local/lib/python3.12/site-packages/airflow/example_dags/example_xcom.py for tasks to queue
[2026-05-10T04:09:03.955+0000] {logging_mixin.py:188} INFO - [2026-05-10T04:09:03.954+0000] {dagbag.py:545} INFO - Filling up the DagBag from /home/airflow/.local/lib/python3.12/site-packages/airflow/example_dags/example_xcom.py
[2026-05-10T04:09:03.961+0000] {processor.py:840} INFO - DAG(s) 'example_xcom' retrieved from /home/airflow/.local/lib/python3.12/site-packages/airflow/example_dags/example_xcom.py
[2026-05-10T04:09:03.981+0000] {logging_mixin.py:188} INFO - [2026-05-10T04:09:03.981+0000] {dag.py:3096} INFO - Sync 1 DAGs
[2026-05-10T04:09:04.003+0000] {logging_mixin.py:188} INFO - [2026-05-10T04:09:04.003+0000] {dag.py:3954} INFO - Setting next_dagrun for example_xcom to 2021-01-01 00:00:00+00:00, run_after=2021-01-01 00:00:00+00:00
[2026-05-10T04:09:04.025+0000] {processor.py:183} INFO - Processing /home/airflow/.local/lib/python3.12/site-packages/airflow/example_dags/example_xcom.py took 0.080 seconds
[2026-05-10T04:09:34.359+0000] {processor.py:161} INFO - Started process (PID=3119) to work on /home/airflow/.local/lib/python3.12/site-packages/airflow/example_dags/example_xcom.py
[2026-05-10T04:09:34.360+0000] {processor.py:830} INFO - Processing file /home/airflow/.local/lib/python3.12/site-packages/airflow/example_dags/example_xcom.py for tasks to queue
[2026-05-10T04:09:34.362+0000] {logging_mixin.py:188} INFO - [2026-05-10T04:09:34.362+0000] {dagbag.py:545} INFO - Filling up the DagBag from /home/airflow/.local/lib/python3.12/site-packages/airflow/example_dags/example_xcom.py
[2026-05-10T04:09:34.369+0000] {processor.py:840} INFO - DAG(s) 'example_xcom' retrieved from /home/airflow/.local/lib/python3.12/site-packages/airflow/example_dags/example_xcom.py
[2026-05-10T04:09:34.388+0000] {logging_mixin.py:188} INFO - [2026-05-10T04:09:34.388+0000] {dag.py:3096} INFO - Sync 1 DAGs
[2026-05-10T04:09:34.405+0000] {logging_mixin.py:188} INFO - [2026-05-10T04:09:34.405+0000] {dag.py:3954} INFO - Setting next_dagrun for example_xcom to 2021-01-01 00:00:00+00:00, run_after=2021-01-01 00:00:00+00:00
[2026-05-10T04:09:34.426+0000] {processor.py:183} INFO - Processing /home/airflow/.local/lib/python3.12/site-packages/airflow/example_dags/example_xcom.py took 0.073 seconds
[2026-05-10T04:10:04.524+0000] {processor.py:161} INFO - Started process (PID=3179) to work on /home/airflow/.local/lib/python3.12/site-packages/airflow/example_dags/example_xcom.py
[2026-05-10T04:10:04.526+0000] {processor.py:830} INFO - Processing file /home/airflow/.local/lib/python3.12/site-packages/airflow/example_dags/example_xcom.py for tasks to queue
[2026-05-10T04:10:04.528+0000] {logging_mixin.py:188} INFO - [2026-05-10T04:10:04.528+0000] {dagbag.py:545} INFO - Filling up the DagBag from /home/airflow/.local/lib/python3.12/site-packages/airflow/example_dags/example_xcom.py
[2026-05-10T04:10:04.534+0000] {processor.py:840} INFO - DAG(s) 'example_xcom' retrieved from /home/airflow/.local/lib/python3.12/site-packages/airflow/example_dags/example_xcom.py
[2026-05-10T04:10:04.552+0000] {logging_mixin.py:188} INFO - [2026-05-10T04:10:04.552+0000] {dag.py:3096} INFO - Sync 1 DAGs
[2026-05-10T04:10:04.567+0000] {logging_mixin.py:188} INFO - [2026-05-10T04:10:04.567+0000] {dag.py:3954} INFO - Setting next_dagrun for example_xcom to 2021-01-01 00:00:00+00:00, run_after=2021-01-01 00:00:00+00:00
[2026-05-10T04:10:04.583+0000] {processor.py:183} INFO - Processing /home/airflow/.local/lib/python3.12/site-packages/airflow/example_dags/example_xcom.py took 0.064 seconds
[2026-05-10T04:10:34.756+0000] {processor.py:161} INFO - Started process (PID=3239) to work on /home/airflow/.local/lib/python3.12/site-packages/airflow/example_dags/example_xcom.py
[2026-05-10T04:10:34.758+0000] {processor.py:830} INFO - Processing file /home/airflow/.local/lib/python3.12/site-packages/airflow/example_dags/example_xcom.py for tasks to queue
[2026-05-10T04:10:34.760+0000] {logging_mixin.py:188} INFO - [2026-05-10T04:10:34.760+0000] {dagbag.py:545} INFO - Filling up the DagBag from /home/airflow/.local/lib/python3.12/site-packages/airflow/example_dags/example_xcom.py
[2026-05-10T04:10:34.766+0000] {processor.py:840} INFO - DAG(s) 'example_xcom' retrieved from /home/airflow/.local/lib/python3.12/site-packages/airflow/example_dags/example_xcom.py
[2026-05-10T04:10:34.786+0000] {logging_mixin.py:188} INFO - [2026-05-10T04:10:34.786+0000] {dag.py:3096} INFO - Sync 1 DAGs
[2026-05-10T04:10:34.804+0000] {logging_mixin.py:188} INFO - [2026-05-10T04:10:34.803+0000] {dag.py:3954} INFO - Setting next_dagrun for example_xcom to 2021-01-01 00:00:00+00:00, run_after=2021-01-01 00:00:00+00:00
[2026-05-10T04:10:34.823+0000] {processor.py:183} INFO - Processing /home/airflow/.local/lib/python3.12/site-packages/airflow/example_dags/example_xcom.py took 0.071 seconds
[2026-05-10T04:11:05.032+0000] {processor.py:161} INFO - Started process (PID=3299) to work on /home/airflow/.local/lib/python3.12/site-packages/airflow/example_dags/example_xcom.py
[2026-05-10T04:11:05.033+0000] {processor.py:830} INFO - Processing file /home/airflow/.local/lib/python3.12/site-packages/airflow/example_dags/example_xcom.py for tasks to queue
[2026-05-10T04:11:05.035+0000] {logging_mixin.py:188} INFO - [2026-05-10T04:11:05.035+0000] {dagbag.py:545} INFO - Filling up the DagBag from /home/airflow/.local/lib/python3.12/site-packages/airflow/example_dags/example_xcom.py
[2026-05-10T04:11:05.042+0000] {processor.py:840} INFO - DAG(s) 'example_xcom' retrieved from /home/airflow/.local/lib/python3.12/site-packages/airflow/example_dags/example_xcom.py
[2026-05-10T04:11:05.059+0000] {logging_mixin.py:188} INFO - [2026-05-10T04:11:05.059+0000] {dag.py:3096} INFO - Sync 1 DAGs
[2026-05-10T04:11:05.077+0000] {logging_mixin.py:188} INFO - [2026-05-10T04:11:05.077+0000] {dag.py:3954} INFO - Setting next_dagrun for example_xcom to 2021-01-01 00:00:00+00:00, run_after=2021-01-01 00:00:00+00:00
[2026-05-10T04:11:05.092+0000] {processor.py:183} INFO - Processing /home/airflow/.local/lib/python3.12/site-packages/airflow/example_dags/example_xcom.py took 0.064 seconds
[2026-05-10T04:11:35.667+0000] {processor.py:161} INFO - Started process (PID=3359) to work on /home/airflow/.local/lib/python3.12/site-packages/airflow/example_dags/example_xcom.py
[2026-05-10T04:11:35.668+0000] {processor.py:830} INFO - Processing file /home/airflow/.local/lib/python3.12/site-packages/airflow/example_dags/example_xcom.py for tasks to queue
[2026-05-10T04:11:35.671+0000] {logging_mixin.py:188} INFO - [2026-05-10T04:11:35.670+0000] {dagbag.py:545} INFO - Filling up the DagBag from /home/airflow/.local/lib/python3.12/site-packages/airflow/example_dags/example_xcom.py
[2026-05-10T04:11:35.678+0000] {processor.py:840} INFO - DAG(s) 'example_xcom' retrieved from /home/airflow/.local/lib/python3.12/site-packages/airflow/example_dags/example_xcom.py
[2026-05-10T04:11:35.695+0000] {logging_mixin.py:188} INFO - [2026-05-10T04:11:35.695+0000] {dag.py:3096} INFO - Sync 1 DAGs
[2026-05-10T04:11:35.711+0000] {logging_mixin.py:188} INFO - [2026-05-10T04:11:35.711+0000] {dag.py:3954} INFO - Setting next_dagrun for example_xcom to 2021-01-01 00:00:00+00:00, run_after=2021-01-01 00:00:00+00:00
[2026-05-10T04:11:35.726+0000] {processor.py:183} INFO - Processing /home/airflow/.local/lib/python3.12/site-packages/airflow/example_dags/example_xcom.py took 0.063 seconds
[2026-05-10T04:12:06.082+0000] {processor.py:161} INFO - Started process (PID=3419) to work on /home/airflow/.local/lib/python3.12/site-packages/airflow/example_dags/example_xcom.py
[2026-05-10T04:12:06.084+0000] {processor.py:830} INFO - Processing file /home/airflow/.local/lib/python3.12/site-packages/airflow/example_dags/example_xcom.py for tasks to queue
[2026-05-10T04:12:06.086+0000] {logging_mixin.py:188} INFO - [2026-05-10T04:12:06.086+0000] {dagbag.py:545} INFO - Filling up the DagBag from /home/airflow/.local/lib/python3.12/site-packages/airflow/example_dags/example_xcom.py
[2026-05-10T04:12:06.092+0000] {processor.py:840} INFO - DAG(s) 'example_xcom' retrieved from /home/airflow/.local/lib/python3.12/site-packages/airflow/example_dags/example_xcom.py
[2026-05-10T04:12:06.110+0000] {logging_mixin.py:188} INFO - [2026-05-10T04:12:06.110+0000] {dag.py:3096} INFO - Sync 1 DAGs
[2026-05-10T04:12:06.128+0000] {logging_mixin.py:188} INFO - [2026-05-10T04:12:06.127+0000] {dag.py:3954} INFO - Setting next_dagrun for example_xcom to 2021-01-01 00:00:00+00:00, run_after=2021-01-01 00:00:00+00:00
[2026-05-10T04:12:06.147+0000] {processor.py:183} INFO - Processing /home/airflow/.local/lib/python3.12/site-packages/airflow/example_dags/example_xcom.py took 0.070 seconds
[2026-05-10T04:12:36.364+0000] {processor.py:161} INFO - Started process (PID=3479) to work on /home/airflow/.local/lib/python3.12/site-packages/airflow/example_dags/example_xcom.py
[2026-05-10T04:12:36.365+0000] {processor.py:830} INFO - Processing file /home/airflow/.local/lib/python3.12/site-packages/airflow/example_dags/example_xcom.py for tasks to queue
[2026-05-10T04:12:36.367+0000] {logging_mixin.py:188} INFO - [2026-05-10T04:12:36.367+0000] {dagbag.py:545} INFO - Filling up the DagBag from /home/airflow/.local/lib/python3.12/site-packages/airflow/example_dags/example_xcom.py
[2026-05-10T04:12:36.373+0000] {processor.py:840} INFO - DAG(s) 'example_xcom' retrieved from /home/airflow/.local/lib/python3.12/site-packages/airflow/example_dags/example_xcom.py
[2026-05-10T04:12:36.394+0000] {logging_mixin.py:188} INFO - [2026-05-10T04:12:36.394+0000] {dag.py:3096} INFO - Sync 1 DAGs
[2026-05-10T04:12:36.410+0000] {logging_mixin.py:188} INFO - [2026-05-10T04:12:36.410+0000] {dag.py:3954} INFO - Setting next_dagrun for example_xcom to 2021-01-01 00:00:00+00:00, run_after=2021-01-01 00:00:00+00:00
[2026-05-10T04:12:36.427+0000] {processor.py:183} INFO - Processing /home/airflow/.local/lib/python3.12/site-packages/airflow/example_dags/example_xcom.py took 0.068 seconds
[2026-05-10T04:13:06.840+0000] {processor.py:161} INFO - Started process (PID=3539) to work on /home/airflow/.local/lib/python3.12/site-packages/airflow/example_dags/example_xcom.py
[2026-05-10T04:13:06.841+0000] {processor.py:830} INFO - Processing file /home/airflow/.local/lib/python3.12/site-packages/airflow/example_dags/example_xcom.py for tasks to queue
[2026-05-10T04:13:06.843+0000] {logging_mixin.py:188} INFO - [2026-05-10T04:13:06.843+0000] {dagbag.py:545} INFO - Filling up the DagBag from /home/airflow/.local/lib/python3.12/site-packages/airflow/example_dags/example_xcom.py
[2026-05-10T04:13:06.850+0000] {processor.py:840} INFO - DAG(s) 'example_xcom' retrieved from /home/airflow/.local/lib/python3.12/site-packages/airflow/example_dags/example_xcom.py
[2026-05-10T04:13:06.868+0000] {logging_mixin.py:188} INFO - [2026-05-10T04:13:06.868+0000] {dag.py:3096} INFO - Sync 1 DAGs
[2026-05-10T04:13:06.887+0000] {logging_mixin.py:188} INFO - [2026-05-10T04:13:06.887+0000] {dag.py:3954} INFO - Setting next_dagrun for example_xcom to 2021-01-01 00:00:00+00:00, run_after=2021-01-01 00:00:00+00:00
[2026-05-10T04:13:06.903+0000] {processor.py:183} INFO - Processing /home/airflow/.local/lib/python3.12/site-packages/airflow/example_dags/example_xcom.py took 0.068 seconds
[2026-05-10T04:13:37.505+0000] {processor.py:161} INFO - Started process (PID=3600) to work on /home/airflow/.local/lib/python3.12/site-packages/airflow/example_dags/example_xcom.py
[2026-05-10T04:13:37.506+0000] {processor.py:830} INFO - Processing file /home/airflow/.local/lib/python3.12/site-packages/airflow/example_dags/example_xcom.py for tasks to queue
[2026-05-10T04:13:37.509+0000] {logging_mixin.py:188} INFO - [2026-05-10T04:13:37.509+0000] {dagbag.py:545} INFO - Filling up the DagBag from /home/airflow/.local/lib/python3.12/site-packages/airflow/example_dags/example_xcom.py
[2026-05-10T04:13:37.515+0000] {processor.py:840} INFO - DAG(s) 'example_xcom' retrieved from /home/airflow/.local/lib/python3.12/site-packages/airflow/example_dags/example_xcom.py
[2026-05-10T04:13:37.533+0000] {logging_mixin.py:188} INFO - [2026-05-10T04:13:37.532+0000] {dag.py:3096} INFO - Sync 1 DAGs
[2026-05-10T04:13:37.551+0000] {logging_mixin.py:188} INFO - [2026-05-10T04:13:37.550+0000] {dag.py:3954} INFO - Setting next_dagrun for example_xcom to 2021-01-01 00:00:00+00:00, run_after=2021-01-01 00:00:00+00:00
[2026-05-10T04:13:37.568+0000] {processor.py:183} INFO - Processing /home/airflow/.local/lib/python3.12/site-packages/airflow/example_dags/example_xcom.py took 0.068 seconds
[2026-05-10T04:14:07.840+0000] {processor.py:161} INFO - Started process (PID=3660) to work on /home/airflow/.local/lib/python3.12/site-packages/airflow/example_dags/example_xcom.py
[2026-05-10T04:14:07.841+0000] {processor.py:830} INFO - Processing file /home/airflow/.local/lib/python3.12/site-packages/airflow/example_dags/example_xcom.py for tasks to queue
[2026-05-10T04:14:07.845+0000] {logging_mixin.py:188} INFO - [2026-05-10T04:14:07.844+0000] {dagbag.py:545} INFO - Filling up the DagBag from /home/airflow/.local/lib/python3.12/site-packages/airflow/example_dags/example_xcom.py
[2026-05-10T04:14:07.851+0000] {processor.py:840} INFO - DAG(s) 'example_xcom' retrieved from /home/airflow/.local/lib/python3.12/site-packages/airflow/example_dags/example_xcom.py
[2026-05-10T04:14:07.870+0000] {logging_mixin.py:188} INFO - [2026-05-10T04:14:07.870+0000] {dag.py:3096} INFO - Sync 1 DAGs
[2026-05-10T04:14:07.888+0000] {logging_mixin.py:188} INFO - [2026-05-10T04:14:07.887+0000] {dag.py:3954} INFO - Setting next_dagrun for example_xcom to 2021-01-01 00:00:00+00:00, run_after=2021-01-01 00:00:00+00:00
[2026-05-10T04:14:07.913+0000] {processor.py:183} INFO - Processing /home/airflow/.local/lib/python3.12/site-packages/airflow/example_dags/example_xcom.py took 0.078 seconds
[2026-05-10T04:14:38.452+0000] {processor.py:161} INFO - Started process (PID=3720) to work on /home/airflow/.local/lib/python3.12/site-packages/airflow/example_dags/example_xcom.py
[2026-05-10T04:14:38.454+0000] {processor.py:830} INFO - Processing file /home/airflow/.local/lib/python3.12/site-packages/airflow/example_dags/example_xcom.py for tasks to queue
[2026-05-10T04:14:38.456+0000] {logging_mixin.py:188} INFO - [2026-05-10T04:14:38.455+0000] {dagbag.py:545} INFO - Filling up the DagBag from /home/airflow/.local/lib/python3.12/site-packages/airflow/example_dags/example_xcom.py
[2026-05-10T04:14:38.463+0000] {processor.py:840} INFO - DAG(s) 'example_xcom' retrieved from /home/airflow/.local/lib/python3.12/site-packages/airflow/example_dags/example_xcom.py
[2026-05-10T04:14:38.481+0000] {logging_mixin.py:188} INFO - [2026-05-10T04:14:38.481+0000] {dag.py:3096} INFO - Sync 1 DAGs
[2026-05-10T04:14:38.498+0000] {logging_mixin.py:188} INFO - [2026-05-10T04:14:38.498+0000] {dag.py:3954} INFO - Setting next_dagrun for example_xcom to 2021-01-01 00:00:00+00:00, run_after=2021-01-01 00:00:00+00:00
[2026-05-10T04:14:38.513+0000] {processor.py:183} INFO - Processing /home/airflow/.local/lib/python3.12/site-packages/airflow/example_dags/example_xcom.py took 0.067 seconds
[2026-05-10T04:15:08.826+0000] {processor.py:161} INFO - Started process (PID=3780) to work on /home/airflow/.local/lib/python3.12/site-packages/airflow/example_dags/example_xcom.py
[2026-05-10T04:15:08.829+0000] {processor.py:830} INFO - Processing file /home/airflow/.local/lib/python3.12/site-packages/airflow/example_dags/example_xcom.py for tasks to queue
[2026-05-10T04:15:08.831+0000] {logging_mixin.py:188} INFO - [2026-05-10T04:15:08.831+0000] {dagbag.py:545} INFO - Filling up the DagBag from /home/airflow/.local/lib/python3.12/site-packages/airflow/example_dags/example_xcom.py
[2026-05-10T04:15:08.837+0000] {processor.py:840} INFO - DAG(s) 'example_xcom' retrieved from /home/airflow/.local/lib/python3.12/site-packages/airflow/example_dags/example_xcom.py
[2026-05-10T04:15:08.857+0000] {logging_mixin.py:188} INFO - [2026-05-10T04:15:08.857+0000] {dag.py:3096} INFO - Sync 1 DAGs
[2026-05-10T04:15:08.875+0000] {logging_mixin.py:188} INFO - [2026-05-10T04:15:08.874+0000] {dag.py:3954} INFO - Setting next_dagrun for example_xcom to 2021-01-01 00:00:00+00:00, run_after=2021-01-01 00:00:00+00:00
[2026-05-10T04:15:08.893+0000] {processor.py:183} INFO - Processing /home/airflow/.local/lib/python3.12/site-packages/airflow/example_dags/example_xcom.py took 0.072 seconds
[2026-05-10T04:15:39.393+0000] {processor.py:161} INFO - Started process (PID=3840) to work on /home/airflow/.local/lib/python3.12/site-packages/airflow/example_dags/example_xcom.py
[2026-05-10T04:15:39.395+0000] {processor.py:830} INFO - Processing file /home/airflow/.local/lib/python3.12/site-packages/airflow/example_dags/example_xcom.py for tasks to queue
[2026-05-10T04:15:39.397+0000] {logging_mixin.py:188} INFO - [2026-05-10T04:15:39.397+0000] {dagbag.py:545} INFO - Filling up the DagBag from /home/airflow/.local/lib/python3.12/site-packages/airflow/example_dags/example_xcom.py
[2026-05-10T04:15:39.404+0000] {processor.py:840} INFO - DAG(s) 'example_xcom' retrieved from /home/airflow/.local/lib/python3.12/site-packages/airflow/example_dags/example_xcom.py
[2026-05-10T04:15:39.423+0000] {logging_mixin.py:188} INFO - [2026-05-10T04:15:39.423+0000] {dag.py:3096} INFO - Sync 1 DAGs
[2026-05-10T04:15:39.440+0000] {logging_mixin.py:188} INFO - [2026-05-10T04:15:39.440+0000] {dag.py:3954} INFO - Setting next_dagrun for example_xcom to 2021-01-01 00:00:00+00:00, run_after=2021-01-01 00:00:00+00:00
[2026-05-10T04:15:39.460+0000] {processor.py:183} INFO - Processing /home/airflow/.local/lib/python3.12/site-packages/airflow/example_dags/example_xcom.py took 0.073 seconds
[2026-05-10T04:16:10.158+0000] {processor.py:161} INFO - Started process (PID=3899) to work on /home/airflow/.local/lib/python3.12/site-packages/airflow/example_dags/example_xcom.py
[2026-05-10T04:16:10.161+0000] {processor.py:830} INFO - Processing file /home/airflow/.local/lib/python3.12/site-packages/airflow/example_dags/example_xcom.py for tasks to queue
[2026-05-10T04:16:10.164+0000] {logging_mixin.py:188} INFO - [2026-05-10T04:16:10.164+0000] {dagbag.py:545} INFO - Filling up the DagBag from /home/airflow/.local/lib/python3.12/site-packages/airflow/example_dags/example_xcom.py
[2026-05-10T04:16:10.173+0000] {processor.py:840} INFO - DAG(s) 'example_xcom' retrieved from /home/airflow/.local/lib/python3.12/site-packages/airflow/example_dags/example_xcom.py
[2026-05-10T04:16:10.195+0000] {logging_mixin.py:188} INFO - [2026-05-10T04:16:10.194+0000] {dag.py:3096} INFO - Sync 1 DAGs
[2026-05-10T04:16:10.218+0000] {logging_mixin.py:188} INFO - [2026-05-10T04:16:10.217+0000] {dag.py:3954} INFO - Setting next_dagrun for example_xcom to 2021-01-01 00:00:00+00:00, run_after=2021-01-01 00:00:00+00:00
[2026-05-10T04:16:10.236+0000] {processor.py:183} INFO - Processing /home/airflow/.local/lib/python3.12/site-packages/airflow/example_dags/example_xcom.py took 0.083 seconds
[2026-05-10T04:16:40.489+0000] {processor.py:161} INFO - Started process (PID=3958) to work on /home/airflow/.local/lib/python3.12/site-packages/airflow/example_dags/example_xcom.py
[2026-05-10T04:16:40.491+0000] {processor.py:830} INFO - Processing file /home/airflow/.local/lib/python3.12/site-packages/airflow/example_dags/example_xcom.py for tasks to queue
[2026-05-10T04:16:40.493+0000] {logging_mixin.py:188} INFO - [2026-05-10T04:16:40.493+0000] {dagbag.py:545} INFO - Filling up the DagBag from /home/airflow/.local/lib/python3.12/site-packages/airflow/example_dags/example_xcom.py
[2026-05-10T04:16:40.499+0000] {processor.py:840} INFO - DAG(s) 'example_xcom' retrieved from /home/airflow/.local/lib/python3.12/site-packages/airflow/example_dags/example_xcom.py
[2026-05-10T04:16:40.516+0000] {logging_mixin.py:188} INFO - [2026-05-10T04:16:40.516+0000] {dag.py:3096} INFO - Sync 1 DAGs
[2026-05-10T04:16:40.533+0000] {logging_mixin.py:188} INFO - [2026-05-10T04:16:40.533+0000] {dag.py:3954} INFO - Setting next_dagrun for example_xcom to 2021-01-01 00:00:00+00:00, run_after=2021-01-01 00:00:00+00:00
[2026-05-10T04:16:40.547+0000] {processor.py:183} INFO - Processing /home/airflow/.local/lib/python3.12/site-packages/airflow/example_dags/example_xcom.py took 0.063 seconds
[2026-05-10T04:17:10.808+0000] {processor.py:161} INFO - Started process (PID=4018) to work on /home/airflow/.local/lib/python3.12/site-packages/airflow/example_dags/example_xcom.py
[2026-05-10T04:17:10.809+0000] {processor.py:830} INFO - Processing file /home/airflow/.local/lib/python3.12/site-packages/airflow/example_dags/example_xcom.py for tasks to queue
[2026-05-10T04:17:10.811+0000] {logging_mixin.py:188} INFO - [2026-05-10T04:17:10.811+0000] {dagbag.py:545} INFO - Filling up the DagBag from /home/airflow/.local/lib/python3.12/site-packages/airflow/example_dags/example_xcom.py
[2026-05-10T04:17:10.817+0000] {processor.py:840} INFO - DAG(s) 'example_xcom' retrieved from /home/airflow/.local/lib/python3.12/site-packages/airflow/example_dags/example_xcom.py
[2026-05-10T04:17:10.835+0000] {logging_mixin.py:188} INFO - [2026-05-10T04:17:10.834+0000] {dag.py:3096} INFO - Sync 1 DAGs
[2026-05-10T04:17:10.850+0000] {logging_mixin.py:188} INFO - [2026-05-10T04:17:10.850+0000] {dag.py:3954} INFO - Setting next_dagrun for example_xcom to 2021-01-01 00:00:00+00:00, run_after=2021-01-01 00:00:00+00:00
[2026-05-10T04:17:10.866+0000] {processor.py:183} INFO - Processing /home/airflow/.local/lib/python3.12/site-packages/airflow/example_dags/example_xcom.py took 0.063 seconds
[2026-05-10T04:17:41.516+0000] {processor.py:161} INFO - Started process (PID=4078) to work on /home/airflow/.local/lib/python3.12/site-packages/airflow/example_dags/example_xcom.py
[2026-05-10T04:17:41.520+0000] {processor.py:830} INFO - Processing file /home/airflow/.local/lib/python3.12/site-packages/airflow/example_dags/example_xcom.py for tasks to queue
[2026-05-10T04:17:41.523+0000] {logging_mixin.py:188} INFO - [2026-05-10T04:17:41.523+0000] {dagbag.py:545} INFO - Filling up the DagBag from /home/airflow/.local/lib/python3.12/site-packages/airflow/example_dags/example_xcom.py
[2026-05-10T04:17:41.531+0000] {processor.py:840} INFO - DAG(s) 'example_xcom' retrieved from /home/airflow/.local/lib/python3.12/site-packages/airflow/example_dags/example_xcom.py
[2026-05-10T04:17:41.549+0000] {logging_mixin.py:188} INFO - [2026-05-10T04:17:41.549+0000] {dag.py:3096} INFO - Sync 1 DAGs
[2026-05-10T04:17:41.567+0000] {logging_mixin.py:188} INFO - [2026-05-10T04:17:41.566+0000] {dag.py:3954} INFO - Setting next_dagrun for example_xcom to 2021-01-01 00:00:00+00:00, run_after=2021-01-01 00:00:00+00:00
[2026-05-10T04:17:41.586+0000] {processor.py:183} INFO - Processing /home/airflow/.local/lib/python3.12/site-packages/airflow/example_dags/example_xcom.py took 0.075 seconds
[2026-05-10T04:18:11.969+0000] {processor.py:161} INFO - Started process (PID=4138) to work on /home/airflow/.local/lib/python3.12/site-packages/airflow/example_dags/example_xcom.py
[2026-05-10T04:18:11.971+0000] {processor.py:830} INFO - Processing file /home/airflow/.local/lib/python3.12/site-packages/airflow/example_dags/example_xcom.py for tasks to queue
[2026-05-10T04:18:11.974+0000] {logging_mixin.py:188} INFO - [2026-05-10T04:18:11.974+0000] {dagbag.py:545} INFO - Filling up the DagBag from /home/airflow/.local/lib/python3.12/site-packages/airflow/example_dags/example_xcom.py
[2026-05-10T04:18:11.981+0000] {processor.py:840} INFO - DAG(s) 'example_xcom' retrieved from /home/airflow/.local/lib/python3.12/site-packages/airflow/example_dags/example_xcom.py
[2026-05-10T04:18:12.006+0000] {logging_mixin.py:188} INFO - [2026-05-10T04:18:12.006+0000] {dag.py:3096} INFO - Sync 1 DAGs
[2026-05-10T04:18:12.024+0000] {logging_mixin.py:188} INFO - [2026-05-10T04:18:12.024+0000] {dag.py:3954} INFO - Setting next_dagrun for example_xcom to 2021-01-01 00:00:00+00:00, run_after=2021-01-01 00:00:00+00:00
[2026-05-10T04:18:12.040+0000] {processor.py:183} INFO - Processing /home/airflow/.local/lib/python3.12/site-packages/airflow/example_dags/example_xcom.py took 0.076 seconds
[2026-05-10T04:18:42.345+0000] {processor.py:161} INFO - Started process (PID=4198) to work on /home/airflow/.local/lib/python3.12/site-packages/airflow/example_dags/example_xcom.py
[2026-05-10T04:18:42.346+0000] {processor.py:830} INFO - Processing file /home/airflow/.local/lib/python3.12/site-packages/airflow/example_dags/example_xcom.py for tasks to queue
[2026-05-10T04:18:42.348+0000] {logging_mixin.py:188} INFO - [2026-05-10T04:18:42.348+0000] {dagbag.py:545} INFO - Filling up the DagBag from /home/airflow/.local/lib/python3.12/site-packages/airflow/example_dags/example_xcom.py
[2026-05-10T04:18:42.355+0000] {processor.py:840} INFO - DAG(s) 'example_xcom' retrieved from /home/airflow/.local/lib/python3.12/site-packages/airflow/example_dags/example_xcom.py
[2026-05-10T04:18:42.373+0000] {logging_mixin.py:188} INFO - [2026-05-10T04:18:42.373+0000] {dag.py:3096} INFO - Sync 1 DAGs
[2026-05-10T04:18:42.389+0000] {logging_mixin.py:188} INFO - [2026-05-10T04:18:42.389+0000] {dag.py:3954} INFO - Setting next_dagrun for example_xcom to 2021-01-01 00:00:00+00:00, run_after=2021-01-01 00:00:00+00:00
[2026-05-10T04:18:42.406+0000] {processor.py:183} INFO - Processing /home/airflow/.local/lib/python3.12/site-packages/airflow/example_dags/example_xcom.py took 0.065 seconds
[2026-05-10T04:19:12.607+0000] {processor.py:161} INFO - Started process (PID=4258) to work on /home/airflow/.local/lib/python3.12/site-packages/airflow/example_dags/example_xcom.py
[2026-05-10T04:19:12.610+0000] {processor.py:830} INFO - Processing file /home/airflow/.local/lib/python3.12/site-packages/airflow/example_dags/example_xcom.py for tasks to queue
[2026-05-10T04:19:12.613+0000] {logging_mixin.py:188} INFO - [2026-05-10T04:19:12.613+0000] {dagbag.py:545} INFO - Filling up the DagBag from /home/airflow/.local/lib/python3.12/site-packages/airflow/example_dags/example_xcom.py
[2026-05-10T04:19:12.622+0000] {processor.py:840} INFO - DAG(s) 'example_xcom' retrieved from /home/airflow/.local/lib/python3.12/site-packages/airflow/example_dags/example_xcom.py
[2026-05-10T04:19:12.644+0000] {logging_mixin.py:188} INFO - [2026-05-10T04:19:12.644+0000] {dag.py:3096} INFO - Sync 1 DAGs
[2026-05-10T04:19:12.662+0000] {logging_mixin.py:188} INFO - [2026-05-10T04:19:12.662+0000] {dag.py:3954} INFO - Setting next_dagrun for example_xcom to 2021-01-01 00:00:00+00:00, run_after=2021-01-01 00:00:00+00:00
[2026-05-10T04:19:12.681+0000] {processor.py:183} INFO - Processing /home/airflow/.local/lib/python3.12/site-packages/airflow/example_dags/example_xcom.py took 0.080 seconds
[2026-05-10T04:19:42.758+0000] {processor.py:161} INFO - Started process (PID=4318) to work on /home/airflow/.local/lib/python3.12/site-packages/airflow/example_dags/example_xcom.py
[2026-05-10T04:19:42.759+0000] {processor.py:830} INFO - Processing file /home/airflow/.local/lib/python3.12/site-packages/airflow/example_dags/example_xcom.py for tasks to queue
[2026-05-10T04:19:42.762+0000] {logging_mixin.py:188} INFO - [2026-05-10T04:19:42.761+0000] {dagbag.py:545} INFO - Filling up the DagBag from /home/airflow/.local/lib/python3.12/site-packages/airflow/example_dags/example_xcom.py
[2026-05-10T04:19:42.768+0000] {processor.py:840} INFO - DAG(s) 'example_xcom' retrieved from /home/airflow/.local/lib/python3.12/site-packages/airflow/example_dags/example_xcom.py
[2026-05-10T04:19:42.785+0000] {logging_mixin.py:188} INFO - [2026-05-10T04:19:42.785+0000] {dag.py:3096} INFO - Sync 1 DAGs
[2026-05-10T04:19:42.801+0000] {logging_mixin.py:188} INFO - [2026-05-10T04:19:42.801+0000] {dag.py:3954} INFO - Setting next_dagrun for example_xcom to 2021-01-01 00:00:00+00:00, run_after=2021-01-01 00:00:00+00:00
[2026-05-10T04:19:42.818+0000] {processor.py:183} INFO - Processing /home/airflow/.local/lib/python3.12/site-packages/airflow/example_dags/example_xcom.py took 0.065 seconds
[2026-05-10T04:20:13.066+0000] {processor.py:161} INFO - Started process (PID=4378) to work on /home/airflow/.local/lib/python3.12/site-packages/airflow/example_dags/example_xcom.py
[2026-05-10T04:20:13.068+0000] {processor.py:830} INFO - Processing file /home/airflow/.local/lib/python3.12/site-packages/airflow/example_dags/example_xcom.py for tasks to queue
[2026-05-10T04:20:13.070+0000] {logging_mixin.py:188} INFO - [2026-05-10T04:20:13.069+0000] {dagbag.py:545} INFO - Filling up the DagBag from /home/airflow/.local/lib/python3.12/site-packages/airflow/example_dags/example_xcom.py
[2026-05-10T04:20:13.076+0000] {processor.py:840} INFO - DAG(s) 'example_xcom' retrieved from /home/airflow/.local/lib/python3.12/site-packages/airflow/example_dags/example_xcom.py
[2026-05-10T04:20:13.094+0000] {logging_mixin.py:188} INFO - [2026-05-10T04:20:13.094+0000] {dag.py:3096} INFO - Sync 1 DAGs
[2026-05-10T04:20:13.110+0000] {logging_mixin.py:188} INFO - [2026-05-10T04:20:13.110+0000] {dag.py:3954} INFO - Setting next_dagrun for example_xcom to 2021-01-01 00:00:00+00:00, run_after=2021-01-01 00:00:00+00:00
[2026-05-10T04:20:13.128+0000] {processor.py:183} INFO - Processing /home/airflow/.local/lib/python3.12/site-packages/airflow/example_dags/example_xcom.py took 0.066 seconds
[2026-05-10T04:20:43.407+0000] {processor.py:161} INFO - Started process (PID=4438) to work on /home/airflow/.local/lib/python3.12/site-packages/airflow/example_dags/example_xcom.py
[2026-05-10T04:20:43.409+0000] {processor.py:830} INFO - Processing file /home/airflow/.local/lib/python3.12/site-packages/airflow/example_dags/example_xcom.py for tasks to queue
[2026-05-10T04:20:43.411+0000] {logging_mixin.py:188} INFO - [2026-05-10T04:20:43.411+0000] {dagbag.py:545} INFO - Filling up the DagBag from /home/airflow/.local/lib/python3.12/site-packages/airflow/example_dags/example_xcom.py
[2026-05-10T04:20:43.418+0000] {processor.py:840} INFO - DAG(s) 'example_xcom' retrieved from /home/airflow/.local/lib/python3.12/site-packages/airflow/example_dags/example_xcom.py
[2026-05-10T04:20:43.438+0000] {logging_mixin.py:188} INFO - [2026-05-10T04:20:43.438+0000] {dag.py:3096} INFO - Sync 1 DAGs
[2026-05-10T04:20:43.455+0000] {logging_mixin.py:188} INFO - [2026-05-10T04:20:43.455+0000] {dag.py:3954} INFO - Setting next_dagrun for example_xcom to 2021-01-01 00:00:00+00:00, run_after=2021-01-01 00:00:00+00:00
[2026-05-10T04:20:43.475+0000] {processor.py:183} INFO - Processing /home/airflow/.local/lib/python3.12/site-packages/airflow/example_dags/example_xcom.py took 0.072 seconds
[2026-05-10T04:21:13.644+0000] {processor.py:161} INFO - Started process (PID=4498) to work on /home/airflow/.local/lib/python3.12/site-packages/airflow/example_dags/example_xcom.py
[2026-05-10T04:21:13.646+0000] {processor.py:830} INFO - Processing file /home/airflow/.local/lib/python3.12/site-packages/airflow/example_dags/example_xcom.py for tasks to queue
[2026-05-10T04:21:13.648+0000] {logging_mixin.py:188} INFO - [2026-05-10T04:21:13.648+0000] {dagbag.py:545} INFO - Filling up the DagBag from /home/airflow/.local/lib/python3.12/site-packages/airflow/example_dags/example_xcom.py
[2026-05-10T04:21:13.655+0000] {processor.py:840} INFO - DAG(s) 'example_xcom' retrieved from /home/airflow/.local/lib/python3.12/site-packages/airflow/example_dags/example_xcom.py
[2026-05-10T04:21:13.671+0000] {logging_mixin.py:188} INFO - [2026-05-10T04:21:13.671+0000] {dag.py:3096} INFO - Sync 1 DAGs
[2026-05-10T04:21:13.687+0000] {logging_mixin.py:188} INFO - [2026-05-10T04:21:13.687+0000] {dag.py:3954} INFO - Setting next_dagrun for example_xcom to 2021-01-01 00:00:00+00:00, run_after=2021-01-01 00:00:00+00:00
[2026-05-10T04:21:13.703+0000] {processor.py:183} INFO - Processing /home/airflow/.local/lib/python3.12/site-packages/airflow/example_dags/example_xcom.py took 0.063 seconds
[2026-05-10T04:21:43.908+0000] {processor.py:161} INFO - Started process (PID=4558) to work on /home/airflow/.local/lib/python3.12/site-packages/airflow/example_dags/example_xcom.py
[2026-05-10T04:21:43.910+0000] {processor.py:830} INFO - Processing file /home/airflow/.local/lib/python3.12/site-packages/airflow/example_dags/example_xcom.py for tasks to queue
[2026-05-10T04:21:43.914+0000] {logging_mixin.py:188} INFO - [2026-05-10T04:21:43.914+0000] {dagbag.py:545} INFO - Filling up the DagBag from /home/airflow/.local/lib/python3.12/site-packages/airflow/example_dags/example_xcom.py
[2026-05-10T04:21:43.924+0000] {processor.py:840} INFO - DAG(s) 'example_xcom' retrieved from /home/airflow/.local/lib/python3.12/site-packages/airflow/example_dags/example_xcom.py
[2026-05-10T04:21:43.941+0000] {logging_mixin.py:188} INFO - [2026-05-10T04:21:43.941+0000] {dag.py:3096} INFO - Sync 1 DAGs
[2026-05-10T04:21:43.957+0000] {logging_mixin.py:188} INFO - [2026-05-10T04:21:43.957+0000] {dag.py:3954} INFO - Setting next_dagrun for example_xcom to 2021-01-01 00:00:00+00:00, run_after=2021-01-01 00:00:00+00:00
[2026-05-10T04:21:43.976+0000] {processor.py:183} INFO - Processing /home/airflow/.local/lib/python3.12/site-packages/airflow/example_dags/example_xcom.py took 0.079 seconds
[2026-05-10T04:22:14.108+0000] {processor.py:161} INFO - Started process (PID=4618) to work on /home/airflow/.local/lib/python3.12/site-packages/airflow/example_dags/example_xcom.py
[2026-05-10T04:22:14.112+0000] {processor.py:830} INFO - Processing file /home/airflow/.local/lib/python3.12/site-packages/airflow/example_dags/example_xcom.py for tasks to queue
[2026-05-10T04:22:14.116+0000] {logging_mixin.py:188} INFO - [2026-05-10T04:22:14.116+0000] {dagbag.py:545} INFO - Filling up the DagBag from /home/airflow/.local/lib/python3.12/site-packages/airflow/example_dags/example_xcom.py
[2026-05-10T04:22:14.123+0000] {processor.py:840} INFO - DAG(s) 'example_xcom' retrieved from /home/airflow/.local/lib/python3.12/site-packages/airflow/example_dags/example_xcom.py
[2026-05-10T04:22:14.143+0000] {logging_mixin.py:188} INFO - [2026-05-10T04:22:14.142+0000] {dag.py:3096} INFO - Sync 1 DAGs
[2026-05-10T04:22:14.161+0000] {logging_mixin.py:188} INFO - [2026-05-10T04:22:14.161+0000] {dag.py:3954} INFO - Setting next_dagrun for example_xcom to 2021-01-01 00:00:00+00:00, run_after=2021-01-01 00:00:00+00:00
[2026-05-10T04:22:14.178+0000] {processor.py:183} INFO - Processing /home/airflow/.local/lib/python3.12/site-packages/airflow/example_dags/example_xcom.py took 0.075 seconds
[2026-05-10T04:22:44.833+0000] {processor.py:161} INFO - Started process (PID=4678) to work on /home/airflow/.local/lib/python3.12/site-packages/airflow/example_dags/example_xcom.py
[2026-05-10T04:22:44.835+0000] {processor.py:830} INFO - Processing file /home/airflow/.local/lib/python3.12/site-packages/airflow/example_dags/example_xcom.py for tasks to queue
[2026-05-10T04:22:44.837+0000] {logging_mixin.py:188} INFO - [2026-05-10T04:22:44.837+0000] {dagbag.py:545} INFO - Filling up the DagBag from /home/airflow/.local/lib/python3.12/site-packages/airflow/example_dags/example_xcom.py
[2026-05-10T04:22:44.843+0000] {processor.py:840} INFO - DAG(s) 'example_xcom' retrieved from /home/airflow/.local/lib/python3.12/site-packages/airflow/example_dags/example_xcom.py
[2026-05-10T04:22:44.861+0000] {logging_mixin.py:188} INFO - [2026-05-10T04:22:44.861+0000] {dag.py:3096} INFO - Sync 1 DAGs
[2026-05-10T04:22:44.878+0000] {logging_mixin.py:188} INFO - [2026-05-10T04:22:44.878+0000] {dag.py:3954} INFO - Setting next_dagrun for example_xcom to 2021-01-01 00:00:00+00:00, run_after=2021-01-01 00:00:00+00:00
[2026-05-10T04:22:44.895+0000] {processor.py:183} INFO - Processing /home/airflow/.local/lib/python3.12/site-packages/airflow/example_dags/example_xcom.py took 0.066 seconds
[2026-05-10T04:23:15.609+0000] {processor.py:161} INFO - Started process (PID=4738) to work on /home/airflow/.local/lib/python3.12/site-packages/airflow/example_dags/example_xcom.py
[2026-05-10T04:23:15.611+0000] {processor.py:830} INFO - Processing file /home/airflow/.local/lib/python3.12/site-packages/airflow/example_dags/example_xcom.py for tasks to queue
[2026-05-10T04:23:15.614+0000] {logging_mixin.py:188} INFO - [2026-05-10T04:23:15.614+0000] {dagbag.py:545} INFO - Filling up the DagBag from /home/airflow/.local/lib/python3.12/site-packages/airflow/example_dags/example_xcom.py
[2026-05-10T04:23:15.621+0000] {processor.py:840} INFO - DAG(s) 'example_xcom' retrieved from /home/airflow/.local/lib/python3.12/site-packages/airflow/example_dags/example_xcom.py
[2026-05-10T04:23:15.638+0000] {logging_mixin.py:188} INFO - [2026-05-10T04:23:15.638+0000] {dag.py:3096} INFO - Sync 1 DAGs
[2026-05-10T04:23:15.658+0000] {logging_mixin.py:188} INFO - [2026-05-10T04:23:15.658+0000] {dag.py:3954} INFO - Setting next_dagrun for example_xcom to 2021-01-01 00:00:00+00:00, run_after=2021-01-01 00:00:00+00:00
[2026-05-10T04:23:15.681+0000] {processor.py:183} INFO - Processing /home/airflow/.local/lib/python3.12/site-packages/airflow/example_dags/example_xcom.py took 0.077 seconds
[2026-05-10T04:23:46.721+0000] {processor.py:161} INFO - Started process (PID=4798) to work on /home/airflow/.local/lib/python3.12/site-packages/airflow/example_dags/example_xcom.py
[2026-05-10T04:23:46.723+0000] {processor.py:830} INFO - Processing file /home/airflow/.local/lib/python3.12/site-packages/airflow/example_dags/example_xcom.py for tasks to queue
[2026-05-10T04:23:46.725+0000] {logging_mixin.py:188} INFO - [2026-05-10T04:23:46.725+0000] {dagbag.py:545} INFO - Filling up the DagBag from /home/airflow/.local/lib/python3.12/site-packages/airflow/example_dags/example_xcom.py
[2026-05-10T04:23:46.732+0000] {processor.py:840} INFO - DAG(s) 'example_xcom' retrieved from /home/airflow/.local/lib/python3.12/site-packages/airflow/example_dags/example_xcom.py
[2026-05-10T04:23:46.748+0000] {logging_mixin.py:188} INFO - [2026-05-10T04:23:46.748+0000] {dag.py:3096} INFO - Sync 1 DAGs
[2026-05-10T04:23:46.766+0000] {logging_mixin.py:188} INFO - [2026-05-10T04:23:46.765+0000] {dag.py:3954} INFO - Setting next_dagrun for example_xcom to 2021-01-01 00:00:00+00:00, run_after=2021-01-01 00:00:00+00:00
[2026-05-10T04:23:46.783+0000] {processor.py:183} INFO - Processing /home/airflow/.local/lib/python3.12/site-packages/airflow/example_dags/example_xcom.py took 0.066 seconds
[2026-05-10T04:24:16.965+0000] {processor.py:161} INFO - Started process (PID=4858) to work on /home/airflow/.local/lib/python3.12/site-packages/airflow/example_dags/example_xcom.py
[2026-05-10T04:24:16.966+0000] {processor.py:830} INFO - Processing file /home/airflow/.local/lib/python3.12/site-packages/airflow/example_dags/example_xcom.py for tasks to queue
[2026-05-10T04:24:16.968+0000] {logging_mixin.py:188} INFO - [2026-05-10T04:24:16.968+0000] {dagbag.py:545} INFO - Filling up the DagBag from /home/airflow/.local/lib/python3.12/site-packages/airflow/example_dags/example_xcom.py
[2026-05-10T04:24:16.974+0000] {processor.py:840} INFO - DAG(s) 'example_xcom' retrieved from /home/airflow/.local/lib/python3.12/site-packages/airflow/example_dags/example_xcom.py
[2026-05-10T04:24:16.990+0000] {logging_mixin.py:188} INFO - [2026-05-10T04:24:16.990+0000] {dag.py:3096} INFO - Sync 1 DAGs
[2026-05-10T04:24:17.008+0000] {logging_mixin.py:188} INFO - [2026-05-10T04:24:17.008+0000] {dag.py:3954} INFO - Setting next_dagrun for example_xcom to 2021-01-01 00:00:00+00:00, run_after=2021-01-01 00:00:00+00:00
[2026-05-10T04:24:17.026+0000] {processor.py:183} INFO - Processing /home/airflow/.local/lib/python3.12/site-packages/airflow/example_dags/example_xcom.py took 0.065 seconds
[2026-05-10T04:24:47.696+0000] {processor.py:161} INFO - Started process (PID=4919) to work on /home/airflow/.local/lib/python3.12/site-packages/airflow/example_dags/example_xcom.py
[2026-05-10T04:24:47.699+0000] {processor.py:830} INFO - Processing file /home/airflow/.local/lib/python3.12/site-packages/airflow/example_dags/example_xcom.py for tasks to queue
[2026-05-10T04:24:47.704+0000] {logging_mixin.py:188} INFO - [2026-05-10T04:24:47.703+0000] {dagbag.py:545} INFO - Filling up the DagBag from /home/airflow/.local/lib/python3.12/site-packages/airflow/example_dags/example_xcom.py
[2026-05-10T04:24:47.711+0000] {processor.py:840} INFO - DAG(s) 'example_xcom' retrieved from /home/airflow/.local/lib/python3.12/site-packages/airflow/example_dags/example_xcom.py
[2026-05-10T04:24:47.732+0000] {logging_mixin.py:188} INFO - [2026-05-10T04:24:47.731+0000] {dag.py:3096} INFO - Sync 1 DAGs
[2026-05-10T04:24:47.750+0000] {logging_mixin.py:188} INFO - [2026-05-10T04:24:47.750+0000] {dag.py:3954} INFO - Setting next_dagrun for example_xcom to 2021-01-01 00:00:00+00:00, run_after=2021-01-01 00:00:00+00:00
[2026-05-10T04:24:47.770+0000] {processor.py:183} INFO - Processing /home/airflow/.local/lib/python3.12/site-packages/airflow/example_dags/example_xcom.py took 0.078 seconds
[2026-05-10T04:25:18.446+0000] {processor.py:161} INFO - Started process (PID=4979) to work on /home/airflow/.local/lib/python3.12/site-packages/airflow/example_dags/example_xcom.py
[2026-05-10T04:25:18.448+0000] {processor.py:830} INFO - Processing file /home/airflow/.local/lib/python3.12/site-packages/airflow/example_dags/example_xcom.py for tasks to queue
[2026-05-10T04:25:18.452+0000] {logging_mixin.py:188} INFO - [2026-05-10T04:25:18.451+0000] {dagbag.py:545} INFO - Filling up the DagBag from /home/airflow/.local/lib/python3.12/site-packages/airflow/example_dags/example_xcom.py
[2026-05-10T04:25:18.460+0000] {processor.py:840} INFO - DAG(s) 'example_xcom' retrieved from /home/airflow/.local/lib/python3.12/site-packages/airflow/example_dags/example_xcom.py
[2026-05-10T04:25:18.481+0000] {logging_mixin.py:188} INFO - [2026-05-10T04:25:18.480+0000] {dag.py:3096} INFO - Sync 1 DAGs
[2026-05-10T04:25:18.505+0000] {logging_mixin.py:188} INFO - [2026-05-10T04:25:18.504+0000] {dag.py:3954} INFO - Setting next_dagrun for example_xcom to 2021-01-01 00:00:00+00:00, run_after=2021-01-01 00:00:00+00:00
[2026-05-10T04:25:18.521+0000] {processor.py:183} INFO - Processing /home/airflow/.local/lib/python3.12/site-packages/airflow/example_dags/example_xcom.py took 0.080 seconds
[2026-05-10T04:25:49.067+0000] {processor.py:161} INFO - Started process (PID=5040) to work on /home/airflow/.local/lib/python3.12/site-packages/airflow/example_dags/example_xcom.py
[2026-05-10T04:25:49.070+0000] {processor.py:830} INFO - Processing file /home/airflow/.local/lib/python3.12/site-packages/airflow/example_dags/example_xcom.py for tasks to queue
[2026-05-10T04:25:49.073+0000] {logging_mixin.py:188} INFO - [2026-05-10T04:25:49.073+0000] {dagbag.py:545} INFO - Filling up the DagBag from /home/airflow/.local/lib/python3.12/site-packages/airflow/example_dags/example_xcom.py
[2026-05-10T04:25:49.080+0000] {processor.py:840} INFO - DAG(s) 'example_xcom' retrieved from /home/airflow/.local/lib/python3.12/site-packages/airflow/example_dags/example_xcom.py
[2026-05-10T04:25:49.098+0000] {logging_mixin.py:188} INFO - [2026-05-10T04:25:49.098+0000] {dag.py:3096} INFO - Sync 1 DAGs
[2026-05-10T04:25:49.114+0000] {logging_mixin.py:188} INFO - [2026-05-10T04:25:49.113+0000] {dag.py:3954} INFO - Setting next_dagrun for example_xcom to 2021-01-01 00:00:00+00:00, run_after=2021-01-01 00:00:00+00:00
[2026-05-10T04:25:49.131+0000] {processor.py:183} INFO - Processing /home/airflow/.local/lib/python3.12/site-packages/airflow/example_dags/example_xcom.py took 0.069 seconds
[2026-05-10T04:26:19.382+0000] {processor.py:161} INFO - Started process (PID=5100) to work on /home/airflow/.local/lib/python3.12/site-packages/airflow/example_dags/example_xcom.py
[2026-05-10T04:26:19.384+0000] {processor.py:830} INFO - Processing file /home/airflow/.local/lib/python3.12/site-packages/airflow/example_dags/example_xcom.py for tasks to queue
[2026-05-10T04:26:19.387+0000] {logging_mixin.py:188} INFO - [2026-05-10T04:26:19.387+0000] {dagbag.py:545} INFO - Filling up the DagBag from /home/airflow/.local/lib/python3.12/site-packages/airflow/example_dags/example_xcom.py
[2026-05-10T04:26:19.393+0000] {processor.py:840} INFO - DAG(s) 'example_xcom' retrieved from /home/airflow/.local/lib/python3.12/site-packages/airflow/example_dags/example_xcom.py
[2026-05-10T04:26:19.412+0000] {logging_mixin.py:188} INFO - [2026-05-10T04:26:19.412+0000] {dag.py:3096} INFO - Sync 1 DAGs
[2026-05-10T04:26:19.430+0000] {logging_mixin.py:188} INFO - [2026-05-10T04:26:19.430+0000] {dag.py:3954} INFO - Setting next_dagrun for example_xcom to 2021-01-01 00:00:00+00:00, run_after=2021-01-01 00:00:00+00:00
[2026-05-10T04:26:19.449+0000] {processor.py:183} INFO - Processing /home/airflow/.local/lib/python3.12/site-packages/airflow/example_dags/example_xcom.py took 0.072 seconds
[2026-05-10T04:26:49.653+0000] {processor.py:161} INFO - Started process (PID=5159) to work on /home/airflow/.local/lib/python3.12/site-packages/airflow/example_dags/example_xcom.py
[2026-05-10T04:26:49.656+0000] {processor.py:830} INFO - Processing file /home/airflow/.local/lib/python3.12/site-packages/airflow/example_dags/example_xcom.py for tasks to queue
[2026-05-10T04:26:49.658+0000] {logging_mixin.py:188} INFO - [2026-05-10T04:26:49.658+0000] {dagbag.py:545} INFO - Filling up the DagBag from /home/airflow/.local/lib/python3.12/site-packages/airflow/example_dags/example_xcom.py
[2026-05-10T04:26:49.667+0000] {processor.py:840} INFO - DAG(s) 'example_xcom' retrieved from /home/airflow/.local/lib/python3.12/site-packages/airflow/example_dags/example_xcom.py
[2026-05-10T04:26:49.683+0000] {logging_mixin.py:188} INFO - [2026-05-10T04:26:49.683+0000] {dag.py:3096} INFO - Sync 1 DAGs
[2026-05-10T04:26:49.700+0000] {logging_mixin.py:188} INFO - [2026-05-10T04:26:49.699+0000] {dag.py:3954} INFO - Setting next_dagrun for example_xcom to 2021-01-01 00:00:00+00:00, run_after=2021-01-01 00:00:00+00:00
[2026-05-10T04:26:49.717+0000] {processor.py:183} INFO - Processing /home/airflow/.local/lib/python3.12/site-packages/airflow/example_dags/example_xcom.py took 0.069 seconds
[2026-05-10T04:27:19.953+0000] {processor.py:161} INFO - Started process (PID=5219) to work on /home/airflow/.local/lib/python3.12/site-packages/airflow/example_dags/example_xcom.py
[2026-05-10T04:27:19.960+0000] {processor.py:830} INFO - Processing file /home/airflow/.local/lib/python3.12/site-packages/airflow/example_dags/example_xcom.py for tasks to queue
[2026-05-10T04:27:19.962+0000] {logging_mixin.py:188} INFO - [2026-05-10T04:27:19.962+0000] {dagbag.py:545} INFO - Filling up the DagBag from /home/airflow/.local/lib/python3.12/site-packages/airflow/example_dags/example_xcom.py
[2026-05-10T04:27:19.969+0000] {processor.py:840} INFO - DAG(s) 'example_xcom' retrieved from /home/airflow/.local/lib/python3.12/site-packages/airflow/example_dags/example_xcom.py
[2026-05-10T04:27:19.988+0000] {logging_mixin.py:188} INFO - [2026-05-10T04:27:19.988+0000] {dag.py:3096} INFO - Sync 1 DAGs
[2026-05-10T04:27:20.010+0000] {logging_mixin.py:188} INFO - [2026-05-10T04:27:20.010+0000] {dag.py:3954} INFO - Setting next_dagrun for example_xcom to 2021-01-01 00:00:00+00:00, run_after=2021-01-01 00:00:00+00:00
[2026-05-10T04:27:20.029+0000] {processor.py:183} INFO - Processing /home/airflow/.local/lib/python3.12/site-packages/airflow/example_dags/example_xcom.py took 0.081 seconds
[2026-05-10T04:27:50.635+0000] {processor.py:161} INFO - Started process (PID=5279) to work on /home/airflow/.local/lib/python3.12/site-packages/airflow/example_dags/example_xcom.py
[2026-05-10T04:27:50.639+0000] {processor.py:830} INFO - Processing file /home/airflow/.local/lib/python3.12/site-packages/airflow/example_dags/example_xcom.py for tasks to queue
[2026-05-10T04:27:50.641+0000] {logging_mixin.py:188} INFO - [2026-05-10T04:27:50.640+0000] {dagbag.py:545} INFO - Filling up the DagBag from /home/airflow/.local/lib/python3.12/site-packages/airflow/example_dags/example_xcom.py
[2026-05-10T04:27:50.647+0000] {processor.py:840} INFO - DAG(s) 'example_xcom' retrieved from /home/airflow/.local/lib/python3.12/site-packages/airflow/example_dags/example_xcom.py
[2026-05-10T04:27:50.665+0000] {logging_mixin.py:188} INFO - [2026-05-10T04:27:50.665+0000] {dag.py:3096} INFO - Sync 1 DAGs
[2026-05-10T04:27:50.688+0000] {logging_mixin.py:188} INFO - [2026-05-10T04:27:50.687+0000] {dag.py:3954} INFO - Setting next_dagrun for example_xcom to 2021-01-01 00:00:00+00:00, run_after=2021-01-01 00:00:00+00:00
[2026-05-10T04:27:50.714+0000] {processor.py:183} INFO - Processing /home/airflow/.local/lib/python3.12/site-packages/airflow/example_dags/example_xcom.py took 0.084 seconds
[2026-05-10T04:28:20.860+0000] {processor.py:161} INFO - Started process (PID=5339) to work on /home/airflow/.local/lib/python3.12/site-packages/airflow/example_dags/example_xcom.py
[2026-05-10T04:28:20.861+0000] {processor.py:830} INFO - Processing file /home/airflow/.local/lib/python3.12/site-packages/airflow/example_dags/example_xcom.py for tasks to queue
[2026-05-10T04:28:20.863+0000] {logging_mixin.py:188} INFO - [2026-05-10T04:28:20.863+0000] {dagbag.py:545} INFO - Filling up the DagBag from /home/airflow/.local/lib/python3.12/site-packages/airflow/example_dags/example_xcom.py
[2026-05-10T04:28:20.870+0000] {processor.py:840} INFO - DAG(s) 'example_xcom' retrieved from /home/airflow/.local/lib/python3.12/site-packages/airflow/example_dags/example_xcom.py
[2026-05-10T04:28:20.888+0000] {logging_mixin.py:188} INFO - [2026-05-10T04:28:20.888+0000] {dag.py:3096} INFO - Sync 1 DAGs
[2026-05-10T04:28:20.910+0000] {logging_mixin.py:188} INFO - [2026-05-10T04:28:20.910+0000] {dag.py:3954} INFO - Setting next_dagrun for example_xcom to 2021-01-01 00:00:00+00:00, run_after=2021-01-01 00:00:00+00:00
[2026-05-10T04:28:20.927+0000] {processor.py:183} INFO - Processing /home/airflow/.local/lib/python3.12/site-packages/airflow/example_dags/example_xcom.py took 0.072 seconds
[2026-05-10T04:28:51.641+0000] {processor.py:161} INFO - Started process (PID=5399) to work on /home/airflow/.local/lib/python3.12/site-packages/airflow/example_dags/example_xcom.py
[2026-05-10T04:28:51.642+0000] {processor.py:830} INFO - Processing file /home/airflow/.local/lib/python3.12/site-packages/airflow/example_dags/example_xcom.py for tasks to queue
[2026-05-10T04:28:51.644+0000] {logging_mixin.py:188} INFO - [2026-05-10T04:28:51.644+0000] {dagbag.py:545} INFO - Filling up the DagBag from /home/airflow/.local/lib/python3.12/site-packages/airflow/example_dags/example_xcom.py
[2026-05-10T04:28:51.653+0000] {processor.py:840} INFO - DAG(s) 'example_xcom' retrieved from /home/airflow/.local/lib/python3.12/site-packages/airflow/example_dags/example_xcom.py
[2026-05-10T04:28:51.671+0000] {logging_mixin.py:188} INFO - [2026-05-10T04:28:51.671+0000] {dag.py:3096} INFO - Sync 1 DAGs
[2026-05-10T04:28:51.690+0000] {logging_mixin.py:188} INFO - [2026-05-10T04:28:51.690+0000] {dag.py:3954} INFO - Setting next_dagrun for example_xcom to 2021-01-01 00:00:00+00:00, run_after=2021-01-01 00:00:00+00:00
[2026-05-10T04:28:51.711+0000] {processor.py:183} INFO - Processing /home/airflow/.local/lib/python3.12/site-packages/airflow/example_dags/example_xcom.py took 0.077 seconds
[2026-05-10T04:29:22.069+0000] {processor.py:161} INFO - Started process (PID=5465) to work on /home/airflow/.local/lib/python3.12/site-packages/airflow/example_dags/example_xcom.py
[2026-05-10T04:29:22.071+0000] {processor.py:830} INFO - Processing file /home/airflow/.local/lib/python3.12/site-packages/airflow/example_dags/example_xcom.py for tasks to queue
[2026-05-10T04:29:22.073+0000] {logging_mixin.py:188} INFO - [2026-05-10T04:29:22.073+0000] {dagbag.py:545} INFO - Filling up the DagBag from /home/airflow/.local/lib/python3.12/site-packages/airflow/example_dags/example_xcom.py
[2026-05-10T04:29:22.080+0000] {processor.py:840} INFO - DAG(s) 'example_xcom' retrieved from /home/airflow/.local/lib/python3.12/site-packages/airflow/example_dags/example_xcom.py
[2026-05-10T04:29:22.098+0000] {logging_mixin.py:188} INFO - [2026-05-10T04:29:22.098+0000] {dag.py:3096} INFO - Sync 1 DAGs
[2026-05-10T04:29:22.118+0000] {logging_mixin.py:188} INFO - [2026-05-10T04:29:22.118+0000] {dag.py:3954} INFO - Setting next_dagrun for example_xcom to 2021-01-01 00:00:00+00:00, run_after=2021-01-01 00:00:00+00:00
[2026-05-10T04:29:22.140+0000] {processor.py:183} INFO - Processing /home/airflow/.local/lib/python3.12/site-packages/airflow/example_dags/example_xcom.py took 0.075 seconds
[2026-05-10T04:29:52.861+0000] {processor.py:161} INFO - Started process (PID=5525) to work on /home/airflow/.local/lib/python3.12/site-packages/airflow/example_dags/example_xcom.py
[2026-05-10T04:29:52.863+0000] {processor.py:830} INFO - Processing file /home/airflow/.local/lib/python3.12/site-packages/airflow/example_dags/example_xcom.py for tasks to queue
[2026-05-10T04:29:52.865+0000] {logging_mixin.py:188} INFO - [2026-05-10T04:29:52.865+0000] {dagbag.py:545} INFO - Filling up the DagBag from /home/airflow/.local/lib/python3.12/site-packages/airflow/example_dags/example_xcom.py
[2026-05-10T04:29:52.871+0000] {processor.py:840} INFO - DAG(s) 'example_xcom' retrieved from /home/airflow/.local/lib/python3.12/site-packages/airflow/example_dags/example_xcom.py
[2026-05-10T04:29:52.889+0000] {logging_mixin.py:188} INFO - [2026-05-10T04:29:52.889+0000] {dag.py:3096} INFO - Sync 1 DAGs
[2026-05-10T04:29:52.906+0000] {logging_mixin.py:188} INFO - [2026-05-10T04:29:52.906+0000] {dag.py:3954} INFO - Setting next_dagrun for example_xcom to 2021-01-01 00:00:00+00:00, run_after=2021-01-01 00:00:00+00:00
[2026-05-10T04:29:52.926+0000] {processor.py:183} INFO - Processing /home/airflow/.local/lib/python3.12/site-packages/airflow/example_dags/example_xcom.py took 0.070 seconds
[2026-05-10T04:30:23.139+0000] {processor.py:161} INFO - Started process (PID=5585) to work on /home/airflow/.local/lib/python3.12/site-packages/airflow/example_dags/example_xcom.py
[2026-05-10T04:30:23.142+0000] {processor.py:830} INFO - Processing file /home/airflow/.local/lib/python3.12/site-packages/airflow/example_dags/example_xcom.py for tasks to queue
[2026-05-10T04:30:23.147+0000] {logging_mixin.py:188} INFO - [2026-05-10T04:30:23.146+0000] {dagbag.py:545} INFO - Filling up the DagBag from /home/airflow/.local/lib/python3.12/site-packages/airflow/example_dags/example_xcom.py
[2026-05-10T04:30:23.161+0000] {processor.py:840} INFO - DAG(s) 'example_xcom' retrieved from /home/airflow/.local/lib/python3.12/site-packages/airflow/example_dags/example_xcom.py
[2026-05-10T04:30:23.203+0000] {logging_mixin.py:188} INFO - [2026-05-10T04:30:23.202+0000] {dag.py:3096} INFO - Sync 1 DAGs
[2026-05-10T04:30:23.234+0000] {logging_mixin.py:188} INFO - [2026-05-10T04:30:23.234+0000] {dag.py:3954} INFO - Setting next_dagrun for example_xcom to 2021-01-01 00:00:00+00:00, run_after=2021-01-01 00:00:00+00:00
[2026-05-10T04:30:23.260+0000] {processor.py:183} INFO - Processing /home/airflow/.local/lib/python3.12/site-packages/airflow/example_dags/example_xcom.py took 0.138 seconds
[2026-05-10T04:30:53.799+0000] {processor.py:161} INFO - Started process (PID=5645) to work on /home/airflow/.local/lib/python3.12/site-packages/airflow/example_dags/example_xcom.py
[2026-05-10T04:30:53.801+0000] {processor.py:830} INFO - Processing file /home/airflow/.local/lib/python3.12/site-packages/airflow/example_dags/example_xcom.py for tasks to queue
[2026-05-10T04:30:53.805+0000] {logging_mixin.py:188} INFO - [2026-05-10T04:30:53.805+0000] {dagbag.py:545} INFO - Filling up the DagBag from /home/airflow/.local/lib/python3.12/site-packages/airflow/example_dags/example_xcom.py
[2026-05-10T04:30:53.819+0000] {processor.py:840} INFO - DAG(s) 'example_xcom' retrieved from /home/airflow/.local/lib/python3.12/site-packages/airflow/example_dags/example_xcom.py
[2026-05-10T04:30:53.856+0000] {logging_mixin.py:188} INFO - [2026-05-10T04:30:53.856+0000] {dag.py:3096} INFO - Sync 1 DAGs
[2026-05-10T04:30:53.891+0000] {logging_mixin.py:188} INFO - [2026-05-10T04:30:53.890+0000] {dag.py:3954} INFO - Setting next_dagrun for example_xcom to 2021-01-01 00:00:00+00:00, run_after=2021-01-01 00:00:00+00:00
[2026-05-10T04:30:53.926+0000] {processor.py:183} INFO - Processing /home/airflow/.local/lib/python3.12/site-packages/airflow/example_dags/example_xcom.py took 0.135 seconds
[2026-05-10T04:31:24.021+0000] {processor.py:161} INFO - Started process (PID=5706) to work on /home/airflow/.local/lib/python3.12/site-packages/airflow/example_dags/example_xcom.py
[2026-05-10T04:31:24.022+0000] {processor.py:830} INFO - Processing file /home/airflow/.local/lib/python3.12/site-packages/airflow/example_dags/example_xcom.py for tasks to queue
[2026-05-10T04:31:24.025+0000] {logging_mixin.py:188} INFO - [2026-05-10T04:31:24.025+0000] {dagbag.py:545} INFO - Filling up the DagBag from /home/airflow/.local/lib/python3.12/site-packages/airflow/example_dags/example_xcom.py
[2026-05-10T04:31:24.035+0000] {processor.py:840} INFO - DAG(s) 'example_xcom' retrieved from /home/airflow/.local/lib/python3.12/site-packages/airflow/example_dags/example_xcom.py
[2026-05-10T04:31:24.062+0000] {logging_mixin.py:188} INFO - [2026-05-10T04:31:24.062+0000] {dag.py:3096} INFO - Sync 1 DAGs
[2026-05-10T04:31:24.086+0000] {logging_mixin.py:188} INFO - [2026-05-10T04:31:24.086+0000] {dag.py:3954} INFO - Setting next_dagrun for example_xcom to 2021-01-01 00:00:00+00:00, run_after=2021-01-01 00:00:00+00:00
[2026-05-10T04:31:24.113+0000] {processor.py:183} INFO - Processing /home/airflow/.local/lib/python3.12/site-packages/airflow/example_dags/example_xcom.py took 0.100 seconds
[2026-05-10T04:31:54.859+0000] {processor.py:161} INFO - Started process (PID=5766) to work on /home/airflow/.local/lib/python3.12/site-packages/airflow/example_dags/example_xcom.py
[2026-05-10T04:31:54.861+0000] {processor.py:830} INFO - Processing file /home/airflow/.local/lib/python3.12/site-packages/airflow/example_dags/example_xcom.py for tasks to queue
[2026-05-10T04:31:54.863+0000] {logging_mixin.py:188} INFO - [2026-05-10T04:31:54.863+0000] {dagbag.py:545} INFO - Filling up the DagBag from /home/airflow/.local/lib/python3.12/site-packages/airflow/example_dags/example_xcom.py
[2026-05-10T04:31:54.870+0000] {processor.py:840} INFO - DAG(s) 'example_xcom' retrieved from /home/airflow/.local/lib/python3.12/site-packages/airflow/example_dags/example_xcom.py
[2026-05-10T04:31:54.890+0000] {logging_mixin.py:188} INFO - [2026-05-10T04:31:54.890+0000] {dag.py:3096} INFO - Sync 1 DAGs
[2026-05-10T04:31:54.907+0000] {logging_mixin.py:188} INFO - [2026-05-10T04:31:54.907+0000] {dag.py:3954} INFO - Setting next_dagrun for example_xcom to 2021-01-01 00:00:00+00:00, run_after=2021-01-01 00:00:00+00:00
[2026-05-10T04:31:54.924+0000] {processor.py:183} INFO - Processing /home/airflow/.local/lib/python3.12/site-packages/airflow/example_dags/example_xcom.py took 0.070 seconds
[2026-05-10T04:32:25.652+0000] {processor.py:161} INFO - Started process (PID=5826) to work on /home/airflow/.local/lib/python3.12/site-packages/airflow/example_dags/example_xcom.py
[2026-05-10T04:32:25.654+0000] {processor.py:830} INFO - Processing file /home/airflow/.local/lib/python3.12/site-packages/airflow/example_dags/example_xcom.py for tasks to queue
[2026-05-10T04:32:25.656+0000] {logging_mixin.py:188} INFO - [2026-05-10T04:32:25.656+0000] {dagbag.py:545} INFO - Filling up the DagBag from /home/airflow/.local/lib/python3.12/site-packages/airflow/example_dags/example_xcom.py
[2026-05-10T04:32:25.663+0000] {processor.py:840} INFO - DAG(s) 'example_xcom' retrieved from /home/airflow/.local/lib/python3.12/site-packages/airflow/example_dags/example_xcom.py
[2026-05-10T04:32:25.683+0000] {logging_mixin.py:188} INFO - [2026-05-10T04:32:25.683+0000] {dag.py:3096} INFO - Sync 1 DAGs
[2026-05-10T04:32:25.703+0000] {logging_mixin.py:188} INFO - [2026-05-10T04:32:25.703+0000] {dag.py:3954} INFO - Setting next_dagrun for example_xcom to 2021-01-01 00:00:00+00:00, run_after=2021-01-01 00:00:00+00:00
[2026-05-10T04:32:25.722+0000] {processor.py:183} INFO - Processing /home/airflow/.local/lib/python3.12/site-packages/airflow/example_dags/example_xcom.py took 0.076 seconds
[2026-05-10T04:32:56.515+0000] {processor.py:161} INFO - Started process (PID=5886) to work on /home/airflow/.local/lib/python3.12/site-packages/airflow/example_dags/example_xcom.py
[2026-05-10T04:32:56.517+0000] {processor.py:830} INFO - Processing file /home/airflow/.local/lib/python3.12/site-packages/airflow/example_dags/example_xcom.py for tasks to queue
[2026-05-10T04:32:56.519+0000] {logging_mixin.py:188} INFO - [2026-05-10T04:32:56.519+0000] {dagbag.py:545} INFO - Filling up the DagBag from /home/airflow/.local/lib/python3.12/site-packages/airflow/example_dags/example_xcom.py
[2026-05-10T04:32:56.525+0000] {processor.py:840} INFO - DAG(s) 'example_xcom' retrieved from /home/airflow/.local/lib/python3.12/site-packages/airflow/example_dags/example_xcom.py
[2026-05-10T04:32:56.546+0000] {logging_mixin.py:188} INFO - [2026-05-10T04:32:56.546+0000] {dag.py:3096} INFO - Sync 1 DAGs
[2026-05-10T04:32:56.564+0000] {logging_mixin.py:188} INFO - [2026-05-10T04:32:56.564+0000] {dag.py:3954} INFO - Setting next_dagrun for example_xcom to 2021-01-01 00:00:00+00:00, run_after=2021-01-01 00:00:00+00:00
[2026-05-10T04:32:56.579+0000] {processor.py:183} INFO - Processing /home/airflow/.local/lib/python3.12/site-packages/airflow/example_dags/example_xcom.py took 0.069 seconds
[2026-05-10T04:33:27.172+0000] {processor.py:161} INFO - Started process (PID=5946) to work on /home/airflow/.local/lib/python3.12/site-packages/airflow/example_dags/example_xcom.py
[2026-05-10T04:33:27.174+0000] {processor.py:830} INFO - Processing file /home/airflow/.local/lib/python3.12/site-packages/airflow/example_dags/example_xcom.py for tasks to queue
[2026-05-10T04:33:27.176+0000] {logging_mixin.py:188} INFO - [2026-05-10T04:33:27.175+0000] {dagbag.py:545} INFO - Filling up the DagBag from /home/airflow/.local/lib/python3.12/site-packages/airflow/example_dags/example_xcom.py
[2026-05-10T04:33:27.186+0000] {processor.py:840} INFO - DAG(s) 'example_xcom' retrieved from /home/airflow/.local/lib/python3.12/site-packages/airflow/example_dags/example_xcom.py
[2026-05-10T04:33:27.206+0000] {logging_mixin.py:188} INFO - [2026-05-10T04:33:27.205+0000] {dag.py:3096} INFO - Sync 1 DAGs
[2026-05-10T04:33:27.225+0000] {logging_mixin.py:188} INFO - [2026-05-10T04:33:27.225+0000] {dag.py:3954} INFO - Setting next_dagrun for example_xcom to 2021-01-01 00:00:00+00:00, run_after=2021-01-01 00:00:00+00:00
[2026-05-10T04:33:27.245+0000] {processor.py:183} INFO - Processing /home/airflow/.local/lib/python3.12/site-packages/airflow/example_dags/example_xcom.py took 0.080 seconds
[2026-05-10T04:33:58.012+0000] {processor.py:161} INFO - Started process (PID=6006) to work on /home/airflow/.local/lib/python3.12/site-packages/airflow/example_dags/example_xcom.py
[2026-05-10T04:33:58.013+0000] {processor.py:830} INFO - Processing file /home/airflow/.local/lib/python3.12/site-packages/airflow/example_dags/example_xcom.py for tasks to queue
[2026-05-10T04:33:58.017+0000] {logging_mixin.py:188} INFO - [2026-05-10T04:33:58.016+0000] {dagbag.py:545} INFO - Filling up the DagBag from /home/airflow/.local/lib/python3.12/site-packages/airflow/example_dags/example_xcom.py
[2026-05-10T04:33:58.024+0000] {processor.py:840} INFO - DAG(s) 'example_xcom' retrieved from /home/airflow/.local/lib/python3.12/site-packages/airflow/example_dags/example_xcom.py
[2026-05-10T04:33:58.042+0000] {logging_mixin.py:188} INFO - [2026-05-10T04:33:58.042+0000] {dag.py:3096} INFO - Sync 1 DAGs
[2026-05-10T04:33:58.059+0000] {logging_mixin.py:188} INFO - [2026-05-10T04:33:58.059+0000] {dag.py:3954} INFO - Setting next_dagrun for example_xcom to 2021-01-01 00:00:00+00:00, run_after=2021-01-01 00:00:00+00:00
[2026-05-10T04:33:58.074+0000] {processor.py:183} INFO - Processing /home/airflow/.local/lib/python3.12/site-packages/airflow/example_dags/example_xcom.py took 0.067 seconds
[2026-05-10T04:34:28.411+0000] {processor.py:161} INFO - Started process (PID=6066) to work on /home/airflow/.local/lib/python3.12/site-packages/airflow/example_dags/example_xcom.py
[2026-05-10T04:34:28.415+0000] {processor.py:830} INFO - Processing file /home/airflow/.local/lib/python3.12/site-packages/airflow/example_dags/example_xcom.py for tasks to queue
[2026-05-10T04:34:28.421+0000] {logging_mixin.py:188} INFO - [2026-05-10T04:34:28.421+0000] {dagbag.py:545} INFO - Filling up the DagBag from /home/airflow/.local/lib/python3.12/site-packages/airflow/example_dags/example_xcom.py
[2026-05-10T04:34:28.443+0000] {processor.py:840} INFO - DAG(s) 'example_xcom' retrieved from /home/airflow/.local/lib/python3.12/site-packages/airflow/example_dags/example_xcom.py
[2026-05-10T04:34:28.487+0000] {logging_mixin.py:188} INFO - [2026-05-10T04:34:28.487+0000] {dag.py:3096} INFO - Sync 1 DAGs
[2026-05-10T04:34:28.525+0000] {logging_mixin.py:188} INFO - [2026-05-10T04:34:28.524+0000] {dag.py:3954} INFO - Setting next_dagrun for example_xcom to 2021-01-01 00:00:00+00:00, run_after=2021-01-01 00:00:00+00:00
[2026-05-10T04:34:28.548+0000] {processor.py:183} INFO - Processing /home/airflow/.local/lib/python3.12/site-packages/airflow/example_dags/example_xcom.py took 0.148 seconds
[2026-05-10T04:34:59.165+0000] {processor.py:161} INFO - Started process (PID=6126) to work on /home/airflow/.local/lib/python3.12/site-packages/airflow/example_dags/example_xcom.py
[2026-05-10T04:34:59.167+0000] {processor.py:830} INFO - Processing file /home/airflow/.local/lib/python3.12/site-packages/airflow/example_dags/example_xcom.py for tasks to queue
[2026-05-10T04:34:59.170+0000] {logging_mixin.py:188} INFO - [2026-05-10T04:34:59.169+0000] {dagbag.py:545} INFO - Filling up the DagBag from /home/airflow/.local/lib/python3.12/site-packages/airflow/example_dags/example_xcom.py
[2026-05-10T04:34:59.177+0000] {processor.py:840} INFO - DAG(s) 'example_xcom' retrieved from /home/airflow/.local/lib/python3.12/site-packages/airflow/example_dags/example_xcom.py
[2026-05-10T04:34:59.199+0000] {logging_mixin.py:188} INFO - [2026-05-10T04:34:59.198+0000] {dag.py:3096} INFO - Sync 1 DAGs
[2026-05-10T04:34:59.220+0000] {logging_mixin.py:188} INFO - [2026-05-10T04:34:59.220+0000] {dag.py:3954} INFO - Setting next_dagrun for example_xcom to 2021-01-01 00:00:00+00:00, run_after=2021-01-01 00:00:00+00:00
[2026-05-10T04:34:59.240+0000] {processor.py:183} INFO - Processing /home/airflow/.local/lib/python3.12/site-packages/airflow/example_dags/example_xcom.py took 0.081 seconds
[2026-05-10T04:35:29.365+0000] {processor.py:161} INFO - Started process (PID=6186) to work on /home/airflow/.local/lib/python3.12/site-packages/airflow/example_dags/example_xcom.py
[2026-05-10T04:35:29.366+0000] {processor.py:830} INFO - Processing file /home/airflow/.local/lib/python3.12/site-packages/airflow/example_dags/example_xcom.py for tasks to queue
[2026-05-10T04:35:29.369+0000] {logging_mixin.py:188} INFO - [2026-05-10T04:35:29.369+0000] {dagbag.py:545} INFO - Filling up the DagBag from /home/airflow/.local/lib/python3.12/site-packages/airflow/example_dags/example_xcom.py
[2026-05-10T04:35:29.378+0000] {processor.py:840} INFO - DAG(s) 'example_xcom' retrieved from /home/airflow/.local/lib/python3.12/site-packages/airflow/example_dags/example_xcom.py
[2026-05-10T04:35:29.400+0000] {logging_mixin.py:188} INFO - [2026-05-10T04:35:29.400+0000] {dag.py:3096} INFO - Sync 1 DAGs
[2026-05-10T04:35:29.418+0000] {logging_mixin.py:188} INFO - [2026-05-10T04:35:29.418+0000] {dag.py:3954} INFO - Setting next_dagrun for example_xcom to 2021-01-01 00:00:00+00:00, run_after=2021-01-01 00:00:00+00:00
[2026-05-10T04:35:29.438+0000] {processor.py:183} INFO - Processing /home/airflow/.local/lib/python3.12/site-packages/airflow/example_dags/example_xcom.py took 0.079 seconds
[2026-05-10T04:36:00.056+0000] {processor.py:161} INFO - Started process (PID=6246) to work on /home/airflow/.local/lib/python3.12/site-packages/airflow/example_dags/example_xcom.py
[2026-05-10T04:36:00.058+0000] {processor.py:830} INFO - Processing file /home/airflow/.local/lib/python3.12/site-packages/airflow/example_dags/example_xcom.py for tasks to queue
[2026-05-10T04:36:00.060+0000] {logging_mixin.py:188} INFO - [2026-05-10T04:36:00.060+0000] {dagbag.py:545} INFO - Filling up the DagBag from /home/airflow/.local/lib/python3.12/site-packages/airflow/example_dags/example_xcom.py
[2026-05-10T04:36:00.068+0000] {processor.py:840} INFO - DAG(s) 'example_xcom' retrieved from /home/airflow/.local/lib/python3.12/site-packages/airflow/example_dags/example_xcom.py
[2026-05-10T04:36:00.095+0000] {logging_mixin.py:188} INFO - [2026-05-10T04:36:00.095+0000] {dag.py:3096} INFO - Sync 1 DAGs
[2026-05-10T04:36:00.122+0000] {logging_mixin.py:188} INFO - [2026-05-10T04:36:00.122+0000] {dag.py:3954} INFO - Setting next_dagrun for example_xcom to 2021-01-01 00:00:00+00:00, run_after=2021-01-01 00:00:00+00:00
[2026-05-10T04:36:00.140+0000] {processor.py:183} INFO - Processing /home/airflow/.local/lib/python3.12/site-packages/airflow/example_dags/example_xcom.py took 0.090 seconds
[2026-05-10T04:36:30.316+0000] {processor.py:161} INFO - Started process (PID=6306) to work on /home/airflow/.local/lib/python3.12/site-packages/airflow/example_dags/example_xcom.py
[2026-05-10T04:36:30.318+0000] {processor.py:830} INFO - Processing file /home/airflow/.local/lib/python3.12/site-packages/airflow/example_dags/example_xcom.py for tasks to queue
[2026-05-10T04:36:30.321+0000] {logging_mixin.py:188} INFO - [2026-05-10T04:36:30.321+0000] {dagbag.py:545} INFO - Filling up the DagBag from /home/airflow/.local/lib/python3.12/site-packages/airflow/example_dags/example_xcom.py
[2026-05-10T04:36:30.330+0000] {processor.py:840} INFO - DAG(s) 'example_xcom' retrieved from /home/airflow/.local/lib/python3.12/site-packages/airflow/example_dags/example_xcom.py
[2026-05-10T04:36:30.353+0000] {logging_mixin.py:188} INFO - [2026-05-10T04:36:30.353+0000] {dag.py:3096} INFO - Sync 1 DAGs
[2026-05-10T04:36:30.372+0000] {logging_mixin.py:188} INFO - [2026-05-10T04:36:30.372+0000] {dag.py:3954} INFO - Setting next_dagrun for example_xcom to 2021-01-01 00:00:00+00:00, run_after=2021-01-01 00:00:00+00:00
[2026-05-10T04:36:30.392+0000] {processor.py:183} INFO - Processing /home/airflow/.local/lib/python3.12/site-packages/airflow/example_dags/example_xcom.py took 0.083 seconds
[2026-05-10T04:37:00.550+0000] {processor.py:161} INFO - Started process (PID=6366) to work on /home/airflow/.local/lib/python3.12/site-packages/airflow/example_dags/example_xcom.py
[2026-05-10T04:37:00.552+0000] {processor.py:830} INFO - Processing file /home/airflow/.local/lib/python3.12/site-packages/airflow/example_dags/example_xcom.py for tasks to queue
[2026-05-10T04:37:00.555+0000] {logging_mixin.py:188} INFO - [2026-05-10T04:37:00.555+0000] {dagbag.py:545} INFO - Filling up the DagBag from /home/airflow/.local/lib/python3.12/site-packages/airflow/example_dags/example_xcom.py
[2026-05-10T04:37:00.569+0000] {processor.py:840} INFO - DAG(s) 'example_xcom' retrieved from /home/airflow/.local/lib/python3.12/site-packages/airflow/example_dags/example_xcom.py
[2026-05-10T04:37:00.617+0000] {logging_mixin.py:188} INFO - [2026-05-10T04:37:00.617+0000] {dag.py:3096} INFO - Sync 1 DAGs
[2026-05-10T04:37:00.670+0000] {logging_mixin.py:188} INFO - [2026-05-10T04:37:00.669+0000] {dag.py:3954} INFO - Setting next_dagrun for example_xcom to 2021-01-01 00:00:00+00:00, run_after=2021-01-01 00:00:00+00:00
[2026-05-10T04:37:00.719+0000] {processor.py:183} INFO - Processing /home/airflow/.local/lib/python3.12/site-packages/airflow/example_dags/example_xcom.py took 0.176 seconds
[2026-05-10T04:37:30.807+0000] {processor.py:161} INFO - Started process (PID=6426) to work on /home/airflow/.local/lib/python3.12/site-packages/airflow/example_dags/example_xcom.py
[2026-05-10T04:37:30.809+0000] {processor.py:830} INFO - Processing file /home/airflow/.local/lib/python3.12/site-packages/airflow/example_dags/example_xcom.py for tasks to queue
[2026-05-10T04:37:30.812+0000] {logging_mixin.py:188} INFO - [2026-05-10T04:37:30.812+0000] {dagbag.py:545} INFO - Filling up the DagBag from /home/airflow/.local/lib/python3.12/site-packages/airflow/example_dags/example_xcom.py
[2026-05-10T04:37:30.820+0000] {processor.py:840} INFO - DAG(s) 'example_xcom' retrieved from /home/airflow/.local/lib/python3.12/site-packages/airflow/example_dags/example_xcom.py
[2026-05-10T04:37:30.848+0000] {logging_mixin.py:188} INFO - [2026-05-10T04:37:30.848+0000] {dag.py:3096} INFO - Sync 1 DAGs
[2026-05-10T04:37:30.874+0000] {logging_mixin.py:188} INFO - [2026-05-10T04:37:30.874+0000] {dag.py:3954} INFO - Setting next_dagrun for example_xcom to 2021-01-01 00:00:00+00:00, run_after=2021-01-01 00:00:00+00:00
[2026-05-10T04:37:30.918+0000] {processor.py:183} INFO - Processing /home/airflow/.local/lib/python3.12/site-packages/airflow/example_dags/example_xcom.py took 0.118 seconds
[2026-05-10T04:38:01.144+0000] {processor.py:161} INFO - Started process (PID=6486) to work on /home/airflow/.local/lib/python3.12/site-packages/airflow/example_dags/example_xcom.py
[2026-05-10T04:38:01.146+0000] {processor.py:830} INFO - Processing file /home/airflow/.local/lib/python3.12/site-packages/airflow/example_dags/example_xcom.py for tasks to queue
[2026-05-10T04:38:01.149+0000] {logging_mixin.py:188} INFO - [2026-05-10T04:38:01.149+0000] {dagbag.py:545} INFO - Filling up the DagBag from /home/airflow/.local/lib/python3.12/site-packages/airflow/example_dags/example_xcom.py
[2026-05-10T04:38:01.158+0000] {processor.py:840} INFO - DAG(s) 'example_xcom' retrieved from /home/airflow/.local/lib/python3.12/site-packages/airflow/example_dags/example_xcom.py
[2026-05-10T04:38:01.187+0000] {logging_mixin.py:188} INFO - [2026-05-10T04:38:01.187+0000] {dag.py:3096} INFO - Sync 1 DAGs
[2026-05-10T04:38:01.218+0000] {logging_mixin.py:188} INFO - [2026-05-10T04:38:01.218+0000] {dag.py:3954} INFO - Setting next_dagrun for example_xcom to 2021-01-01 00:00:00+00:00, run_after=2021-01-01 00:00:00+00:00
[2026-05-10T04:38:01.251+0000] {processor.py:183} INFO - Processing /home/airflow/.local/lib/python3.12/site-packages/airflow/example_dags/example_xcom.py took 0.116 seconds
[2026-05-10T04:38:31.858+0000] {processor.py:161} INFO - Started process (PID=6546) to work on /home/airflow/.local/lib/python3.12/site-packages/airflow/example_dags/example_xcom.py
[2026-05-10T04:38:31.862+0000] {processor.py:830} INFO - Processing file /home/airflow/.local/lib/python3.12/site-packages/airflow/example_dags/example_xcom.py for tasks to queue
[2026-05-10T04:38:31.865+0000] {logging_mixin.py:188} INFO - [2026-05-10T04:38:31.864+0000] {dagbag.py:545} INFO - Filling up the DagBag from /home/airflow/.local/lib/python3.12/site-packages/airflow/example_dags/example_xcom.py
[2026-05-10T04:38:31.874+0000] {processor.py:840} INFO - DAG(s) 'example_xcom' retrieved from /home/airflow/.local/lib/python3.12/site-packages/airflow/example_dags/example_xcom.py
[2026-05-10T04:38:31.902+0000] {logging_mixin.py:188} INFO - [2026-05-10T04:38:31.902+0000] {dag.py:3096} INFO - Sync 1 DAGs
[2026-05-10T04:38:31.928+0000] {logging_mixin.py:188} INFO - [2026-05-10T04:38:31.928+0000] {dag.py:3954} INFO - Setting next_dagrun for example_xcom to 2021-01-01 00:00:00+00:00, run_after=2021-01-01 00:00:00+00:00
[2026-05-10T04:38:31.953+0000] {processor.py:183} INFO - Processing /home/airflow/.local/lib/python3.12/site-packages/airflow/example_dags/example_xcom.py took 0.101 seconds
[2026-05-10T04:39:02.252+0000] {processor.py:161} INFO - Started process (PID=6607) to work on /home/airflow/.local/lib/python3.12/site-packages/airflow/example_dags/example_xcom.py
[2026-05-10T04:39:02.254+0000] {processor.py:830} INFO - Processing file /home/airflow/.local/lib/python3.12/site-packages/airflow/example_dags/example_xcom.py for tasks to queue
[2026-05-10T04:39:02.256+0000] {logging_mixin.py:188} INFO - [2026-05-10T04:39:02.256+0000] {dagbag.py:545} INFO - Filling up the DagBag from /home/airflow/.local/lib/python3.12/site-packages/airflow/example_dags/example_xcom.py
[2026-05-10T04:39:02.263+0000] {processor.py:840} INFO - DAG(s) 'example_xcom' retrieved from /home/airflow/.local/lib/python3.12/site-packages/airflow/example_dags/example_xcom.py
[2026-05-10T04:39:02.285+0000] {logging_mixin.py:188} INFO - [2026-05-10T04:39:02.285+0000] {dag.py:3096} INFO - Sync 1 DAGs
[2026-05-10T04:39:02.313+0000] {logging_mixin.py:188} INFO - [2026-05-10T04:39:02.313+0000] {dag.py:3954} INFO - Setting next_dagrun for example_xcom to 2021-01-01 00:00:00+00:00, run_after=2021-01-01 00:00:00+00:00
[2026-05-10T04:39:02.333+0000] {processor.py:183} INFO - Processing /home/airflow/.local/lib/python3.12/site-packages/airflow/example_dags/example_xcom.py took 0.087 seconds
[2026-05-10T04:39:32.432+0000] {processor.py:161} INFO - Started process (PID=6666) to work on /home/airflow/.local/lib/python3.12/site-packages/airflow/example_dags/example_xcom.py
[2026-05-10T04:39:32.433+0000] {processor.py:830} INFO - Processing file /home/airflow/.local/lib/python3.12/site-packages/airflow/example_dags/example_xcom.py for tasks to queue
[2026-05-10T04:39:32.436+0000] {logging_mixin.py:188} INFO - [2026-05-10T04:39:32.435+0000] {dagbag.py:545} INFO - Filling up the DagBag from /home/airflow/.local/lib/python3.12/site-packages/airflow/example_dags/example_xcom.py
[2026-05-10T04:39:32.443+0000] {processor.py:840} INFO - DAG(s) 'example_xcom' retrieved from /home/airflow/.local/lib/python3.12/site-packages/airflow/example_dags/example_xcom.py
[2026-05-10T04:39:32.464+0000] {logging_mixin.py:188} INFO - [2026-05-10T04:39:32.464+0000] {dag.py:3096} INFO - Sync 1 DAGs
[2026-05-10T04:39:32.482+0000] {logging_mixin.py:188} INFO - [2026-05-10T04:39:32.482+0000] {dag.py:3954} INFO - Setting next_dagrun for example_xcom to 2021-01-01 00:00:00+00:00, run_after=2021-01-01 00:00:00+00:00
[2026-05-10T04:39:32.498+0000] {processor.py:183} INFO - Processing /home/airflow/.local/lib/python3.12/site-packages/airflow/example_dags/example_xcom.py took 0.072 seconds
[2026-05-10T04:40:03.359+0000] {processor.py:161} INFO - Started process (PID=6726) to work on /home/airflow/.local/lib/python3.12/site-packages/airflow/example_dags/example_xcom.py
[2026-05-10T04:40:03.360+0000] {processor.py:830} INFO - Processing file /home/airflow/.local/lib/python3.12/site-packages/airflow/example_dags/example_xcom.py for tasks to queue
[2026-05-10T04:40:03.363+0000] {logging_mixin.py:188} INFO - [2026-05-10T04:40:03.362+0000] {dagbag.py:545} INFO - Filling up the DagBag from /home/airflow/.local/lib/python3.12/site-packages/airflow/example_dags/example_xcom.py
[2026-05-10T04:40:03.369+0000] {processor.py:840} INFO - DAG(s) 'example_xcom' retrieved from /home/airflow/.local/lib/python3.12/site-packages/airflow/example_dags/example_xcom.py
[2026-05-10T04:40:03.388+0000] {logging_mixin.py:188} INFO - [2026-05-10T04:40:03.388+0000] {dag.py:3096} INFO - Sync 1 DAGs
[2026-05-10T04:40:03.408+0000] {logging_mixin.py:188} INFO - [2026-05-10T04:40:03.408+0000] {dag.py:3954} INFO - Setting next_dagrun for example_xcom to 2021-01-01 00:00:00+00:00, run_after=2021-01-01 00:00:00+00:00
[2026-05-10T04:40:03.426+0000] {processor.py:183} INFO - Processing /home/airflow/.local/lib/python3.12/site-packages/airflow/example_dags/example_xcom.py took 0.072 seconds
[2026-05-10T04:40:33.592+0000] {processor.py:161} INFO - Started process (PID=6786) to work on /home/airflow/.local/lib/python3.12/site-packages/airflow/example_dags/example_xcom.py
[2026-05-10T04:40:33.593+0000] {processor.py:830} INFO - Processing file /home/airflow/.local/lib/python3.12/site-packages/airflow/example_dags/example_xcom.py for tasks to queue
[2026-05-10T04:40:33.595+0000] {logging_mixin.py:188} INFO - [2026-05-10T04:40:33.595+0000] {dagbag.py:545} INFO - Filling up the DagBag from /home/airflow/.local/lib/python3.12/site-packages/airflow/example_dags/example_xcom.py
[2026-05-10T04:40:33.602+0000] {processor.py:840} INFO - DAG(s) 'example_xcom' retrieved from /home/airflow/.local/lib/python3.12/site-packages/airflow/example_dags/example_xcom.py
[2026-05-10T04:40:33.623+0000] {logging_mixin.py:188} INFO - [2026-05-10T04:40:33.623+0000] {dag.py:3096} INFO - Sync 1 DAGs
[2026-05-10T04:40:33.641+0000] {logging_mixin.py:188} INFO - [2026-05-10T04:40:33.641+0000] {dag.py:3954} INFO - Setting next_dagrun for example_xcom to 2021-01-01 00:00:00+00:00, run_after=2021-01-01 00:00:00+00:00
[2026-05-10T04:40:33.661+0000] {processor.py:183} INFO - Processing /home/airflow/.local/lib/python3.12/site-packages/airflow/example_dags/example_xcom.py took 0.075 seconds
[2026-05-10T04:41:04.138+0000] {processor.py:161} INFO - Started process (PID=6846) to work on /home/airflow/.local/lib/python3.12/site-packages/airflow/example_dags/example_xcom.py
[2026-05-10T04:41:04.140+0000] {processor.py:830} INFO - Processing file /home/airflow/.local/lib/python3.12/site-packages/airflow/example_dags/example_xcom.py for tasks to queue
[2026-05-10T04:41:04.145+0000] {logging_mixin.py:188} INFO - [2026-05-10T04:41:04.144+0000] {dagbag.py:545} INFO - Filling up the DagBag from /home/airflow/.local/lib/python3.12/site-packages/airflow/example_dags/example_xcom.py
[2026-05-10T04:41:04.151+0000] {processor.py:840} INFO - DAG(s) 'example_xcom' retrieved from /home/airflow/.local/lib/python3.12/site-packages/airflow/example_dags/example_xcom.py
[2026-05-10T04:41:04.170+0000] {logging_mixin.py:188} INFO - [2026-05-10T04:41:04.169+0000] {dag.py:3096} INFO - Sync 1 DAGs
[2026-05-10T04:41:04.187+0000] {logging_mixin.py:188} INFO - [2026-05-10T04:41:04.186+0000] {dag.py:3954} INFO - Setting next_dagrun for example_xcom to 2021-01-01 00:00:00+00:00, run_after=2021-01-01 00:00:00+00:00
[2026-05-10T04:41:04.204+0000] {processor.py:183} INFO - Processing /home/airflow/.local/lib/python3.12/site-packages/airflow/example_dags/example_xcom.py took 0.071 seconds
[2026-05-10T04:41:34.682+0000] {processor.py:161} INFO - Started process (PID=6906) to work on /home/airflow/.local/lib/python3.12/site-packages/airflow/example_dags/example_xcom.py
[2026-05-10T04:41:34.684+0000] {processor.py:830} INFO - Processing file /home/airflow/.local/lib/python3.12/site-packages/airflow/example_dags/example_xcom.py for tasks to queue
[2026-05-10T04:41:34.686+0000] {logging_mixin.py:188} INFO - [2026-05-10T04:41:34.685+0000] {dagbag.py:545} INFO - Filling up the DagBag from /home/airflow/.local/lib/python3.12/site-packages/airflow/example_dags/example_xcom.py
[2026-05-10T04:41:34.692+0000] {processor.py:840} INFO - DAG(s) 'example_xcom' retrieved from /home/airflow/.local/lib/python3.12/site-packages/airflow/example_dags/example_xcom.py
[2026-05-10T04:41:34.710+0000] {logging_mixin.py:188} INFO - [2026-05-10T04:41:34.710+0000] {dag.py:3096} INFO - Sync 1 DAGs
[2026-05-10T04:41:34.727+0000] {logging_mixin.py:188} INFO - [2026-05-10T04:41:34.726+0000] {dag.py:3954} INFO - Setting next_dagrun for example_xcom to 2021-01-01 00:00:00+00:00, run_after=2021-01-01 00:00:00+00:00
[2026-05-10T04:41:34.745+0000] {processor.py:183} INFO - Processing /home/airflow/.local/lib/python3.12/site-packages/airflow/example_dags/example_xcom.py took 0.068 seconds
[2026-05-10T04:42:04.960+0000] {processor.py:161} INFO - Started process (PID=6966) to work on /home/airflow/.local/lib/python3.12/site-packages/airflow/example_dags/example_xcom.py
[2026-05-10T04:42:04.961+0000] {processor.py:830} INFO - Processing file /home/airflow/.local/lib/python3.12/site-packages/airflow/example_dags/example_xcom.py for tasks to queue
[2026-05-10T04:42:04.963+0000] {logging_mixin.py:188} INFO - [2026-05-10T04:42:04.963+0000] {dagbag.py:545} INFO - Filling up the DagBag from /home/airflow/.local/lib/python3.12/site-packages/airflow/example_dags/example_xcom.py
[2026-05-10T04:42:04.969+0000] {processor.py:840} INFO - DAG(s) 'example_xcom' retrieved from /home/airflow/.local/lib/python3.12/site-packages/airflow/example_dags/example_xcom.py
[2026-05-10T04:42:04.989+0000] {logging_mixin.py:188} INFO - [2026-05-10T04:42:04.989+0000] {dag.py:3096} INFO - Sync 1 DAGs
[2026-05-10T04:42:05.009+0000] {logging_mixin.py:188} INFO - [2026-05-10T04:42:05.009+0000] {dag.py:3954} INFO - Setting next_dagrun for example_xcom to 2021-01-01 00:00:00+00:00, run_after=2021-01-01 00:00:00+00:00
[2026-05-10T04:42:05.027+0000] {processor.py:183} INFO - Processing /home/airflow/.local/lib/python3.12/site-packages/airflow/example_dags/example_xcom.py took 0.072 seconds
[2026-05-10T04:42:35.667+0000] {processor.py:161} INFO - Started process (PID=7026) to work on /home/airflow/.local/lib/python3.12/site-packages/airflow/example_dags/example_xcom.py
[2026-05-10T04:42:35.671+0000] {processor.py:830} INFO - Processing file /home/airflow/.local/lib/python3.12/site-packages/airflow/example_dags/example_xcom.py for tasks to queue
[2026-05-10T04:42:35.680+0000] {logging_mixin.py:188} INFO - [2026-05-10T04:42:35.679+0000] {dagbag.py:545} INFO - Filling up the DagBag from /home/airflow/.local/lib/python3.12/site-packages/airflow/example_dags/example_xcom.py
[2026-05-10T04:42:35.687+0000] {processor.py:840} INFO - DAG(s) 'example_xcom' retrieved from /home/airflow/.local/lib/python3.12/site-packages/airflow/example_dags/example_xcom.py
[2026-05-10T04:42:35.706+0000] {logging_mixin.py:188} INFO - [2026-05-10T04:42:35.706+0000] {dag.py:3096} INFO - Sync 1 DAGs
[2026-05-10T04:42:35.722+0000] {logging_mixin.py:188} INFO - [2026-05-10T04:42:35.722+0000] {dag.py:3954} INFO - Setting next_dagrun for example_xcom to 2021-01-01 00:00:00+00:00, run_after=2021-01-01 00:00:00+00:00
[2026-05-10T04:42:35.740+0000] {processor.py:183} INFO - Processing /home/airflow/.local/lib/python3.12/site-packages/airflow/example_dags/example_xcom.py took 0.077 seconds
[2026-05-10T04:43:06.144+0000] {processor.py:161} INFO - Started process (PID=7086) to work on /home/airflow/.local/lib/python3.12/site-packages/airflow/example_dags/example_xcom.py
[2026-05-10T04:43:06.146+0000] {processor.py:830} INFO - Processing file /home/airflow/.local/lib/python3.12/site-packages/airflow/example_dags/example_xcom.py for tasks to queue
[2026-05-10T04:43:06.149+0000] {logging_mixin.py:188} INFO - [2026-05-10T04:43:06.148+0000] {dagbag.py:545} INFO - Filling up the DagBag from /home/airflow/.local/lib/python3.12/site-packages/airflow/example_dags/example_xcom.py
[2026-05-10T04:43:06.157+0000] {processor.py:840} INFO - DAG(s) 'example_xcom' retrieved from /home/airflow/.local/lib/python3.12/site-packages/airflow/example_dags/example_xcom.py
[2026-05-10T04:43:06.179+0000] {logging_mixin.py:188} INFO - [2026-05-10T04:43:06.178+0000] {dag.py:3096} INFO - Sync 1 DAGs
[2026-05-10T04:43:06.197+0000] {logging_mixin.py:188} INFO - [2026-05-10T04:43:06.197+0000] {dag.py:3954} INFO - Setting next_dagrun for example_xcom to 2021-01-01 00:00:00+00:00, run_after=2021-01-01 00:00:00+00:00
[2026-05-10T04:43:06.216+0000] {processor.py:183} INFO - Processing /home/airflow/.local/lib/python3.12/site-packages/airflow/example_dags/example_xcom.py took 0.078 seconds
[2026-05-10T04:43:36.705+0000] {processor.py:161} INFO - Started process (PID=7146) to work on /home/airflow/.local/lib/python3.12/site-packages/airflow/example_dags/example_xcom.py
[2026-05-10T04:43:36.707+0000] {processor.py:830} INFO - Processing file /home/airflow/.local/lib/python3.12/site-packages/airflow/example_dags/example_xcom.py for tasks to queue
[2026-05-10T04:43:36.710+0000] {logging_mixin.py:188} INFO - [2026-05-10T04:43:36.710+0000] {dagbag.py:545} INFO - Filling up the DagBag from /home/airflow/.local/lib/python3.12/site-packages/airflow/example_dags/example_xcom.py
[2026-05-10T04:43:36.717+0000] {processor.py:840} INFO - DAG(s) 'example_xcom' retrieved from /home/airflow/.local/lib/python3.12/site-packages/airflow/example_dags/example_xcom.py
[2026-05-10T04:43:36.737+0000] {logging_mixin.py:188} INFO - [2026-05-10T04:43:36.737+0000] {dag.py:3096} INFO - Sync 1 DAGs
[2026-05-10T04:43:36.757+0000] {logging_mixin.py:188} INFO - [2026-05-10T04:43:36.757+0000] {dag.py:3954} INFO - Setting next_dagrun for example_xcom to 2021-01-01 00:00:00+00:00, run_after=2021-01-01 00:00:00+00:00
[2026-05-10T04:43:36.777+0000] {processor.py:183} INFO - Processing /home/airflow/.local/lib/python3.12/site-packages/airflow/example_dags/example_xcom.py took 0.076 seconds
[2026-05-10T04:44:07.671+0000] {processor.py:161} INFO - Started process (PID=7206) to work on /home/airflow/.local/lib/python3.12/site-packages/airflow/example_dags/example_xcom.py
[2026-05-10T04:44:07.673+0000] {processor.py:830} INFO - Processing file /home/airflow/.local/lib/python3.12/site-packages/airflow/example_dags/example_xcom.py for tasks to queue
[2026-05-10T04:44:07.675+0000] {logging_mixin.py:188} INFO - [2026-05-10T04:44:07.674+0000] {dagbag.py:545} INFO - Filling up the DagBag from /home/airflow/.local/lib/python3.12/site-packages/airflow/example_dags/example_xcom.py
[2026-05-10T04:44:07.682+0000] {processor.py:840} INFO - DAG(s) 'example_xcom' retrieved from /home/airflow/.local/lib/python3.12/site-packages/airflow/example_dags/example_xcom.py
[2026-05-10T04:44:07.703+0000] {logging_mixin.py:188} INFO - [2026-05-10T04:44:07.703+0000] {dag.py:3096} INFO - Sync 1 DAGs
[2026-05-10T04:44:07.723+0000] {logging_mixin.py:188} INFO - [2026-05-10T04:44:07.722+0000] {dag.py:3954} INFO - Setting next_dagrun for example_xcom to 2021-01-01 00:00:00+00:00, run_after=2021-01-01 00:00:00+00:00
[2026-05-10T04:44:07.747+0000] {processor.py:183} INFO - Processing /home/airflow/.local/lib/python3.12/site-packages/airflow/example_dags/example_xcom.py took 0.082 seconds
[2026-05-10T04:44:38.407+0000] {processor.py:161} INFO - Started process (PID=7266) to work on /home/airflow/.local/lib/python3.12/site-packages/airflow/example_dags/example_xcom.py
[2026-05-10T04:44:38.411+0000] {processor.py:830} INFO - Processing file /home/airflow/.local/lib/python3.12/site-packages/airflow/example_dags/example_xcom.py for tasks to queue
[2026-05-10T04:44:38.416+0000] {logging_mixin.py:188} INFO - [2026-05-10T04:44:38.416+0000] {dagbag.py:545} INFO - Filling up the DagBag from /home/airflow/.local/lib/python3.12/site-packages/airflow/example_dags/example_xcom.py
[2026-05-10T04:44:38.425+0000] {processor.py:840} INFO - DAG(s) 'example_xcom' retrieved from /home/airflow/.local/lib/python3.12/site-packages/airflow/example_dags/example_xcom.py
[2026-05-10T04:44:38.447+0000] {logging_mixin.py:188} INFO - [2026-05-10T04:44:38.447+0000] {dag.py:3096} INFO - Sync 1 DAGs
[2026-05-10T04:44:38.466+0000] {logging_mixin.py:188} INFO - [2026-05-10T04:44:38.465+0000] {dag.py:3954} INFO - Setting next_dagrun for example_xcom to 2021-01-01 00:00:00+00:00, run_after=2021-01-01 00:00:00+00:00
[2026-05-10T04:44:38.486+0000] {processor.py:183} INFO - Processing /home/airflow/.local/lib/python3.12/site-packages/airflow/example_dags/example_xcom.py took 0.084 seconds
[2026-05-10T04:45:08.727+0000] {processor.py:161} INFO - Started process (PID=7326) to work on /home/airflow/.local/lib/python3.12/site-packages/airflow/example_dags/example_xcom.py
[2026-05-10T04:45:08.728+0000] {processor.py:830} INFO - Processing file /home/airflow/.local/lib/python3.12/site-packages/airflow/example_dags/example_xcom.py for tasks to queue
[2026-05-10T04:45:08.731+0000] {logging_mixin.py:188} INFO - [2026-05-10T04:45:08.730+0000] {dagbag.py:545} INFO - Filling up the DagBag from /home/airflow/.local/lib/python3.12/site-packages/airflow/example_dags/example_xcom.py
[2026-05-10T04:45:08.737+0000] {processor.py:840} INFO - DAG(s) 'example_xcom' retrieved from /home/airflow/.local/lib/python3.12/site-packages/airflow/example_dags/example_xcom.py
[2026-05-10T04:45:08.757+0000] {logging_mixin.py:188} INFO - [2026-05-10T04:45:08.757+0000] {dag.py:3096} INFO - Sync 1 DAGs
[2026-05-10T04:45:08.779+0000] {logging_mixin.py:188} INFO - [2026-05-10T04:45:08.778+0000] {dag.py:3954} INFO - Setting next_dagrun for example_xcom to 2021-01-01 00:00:00+00:00, run_after=2021-01-01 00:00:00+00:00
[2026-05-10T04:45:08.796+0000] {processor.py:183} INFO - Processing /home/airflow/.local/lib/python3.12/site-packages/airflow/example_dags/example_xcom.py took 0.074 seconds
[2026-05-10T04:45:39.471+0000] {processor.py:161} INFO - Started process (PID=7386) to work on /home/airflow/.local/lib/python3.12/site-packages/airflow/example_dags/example_xcom.py
[2026-05-10T04:45:39.473+0000] {processor.py:830} INFO - Processing file /home/airflow/.local/lib/python3.12/site-packages/airflow/example_dags/example_xcom.py for tasks to queue
[2026-05-10T04:45:39.475+0000] {logging_mixin.py:188} INFO - [2026-05-10T04:45:39.475+0000] {dagbag.py:545} INFO - Filling up the DagBag from /home/airflow/.local/lib/python3.12/site-packages/airflow/example_dags/example_xcom.py
[2026-05-10T04:45:39.483+0000] {processor.py:840} INFO - DAG(s) 'example_xcom' retrieved from /home/airflow/.local/lib/python3.12/site-packages/airflow/example_dags/example_xcom.py
[2026-05-10T04:45:39.506+0000] {logging_mixin.py:188} INFO - [2026-05-10T04:45:39.505+0000] {dag.py:3096} INFO - Sync 1 DAGs
[2026-05-10T04:45:39.530+0000] {logging_mixin.py:188} INFO - [2026-05-10T04:45:39.530+0000] {dag.py:3954} INFO - Setting next_dagrun for example_xcom to 2021-01-01 00:00:00+00:00, run_after=2021-01-01 00:00:00+00:00
[2026-05-10T04:45:39.547+0000] {processor.py:183} INFO - Processing /home/airflow/.local/lib/python3.12/site-packages/airflow/example_dags/example_xcom.py took 0.081 seconds
[2026-05-10T04:46:10.214+0000] {processor.py:161} INFO - Started process (PID=7446) to work on /home/airflow/.local/lib/python3.12/site-packages/airflow/example_dags/example_xcom.py
[2026-05-10T04:46:10.217+0000] {processor.py:830} INFO - Processing file /home/airflow/.local/lib/python3.12/site-packages/airflow/example_dags/example_xcom.py for tasks to queue
[2026-05-10T04:46:10.219+0000] {logging_mixin.py:188} INFO - [2026-05-10T04:46:10.219+0000] {dagbag.py:545} INFO - Filling up the DagBag from /home/airflow/.local/lib/python3.12/site-packages/airflow/example_dags/example_xcom.py
[2026-05-10T04:46:10.226+0000] {processor.py:840} INFO - DAG(s) 'example_xcom' retrieved from /home/airflow/.local/lib/python3.12/site-packages/airflow/example_dags/example_xcom.py
[2026-05-10T04:46:10.243+0000] {logging_mixin.py:188} INFO - [2026-05-10T04:46:10.243+0000] {dag.py:3096} INFO - Sync 1 DAGs
[2026-05-10T04:46:10.259+0000] {logging_mixin.py:188} INFO - [2026-05-10T04:46:10.259+0000] {dag.py:3954} INFO - Setting next_dagrun for example_xcom to 2021-01-01 00:00:00+00:00, run_after=2021-01-01 00:00:00+00:00
[2026-05-10T04:46:10.275+0000] {processor.py:183} INFO - Processing /home/airflow/.local/lib/python3.12/site-packages/airflow/example_dags/example_xcom.py took 0.066 seconds
[2026-05-10T04:46:40.852+0000] {processor.py:161} INFO - Started process (PID=7506) to work on /home/airflow/.local/lib/python3.12/site-packages/airflow/example_dags/example_xcom.py
[2026-05-10T04:46:40.854+0000] {processor.py:830} INFO - Processing file /home/airflow/.local/lib/python3.12/site-packages/airflow/example_dags/example_xcom.py for tasks to queue
[2026-05-10T04:46:40.856+0000] {logging_mixin.py:188} INFO - [2026-05-10T04:46:40.856+0000] {dagbag.py:545} INFO - Filling up the DagBag from /home/airflow/.local/lib/python3.12/site-packages/airflow/example_dags/example_xcom.py
[2026-05-10T04:46:40.863+0000] {processor.py:840} INFO - DAG(s) 'example_xcom' retrieved from /home/airflow/.local/lib/python3.12/site-packages/airflow/example_dags/example_xcom.py
[2026-05-10T04:46:40.884+0000] {logging_mixin.py:188} INFO - [2026-05-10T04:46:40.884+0000] {dag.py:3096} INFO - Sync 1 DAGs
[2026-05-10T04:46:40.902+0000] {logging_mixin.py:188} INFO - [2026-05-10T04:46:40.902+0000] {dag.py:3954} INFO - Setting next_dagrun for example_xcom to 2021-01-01 00:00:00+00:00, run_after=2021-01-01 00:00:00+00:00
[2026-05-10T04:46:40.923+0000] {processor.py:183} INFO - Processing /home/airflow/.local/lib/python3.12/site-packages/airflow/example_dags/example_xcom.py took 0.076 seconds
[2026-05-10T04:47:11.328+0000] {processor.py:161} INFO - Started process (PID=7566) to work on /home/airflow/.local/lib/python3.12/site-packages/airflow/example_dags/example_xcom.py
[2026-05-10T04:47:11.330+0000] {processor.py:830} INFO - Processing file /home/airflow/.local/lib/python3.12/site-packages/airflow/example_dags/example_xcom.py for tasks to queue
[2026-05-10T04:47:11.332+0000] {logging_mixin.py:188} INFO - [2026-05-10T04:47:11.332+0000] {dagbag.py:545} INFO - Filling up the DagBag from /home/airflow/.local/lib/python3.12/site-packages/airflow/example_dags/example_xcom.py
[2026-05-10T04:47:11.341+0000] {processor.py:840} INFO - DAG(s) 'example_xcom' retrieved from /home/airflow/.local/lib/python3.12/site-packages/airflow/example_dags/example_xcom.py
[2026-05-10T04:47:11.363+0000] {logging_mixin.py:188} INFO - [2026-05-10T04:47:11.363+0000] {dag.py:3096} INFO - Sync 1 DAGs
[2026-05-10T04:47:11.383+0000] {logging_mixin.py:188} INFO - [2026-05-10T04:47:11.383+0000] {dag.py:3954} INFO - Setting next_dagrun for example_xcom to 2021-01-01 00:00:00+00:00, run_after=2021-01-01 00:00:00+00:00
[2026-05-10T04:47:11.402+0000] {processor.py:183} INFO - Processing /home/airflow/.local/lib/python3.12/site-packages/airflow/example_dags/example_xcom.py took 0.079 seconds
[2026-05-10T04:47:41.664+0000] {processor.py:161} INFO - Started process (PID=7626) to work on /home/airflow/.local/lib/python3.12/site-packages/airflow/example_dags/example_xcom.py
[2026-05-10T04:47:41.666+0000] {processor.py:830} INFO - Processing file /home/airflow/.local/lib/python3.12/site-packages/airflow/example_dags/example_xcom.py for tasks to queue
[2026-05-10T04:47:41.668+0000] {logging_mixin.py:188} INFO - [2026-05-10T04:47:41.668+0000] {dagbag.py:545} INFO - Filling up the DagBag from /home/airflow/.local/lib/python3.12/site-packages/airflow/example_dags/example_xcom.py
[2026-05-10T04:47:41.677+0000] {processor.py:840} INFO - DAG(s) 'example_xcom' retrieved from /home/airflow/.local/lib/python3.12/site-packages/airflow/example_dags/example_xcom.py
[2026-05-10T04:47:41.696+0000] {logging_mixin.py:188} INFO - [2026-05-10T04:47:41.696+0000] {dag.py:3096} INFO - Sync 1 DAGs
[2026-05-10T04:47:41.718+0000] {logging_mixin.py:188} INFO - [2026-05-10T04:47:41.718+0000] {dag.py:3954} INFO - Setting next_dagrun for example_xcom to 2021-01-01 00:00:00+00:00, run_after=2021-01-01 00:00:00+00:00
[2026-05-10T04:47:41.738+0000] {processor.py:183} INFO - Processing /home/airflow/.local/lib/python3.12/site-packages/airflow/example_dags/example_xcom.py took 0.080 seconds
[2026-05-10T04:48:11.801+0000] {processor.py:161} INFO - Started process (PID=7686) to work on /home/airflow/.local/lib/python3.12/site-packages/airflow/example_dags/example_xcom.py
[2026-05-10T04:48:11.803+0000] {processor.py:830} INFO - Processing file /home/airflow/.local/lib/python3.12/site-packages/airflow/example_dags/example_xcom.py for tasks to queue
[2026-05-10T04:48:11.806+0000] {logging_mixin.py:188} INFO - [2026-05-10T04:48:11.805+0000] {dagbag.py:545} INFO - Filling up the DagBag from /home/airflow/.local/lib/python3.12/site-packages/airflow/example_dags/example_xcom.py
[2026-05-10T04:48:11.813+0000] {processor.py:840} INFO - DAG(s) 'example_xcom' retrieved from /home/airflow/.local/lib/python3.12/site-packages/airflow/example_dags/example_xcom.py
[2026-05-10T04:48:11.831+0000] {logging_mixin.py:188} INFO - [2026-05-10T04:48:11.830+0000] {dag.py:3096} INFO - Sync 1 DAGs
[2026-05-10T04:48:11.849+0000] {logging_mixin.py:188} INFO - [2026-05-10T04:48:11.849+0000] {dag.py:3954} INFO - Setting next_dagrun for example_xcom to 2021-01-01 00:00:00+00:00, run_after=2021-01-01 00:00:00+00:00
[2026-05-10T04:48:11.866+0000] {processor.py:183} INFO - Processing /home/airflow/.local/lib/python3.12/site-packages/airflow/example_dags/example_xcom.py took 0.070 seconds
[2026-05-10T04:48:42.440+0000] {processor.py:161} INFO - Started process (PID=7746) to work on /home/airflow/.local/lib/python3.12/site-packages/airflow/example_dags/example_xcom.py
[2026-05-10T04:48:42.442+0000] {processor.py:830} INFO - Processing file /home/airflow/.local/lib/python3.12/site-packages/airflow/example_dags/example_xcom.py for tasks to queue
[2026-05-10T04:48:42.444+0000] {logging_mixin.py:188} INFO - [2026-05-10T04:48:42.443+0000] {dagbag.py:545} INFO - Filling up the DagBag from /home/airflow/.local/lib/python3.12/site-packages/airflow/example_dags/example_xcom.py
[2026-05-10T04:48:42.450+0000] {processor.py:840} INFO - DAG(s) 'example_xcom' retrieved from /home/airflow/.local/lib/python3.12/site-packages/airflow/example_dags/example_xcom.py
[2026-05-10T04:48:42.468+0000] {logging_mixin.py:188} INFO - [2026-05-10T04:48:42.468+0000] {dag.py:3096} INFO - Sync 1 DAGs
[2026-05-10T04:48:42.485+0000] {logging_mixin.py:188} INFO - [2026-05-10T04:48:42.484+0000] {dag.py:3954} INFO - Setting next_dagrun for example_xcom to 2021-01-01 00:00:00+00:00, run_after=2021-01-01 00:00:00+00:00
[2026-05-10T04:48:42.502+0000] {processor.py:183} INFO - Processing /home/airflow/.local/lib/python3.12/site-packages/airflow/example_dags/example_xcom.py took 0.066 seconds
[2026-05-10T04:49:13.127+0000] {processor.py:161} INFO - Started process (PID=7806) to work on /home/airflow/.local/lib/python3.12/site-packages/airflow/example_dags/example_xcom.py
[2026-05-10T04:49:13.128+0000] {processor.py:830} INFO - Processing file /home/airflow/.local/lib/python3.12/site-packages/airflow/example_dags/example_xcom.py for tasks to queue
[2026-05-10T04:49:13.131+0000] {logging_mixin.py:188} INFO - [2026-05-10T04:49:13.130+0000] {dagbag.py:545} INFO - Filling up the DagBag from /home/airflow/.local/lib/python3.12/site-packages/airflow/example_dags/example_xcom.py
[2026-05-10T04:49:13.137+0000] {processor.py:840} INFO - DAG(s) 'example_xcom' retrieved from /home/airflow/.local/lib/python3.12/site-packages/airflow/example_dags/example_xcom.py
[2026-05-10T04:49:13.156+0000] {logging_mixin.py:188} INFO - [2026-05-10T04:49:13.156+0000] {dag.py:3096} INFO - Sync 1 DAGs
[2026-05-10T04:49:13.174+0000] {logging_mixin.py:188} INFO - [2026-05-10T04:49:13.173+0000] {dag.py:3954} INFO - Setting next_dagrun for example_xcom to 2021-01-01 00:00:00+00:00, run_after=2021-01-01 00:00:00+00:00
[2026-05-10T04:49:13.194+0000] {processor.py:183} INFO - Processing /home/airflow/.local/lib/python3.12/site-packages/airflow/example_dags/example_xcom.py took 0.072 seconds
[2026-05-10T04:49:43.387+0000] {processor.py:161} INFO - Started process (PID=7866) to work on /home/airflow/.local/lib/python3.12/site-packages/airflow/example_dags/example_xcom.py
[2026-05-10T04:49:43.389+0000] {processor.py:830} INFO - Processing file /home/airflow/.local/lib/python3.12/site-packages/airflow/example_dags/example_xcom.py for tasks to queue
[2026-05-10T04:49:43.391+0000] {logging_mixin.py:188} INFO - [2026-05-10T04:49:43.391+0000] {dagbag.py:545} INFO - Filling up the DagBag from /home/airflow/.local/lib/python3.12/site-packages/airflow/example_dags/example_xcom.py
[2026-05-10T04:49:43.398+0000] {processor.py:840} INFO - DAG(s) 'example_xcom' retrieved from /home/airflow/.local/lib/python3.12/site-packages/airflow/example_dags/example_xcom.py
[2026-05-10T04:49:43.418+0000] {logging_mixin.py:188} INFO - [2026-05-10T04:49:43.418+0000] {dag.py:3096} INFO - Sync 1 DAGs
[2026-05-10T04:49:43.436+0000] {logging_mixin.py:188} INFO - [2026-05-10T04:49:43.435+0000] {dag.py:3954} INFO - Setting next_dagrun for example_xcom to 2021-01-01 00:00:00+00:00, run_after=2021-01-01 00:00:00+00:00
[2026-05-10T04:49:43.453+0000] {processor.py:183} INFO - Processing /home/airflow/.local/lib/python3.12/site-packages/airflow/example_dags/example_xcom.py took 0.071 seconds
[2026-05-10T04:50:13.864+0000] {processor.py:161} INFO - Started process (PID=7926) to work on /home/airflow/.local/lib/python3.12/site-packages/airflow/example_dags/example_xcom.py
[2026-05-10T04:50:13.866+0000] {processor.py:830} INFO - Processing file /home/airflow/.local/lib/python3.12/site-packages/airflow/example_dags/example_xcom.py for tasks to queue
[2026-05-10T04:50:13.868+0000] {logging_mixin.py:188} INFO - [2026-05-10T04:50:13.868+0000] {dagbag.py:545} INFO - Filling up the DagBag from /home/airflow/.local/lib/python3.12/site-packages/airflow/example_dags/example_xcom.py
[2026-05-10T04:50:13.876+0000] {processor.py:840} INFO - DAG(s) 'example_xcom' retrieved from /home/airflow/.local/lib/python3.12/site-packages/airflow/example_dags/example_xcom.py
[2026-05-10T04:50:13.894+0000] {logging_mixin.py:188} INFO - [2026-05-10T04:50:13.894+0000] {dag.py:3096} INFO - Sync 1 DAGs
[2026-05-10T04:50:13.912+0000] {logging_mixin.py:188} INFO - [2026-05-10T04:50:13.912+0000] {dag.py:3954} INFO - Setting next_dagrun for example_xcom to 2021-01-01 00:00:00+00:00, run_after=2021-01-01 00:00:00+00:00
[2026-05-10T04:50:13.930+0000] {processor.py:183} INFO - Processing /home/airflow/.local/lib/python3.12/site-packages/airflow/example_dags/example_xcom.py took 0.072 seconds
[2026-05-10T04:50:44.263+0000] {processor.py:161} INFO - Started process (PID=7986) to work on /home/airflow/.local/lib/python3.12/site-packages/airflow/example_dags/example_xcom.py
[2026-05-10T04:50:44.265+0000] {processor.py:830} INFO - Processing file /home/airflow/.local/lib/python3.12/site-packages/airflow/example_dags/example_xcom.py for tasks to queue
[2026-05-10T04:50:44.270+0000] {logging_mixin.py:188} INFO - [2026-05-10T04:50:44.269+0000] {dagbag.py:545} INFO - Filling up the DagBag from /home/airflow/.local/lib/python3.12/site-packages/airflow/example_dags/example_xcom.py
[2026-05-10T04:50:44.282+0000] {processor.py:840} INFO - DAG(s) 'example_xcom' retrieved from /home/airflow/.local/lib/python3.12/site-packages/airflow/example_dags/example_xcom.py
[2026-05-10T04:50:44.317+0000] {logging_mixin.py:188} INFO - [2026-05-10T04:50:44.317+0000] {dag.py:3096} INFO - Sync 1 DAGs
[2026-05-10T04:50:44.342+0000] {logging_mixin.py:188} INFO - [2026-05-10T04:50:44.342+0000] {dag.py:3954} INFO - Setting next_dagrun for example_xcom to 2021-01-01 00:00:00+00:00, run_after=2021-01-01 00:00:00+00:00
[2026-05-10T04:50:44.362+0000] {processor.py:183} INFO - Processing /home/airflow/.local/lib/python3.12/site-packages/airflow/example_dags/example_xcom.py took 0.105 seconds
[2026-05-10T04:51:15.000+0000] {processor.py:161} INFO - Started process (PID=8045) to work on /home/airflow/.local/lib/python3.12/site-packages/airflow/example_dags/example_xcom.py
[2026-05-10T04:51:15.005+0000] {processor.py:830} INFO - Processing file /home/airflow/.local/lib/python3.12/site-packages/airflow/example_dags/example_xcom.py for tasks to queue
[2026-05-10T04:51:15.010+0000] {logging_mixin.py:188} INFO - [2026-05-10T04:51:15.009+0000] {dagbag.py:545} INFO - Filling up the DagBag from /home/airflow/.local/lib/python3.12/site-packages/airflow/example_dags/example_xcom.py
[2026-05-10T04:51:15.018+0000] {processor.py:840} INFO - DAG(s) 'example_xcom' retrieved from /home/airflow/.local/lib/python3.12/site-packages/airflow/example_dags/example_xcom.py
[2026-05-10T04:51:15.048+0000] {logging_mixin.py:188} INFO - [2026-05-10T04:51:15.048+0000] {dag.py:3096} INFO - Sync 1 DAGs
[2026-05-10T04:51:15.073+0000] {logging_mixin.py:188} INFO - [2026-05-10T04:51:15.073+0000] {dag.py:3954} INFO - Setting next_dagrun for example_xcom to 2021-01-01 00:00:00+00:00, run_after=2021-01-01 00:00:00+00:00
[2026-05-10T04:51:15.093+0000] {processor.py:183} INFO - Processing /home/airflow/.local/lib/python3.12/site-packages/airflow/example_dags/example_xcom.py took 0.098 seconds
[2026-05-10T04:51:45.357+0000] {processor.py:161} INFO - Started process (PID=8106) to work on /home/airflow/.local/lib/python3.12/site-packages/airflow/example_dags/example_xcom.py
[2026-05-10T04:51:45.360+0000] {processor.py:830} INFO - Processing file /home/airflow/.local/lib/python3.12/site-packages/airflow/example_dags/example_xcom.py for tasks to queue
[2026-05-10T04:51:45.362+0000] {logging_mixin.py:188} INFO - [2026-05-10T04:51:45.362+0000] {dagbag.py:545} INFO - Filling up the DagBag from /home/airflow/.local/lib/python3.12/site-packages/airflow/example_dags/example_xcom.py
[2026-05-10T04:51:45.368+0000] {processor.py:840} INFO - DAG(s) 'example_xcom' retrieved from /home/airflow/.local/lib/python3.12/site-packages/airflow/example_dags/example_xcom.py
[2026-05-10T04:51:45.387+0000] {logging_mixin.py:188} INFO - [2026-05-10T04:51:45.387+0000] {dag.py:3096} INFO - Sync 1 DAGs
[2026-05-10T04:51:45.413+0000] {logging_mixin.py:188} INFO - [2026-05-10T04:51:45.412+0000] {dag.py:3954} INFO - Setting next_dagrun for example_xcom to 2021-01-01 00:00:00+00:00, run_after=2021-01-01 00:00:00+00:00
[2026-05-10T04:51:45.432+0000] {processor.py:183} INFO - Processing /home/airflow/.local/lib/python3.12/site-packages/airflow/example_dags/example_xcom.py took 0.080 seconds
[2026-05-10T04:52:15.843+0000] {processor.py:161} INFO - Started process (PID=8166) to work on /home/airflow/.local/lib/python3.12/site-packages/airflow/example_dags/example_xcom.py
[2026-05-10T04:52:15.845+0000] {processor.py:830} INFO - Processing file /home/airflow/.local/lib/python3.12/site-packages/airflow/example_dags/example_xcom.py for tasks to queue
[2026-05-10T04:52:15.847+0000] {logging_mixin.py:188} INFO - [2026-05-10T04:52:15.847+0000] {dagbag.py:545} INFO - Filling up the DagBag from /home/airflow/.local/lib/python3.12/site-packages/airflow/example_dags/example_xcom.py
[2026-05-10T04:52:15.854+0000] {processor.py:840} INFO - DAG(s) 'example_xcom' retrieved from /home/airflow/.local/lib/python3.12/site-packages/airflow/example_dags/example_xcom.py
[2026-05-10T04:52:15.876+0000] {logging_mixin.py:188} INFO - [2026-05-10T04:52:15.876+0000] {dag.py:3096} INFO - Sync 1 DAGs
[2026-05-10T04:52:15.893+0000] {logging_mixin.py:188} INFO - [2026-05-10T04:52:15.893+0000] {dag.py:3954} INFO - Setting next_dagrun for example_xcom to 2021-01-01 00:00:00+00:00, run_after=2021-01-01 00:00:00+00:00
[2026-05-10T04:52:15.914+0000] {processor.py:183} INFO - Processing /home/airflow/.local/lib/python3.12/site-packages/airflow/example_dags/example_xcom.py took 0.076 seconds
[2026-05-10T04:52:46.292+0000] {processor.py:161} INFO - Started process (PID=8226) to work on /home/airflow/.local/lib/python3.12/site-packages/airflow/example_dags/example_xcom.py
[2026-05-10T04:52:46.294+0000] {processor.py:830} INFO - Processing file /home/airflow/.local/lib/python3.12/site-packages/airflow/example_dags/example_xcom.py for tasks to queue
[2026-05-10T04:52:46.296+0000] {logging_mixin.py:188} INFO - [2026-05-10T04:52:46.296+0000] {dagbag.py:545} INFO - Filling up the DagBag from /home/airflow/.local/lib/python3.12/site-packages/airflow/example_dags/example_xcom.py
[2026-05-10T04:52:46.303+0000] {processor.py:840} INFO - DAG(s) 'example_xcom' retrieved from /home/airflow/.local/lib/python3.12/site-packages/airflow/example_dags/example_xcom.py
[2026-05-10T04:52:46.324+0000] {logging_mixin.py:188} INFO - [2026-05-10T04:52:46.324+0000] {dag.py:3096} INFO - Sync 1 DAGs
[2026-05-10T04:52:46.346+0000] {logging_mixin.py:188} INFO - [2026-05-10T04:52:46.346+0000] {dag.py:3954} INFO - Setting next_dagrun for example_xcom to 2021-01-01 00:00:00+00:00, run_after=2021-01-01 00:00:00+00:00
[2026-05-10T04:52:46.376+0000] {processor.py:183} INFO - Processing /home/airflow/.local/lib/python3.12/site-packages/airflow/example_dags/example_xcom.py took 0.089 seconds
[2026-05-10T04:53:17.016+0000] {processor.py:161} INFO - Started process (PID=8286) to work on /home/airflow/.local/lib/python3.12/site-packages/airflow/example_dags/example_xcom.py
[2026-05-10T04:53:17.017+0000] {processor.py:830} INFO - Processing file /home/airflow/.local/lib/python3.12/site-packages/airflow/example_dags/example_xcom.py for tasks to queue
[2026-05-10T04:53:17.020+0000] {logging_mixin.py:188} INFO - [2026-05-10T04:53:17.019+0000] {dagbag.py:545} INFO - Filling up the DagBag from /home/airflow/.local/lib/python3.12/site-packages/airflow/example_dags/example_xcom.py
[2026-05-10T04:53:17.026+0000] {processor.py:840} INFO - DAG(s) 'example_xcom' retrieved from /home/airflow/.local/lib/python3.12/site-packages/airflow/example_dags/example_xcom.py
[2026-05-10T04:53:17.047+0000] {logging_mixin.py:188} INFO - [2026-05-10T04:53:17.047+0000] {dag.py:3096} INFO - Sync 1 DAGs
[2026-05-10T04:53:17.066+0000] {logging_mixin.py:188} INFO - [2026-05-10T04:53:17.066+0000] {dag.py:3954} INFO - Setting next_dagrun for example_xcom to 2021-01-01 00:00:00+00:00, run_after=2021-01-01 00:00:00+00:00
[2026-05-10T04:53:17.086+0000] {processor.py:183} INFO - Processing /home/airflow/.local/lib/python3.12/site-packages/airflow/example_dags/example_xcom.py took 0.077 seconds
[2026-05-10T04:53:47.415+0000] {processor.py:161} INFO - Started process (PID=8346) to work on /home/airflow/.local/lib/python3.12/site-packages/airflow/example_dags/example_xcom.py
[2026-05-10T04:53:47.417+0000] {processor.py:830} INFO - Processing file /home/airflow/.local/lib/python3.12/site-packages/airflow/example_dags/example_xcom.py for tasks to queue
[2026-05-10T04:53:47.419+0000] {logging_mixin.py:188} INFO - [2026-05-10T04:53:47.418+0000] {dagbag.py:545} INFO - Filling up the DagBag from /home/airflow/.local/lib/python3.12/site-packages/airflow/example_dags/example_xcom.py
[2026-05-10T04:53:47.426+0000] {processor.py:840} INFO - DAG(s) 'example_xcom' retrieved from /home/airflow/.local/lib/python3.12/site-packages/airflow/example_dags/example_xcom.py
[2026-05-10T04:53:47.446+0000] {logging_mixin.py:188} INFO - [2026-05-10T04:53:47.446+0000] {dag.py:3096} INFO - Sync 1 DAGs
[2026-05-10T04:53:47.465+0000] {logging_mixin.py:188} INFO - [2026-05-10T04:53:47.464+0000] {dag.py:3954} INFO - Setting next_dagrun for example_xcom to 2021-01-01 00:00:00+00:00, run_after=2021-01-01 00:00:00+00:00
[2026-05-10T04:53:47.485+0000] {processor.py:183} INFO - Processing /home/airflow/.local/lib/python3.12/site-packages/airflow/example_dags/example_xcom.py took 0.075 seconds
[2026-05-10T04:54:17.771+0000] {processor.py:161} INFO - Started process (PID=8407) to work on /home/airflow/.local/lib/python3.12/site-packages/airflow/example_dags/example_xcom.py
[2026-05-10T04:54:17.773+0000] {processor.py:830} INFO - Processing file /home/airflow/.local/lib/python3.12/site-packages/airflow/example_dags/example_xcom.py for tasks to queue
[2026-05-10T04:54:17.775+0000] {logging_mixin.py:188} INFO - [2026-05-10T04:54:17.775+0000] {dagbag.py:545} INFO - Filling up the DagBag from /home/airflow/.local/lib/python3.12/site-packages/airflow/example_dags/example_xcom.py
[2026-05-10T04:54:17.782+0000] {processor.py:840} INFO - DAG(s) 'example_xcom' retrieved from /home/airflow/.local/lib/python3.12/site-packages/airflow/example_dags/example_xcom.py
[2026-05-10T04:54:17.801+0000] {logging_mixin.py:188} INFO - [2026-05-10T04:54:17.801+0000] {dag.py:3096} INFO - Sync 1 DAGs
[2026-05-10T04:54:17.821+0000] {logging_mixin.py:188} INFO - [2026-05-10T04:54:17.821+0000] {dag.py:3954} INFO - Setting next_dagrun for example_xcom to 2021-01-01 00:00:00+00:00, run_after=2021-01-01 00:00:00+00:00
[2026-05-10T04:54:17.843+0000] {processor.py:183} INFO - Processing /home/airflow/.local/lib/python3.12/site-packages/airflow/example_dags/example_xcom.py took 0.078 seconds
[2026-05-10T04:54:48.513+0000] {processor.py:161} INFO - Started process (PID=8467) to work on /home/airflow/.local/lib/python3.12/site-packages/airflow/example_dags/example_xcom.py
[2026-05-10T04:54:48.515+0000] {processor.py:830} INFO - Processing file /home/airflow/.local/lib/python3.12/site-packages/airflow/example_dags/example_xcom.py for tasks to queue
[2026-05-10T04:54:48.518+0000] {logging_mixin.py:188} INFO - [2026-05-10T04:54:48.518+0000] {dagbag.py:545} INFO - Filling up the DagBag from /home/airflow/.local/lib/python3.12/site-packages/airflow/example_dags/example_xcom.py
[2026-05-10T04:54:48.526+0000] {processor.py:840} INFO - DAG(s) 'example_xcom' retrieved from /home/airflow/.local/lib/python3.12/site-packages/airflow/example_dags/example_xcom.py
[2026-05-10T04:54:48.546+0000] {logging_mixin.py:188} INFO - [2026-05-10T04:54:48.546+0000] {dag.py:3096} INFO - Sync 1 DAGs
[2026-05-10T04:54:48.566+0000] {logging_mixin.py:188} INFO - [2026-05-10T04:54:48.566+0000] {dag.py:3954} INFO - Setting next_dagrun for example_xcom to 2021-01-01 00:00:00+00:00, run_after=2021-01-01 00:00:00+00:00
[2026-05-10T04:54:48.585+0000] {processor.py:183} INFO - Processing /home/airflow/.local/lib/python3.12/site-packages/airflow/example_dags/example_xcom.py took 0.077 seconds
[2026-05-10T04:55:18.996+0000] {processor.py:161} INFO - Started process (PID=8527) to work on /home/airflow/.local/lib/python3.12/site-packages/airflow/example_dags/example_xcom.py
[2026-05-10T04:55:18.998+0000] {processor.py:830} INFO - Processing file /home/airflow/.local/lib/python3.12/site-packages/airflow/example_dags/example_xcom.py for tasks to queue
[2026-05-10T04:55:19.001+0000] {logging_mixin.py:188} INFO - [2026-05-10T04:55:19.001+0000] {dagbag.py:545} INFO - Filling up the DagBag from /home/airflow/.local/lib/python3.12/site-packages/airflow/example_dags/example_xcom.py
[2026-05-10T04:55:19.009+0000] {processor.py:840} INFO - DAG(s) 'example_xcom' retrieved from /home/airflow/.local/lib/python3.12/site-packages/airflow/example_dags/example_xcom.py
[2026-05-10T04:55:19.031+0000] {logging_mixin.py:188} INFO - [2026-05-10T04:55:19.030+0000] {dag.py:3096} INFO - Sync 1 DAGs
[2026-05-10T04:55:19.048+0000] {logging_mixin.py:188} INFO - [2026-05-10T04:55:19.048+0000] {dag.py:3954} INFO - Setting next_dagrun for example_xcom to 2021-01-01 00:00:00+00:00, run_after=2021-01-01 00:00:00+00:00
[2026-05-10T04:55:19.066+0000] {processor.py:183} INFO - Processing /home/airflow/.local/lib/python3.12/site-packages/airflow/example_dags/example_xcom.py took 0.076 seconds
[2026-05-10T04:55:49.674+0000] {processor.py:161} INFO - Started process (PID=8588) to work on /home/airflow/.local/lib/python3.12/site-packages/airflow/example_dags/example_xcom.py
[2026-05-10T04:55:49.678+0000] {processor.py:830} INFO - Processing file /home/airflow/.local/lib/python3.12/site-packages/airflow/example_dags/example_xcom.py for tasks to queue
[2026-05-10T04:55:49.682+0000] {logging_mixin.py:188} INFO - [2026-05-10T04:55:49.681+0000] {dagbag.py:545} INFO - Filling up the DagBag from /home/airflow/.local/lib/python3.12/site-packages/airflow/example_dags/example_xcom.py
[2026-05-10T04:55:49.695+0000] {processor.py:840} INFO - DAG(s) 'example_xcom' retrieved from /home/airflow/.local/lib/python3.12/site-packages/airflow/example_dags/example_xcom.py
[2026-05-10T04:55:49.728+0000] {logging_mixin.py:188} INFO - [2026-05-10T04:55:49.727+0000] {dag.py:3096} INFO - Sync 1 DAGs
[2026-05-10T04:55:49.758+0000] {logging_mixin.py:188} INFO - [2026-05-10T04:55:49.757+0000] {dag.py:3954} INFO - Setting next_dagrun for example_xcom to 2021-01-01 00:00:00+00:00, run_after=2021-01-01 00:00:00+00:00
[2026-05-10T04:55:49.785+0000] {processor.py:183} INFO - Processing /home/airflow/.local/lib/python3.12/site-packages/airflow/example_dags/example_xcom.py took 0.121 seconds
[2026-05-10T04:56:20.397+0000] {processor.py:161} INFO - Started process (PID=8648) to work on /home/airflow/.local/lib/python3.12/site-packages/airflow/example_dags/example_xcom.py
[2026-05-10T04:56:20.399+0000] {processor.py:830} INFO - Processing file /home/airflow/.local/lib/python3.12/site-packages/airflow/example_dags/example_xcom.py for tasks to queue
[2026-05-10T04:56:20.402+0000] {logging_mixin.py:188} INFO - [2026-05-10T04:56:20.401+0000] {dagbag.py:545} INFO - Filling up the DagBag from /home/airflow/.local/lib/python3.12/site-packages/airflow/example_dags/example_xcom.py
[2026-05-10T04:56:20.408+0000] {processor.py:840} INFO - DAG(s) 'example_xcom' retrieved from /home/airflow/.local/lib/python3.12/site-packages/airflow/example_dags/example_xcom.py
[2026-05-10T04:56:20.428+0000] {logging_mixin.py:188} INFO - [2026-05-10T04:56:20.428+0000] {dag.py:3096} INFO - Sync 1 DAGs
[2026-05-10T04:56:20.445+0000] {logging_mixin.py:188} INFO - [2026-05-10T04:56:20.445+0000] {dag.py:3954} INFO - Setting next_dagrun for example_xcom to 2021-01-01 00:00:00+00:00, run_after=2021-01-01 00:00:00+00:00
[2026-05-10T04:56:20.464+0000] {processor.py:183} INFO - Processing /home/airflow/.local/lib/python3.12/site-packages/airflow/example_dags/example_xcom.py took 0.072 seconds
[2026-05-10T04:56:50.752+0000] {processor.py:161} INFO - Started process (PID=8708) to work on /home/airflow/.local/lib/python3.12/site-packages/airflow/example_dags/example_xcom.py
[2026-05-10T04:56:50.754+0000] {processor.py:830} INFO - Processing file /home/airflow/.local/lib/python3.12/site-packages/airflow/example_dags/example_xcom.py for tasks to queue
[2026-05-10T04:56:50.759+0000] {logging_mixin.py:188} INFO - [2026-05-10T04:56:50.759+0000] {dagbag.py:545} INFO - Filling up the DagBag from /home/airflow/.local/lib/python3.12/site-packages/airflow/example_dags/example_xcom.py
[2026-05-10T04:56:50.769+0000] {processor.py:840} INFO - DAG(s) 'example_xcom' retrieved from /home/airflow/.local/lib/python3.12/site-packages/airflow/example_dags/example_xcom.py
[2026-05-10T04:56:50.792+0000] {logging_mixin.py:188} INFO - [2026-05-10T04:56:50.792+0000] {dag.py:3096} INFO - Sync 1 DAGs
[2026-05-10T04:56:50.811+0000] {logging_mixin.py:188} INFO - [2026-05-10T04:56:50.811+0000] {dag.py:3954} INFO - Setting next_dagrun for example_xcom to 2021-01-01 00:00:00+00:00, run_after=2021-01-01 00:00:00+00:00
[2026-05-10T04:56:50.831+0000] {processor.py:183} INFO - Processing /home/airflow/.local/lib/python3.12/site-packages/airflow/example_dags/example_xcom.py took 0.084 seconds
[2026-05-10T04:57:21.124+0000] {processor.py:161} INFO - Started process (PID=8768) to work on /home/airflow/.local/lib/python3.12/site-packages/airflow/example_dags/example_xcom.py
[2026-05-10T04:57:21.126+0000] {processor.py:830} INFO - Processing file /home/airflow/.local/lib/python3.12/site-packages/airflow/example_dags/example_xcom.py for tasks to queue
[2026-05-10T04:57:21.129+0000] {logging_mixin.py:188} INFO - [2026-05-10T04:57:21.129+0000] {dagbag.py:545} INFO - Filling up the DagBag from /home/airflow/.local/lib/python3.12/site-packages/airflow/example_dags/example_xcom.py
[2026-05-10T04:57:21.140+0000] {processor.py:840} INFO - DAG(s) 'example_xcom' retrieved from /home/airflow/.local/lib/python3.12/site-packages/airflow/example_dags/example_xcom.py
[2026-05-10T04:57:21.163+0000] {logging_mixin.py:188} INFO - [2026-05-10T04:57:21.163+0000] {dag.py:3096} INFO - Sync 1 DAGs
[2026-05-10T04:57:21.181+0000] {logging_mixin.py:188} INFO - [2026-05-10T04:57:21.181+0000] {dag.py:3954} INFO - Setting next_dagrun for example_xcom to 2021-01-01 00:00:00+00:00, run_after=2021-01-01 00:00:00+00:00
[2026-05-10T04:57:21.200+0000] {processor.py:183} INFO - Processing /home/airflow/.local/lib/python3.12/site-packages/airflow/example_dags/example_xcom.py took 0.083 seconds
[2026-05-10T04:57:51.543+0000] {processor.py:161} INFO - Started process (PID=8828) to work on /home/airflow/.local/lib/python3.12/site-packages/airflow/example_dags/example_xcom.py
[2026-05-10T04:57:51.544+0000] {processor.py:830} INFO - Processing file /home/airflow/.local/lib/python3.12/site-packages/airflow/example_dags/example_xcom.py for tasks to queue
[2026-05-10T04:57:51.547+0000] {logging_mixin.py:188} INFO - [2026-05-10T04:57:51.547+0000] {dagbag.py:545} INFO - Filling up the DagBag from /home/airflow/.local/lib/python3.12/site-packages/airflow/example_dags/example_xcom.py
[2026-05-10T04:57:51.555+0000] {processor.py:840} INFO - DAG(s) 'example_xcom' retrieved from /home/airflow/.local/lib/python3.12/site-packages/airflow/example_dags/example_xcom.py
[2026-05-10T04:57:51.575+0000] {logging_mixin.py:188} INFO - [2026-05-10T04:57:51.574+0000] {dag.py:3096} INFO - Sync 1 DAGs
[2026-05-10T04:57:51.593+0000] {logging_mixin.py:188} INFO - [2026-05-10T04:57:51.592+0000] {dag.py:3954} INFO - Setting next_dagrun for example_xcom to 2021-01-01 00:00:00+00:00, run_after=2021-01-01 00:00:00+00:00
[2026-05-10T04:57:51.610+0000] {processor.py:183} INFO - Processing /home/airflow/.local/lib/python3.12/site-packages/airflow/example_dags/example_xcom.py took 0.073 seconds
[2026-05-10T04:58:22.129+0000] {processor.py:161} INFO - Started process (PID=8886) to work on /home/airflow/.local/lib/python3.12/site-packages/airflow/example_dags/example_xcom.py
[2026-05-10T04:58:22.130+0000] {processor.py:830} INFO - Processing file /home/airflow/.local/lib/python3.12/site-packages/airflow/example_dags/example_xcom.py for tasks to queue
[2026-05-10T04:58:22.133+0000] {logging_mixin.py:188} INFO - [2026-05-10T04:58:22.132+0000] {dagbag.py:545} INFO - Filling up the DagBag from /home/airflow/.local/lib/python3.12/site-packages/airflow/example_dags/example_xcom.py
[2026-05-10T04:58:22.142+0000] {processor.py:840} INFO - DAG(s) 'example_xcom' retrieved from /home/airflow/.local/lib/python3.12/site-packages/airflow/example_dags/example_xcom.py
[2026-05-10T04:58:22.164+0000] {logging_mixin.py:188} INFO - [2026-05-10T04:58:22.163+0000] {dag.py:3096} INFO - Sync 1 DAGs
[2026-05-10T04:58:22.185+0000] {logging_mixin.py:188} INFO - [2026-05-10T04:58:22.185+0000] {dag.py:3954} INFO - Setting next_dagrun for example_xcom to 2021-01-01 00:00:00+00:00, run_after=2021-01-01 00:00:00+00:00
[2026-05-10T04:58:22.208+0000] {processor.py:183} INFO - Processing /home/airflow/.local/lib/python3.12/site-packages/airflow/example_dags/example_xcom.py took 0.086 seconds
[2026-05-10T04:58:52.816+0000] {processor.py:161} INFO - Started process (PID=8946) to work on /home/airflow/.local/lib/python3.12/site-packages/airflow/example_dags/example_xcom.py
[2026-05-10T04:58:52.818+0000] {processor.py:830} INFO - Processing file /home/airflow/.local/lib/python3.12/site-packages/airflow/example_dags/example_xcom.py for tasks to queue
[2026-05-10T04:58:52.822+0000] {logging_mixin.py:188} INFO - [2026-05-10T04:58:52.822+0000] {dagbag.py:545} INFO - Filling up the DagBag from /home/airflow/.local/lib/python3.12/site-packages/airflow/example_dags/example_xcom.py
[2026-05-10T04:58:52.831+0000] {processor.py:840} INFO - DAG(s) 'example_xcom' retrieved from /home/airflow/.local/lib/python3.12/site-packages/airflow/example_dags/example_xcom.py
[2026-05-10T04:58:52.851+0000] {logging_mixin.py:188} INFO - [2026-05-10T04:58:52.850+0000] {dag.py:3096} INFO - Sync 1 DAGs
[2026-05-10T04:58:52.868+0000] {logging_mixin.py:188} INFO - [2026-05-10T04:58:52.868+0000] {dag.py:3954} INFO - Setting next_dagrun for example_xcom to 2021-01-01 00:00:00+00:00, run_after=2021-01-01 00:00:00+00:00
[2026-05-10T04:58:52.884+0000] {processor.py:183} INFO - Processing /home/airflow/.local/lib/python3.12/site-packages/airflow/example_dags/example_xcom.py took 0.073 seconds
[2026-05-10T04:59:23.327+0000] {processor.py:161} INFO - Started process (PID=9006) to work on /home/airflow/.local/lib/python3.12/site-packages/airflow/example_dags/example_xcom.py
[2026-05-10T04:59:23.328+0000] {processor.py:830} INFO - Processing file /home/airflow/.local/lib/python3.12/site-packages/airflow/example_dags/example_xcom.py for tasks to queue
[2026-05-10T04:59:23.331+0000] {logging_mixin.py:188} INFO - [2026-05-10T04:59:23.330+0000] {dagbag.py:545} INFO - Filling up the DagBag from /home/airflow/.local/lib/python3.12/site-packages/airflow/example_dags/example_xcom.py
[2026-05-10T04:59:23.339+0000] {processor.py:840} INFO - DAG(s) 'example_xcom' retrieved from /home/airflow/.local/lib/python3.12/site-packages/airflow/example_dags/example_xcom.py
[2026-05-10T04:59:23.361+0000] {logging_mixin.py:188} INFO - [2026-05-10T04:59:23.360+0000] {dag.py:3096} INFO - Sync 1 DAGs
[2026-05-10T04:59:23.379+0000] {logging_mixin.py:188} INFO - [2026-05-10T04:59:23.379+0000] {dag.py:3954} INFO - Setting next_dagrun for example_xcom to 2021-01-01 00:00:00+00:00, run_after=2021-01-01 00:00:00+00:00
[2026-05-10T04:59:23.397+0000] {processor.py:183} INFO - Processing /home/airflow/.local/lib/python3.12/site-packages/airflow/example_dags/example_xcom.py took 0.077 seconds
[2026-05-10T04:59:53.951+0000] {processor.py:161} INFO - Started process (PID=9066) to work on /home/airflow/.local/lib/python3.12/site-packages/airflow/example_dags/example_xcom.py
[2026-05-10T04:59:53.952+0000] {processor.py:830} INFO - Processing file /home/airflow/.local/lib/python3.12/site-packages/airflow/example_dags/example_xcom.py for tasks to queue
[2026-05-10T04:59:53.955+0000] {logging_mixin.py:188} INFO - [2026-05-10T04:59:53.954+0000] {dagbag.py:545} INFO - Filling up the DagBag from /home/airflow/.local/lib/python3.12/site-packages/airflow/example_dags/example_xcom.py
[2026-05-10T04:59:53.961+0000] {processor.py:840} INFO - DAG(s) 'example_xcom' retrieved from /home/airflow/.local/lib/python3.12/site-packages/airflow/example_dags/example_xcom.py
[2026-05-10T04:59:53.979+0000] {logging_mixin.py:188} INFO - [2026-05-10T04:59:53.979+0000] {dag.py:3096} INFO - Sync 1 DAGs
[2026-05-10T04:59:53.997+0000] {logging_mixin.py:188} INFO - [2026-05-10T04:59:53.996+0000] {dag.py:3954} INFO - Setting next_dagrun for example_xcom to 2021-01-01 00:00:00+00:00, run_after=2021-01-01 00:00:00+00:00
[2026-05-10T04:59:54.019+0000] {processor.py:183} INFO - Processing /home/airflow/.local/lib/python3.12/site-packages/airflow/example_dags/example_xcom.py took 0.073 seconds
[2026-05-10T05:00:24.419+0000] {processor.py:161} INFO - Started process (PID=9126) to work on /home/airflow/.local/lib/python3.12/site-packages/airflow/example_dags/example_xcom.py
[2026-05-10T05:00:24.420+0000] {processor.py:830} INFO - Processing file /home/airflow/.local/lib/python3.12/site-packages/airflow/example_dags/example_xcom.py for tasks to queue
[2026-05-10T05:00:24.422+0000] {logging_mixin.py:188} INFO - [2026-05-10T05:00:24.422+0000] {dagbag.py:545} INFO - Filling up the DagBag from /home/airflow/.local/lib/python3.12/site-packages/airflow/example_dags/example_xcom.py
[2026-05-10T05:00:24.428+0000] {processor.py:840} INFO - DAG(s) 'example_xcom' retrieved from /home/airflow/.local/lib/python3.12/site-packages/airflow/example_dags/example_xcom.py
[2026-05-10T05:00:24.448+0000] {logging_mixin.py:188} INFO - [2026-05-10T05:00:24.448+0000] {dag.py:3096} INFO - Sync 1 DAGs
[2026-05-10T05:00:24.466+0000] {logging_mixin.py:188} INFO - [2026-05-10T05:00:24.466+0000] {dag.py:3954} INFO - Setting next_dagrun for example_xcom to 2021-01-01 00:00:00+00:00, run_after=2021-01-01 00:00:00+00:00
[2026-05-10T05:00:24.484+0000] {processor.py:183} INFO - Processing /home/airflow/.local/lib/python3.12/site-packages/airflow/example_dags/example_xcom.py took 0.070 seconds
[2026-05-10T05:00:55.062+0000] {processor.py:161} INFO - Started process (PID=9186) to work on /home/airflow/.local/lib/python3.12/site-packages/airflow/example_dags/example_xcom.py
[2026-05-10T05:00:55.064+0000] {processor.py:830} INFO - Processing file /home/airflow/.local/lib/python3.12/site-packages/airflow/example_dags/example_xcom.py for tasks to queue
[2026-05-10T05:00:55.066+0000] {logging_mixin.py:188} INFO - [2026-05-10T05:00:55.065+0000] {dagbag.py:545} INFO - Filling up the DagBag from /home/airflow/.local/lib/python3.12/site-packages/airflow/example_dags/example_xcom.py
[2026-05-10T05:00:55.073+0000] {processor.py:840} INFO - DAG(s) 'example_xcom' retrieved from /home/airflow/.local/lib/python3.12/site-packages/airflow/example_dags/example_xcom.py
[2026-05-10T05:00:55.093+0000] {logging_mixin.py:188} INFO - [2026-05-10T05:00:55.093+0000] {dag.py:3096} INFO - Sync 1 DAGs
[2026-05-10T05:00:55.111+0000] {logging_mixin.py:188} INFO - [2026-05-10T05:00:55.110+0000] {dag.py:3954} INFO - Setting next_dagrun for example_xcom to 2021-01-01 00:00:00+00:00, run_after=2021-01-01 00:00:00+00:00
[2026-05-10T05:00:55.129+0000] {processor.py:183} INFO - Processing /home/airflow/.local/lib/python3.12/site-packages/airflow/example_dags/example_xcom.py took 0.072 seconds
[2026-05-10T05:01:25.810+0000] {processor.py:161} INFO - Started process (PID=9246) to work on /home/airflow/.local/lib/python3.12/site-packages/airflow/example_dags/example_xcom.py
[2026-05-10T05:01:25.812+0000] {processor.py:830} INFO - Processing file /home/airflow/.local/lib/python3.12/site-packages/airflow/example_dags/example_xcom.py for tasks to queue
[2026-05-10T05:01:25.814+0000] {logging_mixin.py:188} INFO - [2026-05-10T05:01:25.814+0000] {dagbag.py:545} INFO - Filling up the DagBag from /home/airflow/.local/lib/python3.12/site-packages/airflow/example_dags/example_xcom.py
[2026-05-10T05:01:25.821+0000] {processor.py:840} INFO - DAG(s) 'example_xcom' retrieved from /home/airflow/.local/lib/python3.12/site-packages/airflow/example_dags/example_xcom.py
[2026-05-10T05:01:25.840+0000] {logging_mixin.py:188} INFO - [2026-05-10T05:01:25.840+0000] {dag.py:3096} INFO - Sync 1 DAGs
[2026-05-10T05:01:25.858+0000] {logging_mixin.py:188} INFO - [2026-05-10T05:01:25.857+0000] {dag.py:3954} INFO - Setting next_dagrun for example_xcom to 2021-01-01 00:00:00+00:00, run_after=2021-01-01 00:00:00+00:00
[2026-05-10T05:01:25.876+0000] {processor.py:183} INFO - Processing /home/airflow/.local/lib/python3.12/site-packages/airflow/example_dags/example_xcom.py took 0.070 seconds
[2026-05-10T05:01:56.335+0000] {processor.py:161} INFO - Started process (PID=9312) to work on /home/airflow/.local/lib/python3.12/site-packages/airflow/example_dags/example_xcom.py
[2026-05-10T05:01:56.336+0000] {processor.py:830} INFO - Processing file /home/airflow/.local/lib/python3.12/site-packages/airflow/example_dags/example_xcom.py for tasks to queue
[2026-05-10T05:01:56.338+0000] {logging_mixin.py:188} INFO - [2026-05-10T05:01:56.338+0000] {dagbag.py:545} INFO - Filling up the DagBag from /home/airflow/.local/lib/python3.12/site-packages/airflow/example_dags/example_xcom.py
[2026-05-10T05:01:56.346+0000] {processor.py:840} INFO - DAG(s) 'example_xcom' retrieved from /home/airflow/.local/lib/python3.12/site-packages/airflow/example_dags/example_xcom.py
[2026-05-10T05:01:56.364+0000] {logging_mixin.py:188} INFO - [2026-05-10T05:01:56.364+0000] {dag.py:3096} INFO - Sync 1 DAGs
[2026-05-10T05:01:56.383+0000] {logging_mixin.py:188} INFO - [2026-05-10T05:01:56.382+0000] {dag.py:3954} INFO - Setting next_dagrun for example_xcom to 2021-01-01 00:00:00+00:00, run_after=2021-01-01 00:00:00+00:00
[2026-05-10T05:01:56.405+0000] {processor.py:183} INFO - Processing /home/airflow/.local/lib/python3.12/site-packages/airflow/example_dags/example_xcom.py took 0.076 seconds
[2026-05-10T05:02:27.016+0000] {processor.py:161} INFO - Started process (PID=9372) to work on /home/airflow/.local/lib/python3.12/site-packages/airflow/example_dags/example_xcom.py
[2026-05-10T05:02:27.017+0000] {processor.py:830} INFO - Processing file /home/airflow/.local/lib/python3.12/site-packages/airflow/example_dags/example_xcom.py for tasks to queue
[2026-05-10T05:02:27.020+0000] {logging_mixin.py:188} INFO - [2026-05-10T05:02:27.019+0000] {dagbag.py:545} INFO - Filling up the DagBag from /home/airflow/.local/lib/python3.12/site-packages/airflow/example_dags/example_xcom.py
[2026-05-10T05:02:27.026+0000] {processor.py:840} INFO - DAG(s) 'example_xcom' retrieved from /home/airflow/.local/lib/python3.12/site-packages/airflow/example_dags/example_xcom.py
[2026-05-10T05:02:27.043+0000] {logging_mixin.py:188} INFO - [2026-05-10T05:02:27.043+0000] {dag.py:3096} INFO - Sync 1 DAGs
[2026-05-10T05:02:27.064+0000] {logging_mixin.py:188} INFO - [2026-05-10T05:02:27.064+0000] {dag.py:3954} INFO - Setting next_dagrun for example_xcom to 2021-01-01 00:00:00+00:00, run_after=2021-01-01 00:00:00+00:00
[2026-05-10T05:02:27.082+0000] {processor.py:183} INFO - Processing /home/airflow/.local/lib/python3.12/site-packages/airflow/example_dags/example_xcom.py took 0.071 seconds
[2026-05-10T05:02:57.468+0000] {processor.py:161} INFO - Started process (PID=9432) to work on /home/airflow/.local/lib/python3.12/site-packages/airflow/example_dags/example_xcom.py
[2026-05-10T05:02:57.469+0000] {processor.py:830} INFO - Processing file /home/airflow/.local/lib/python3.12/site-packages/airflow/example_dags/example_xcom.py for tasks to queue
[2026-05-10T05:02:57.473+0000] {logging_mixin.py:188} INFO - [2026-05-10T05:02:57.473+0000] {dagbag.py:545} INFO - Filling up the DagBag from /home/airflow/.local/lib/python3.12/site-packages/airflow/example_dags/example_xcom.py
[2026-05-10T05:02:57.479+0000] {processor.py:840} INFO - DAG(s) 'example_xcom' retrieved from /home/airflow/.local/lib/python3.12/site-packages/airflow/example_dags/example_xcom.py
[2026-05-10T05:02:57.499+0000] {logging_mixin.py:188} INFO - [2026-05-10T05:02:57.499+0000] {dag.py:3096} INFO - Sync 1 DAGs
[2026-05-10T05:02:57.519+0000] {logging_mixin.py:188} INFO - [2026-05-10T05:02:57.518+0000] {dag.py:3954} INFO - Setting next_dagrun for example_xcom to 2021-01-01 00:00:00+00:00, run_after=2021-01-01 00:00:00+00:00
[2026-05-10T05:02:57.539+0000] {processor.py:183} INFO - Processing /home/airflow/.local/lib/python3.12/site-packages/airflow/example_dags/example_xcom.py took 0.076 seconds
[2026-05-10T05:03:28.141+0000] {processor.py:161} INFO - Started process (PID=9493) to work on /home/airflow/.local/lib/python3.12/site-packages/airflow/example_dags/example_xcom.py
[2026-05-10T05:03:28.143+0000] {processor.py:830} INFO - Processing file /home/airflow/.local/lib/python3.12/site-packages/airflow/example_dags/example_xcom.py for tasks to queue
[2026-05-10T05:03:28.145+0000] {logging_mixin.py:188} INFO - [2026-05-10T05:03:28.145+0000] {dagbag.py:545} INFO - Filling up the DagBag from /home/airflow/.local/lib/python3.12/site-packages/airflow/example_dags/example_xcom.py
[2026-05-10T05:03:28.151+0000] {processor.py:840} INFO - DAG(s) 'example_xcom' retrieved from /home/airflow/.local/lib/python3.12/site-packages/airflow/example_dags/example_xcom.py
[2026-05-10T05:03:28.168+0000] {logging_mixin.py:188} INFO - [2026-05-10T05:03:28.168+0000] {dag.py:3096} INFO - Sync 1 DAGs
[2026-05-10T05:03:28.186+0000] {logging_mixin.py:188} INFO - [2026-05-10T05:03:28.186+0000] {dag.py:3954} INFO - Setting next_dagrun for example_xcom to 2021-01-01 00:00:00+00:00, run_after=2021-01-01 00:00:00+00:00
[2026-05-10T05:03:28.207+0000] {processor.py:183} INFO - Processing /home/airflow/.local/lib/python3.12/site-packages/airflow/example_dags/example_xcom.py took 0.071 seconds
[2026-05-10T05:03:58.501+0000] {processor.py:161} INFO - Started process (PID=9553) to work on /home/airflow/.local/lib/python3.12/site-packages/airflow/example_dags/example_xcom.py
[2026-05-10T05:03:58.503+0000] {processor.py:830} INFO - Processing file /home/airflow/.local/lib/python3.12/site-packages/airflow/example_dags/example_xcom.py for tasks to queue
[2026-05-10T05:03:58.505+0000] {logging_mixin.py:188} INFO - [2026-05-10T05:03:58.505+0000] {dagbag.py:545} INFO - Filling up the DagBag from /home/airflow/.local/lib/python3.12/site-packages/airflow/example_dags/example_xcom.py
[2026-05-10T05:03:58.512+0000] {processor.py:840} INFO - DAG(s) 'example_xcom' retrieved from /home/airflow/.local/lib/python3.12/site-packages/airflow/example_dags/example_xcom.py
[2026-05-10T05:03:58.532+0000] {logging_mixin.py:188} INFO - [2026-05-10T05:03:58.532+0000] {dag.py:3096} INFO - Sync 1 DAGs
[2026-05-10T05:03:58.550+0000] {logging_mixin.py:188} INFO - [2026-05-10T05:03:58.550+0000] {dag.py:3954} INFO - Setting next_dagrun for example_xcom to 2021-01-01 00:00:00+00:00, run_after=2021-01-01 00:00:00+00:00
[2026-05-10T05:03:58.568+0000] {processor.py:183} INFO - Processing /home/airflow/.local/lib/python3.12/site-packages/airflow/example_dags/example_xcom.py took 0.072 seconds
[2026-05-10T05:04:29.218+0000] {processor.py:161} INFO - Started process (PID=9613) to work on /home/airflow/.local/lib/python3.12/site-packages/airflow/example_dags/example_xcom.py
[2026-05-10T05:04:29.219+0000] {processor.py:830} INFO - Processing file /home/airflow/.local/lib/python3.12/site-packages/airflow/example_dags/example_xcom.py for tasks to queue
[2026-05-10T05:04:29.222+0000] {logging_mixin.py:188} INFO - [2026-05-10T05:04:29.221+0000] {dagbag.py:545} INFO - Filling up the DagBag from /home/airflow/.local/lib/python3.12/site-packages/airflow/example_dags/example_xcom.py
[2026-05-10T05:04:29.228+0000] {processor.py:840} INFO - DAG(s) 'example_xcom' retrieved from /home/airflow/.local/lib/python3.12/site-packages/airflow/example_dags/example_xcom.py
[2026-05-10T05:04:29.250+0000] {logging_mixin.py:188} INFO - [2026-05-10T05:04:29.250+0000] {dag.py:3096} INFO - Sync 1 DAGs
[2026-05-10T05:04:29.275+0000] {logging_mixin.py:188} INFO - [2026-05-10T05:04:29.275+0000] {dag.py:3954} INFO - Setting next_dagrun for example_xcom to 2021-01-01 00:00:00+00:00, run_after=2021-01-01 00:00:00+00:00
[2026-05-10T05:04:29.293+0000] {processor.py:183} INFO - Processing /home/airflow/.local/lib/python3.12/site-packages/airflow/example_dags/example_xcom.py took 0.080 seconds
[2026-05-10T05:04:59.541+0000] {processor.py:161} INFO - Started process (PID=9673) to work on /home/airflow/.local/lib/python3.12/site-packages/airflow/example_dags/example_xcom.py
[2026-05-10T05:04:59.542+0000] {processor.py:830} INFO - Processing file /home/airflow/.local/lib/python3.12/site-packages/airflow/example_dags/example_xcom.py for tasks to queue
[2026-05-10T05:04:59.544+0000] {logging_mixin.py:188} INFO - [2026-05-10T05:04:59.544+0000] {dagbag.py:545} INFO - Filling up the DagBag from /home/airflow/.local/lib/python3.12/site-packages/airflow/example_dags/example_xcom.py
[2026-05-10T05:04:59.550+0000] {processor.py:840} INFO - DAG(s) 'example_xcom' retrieved from /home/airflow/.local/lib/python3.12/site-packages/airflow/example_dags/example_xcom.py
[2026-05-10T05:04:59.568+0000] {logging_mixin.py:188} INFO - [2026-05-10T05:04:59.568+0000] {dag.py:3096} INFO - Sync 1 DAGs
[2026-05-10T05:04:59.585+0000] {logging_mixin.py:188} INFO - [2026-05-10T05:04:59.584+0000] {dag.py:3954} INFO - Setting next_dagrun for example_xcom to 2021-01-01 00:00:00+00:00, run_after=2021-01-01 00:00:00+00:00
[2026-05-10T05:04:59.602+0000] {processor.py:183} INFO - Processing /home/airflow/.local/lib/python3.12/site-packages/airflow/example_dags/example_xcom.py took 0.067 seconds
[2026-05-10T05:05:29.804+0000] {processor.py:161} INFO - Started process (PID=9733) to work on /home/airflow/.local/lib/python3.12/site-packages/airflow/example_dags/example_xcom.py
[2026-05-10T05:05:29.807+0000] {processor.py:830} INFO - Processing file /home/airflow/.local/lib/python3.12/site-packages/airflow/example_dags/example_xcom.py for tasks to queue
[2026-05-10T05:05:29.810+0000] {logging_mixin.py:188} INFO - [2026-05-10T05:05:29.809+0000] {dagbag.py:545} INFO - Filling up the DagBag from /home/airflow/.local/lib/python3.12/site-packages/airflow/example_dags/example_xcom.py
[2026-05-10T05:05:29.817+0000] {processor.py:840} INFO - DAG(s) 'example_xcom' retrieved from /home/airflow/.local/lib/python3.12/site-packages/airflow/example_dags/example_xcom.py
[2026-05-10T05:05:29.839+0000] {logging_mixin.py:188} INFO - [2026-05-10T05:05:29.839+0000] {dag.py:3096} INFO - Sync 1 DAGs
[2026-05-10T05:05:29.856+0000] {logging_mixin.py:188} INFO - [2026-05-10T05:05:29.856+0000] {dag.py:3954} INFO - Setting next_dagrun for example_xcom to 2021-01-01 00:00:00+00:00, run_after=2021-01-01 00:00:00+00:00
[2026-05-10T05:05:29.872+0000] {processor.py:183} INFO - Processing /home/airflow/.local/lib/python3.12/site-packages/airflow/example_dags/example_xcom.py took 0.073 seconds
[2026-05-10T05:05:59.995+0000] {processor.py:161} INFO - Started process (PID=9792) to work on /home/airflow/.local/lib/python3.12/site-packages/airflow/example_dags/example_xcom.py
[2026-05-10T05:05:59.996+0000] {processor.py:830} INFO - Processing file /home/airflow/.local/lib/python3.12/site-packages/airflow/example_dags/example_xcom.py for tasks to queue
[2026-05-10T05:06:00.000+0000] {logging_mixin.py:188} INFO - [2026-05-10T05:05:59.999+0000] {dagbag.py:545} INFO - Filling up the DagBag from /home/airflow/.local/lib/python3.12/site-packages/airflow/example_dags/example_xcom.py
[2026-05-10T05:06:00.010+0000] {processor.py:840} INFO - DAG(s) 'example_xcom' retrieved from /home/airflow/.local/lib/python3.12/site-packages/airflow/example_dags/example_xcom.py
[2026-05-10T05:06:00.037+0000] {logging_mixin.py:188} INFO - [2026-05-10T05:06:00.036+0000] {dag.py:3096} INFO - Sync 1 DAGs
[2026-05-10T05:06:00.059+0000] {logging_mixin.py:188} INFO - [2026-05-10T05:06:00.059+0000] {dag.py:3954} INFO - Setting next_dagrun for example_xcom to 2021-01-01 00:00:00+00:00, run_after=2021-01-01 00:00:00+00:00
[2026-05-10T05:06:00.079+0000] {processor.py:183} INFO - Processing /home/airflow/.local/lib/python3.12/site-packages/airflow/example_dags/example_xcom.py took 0.089 seconds
[2026-05-10T05:06:30.606+0000] {processor.py:161} INFO - Started process (PID=9852) to work on /home/airflow/.local/lib/python3.12/site-packages/airflow/example_dags/example_xcom.py
[2026-05-10T05:06:30.608+0000] {processor.py:830} INFO - Processing file /home/airflow/.local/lib/python3.12/site-packages/airflow/example_dags/example_xcom.py for tasks to queue
[2026-05-10T05:06:30.610+0000] {logging_mixin.py:188} INFO - [2026-05-10T05:06:30.610+0000] {dagbag.py:545} INFO - Filling up the DagBag from /home/airflow/.local/lib/python3.12/site-packages/airflow/example_dags/example_xcom.py
[2026-05-10T05:06:30.617+0000] {processor.py:840} INFO - DAG(s) 'example_xcom' retrieved from /home/airflow/.local/lib/python3.12/site-packages/airflow/example_dags/example_xcom.py
[2026-05-10T05:06:30.636+0000] {logging_mixin.py:188} INFO - [2026-05-10T05:06:30.636+0000] {dag.py:3096} INFO - Sync 1 DAGs
[2026-05-10T05:06:30.656+0000] {logging_mixin.py:188} INFO - [2026-05-10T05:06:30.655+0000] {dag.py:3954} INFO - Setting next_dagrun for example_xcom to 2021-01-01 00:00:00+00:00, run_after=2021-01-01 00:00:00+00:00
[2026-05-10T05:06:30.674+0000] {processor.py:183} INFO - Processing /home/airflow/.local/lib/python3.12/site-packages/airflow/example_dags/example_xcom.py took 0.075 seconds
[2026-05-10T05:07:01.337+0000] {processor.py:161} INFO - Started process (PID=9912) to work on /home/airflow/.local/lib/python3.12/site-packages/airflow/example_dags/example_xcom.py
[2026-05-10T05:07:01.338+0000] {processor.py:830} INFO - Processing file /home/airflow/.local/lib/python3.12/site-packages/airflow/example_dags/example_xcom.py for tasks to queue
[2026-05-10T05:07:01.340+0000] {logging_mixin.py:188} INFO - [2026-05-10T05:07:01.340+0000] {dagbag.py:545} INFO - Filling up the DagBag from /home/airflow/.local/lib/python3.12/site-packages/airflow/example_dags/example_xcom.py
[2026-05-10T05:07:01.348+0000] {processor.py:840} INFO - DAG(s) 'example_xcom' retrieved from /home/airflow/.local/lib/python3.12/site-packages/airflow/example_dags/example_xcom.py
[2026-05-10T05:07:01.368+0000] {logging_mixin.py:188} INFO - [2026-05-10T05:07:01.368+0000] {dag.py:3096} INFO - Sync 1 DAGs
[2026-05-10T05:07:01.386+0000] {logging_mixin.py:188} INFO - [2026-05-10T05:07:01.386+0000] {dag.py:3954} INFO - Setting next_dagrun for example_xcom to 2021-01-01 00:00:00+00:00, run_after=2021-01-01 00:00:00+00:00
[2026-05-10T05:07:01.405+0000] {processor.py:183} INFO - Processing /home/airflow/.local/lib/python3.12/site-packages/airflow/example_dags/example_xcom.py took 0.075 seconds
[2026-05-10T05:07:32.015+0000] {processor.py:161} INFO - Started process (PID=9972) to work on /home/airflow/.local/lib/python3.12/site-packages/airflow/example_dags/example_xcom.py
[2026-05-10T05:07:32.016+0000] {processor.py:830} INFO - Processing file /home/airflow/.local/lib/python3.12/site-packages/airflow/example_dags/example_xcom.py for tasks to queue
[2026-05-10T05:07:32.020+0000] {logging_mixin.py:188} INFO - [2026-05-10T05:07:32.019+0000] {dagbag.py:545} INFO - Filling up the DagBag from /home/airflow/.local/lib/python3.12/site-packages/airflow/example_dags/example_xcom.py
[2026-05-10T05:07:32.029+0000] {processor.py:840} INFO - DAG(s) 'example_xcom' retrieved from /home/airflow/.local/lib/python3.12/site-packages/airflow/example_dags/example_xcom.py
[2026-05-10T05:07:32.056+0000] {logging_mixin.py:188} INFO - [2026-05-10T05:07:32.055+0000] {dag.py:3096} INFO - Sync 1 DAGs
[2026-05-10T05:07:32.077+0000] {logging_mixin.py:188} INFO - [2026-05-10T05:07:32.076+0000] {dag.py:3954} INFO - Setting next_dagrun for example_xcom to 2021-01-01 00:00:00+00:00, run_after=2021-01-01 00:00:00+00:00
[2026-05-10T05:07:32.098+0000] {processor.py:183} INFO - Processing /home/airflow/.local/lib/python3.12/site-packages/airflow/example_dags/example_xcom.py took 0.091 seconds
[2026-05-10T05:08:02.529+0000] {processor.py:161} INFO - Started process (PID=10031) to work on /home/airflow/.local/lib/python3.12/site-packages/airflow/example_dags/example_xcom.py
[2026-05-10T05:08:02.530+0000] {processor.py:830} INFO - Processing file /home/airflow/.local/lib/python3.12/site-packages/airflow/example_dags/example_xcom.py for tasks to queue
[2026-05-10T05:08:02.532+0000] {logging_mixin.py:188} INFO - [2026-05-10T05:08:02.532+0000] {dagbag.py:545} INFO - Filling up the DagBag from /home/airflow/.local/lib/python3.12/site-packages/airflow/example_dags/example_xcom.py
[2026-05-10T05:08:02.538+0000] {processor.py:840} INFO - DAG(s) 'example_xcom' retrieved from /home/airflow/.local/lib/python3.12/site-packages/airflow/example_dags/example_xcom.py
[2026-05-10T05:08:02.556+0000] {logging_mixin.py:188} INFO - [2026-05-10T05:08:02.556+0000] {dag.py:3096} INFO - Sync 1 DAGs
[2026-05-10T05:08:02.573+0000] {logging_mixin.py:188} INFO - [2026-05-10T05:08:02.573+0000] {dag.py:3954} INFO - Setting next_dagrun for example_xcom to 2021-01-01 00:00:00+00:00, run_after=2021-01-01 00:00:00+00:00
[2026-05-10T05:08:02.592+0000] {processor.py:183} INFO - Processing /home/airflow/.local/lib/python3.12/site-packages/airflow/example_dags/example_xcom.py took 0.068 seconds
[2026-05-10T05:08:33.164+0000] {processor.py:161} INFO - Started process (PID=10091) to work on /home/airflow/.local/lib/python3.12/site-packages/airflow/example_dags/example_xcom.py
[2026-05-10T05:08:33.167+0000] {processor.py:830} INFO - Processing file /home/airflow/.local/lib/python3.12/site-packages/airflow/example_dags/example_xcom.py for tasks to queue
[2026-05-10T05:08:33.171+0000] {logging_mixin.py:188} INFO - [2026-05-10T05:08:33.170+0000] {dagbag.py:545} INFO - Filling up the DagBag from /home/airflow/.local/lib/python3.12/site-packages/airflow/example_dags/example_xcom.py
[2026-05-10T05:08:33.179+0000] {processor.py:840} INFO - DAG(s) 'example_xcom' retrieved from /home/airflow/.local/lib/python3.12/site-packages/airflow/example_dags/example_xcom.py
[2026-05-10T05:08:33.199+0000] {logging_mixin.py:188} INFO - [2026-05-10T05:08:33.199+0000] {dag.py:3096} INFO - Sync 1 DAGs
[2026-05-10T05:08:33.223+0000] {logging_mixin.py:188} INFO - [2026-05-10T05:08:33.223+0000] {dag.py:3954} INFO - Setting next_dagrun for example_xcom to 2021-01-01 00:00:00+00:00, run_after=2021-01-01 00:00:00+00:00
[2026-05-10T05:08:33.246+0000] {processor.py:183} INFO - Processing /home/airflow/.local/lib/python3.12/site-packages/airflow/example_dags/example_xcom.py took 0.088 seconds
[2026-05-10T05:09:04.043+0000] {processor.py:161} INFO - Started process (PID=10152) to work on /home/airflow/.local/lib/python3.12/site-packages/airflow/example_dags/example_xcom.py
[2026-05-10T05:09:04.045+0000] {processor.py:830} INFO - Processing file /home/airflow/.local/lib/python3.12/site-packages/airflow/example_dags/example_xcom.py for tasks to queue
[2026-05-10T05:09:04.047+0000] {logging_mixin.py:188} INFO - [2026-05-10T05:09:04.047+0000] {dagbag.py:545} INFO - Filling up the DagBag from /home/airflow/.local/lib/python3.12/site-packages/airflow/example_dags/example_xcom.py
[2026-05-10T05:09:04.053+0000] {processor.py:840} INFO - DAG(s) 'example_xcom' retrieved from /home/airflow/.local/lib/python3.12/site-packages/airflow/example_dags/example_xcom.py
[2026-05-10T05:09:04.071+0000] {logging_mixin.py:188} INFO - [2026-05-10T05:09:04.071+0000] {dag.py:3096} INFO - Sync 1 DAGs
[2026-05-10T05:09:04.088+0000] {logging_mixin.py:188} INFO - [2026-05-10T05:09:04.088+0000] {dag.py:3954} INFO - Setting next_dagrun for example_xcom to 2021-01-01 00:00:00+00:00, run_after=2021-01-01 00:00:00+00:00
[2026-05-10T05:09:04.106+0000] {processor.py:183} INFO - Processing /home/airflow/.local/lib/python3.12/site-packages/airflow/example_dags/example_xcom.py took 0.068 seconds
[2026-05-10T05:09:34.320+0000] {processor.py:161} INFO - Started process (PID=10211) to work on /home/airflow/.local/lib/python3.12/site-packages/airflow/example_dags/example_xcom.py
[2026-05-10T05:09:34.322+0000] {processor.py:830} INFO - Processing file /home/airflow/.local/lib/python3.12/site-packages/airflow/example_dags/example_xcom.py for tasks to queue
[2026-05-10T05:09:34.324+0000] {logging_mixin.py:188} INFO - [2026-05-10T05:09:34.323+0000] {dagbag.py:545} INFO - Filling up the DagBag from /home/airflow/.local/lib/python3.12/site-packages/airflow/example_dags/example_xcom.py
[2026-05-10T05:09:34.330+0000] {processor.py:840} INFO - DAG(s) 'example_xcom' retrieved from /home/airflow/.local/lib/python3.12/site-packages/airflow/example_dags/example_xcom.py
[2026-05-10T05:09:34.348+0000] {logging_mixin.py:188} INFO - [2026-05-10T05:09:34.348+0000] {dag.py:3096} INFO - Sync 1 DAGs
[2026-05-10T05:09:34.364+0000] {logging_mixin.py:188} INFO - [2026-05-10T05:09:34.364+0000] {dag.py:3954} INFO - Setting next_dagrun for example_xcom to 2021-01-01 00:00:00+00:00, run_after=2021-01-01 00:00:00+00:00
[2026-05-10T05:09:34.382+0000] {processor.py:183} INFO - Processing /home/airflow/.local/lib/python3.12/site-packages/airflow/example_dags/example_xcom.py took 0.067 seconds
[2026-05-10T05:10:04.644+0000] {processor.py:161} INFO - Started process (PID=10271) to work on /home/airflow/.local/lib/python3.12/site-packages/airflow/example_dags/example_xcom.py
[2026-05-10T05:10:04.646+0000] {processor.py:830} INFO - Processing file /home/airflow/.local/lib/python3.12/site-packages/airflow/example_dags/example_xcom.py for tasks to queue
[2026-05-10T05:10:04.648+0000] {logging_mixin.py:188} INFO - [2026-05-10T05:10:04.648+0000] {dagbag.py:545} INFO - Filling up the DagBag from /home/airflow/.local/lib/python3.12/site-packages/airflow/example_dags/example_xcom.py
[2026-05-10T05:10:04.656+0000] {processor.py:840} INFO - DAG(s) 'example_xcom' retrieved from /home/airflow/.local/lib/python3.12/site-packages/airflow/example_dags/example_xcom.py
[2026-05-10T05:10:04.676+0000] {logging_mixin.py:188} INFO - [2026-05-10T05:10:04.675+0000] {dag.py:3096} INFO - Sync 1 DAGs
[2026-05-10T05:10:04.693+0000] {logging_mixin.py:188} INFO - [2026-05-10T05:10:04.693+0000] {dag.py:3954} INFO - Setting next_dagrun for example_xcom to 2021-01-01 00:00:00+00:00, run_after=2021-01-01 00:00:00+00:00
[2026-05-10T05:10:04.711+0000] {processor.py:183} INFO - Processing /home/airflow/.local/lib/python3.12/site-packages/airflow/example_dags/example_xcom.py took 0.073 seconds
[2026-05-10T05:10:34.855+0000] {processor.py:161} INFO - Started process (PID=10331) to work on /home/airflow/.local/lib/python3.12/site-packages/airflow/example_dags/example_xcom.py
[2026-05-10T05:10:34.857+0000] {processor.py:830} INFO - Processing file /home/airflow/.local/lib/python3.12/site-packages/airflow/example_dags/example_xcom.py for tasks to queue
[2026-05-10T05:10:34.859+0000] {logging_mixin.py:188} INFO - [2026-05-10T05:10:34.858+0000] {dagbag.py:545} INFO - Filling up the DagBag from /home/airflow/.local/lib/python3.12/site-packages/airflow/example_dags/example_xcom.py
[2026-05-10T05:10:34.865+0000] {processor.py:840} INFO - DAG(s) 'example_xcom' retrieved from /home/airflow/.local/lib/python3.12/site-packages/airflow/example_dags/example_xcom.py
[2026-05-10T05:10:34.883+0000] {logging_mixin.py:188} INFO - [2026-05-10T05:10:34.883+0000] {dag.py:3096} INFO - Sync 1 DAGs
[2026-05-10T05:10:34.900+0000] {logging_mixin.py:188} INFO - [2026-05-10T05:10:34.900+0000] {dag.py:3954} INFO - Setting next_dagrun for example_xcom to 2021-01-01 00:00:00+00:00, run_after=2021-01-01 00:00:00+00:00
[2026-05-10T05:10:34.919+0000] {processor.py:183} INFO - Processing /home/airflow/.local/lib/python3.12/site-packages/airflow/example_dags/example_xcom.py took 0.068 seconds
[2026-05-10T05:11:05.611+0000] {processor.py:161} INFO - Started process (PID=10391) to work on /home/airflow/.local/lib/python3.12/site-packages/airflow/example_dags/example_xcom.py
[2026-05-10T05:11:05.613+0000] {processor.py:830} INFO - Processing file /home/airflow/.local/lib/python3.12/site-packages/airflow/example_dags/example_xcom.py for tasks to queue
[2026-05-10T05:11:05.618+0000] {logging_mixin.py:188} INFO - [2026-05-10T05:11:05.617+0000] {dagbag.py:545} INFO - Filling up the DagBag from /home/airflow/.local/lib/python3.12/site-packages/airflow/example_dags/example_xcom.py
[2026-05-10T05:11:05.625+0000] {processor.py:840} INFO - DAG(s) 'example_xcom' retrieved from /home/airflow/.local/lib/python3.12/site-packages/airflow/example_dags/example_xcom.py
[2026-05-10T05:11:05.642+0000] {logging_mixin.py:188} INFO - [2026-05-10T05:11:05.642+0000] {dag.py:3096} INFO - Sync 1 DAGs
[2026-05-10T05:11:05.663+0000] {logging_mixin.py:188} INFO - [2026-05-10T05:11:05.663+0000] {dag.py:3954} INFO - Setting next_dagrun for example_xcom to 2021-01-01 00:00:00+00:00, run_after=2021-01-01 00:00:00+00:00
[2026-05-10T05:11:05.683+0000] {processor.py:183} INFO - Processing /home/airflow/.local/lib/python3.12/site-packages/airflow/example_dags/example_xcom.py took 0.076 seconds
[2026-05-10T05:11:35.789+0000] {processor.py:161} INFO - Started process (PID=10452) to work on /home/airflow/.local/lib/python3.12/site-packages/airflow/example_dags/example_xcom.py
[2026-05-10T05:11:35.790+0000] {processor.py:830} INFO - Processing file /home/airflow/.local/lib/python3.12/site-packages/airflow/example_dags/example_xcom.py for tasks to queue
[2026-05-10T05:11:35.797+0000] {logging_mixin.py:188} INFO - [2026-05-10T05:11:35.796+0000] {dagbag.py:545} INFO - Filling up the DagBag from /home/airflow/.local/lib/python3.12/site-packages/airflow/example_dags/example_xcom.py
[2026-05-10T05:11:35.803+0000] {processor.py:840} INFO - DAG(s) 'example_xcom' retrieved from /home/airflow/.local/lib/python3.12/site-packages/airflow/example_dags/example_xcom.py
[2026-05-10T05:11:35.822+0000] {logging_mixin.py:188} INFO - [2026-05-10T05:11:35.822+0000] {dag.py:3096} INFO - Sync 1 DAGs
[2026-05-10T05:11:35.841+0000] {logging_mixin.py:188} INFO - [2026-05-10T05:11:35.841+0000] {dag.py:3954} INFO - Setting next_dagrun for example_xcom to 2021-01-01 00:00:00+00:00, run_after=2021-01-01 00:00:00+00:00
[2026-05-10T05:11:35.856+0000] {processor.py:183} INFO - Processing /home/airflow/.local/lib/python3.12/site-packages/airflow/example_dags/example_xcom.py took 0.072 seconds
[2026-05-10T05:12:06.336+0000] {processor.py:161} INFO - Started process (PID=10512) to work on /home/airflow/.local/lib/python3.12/site-packages/airflow/example_dags/example_xcom.py
[2026-05-10T05:12:06.338+0000] {processor.py:830} INFO - Processing file /home/airflow/.local/lib/python3.12/site-packages/airflow/example_dags/example_xcom.py for tasks to queue
[2026-05-10T05:12:06.341+0000] {logging_mixin.py:188} INFO - [2026-05-10T05:12:06.340+0000] {dagbag.py:545} INFO - Filling up the DagBag from /home/airflow/.local/lib/python3.12/site-packages/airflow/example_dags/example_xcom.py
[2026-05-10T05:12:06.348+0000] {processor.py:840} INFO - DAG(s) 'example_xcom' retrieved from /home/airflow/.local/lib/python3.12/site-packages/airflow/example_dags/example_xcom.py
[2026-05-10T05:12:06.369+0000] {logging_mixin.py:188} INFO - [2026-05-10T05:12:06.369+0000] {dag.py:3096} INFO - Sync 1 DAGs
[2026-05-10T05:12:06.389+0000] {logging_mixin.py:188} INFO - [2026-05-10T05:12:06.389+0000] {dag.py:3954} INFO - Setting next_dagrun for example_xcom to 2021-01-01 00:00:00+00:00, run_after=2021-01-01 00:00:00+00:00
[2026-05-10T05:12:06.406+0000] {processor.py:183} INFO - Processing /home/airflow/.local/lib/python3.12/site-packages/airflow/example_dags/example_xcom.py took 0.075 seconds
[2026-05-10T05:12:36.691+0000] {processor.py:161} INFO - Started process (PID=10572) to work on /home/airflow/.local/lib/python3.12/site-packages/airflow/example_dags/example_xcom.py
[2026-05-10T05:12:36.693+0000] {processor.py:830} INFO - Processing file /home/airflow/.local/lib/python3.12/site-packages/airflow/example_dags/example_xcom.py for tasks to queue
[2026-05-10T05:12:36.695+0000] {logging_mixin.py:188} INFO - [2026-05-10T05:12:36.694+0000] {dagbag.py:545} INFO - Filling up the DagBag from /home/airflow/.local/lib/python3.12/site-packages/airflow/example_dags/example_xcom.py
[2026-05-10T05:12:36.701+0000] {processor.py:840} INFO - DAG(s) 'example_xcom' retrieved from /home/airflow/.local/lib/python3.12/site-packages/airflow/example_dags/example_xcom.py
[2026-05-10T05:12:36.719+0000] {logging_mixin.py:188} INFO - [2026-05-10T05:12:36.718+0000] {dag.py:3096} INFO - Sync 1 DAGs
[2026-05-10T05:12:36.735+0000] {logging_mixin.py:188} INFO - [2026-05-10T05:12:36.735+0000] {dag.py:3954} INFO - Setting next_dagrun for example_xcom to 2021-01-01 00:00:00+00:00, run_after=2021-01-01 00:00:00+00:00
[2026-05-10T05:12:36.753+0000] {processor.py:183} INFO - Processing /home/airflow/.local/lib/python3.12/site-packages/airflow/example_dags/example_xcom.py took 0.066 seconds
[2026-05-10T05:13:06.967+0000] {processor.py:161} INFO - Started process (PID=10632) to work on /home/airflow/.local/lib/python3.12/site-packages/airflow/example_dags/example_xcom.py
[2026-05-10T05:13:06.969+0000] {processor.py:830} INFO - Processing file /home/airflow/.local/lib/python3.12/site-packages/airflow/example_dags/example_xcom.py for tasks to queue
[2026-05-10T05:13:06.971+0000] {logging_mixin.py:188} INFO - [2026-05-10T05:13:06.970+0000] {dagbag.py:545} INFO - Filling up the DagBag from /home/airflow/.local/lib/python3.12/site-packages/airflow/example_dags/example_xcom.py
[2026-05-10T05:13:06.977+0000] {processor.py:840} INFO - DAG(s) 'example_xcom' retrieved from /home/airflow/.local/lib/python3.12/site-packages/airflow/example_dags/example_xcom.py
[2026-05-10T05:13:06.997+0000] {logging_mixin.py:188} INFO - [2026-05-10T05:13:06.997+0000] {dag.py:3096} INFO - Sync 1 DAGs
[2026-05-10T05:13:07.016+0000] {logging_mixin.py:188} INFO - [2026-05-10T05:13:07.016+0000] {dag.py:3954} INFO - Setting next_dagrun for example_xcom to 2021-01-01 00:00:00+00:00, run_after=2021-01-01 00:00:00+00:00
[2026-05-10T05:13:07.034+0000] {processor.py:183} INFO - Processing /home/airflow/.local/lib/python3.12/site-packages/airflow/example_dags/example_xcom.py took 0.072 seconds
[2026-05-10T05:13:37.234+0000] {processor.py:161} INFO - Started process (PID=10692) to work on /home/airflow/.local/lib/python3.12/site-packages/airflow/example_dags/example_xcom.py
[2026-05-10T05:13:37.236+0000] {processor.py:830} INFO - Processing file /home/airflow/.local/lib/python3.12/site-packages/airflow/example_dags/example_xcom.py for tasks to queue
[2026-05-10T05:13:37.238+0000] {logging_mixin.py:188} INFO - [2026-05-10T05:13:37.238+0000] {dagbag.py:545} INFO - Filling up the DagBag from /home/airflow/.local/lib/python3.12/site-packages/airflow/example_dags/example_xcom.py
[2026-05-10T05:13:37.244+0000] {processor.py:840} INFO - DAG(s) 'example_xcom' retrieved from /home/airflow/.local/lib/python3.12/site-packages/airflow/example_dags/example_xcom.py
[2026-05-10T05:13:37.262+0000] {logging_mixin.py:188} INFO - [2026-05-10T05:13:37.262+0000] {dag.py:3096} INFO - Sync 1 DAGs
[2026-05-10T05:13:37.279+0000] {logging_mixin.py:188} INFO - [2026-05-10T05:13:37.279+0000] {dag.py:3954} INFO - Setting next_dagrun for example_xcom to 2021-01-01 00:00:00+00:00, run_after=2021-01-01 00:00:00+00:00
[2026-05-10T05:13:37.297+0000] {processor.py:183} INFO - Processing /home/airflow/.local/lib/python3.12/site-packages/airflow/example_dags/example_xcom.py took 0.068 seconds
[2026-05-10T05:14:07.650+0000] {processor.py:161} INFO - Started process (PID=10752) to work on /home/airflow/.local/lib/python3.12/site-packages/airflow/example_dags/example_xcom.py
[2026-05-10T05:14:07.651+0000] {processor.py:830} INFO - Processing file /home/airflow/.local/lib/python3.12/site-packages/airflow/example_dags/example_xcom.py for tasks to queue
[2026-05-10T05:14:07.653+0000] {logging_mixin.py:188} INFO - [2026-05-10T05:14:07.653+0000] {dagbag.py:545} INFO - Filling up the DagBag from /home/airflow/.local/lib/python3.12/site-packages/airflow/example_dags/example_xcom.py
[2026-05-10T05:14:07.660+0000] {processor.py:840} INFO - DAG(s) 'example_xcom' retrieved from /home/airflow/.local/lib/python3.12/site-packages/airflow/example_dags/example_xcom.py
[2026-05-10T05:14:07.680+0000] {logging_mixin.py:188} INFO - [2026-05-10T05:14:07.679+0000] {dag.py:3096} INFO - Sync 1 DAGs
[2026-05-10T05:14:07.697+0000] {logging_mixin.py:188} INFO - [2026-05-10T05:14:07.697+0000] {dag.py:3954} INFO - Setting next_dagrun for example_xcom to 2021-01-01 00:00:00+00:00, run_after=2021-01-01 00:00:00+00:00
[2026-05-10T05:14:07.714+0000] {processor.py:183} INFO - Processing /home/airflow/.local/lib/python3.12/site-packages/airflow/example_dags/example_xcom.py took 0.069 seconds
[2026-05-10T05:14:37.851+0000] {processor.py:161} INFO - Started process (PID=10812) to work on /home/airflow/.local/lib/python3.12/site-packages/airflow/example_dags/example_xcom.py
[2026-05-10T05:14:37.853+0000] {processor.py:830} INFO - Processing file /home/airflow/.local/lib/python3.12/site-packages/airflow/example_dags/example_xcom.py for tasks to queue
[2026-05-10T05:14:37.855+0000] {logging_mixin.py:188} INFO - [2026-05-10T05:14:37.855+0000] {dagbag.py:545} INFO - Filling up the DagBag from /home/airflow/.local/lib/python3.12/site-packages/airflow/example_dags/example_xcom.py
[2026-05-10T05:14:37.863+0000] {processor.py:840} INFO - DAG(s) 'example_xcom' retrieved from /home/airflow/.local/lib/python3.12/site-packages/airflow/example_dags/example_xcom.py
[2026-05-10T05:14:37.884+0000] {logging_mixin.py:188} INFO - [2026-05-10T05:14:37.883+0000] {dag.py:3096} INFO - Sync 1 DAGs
[2026-05-10T05:14:37.904+0000] {logging_mixin.py:188} INFO - [2026-05-10T05:14:37.904+0000] {dag.py:3954} INFO - Setting next_dagrun for example_xcom to 2021-01-01 00:00:00+00:00, run_after=2021-01-01 00:00:00+00:00
[2026-05-10T05:14:37.923+0000] {processor.py:183} INFO - Processing /home/airflow/.local/lib/python3.12/site-packages/airflow/example_dags/example_xcom.py took 0.077 seconds
[2026-05-10T05:15:08.201+0000] {processor.py:161} INFO - Started process (PID=10871) to work on /home/airflow/.local/lib/python3.12/site-packages/airflow/example_dags/example_xcom.py
[2026-05-10T05:15:08.203+0000] {processor.py:830} INFO - Processing file /home/airflow/.local/lib/python3.12/site-packages/airflow/example_dags/example_xcom.py for tasks to queue
[2026-05-10T05:15:08.205+0000] {logging_mixin.py:188} INFO - [2026-05-10T05:15:08.204+0000] {dagbag.py:545} INFO - Filling up the DagBag from /home/airflow/.local/lib/python3.12/site-packages/airflow/example_dags/example_xcom.py
[2026-05-10T05:15:08.211+0000] {processor.py:840} INFO - DAG(s) 'example_xcom' retrieved from /home/airflow/.local/lib/python3.12/site-packages/airflow/example_dags/example_xcom.py
[2026-05-10T05:15:08.230+0000] {logging_mixin.py:188} INFO - [2026-05-10T05:15:08.230+0000] {dag.py:3096} INFO - Sync 1 DAGs
[2026-05-10T05:15:08.246+0000] {logging_mixin.py:188} INFO - [2026-05-10T05:15:08.246+0000] {dag.py:3954} INFO - Setting next_dagrun for example_xcom to 2021-01-01 00:00:00+00:00, run_after=2021-01-01 00:00:00+00:00
[2026-05-10T05:15:08.265+0000] {processor.py:183} INFO - Processing /home/airflow/.local/lib/python3.12/site-packages/airflow/example_dags/example_xcom.py took 0.068 seconds
[2026-05-10T05:15:39.109+0000] {processor.py:161} INFO - Started process (PID=10931) to work on /home/airflow/.local/lib/python3.12/site-packages/airflow/example_dags/example_xcom.py
[2026-05-10T05:15:39.111+0000] {processor.py:830} INFO - Processing file /home/airflow/.local/lib/python3.12/site-packages/airflow/example_dags/example_xcom.py for tasks to queue
[2026-05-10T05:15:39.113+0000] {logging_mixin.py:188} INFO - [2026-05-10T05:15:39.113+0000] {dagbag.py:545} INFO - Filling up the DagBag from /home/airflow/.local/lib/python3.12/site-packages/airflow/example_dags/example_xcom.py
[2026-05-10T05:15:39.123+0000] {processor.py:840} INFO - DAG(s) 'example_xcom' retrieved from /home/airflow/.local/lib/python3.12/site-packages/airflow/example_dags/example_xcom.py
[2026-05-10T05:15:39.142+0000] {logging_mixin.py:188} INFO - [2026-05-10T05:15:39.142+0000] {dag.py:3096} INFO - Sync 1 DAGs
[2026-05-10T05:15:39.158+0000] {logging_mixin.py:188} INFO - [2026-05-10T05:15:39.158+0000] {dag.py:3954} INFO - Setting next_dagrun for example_xcom to 2021-01-01 00:00:00+00:00, run_after=2021-01-01 00:00:00+00:00
[2026-05-10T05:15:39.174+0000] {processor.py:183} INFO - Processing /home/airflow/.local/lib/python3.12/site-packages/airflow/example_dags/example_xcom.py took 0.070 seconds
[2026-05-10T05:16:09.388+0000] {processor.py:161} INFO - Started process (PID=10991) to work on /home/airflow/.local/lib/python3.12/site-packages/airflow/example_dags/example_xcom.py
[2026-05-10T05:16:09.389+0000] {processor.py:830} INFO - Processing file /home/airflow/.local/lib/python3.12/site-packages/airflow/example_dags/example_xcom.py for tasks to queue
[2026-05-10T05:16:09.391+0000] {logging_mixin.py:188} INFO - [2026-05-10T05:16:09.391+0000] {dagbag.py:545} INFO - Filling up the DagBag from /home/airflow/.local/lib/python3.12/site-packages/airflow/example_dags/example_xcom.py
[2026-05-10T05:16:09.398+0000] {processor.py:840} INFO - DAG(s) 'example_xcom' retrieved from /home/airflow/.local/lib/python3.12/site-packages/airflow/example_dags/example_xcom.py
[2026-05-10T05:16:09.416+0000] {logging_mixin.py:188} INFO - [2026-05-10T05:16:09.416+0000] {dag.py:3096} INFO - Sync 1 DAGs
[2026-05-10T05:16:09.435+0000] {logging_mixin.py:188} INFO - [2026-05-10T05:16:09.435+0000] {dag.py:3954} INFO - Setting next_dagrun for example_xcom to 2021-01-01 00:00:00+00:00, run_after=2021-01-01 00:00:00+00:00
[2026-05-10T05:16:09.453+0000] {processor.py:183} INFO - Processing /home/airflow/.local/lib/python3.12/site-packages/airflow/example_dags/example_xcom.py took 0.070 seconds
[2026-05-10T05:16:39.780+0000] {processor.py:161} INFO - Started process (PID=11051) to work on /home/airflow/.local/lib/python3.12/site-packages/airflow/example_dags/example_xcom.py
[2026-05-10T05:16:39.782+0000] {processor.py:830} INFO - Processing file /home/airflow/.local/lib/python3.12/site-packages/airflow/example_dags/example_xcom.py for tasks to queue
[2026-05-10T05:16:39.784+0000] {logging_mixin.py:188} INFO - [2026-05-10T05:16:39.784+0000] {dagbag.py:545} INFO - Filling up the DagBag from /home/airflow/.local/lib/python3.12/site-packages/airflow/example_dags/example_xcom.py
[2026-05-10T05:16:39.790+0000] {processor.py:840} INFO - DAG(s) 'example_xcom' retrieved from /home/airflow/.local/lib/python3.12/site-packages/airflow/example_dags/example_xcom.py
[2026-05-10T05:16:39.808+0000] {logging_mixin.py:188} INFO - [2026-05-10T05:16:39.808+0000] {dag.py:3096} INFO - Sync 1 DAGs
[2026-05-10T05:16:39.826+0000] {logging_mixin.py:188} INFO - [2026-05-10T05:16:39.826+0000] {dag.py:3954} INFO - Setting next_dagrun for example_xcom to 2021-01-01 00:00:00+00:00, run_after=2021-01-01 00:00:00+00:00
[2026-05-10T05:16:39.844+0000] {processor.py:183} INFO - Processing /home/airflow/.local/lib/python3.12/site-packages/airflow/example_dags/example_xcom.py took 0.068 seconds
[2026-05-10T05:17:10.219+0000] {processor.py:161} INFO - Started process (PID=11111) to work on /home/airflow/.local/lib/python3.12/site-packages/airflow/example_dags/example_xcom.py
[2026-05-10T05:17:10.222+0000] {processor.py:830} INFO - Processing file /home/airflow/.local/lib/python3.12/site-packages/airflow/example_dags/example_xcom.py for tasks to queue
[2026-05-10T05:17:10.224+0000] {logging_mixin.py:188} INFO - [2026-05-10T05:17:10.224+0000] {dagbag.py:545} INFO - Filling up the DagBag from /home/airflow/.local/lib/python3.12/site-packages/airflow/example_dags/example_xcom.py
[2026-05-10T05:17:10.232+0000] {processor.py:840} INFO - DAG(s) 'example_xcom' retrieved from /home/airflow/.local/lib/python3.12/site-packages/airflow/example_dags/example_xcom.py
[2026-05-10T05:17:10.253+0000] {logging_mixin.py:188} INFO - [2026-05-10T05:17:10.253+0000] {dag.py:3096} INFO - Sync 1 DAGs
[2026-05-10T05:17:10.272+0000] {logging_mixin.py:188} INFO - [2026-05-10T05:17:10.271+0000] {dag.py:3954} INFO - Setting next_dagrun for example_xcom to 2021-01-01 00:00:00+00:00, run_after=2021-01-01 00:00:00+00:00
[2026-05-10T05:17:10.289+0000] {processor.py:183} INFO - Processing /home/airflow/.local/lib/python3.12/site-packages/airflow/example_dags/example_xcom.py took 0.076 seconds
[2026-05-10T05:17:40.488+0000] {processor.py:161} INFO - Started process (PID=11172) to work on /home/airflow/.local/lib/python3.12/site-packages/airflow/example_dags/example_xcom.py
[2026-05-10T05:17:40.489+0000] {processor.py:830} INFO - Processing file /home/airflow/.local/lib/python3.12/site-packages/airflow/example_dags/example_xcom.py for tasks to queue
[2026-05-10T05:17:40.492+0000] {logging_mixin.py:188} INFO - [2026-05-10T05:17:40.491+0000] {dagbag.py:545} INFO - Filling up the DagBag from /home/airflow/.local/lib/python3.12/site-packages/airflow/example_dags/example_xcom.py
[2026-05-10T05:17:40.498+0000] {processor.py:840} INFO - DAG(s) 'example_xcom' retrieved from /home/airflow/.local/lib/python3.12/site-packages/airflow/example_dags/example_xcom.py
[2026-05-10T05:17:40.517+0000] {logging_mixin.py:188} INFO - [2026-05-10T05:17:40.517+0000] {dag.py:3096} INFO - Sync 1 DAGs
[2026-05-10T05:17:40.533+0000] {logging_mixin.py:188} INFO - [2026-05-10T05:17:40.533+0000] {dag.py:3954} INFO - Setting next_dagrun for example_xcom to 2021-01-01 00:00:00+00:00, run_after=2021-01-01 00:00:00+00:00
[2026-05-10T05:17:40.549+0000] {processor.py:183} INFO - Processing /home/airflow/.local/lib/python3.12/site-packages/airflow/example_dags/example_xcom.py took 0.070 seconds
[2026-05-10T05:18:10.938+0000] {processor.py:161} INFO - Started process (PID=11232) to work on /home/airflow/.local/lib/python3.12/site-packages/airflow/example_dags/example_xcom.py
[2026-05-10T05:18:10.940+0000] {processor.py:830} INFO - Processing file /home/airflow/.local/lib/python3.12/site-packages/airflow/example_dags/example_xcom.py for tasks to queue
[2026-05-10T05:18:10.942+0000] {logging_mixin.py:188} INFO - [2026-05-10T05:18:10.942+0000] {dagbag.py:545} INFO - Filling up the DagBag from /home/airflow/.local/lib/python3.12/site-packages/airflow/example_dags/example_xcom.py
[2026-05-10T05:18:10.948+0000] {processor.py:840} INFO - DAG(s) 'example_xcom' retrieved from /home/airflow/.local/lib/python3.12/site-packages/airflow/example_dags/example_xcom.py
[2026-05-10T05:18:10.967+0000] {logging_mixin.py:188} INFO - [2026-05-10T05:18:10.967+0000] {dag.py:3096} INFO - Sync 1 DAGs
[2026-05-10T05:18:10.986+0000] {logging_mixin.py:188} INFO - [2026-05-10T05:18:10.986+0000] {dag.py:3954} INFO - Setting next_dagrun for example_xcom to 2021-01-01 00:00:00+00:00, run_after=2021-01-01 00:00:00+00:00
[2026-05-10T05:18:11.006+0000] {processor.py:183} INFO - Processing /home/airflow/.local/lib/python3.12/site-packages/airflow/example_dags/example_xcom.py took 0.073 seconds
[2026-05-10T05:18:41.454+0000] {processor.py:161} INFO - Started process (PID=11292) to work on /home/airflow/.local/lib/python3.12/site-packages/airflow/example_dags/example_xcom.py
[2026-05-10T05:18:41.456+0000] {processor.py:830} INFO - Processing file /home/airflow/.local/lib/python3.12/site-packages/airflow/example_dags/example_xcom.py for tasks to queue
[2026-05-10T05:18:41.458+0000] {logging_mixin.py:188} INFO - [2026-05-10T05:18:41.458+0000] {dagbag.py:545} INFO - Filling up the DagBag from /home/airflow/.local/lib/python3.12/site-packages/airflow/example_dags/example_xcom.py
[2026-05-10T05:18:41.465+0000] {processor.py:840} INFO - DAG(s) 'example_xcom' retrieved from /home/airflow/.local/lib/python3.12/site-packages/airflow/example_dags/example_xcom.py
[2026-05-10T05:18:41.484+0000] {logging_mixin.py:188} INFO - [2026-05-10T05:18:41.484+0000] {dag.py:3096} INFO - Sync 1 DAGs
[2026-05-10T05:18:41.501+0000] {logging_mixin.py:188} INFO - [2026-05-10T05:18:41.500+0000] {dag.py:3954} INFO - Setting next_dagrun for example_xcom to 2021-01-01 00:00:00+00:00, run_after=2021-01-01 00:00:00+00:00
[2026-05-10T05:18:41.519+0000] {processor.py:183} INFO - Processing /home/airflow/.local/lib/python3.12/site-packages/airflow/example_dags/example_xcom.py took 0.068 seconds
[2026-05-10T05:19:12.326+0000] {processor.py:161} INFO - Started process (PID=11352) to work on /home/airflow/.local/lib/python3.12/site-packages/airflow/example_dags/example_xcom.py
[2026-05-10T05:19:12.327+0000] {processor.py:830} INFO - Processing file /home/airflow/.local/lib/python3.12/site-packages/airflow/example_dags/example_xcom.py for tasks to queue
[2026-05-10T05:19:12.330+0000] {logging_mixin.py:188} INFO - [2026-05-10T05:19:12.330+0000] {dagbag.py:545} INFO - Filling up the DagBag from /home/airflow/.local/lib/python3.12/site-packages/airflow/example_dags/example_xcom.py
[2026-05-10T05:19:12.337+0000] {processor.py:840} INFO - DAG(s) 'example_xcom' retrieved from /home/airflow/.local/lib/python3.12/site-packages/airflow/example_dags/example_xcom.py
[2026-05-10T05:19:12.359+0000] {logging_mixin.py:188} INFO - [2026-05-10T05:19:12.359+0000] {dag.py:3096} INFO - Sync 1 DAGs
[2026-05-10T05:19:12.378+0000] {logging_mixin.py:188} INFO - [2026-05-10T05:19:12.377+0000] {dag.py:3954} INFO - Setting next_dagrun for example_xcom to 2021-01-01 00:00:00+00:00, run_after=2021-01-01 00:00:00+00:00
[2026-05-10T05:19:12.397+0000] {processor.py:183} INFO - Processing /home/airflow/.local/lib/python3.12/site-packages/airflow/example_dags/example_xcom.py took 0.078 seconds
[2026-05-10T05:19:42.623+0000] {processor.py:161} INFO - Started process (PID=11412) to work on /home/airflow/.local/lib/python3.12/site-packages/airflow/example_dags/example_xcom.py
[2026-05-10T05:19:42.624+0000] {processor.py:830} INFO - Processing file /home/airflow/.local/lib/python3.12/site-packages/airflow/example_dags/example_xcom.py for tasks to queue
[2026-05-10T05:19:42.626+0000] {logging_mixin.py:188} INFO - [2026-05-10T05:19:42.626+0000] {dagbag.py:545} INFO - Filling up the DagBag from /home/airflow/.local/lib/python3.12/site-packages/airflow/example_dags/example_xcom.py
[2026-05-10T05:19:42.632+0000] {processor.py:840} INFO - DAG(s) 'example_xcom' retrieved from /home/airflow/.local/lib/python3.12/site-packages/airflow/example_dags/example_xcom.py
[2026-05-10T05:19:42.650+0000] {logging_mixin.py:188} INFO - [2026-05-10T05:19:42.650+0000] {dag.py:3096} INFO - Sync 1 DAGs
[2026-05-10T05:19:42.666+0000] {logging_mixin.py:188} INFO - [2026-05-10T05:19:42.665+0000] {dag.py:3954} INFO - Setting next_dagrun for example_xcom to 2021-01-01 00:00:00+00:00, run_after=2021-01-01 00:00:00+00:00
[2026-05-10T05:19:42.681+0000] {processor.py:183} INFO - Processing /home/airflow/.local/lib/python3.12/site-packages/airflow/example_dags/example_xcom.py took 0.063 seconds
[2026-05-10T05:20:12.922+0000] {processor.py:161} INFO - Started process (PID=11472) to work on /home/airflow/.local/lib/python3.12/site-packages/airflow/example_dags/example_xcom.py
[2026-05-10T05:20:12.923+0000] {processor.py:830} INFO - Processing file /home/airflow/.local/lib/python3.12/site-packages/airflow/example_dags/example_xcom.py for tasks to queue
[2026-05-10T05:20:12.925+0000] {logging_mixin.py:188} INFO - [2026-05-10T05:20:12.925+0000] {dagbag.py:545} INFO - Filling up the DagBag from /home/airflow/.local/lib/python3.12/site-packages/airflow/example_dags/example_xcom.py
[2026-05-10T05:20:12.930+0000] {processor.py:840} INFO - DAG(s) 'example_xcom' retrieved from /home/airflow/.local/lib/python3.12/site-packages/airflow/example_dags/example_xcom.py
[2026-05-10T05:20:12.948+0000] {logging_mixin.py:188} INFO - [2026-05-10T05:20:12.948+0000] {dag.py:3096} INFO - Sync 1 DAGs
[2026-05-10T05:20:12.965+0000] {logging_mixin.py:188} INFO - [2026-05-10T05:20:12.965+0000] {dag.py:3954} INFO - Setting next_dagrun for example_xcom to 2021-01-01 00:00:00+00:00, run_after=2021-01-01 00:00:00+00:00
[2026-05-10T05:20:12.982+0000] {processor.py:183} INFO - Processing /home/airflow/.local/lib/python3.12/site-packages/airflow/example_dags/example_xcom.py took 0.064 seconds
[2026-05-10T05:20:43.170+0000] {processor.py:161} INFO - Started process (PID=11532) to work on /home/airflow/.local/lib/python3.12/site-packages/airflow/example_dags/example_xcom.py
[2026-05-10T05:20:43.173+0000] {processor.py:830} INFO - Processing file /home/airflow/.local/lib/python3.12/site-packages/airflow/example_dags/example_xcom.py for tasks to queue
[2026-05-10T05:20:43.175+0000] {logging_mixin.py:188} INFO - [2026-05-10T05:20:43.175+0000] {dagbag.py:545} INFO - Filling up the DagBag from /home/airflow/.local/lib/python3.12/site-packages/airflow/example_dags/example_xcom.py
[2026-05-10T05:20:43.182+0000] {processor.py:840} INFO - DAG(s) 'example_xcom' retrieved from /home/airflow/.local/lib/python3.12/site-packages/airflow/example_dags/example_xcom.py
[2026-05-10T05:20:43.201+0000] {logging_mixin.py:188} INFO - [2026-05-10T05:20:43.200+0000] {dag.py:3096} INFO - Sync 1 DAGs
[2026-05-10T05:20:43.219+0000] {logging_mixin.py:188} INFO - [2026-05-10T05:20:43.219+0000] {dag.py:3954} INFO - Setting next_dagrun for example_xcom to 2021-01-01 00:00:00+00:00, run_after=2021-01-01 00:00:00+00:00
[2026-05-10T05:20:43.235+0000] {processor.py:183} INFO - Processing /home/airflow/.local/lib/python3.12/site-packages/airflow/example_dags/example_xcom.py took 0.069 seconds
[2026-05-10T05:21:13.416+0000] {processor.py:161} INFO - Started process (PID=11592) to work on /home/airflow/.local/lib/python3.12/site-packages/airflow/example_dags/example_xcom.py
[2026-05-10T05:21:13.417+0000] {processor.py:830} INFO - Processing file /home/airflow/.local/lib/python3.12/site-packages/airflow/example_dags/example_xcom.py for tasks to queue
[2026-05-10T05:21:13.419+0000] {logging_mixin.py:188} INFO - [2026-05-10T05:21:13.418+0000] {dagbag.py:545} INFO - Filling up the DagBag from /home/airflow/.local/lib/python3.12/site-packages/airflow/example_dags/example_xcom.py
[2026-05-10T05:21:13.425+0000] {processor.py:840} INFO - DAG(s) 'example_xcom' retrieved from /home/airflow/.local/lib/python3.12/site-packages/airflow/example_dags/example_xcom.py
[2026-05-10T05:21:13.442+0000] {logging_mixin.py:188} INFO - [2026-05-10T05:21:13.442+0000] {dag.py:3096} INFO - Sync 1 DAGs
[2026-05-10T05:21:13.459+0000] {logging_mixin.py:188} INFO - [2026-05-10T05:21:13.459+0000] {dag.py:3954} INFO - Setting next_dagrun for example_xcom to 2021-01-01 00:00:00+00:00, run_after=2021-01-01 00:00:00+00:00
[2026-05-10T05:21:13.480+0000] {processor.py:183} INFO - Processing /home/airflow/.local/lib/python3.12/site-packages/airflow/example_dags/example_xcom.py took 0.070 seconds
[2026-05-10T05:21:43.762+0000] {processor.py:161} INFO - Started process (PID=11652) to work on /home/airflow/.local/lib/python3.12/site-packages/airflow/example_dags/example_xcom.py
[2026-05-10T05:21:43.763+0000] {processor.py:830} INFO - Processing file /home/airflow/.local/lib/python3.12/site-packages/airflow/example_dags/example_xcom.py for tasks to queue
[2026-05-10T05:21:43.766+0000] {logging_mixin.py:188} INFO - [2026-05-10T05:21:43.765+0000] {dagbag.py:545} INFO - Filling up the DagBag from /home/airflow/.local/lib/python3.12/site-packages/airflow/example_dags/example_xcom.py
[2026-05-10T05:21:43.773+0000] {processor.py:840} INFO - DAG(s) 'example_xcom' retrieved from /home/airflow/.local/lib/python3.12/site-packages/airflow/example_dags/example_xcom.py
[2026-05-10T05:21:43.791+0000] {logging_mixin.py:188} INFO - [2026-05-10T05:21:43.791+0000] {dag.py:3096} INFO - Sync 1 DAGs
[2026-05-10T05:21:43.808+0000] {logging_mixin.py:188} INFO - [2026-05-10T05:21:43.807+0000] {dag.py:3954} INFO - Setting next_dagrun for example_xcom to 2021-01-01 00:00:00+00:00, run_after=2021-01-01 00:00:00+00:00
[2026-05-10T05:21:43.826+0000] {processor.py:183} INFO - Processing /home/airflow/.local/lib/python3.12/site-packages/airflow/example_dags/example_xcom.py took 0.071 seconds
[2026-05-10T05:22:14.255+0000] {processor.py:161} INFO - Started process (PID=11712) to work on /home/airflow/.local/lib/python3.12/site-packages/airflow/example_dags/example_xcom.py
[2026-05-10T05:22:14.256+0000] {processor.py:830} INFO - Processing file /home/airflow/.local/lib/python3.12/site-packages/airflow/example_dags/example_xcom.py for tasks to queue
[2026-05-10T05:22:14.259+0000] {logging_mixin.py:188} INFO - [2026-05-10T05:22:14.258+0000] {dagbag.py:545} INFO - Filling up the DagBag from /home/airflow/.local/lib/python3.12/site-packages/airflow/example_dags/example_xcom.py
[2026-05-10T05:22:14.265+0000] {processor.py:840} INFO - DAG(s) 'example_xcom' retrieved from /home/airflow/.local/lib/python3.12/site-packages/airflow/example_dags/example_xcom.py
[2026-05-10T05:22:14.285+0000] {logging_mixin.py:188} INFO - [2026-05-10T05:22:14.285+0000] {dag.py:3096} INFO - Sync 1 DAGs
[2026-05-10T05:22:14.301+0000] {logging_mixin.py:188} INFO - [2026-05-10T05:22:14.301+0000] {dag.py:3954} INFO - Setting next_dagrun for example_xcom to 2021-01-01 00:00:00+00:00, run_after=2021-01-01 00:00:00+00:00
[2026-05-10T05:22:14.318+0000] {processor.py:183} INFO - Processing /home/airflow/.local/lib/python3.12/site-packages/airflow/example_dags/example_xcom.py took 0.067 seconds
[2026-05-10T05:22:44.399+0000] {processor.py:161} INFO - Started process (PID=11772) to work on /home/airflow/.local/lib/python3.12/site-packages/airflow/example_dags/example_xcom.py
[2026-05-10T05:22:44.401+0000] {processor.py:830} INFO - Processing file /home/airflow/.local/lib/python3.12/site-packages/airflow/example_dags/example_xcom.py for tasks to queue
[2026-05-10T05:22:44.403+0000] {logging_mixin.py:188} INFO - [2026-05-10T05:22:44.402+0000] {dagbag.py:545} INFO - Filling up the DagBag from /home/airflow/.local/lib/python3.12/site-packages/airflow/example_dags/example_xcom.py
[2026-05-10T05:22:44.410+0000] {processor.py:840} INFO - DAG(s) 'example_xcom' retrieved from /home/airflow/.local/lib/python3.12/site-packages/airflow/example_dags/example_xcom.py
[2026-05-10T05:22:44.427+0000] {logging_mixin.py:188} INFO - [2026-05-10T05:22:44.427+0000] {dag.py:3096} INFO - Sync 1 DAGs
[2026-05-10T05:22:44.443+0000] {logging_mixin.py:188} INFO - [2026-05-10T05:22:44.443+0000] {dag.py:3954} INFO - Setting next_dagrun for example_xcom to 2021-01-01 00:00:00+00:00, run_after=2021-01-01 00:00:00+00:00
[2026-05-10T05:22:44.463+0000] {processor.py:183} INFO - Processing /home/airflow/.local/lib/python3.12/site-packages/airflow/example_dags/example_xcom.py took 0.068 seconds
[2026-05-10T05:23:14.722+0000] {processor.py:161} INFO - Started process (PID=11832) to work on /home/airflow/.local/lib/python3.12/site-packages/airflow/example_dags/example_xcom.py
[2026-05-10T05:23:14.724+0000] {processor.py:830} INFO - Processing file /home/airflow/.local/lib/python3.12/site-packages/airflow/example_dags/example_xcom.py for tasks to queue
[2026-05-10T05:23:14.727+0000] {logging_mixin.py:188} INFO - [2026-05-10T05:23:14.726+0000] {dagbag.py:545} INFO - Filling up the DagBag from /home/airflow/.local/lib/python3.12/site-packages/airflow/example_dags/example_xcom.py
[2026-05-10T05:23:14.734+0000] {processor.py:840} INFO - DAG(s) 'example_xcom' retrieved from /home/airflow/.local/lib/python3.12/site-packages/airflow/example_dags/example_xcom.py
[2026-05-10T05:23:14.755+0000] {logging_mixin.py:188} INFO - [2026-05-10T05:23:14.754+0000] {dag.py:3096} INFO - Sync 1 DAGs
[2026-05-10T05:23:14.771+0000] {logging_mixin.py:188} INFO - [2026-05-10T05:23:14.771+0000] {dag.py:3954} INFO - Setting next_dagrun for example_xcom to 2021-01-01 00:00:00+00:00, run_after=2021-01-01 00:00:00+00:00
[2026-05-10T05:23:14.791+0000] {processor.py:183} INFO - Processing /home/airflow/.local/lib/python3.12/site-packages/airflow/example_dags/example_xcom.py took 0.074 seconds
[2026-05-10T05:23:45.295+0000] {processor.py:161} INFO - Started process (PID=11892) to work on /home/airflow/.local/lib/python3.12/site-packages/airflow/example_dags/example_xcom.py
[2026-05-10T05:23:45.299+0000] {processor.py:830} INFO - Processing file /home/airflow/.local/lib/python3.12/site-packages/airflow/example_dags/example_xcom.py for tasks to queue
[2026-05-10T05:23:45.307+0000] {logging_mixin.py:188} INFO - [2026-05-10T05:23:45.306+0000] {dagbag.py:545} INFO - Filling up the DagBag from /home/airflow/.local/lib/python3.12/site-packages/airflow/example_dags/example_xcom.py
[2026-05-10T05:23:45.320+0000] {processor.py:840} INFO - DAG(s) 'example_xcom' retrieved from /home/airflow/.local/lib/python3.12/site-packages/airflow/example_dags/example_xcom.py
[2026-05-10T05:23:45.341+0000] {logging_mixin.py:188} INFO - [2026-05-10T05:23:45.341+0000] {dag.py:3096} INFO - Sync 1 DAGs
[2026-05-10T05:23:45.358+0000] {logging_mixin.py:188} INFO - [2026-05-10T05:23:45.357+0000] {dag.py:3954} INFO - Setting next_dagrun for example_xcom to 2021-01-01 00:00:00+00:00, run_after=2021-01-01 00:00:00+00:00
[2026-05-10T05:23:45.373+0000] {processor.py:183} INFO - Processing /home/airflow/.local/lib/python3.12/site-packages/airflow/example_dags/example_xcom.py took 0.086 seconds
[2026-05-10T05:24:15.573+0000] {processor.py:161} INFO - Started process (PID=11952) to work on /home/airflow/.local/lib/python3.12/site-packages/airflow/example_dags/example_xcom.py
[2026-05-10T05:24:15.575+0000] {processor.py:830} INFO - Processing file /home/airflow/.local/lib/python3.12/site-packages/airflow/example_dags/example_xcom.py for tasks to queue
[2026-05-10T05:24:15.577+0000] {logging_mixin.py:188} INFO - [2026-05-10T05:24:15.577+0000] {dagbag.py:545} INFO - Filling up the DagBag from /home/airflow/.local/lib/python3.12/site-packages/airflow/example_dags/example_xcom.py
[2026-05-10T05:24:15.584+0000] {processor.py:840} INFO - DAG(s) 'example_xcom' retrieved from /home/airflow/.local/lib/python3.12/site-packages/airflow/example_dags/example_xcom.py
[2026-05-10T05:24:15.608+0000] {logging_mixin.py:188} INFO - [2026-05-10T05:24:15.608+0000] {dag.py:3096} INFO - Sync 1 DAGs
[2026-05-10T05:24:15.633+0000] {logging_mixin.py:188} INFO - [2026-05-10T05:24:15.632+0000] {dag.py:3954} INFO - Setting next_dagrun for example_xcom to 2021-01-01 00:00:00+00:00, run_after=2021-01-01 00:00:00+00:00
[2026-05-10T05:24:15.658+0000] {processor.py:183} INFO - Processing /home/airflow/.local/lib/python3.12/site-packages/airflow/example_dags/example_xcom.py took 0.090 seconds
[2026-05-10T05:24:45.760+0000] {processor.py:161} INFO - Started process (PID=12012) to work on /home/airflow/.local/lib/python3.12/site-packages/airflow/example_dags/example_xcom.py
[2026-05-10T05:24:45.762+0000] {processor.py:830} INFO - Processing file /home/airflow/.local/lib/python3.12/site-packages/airflow/example_dags/example_xcom.py for tasks to queue
[2026-05-10T05:24:45.765+0000] {logging_mixin.py:188} INFO - [2026-05-10T05:24:45.765+0000] {dagbag.py:545} INFO - Filling up the DagBag from /home/airflow/.local/lib/python3.12/site-packages/airflow/example_dags/example_xcom.py
[2026-05-10T05:24:45.775+0000] {processor.py:840} INFO - DAG(s) 'example_xcom' retrieved from /home/airflow/.local/lib/python3.12/site-packages/airflow/example_dags/example_xcom.py
[2026-05-10T05:24:45.800+0000] {logging_mixin.py:188} INFO - [2026-05-10T05:24:45.800+0000] {dag.py:3096} INFO - Sync 1 DAGs
[2026-05-10T05:24:45.818+0000] {logging_mixin.py:188} INFO - [2026-05-10T05:24:45.817+0000] {dag.py:3954} INFO - Setting next_dagrun for example_xcom to 2021-01-01 00:00:00+00:00, run_after=2021-01-01 00:00:00+00:00
[2026-05-10T05:24:45.835+0000] {processor.py:183} INFO - Processing /home/airflow/.local/lib/python3.12/site-packages/airflow/example_dags/example_xcom.py took 0.081 seconds
[2026-05-10T05:25:16.583+0000] {processor.py:161} INFO - Started process (PID=12072) to work on /home/airflow/.local/lib/python3.12/site-packages/airflow/example_dags/example_xcom.py
[2026-05-10T05:25:16.584+0000] {processor.py:830} INFO - Processing file /home/airflow/.local/lib/python3.12/site-packages/airflow/example_dags/example_xcom.py for tasks to queue
[2026-05-10T05:25:16.586+0000] {logging_mixin.py:188} INFO - [2026-05-10T05:25:16.585+0000] {dagbag.py:545} INFO - Filling up the DagBag from /home/airflow/.local/lib/python3.12/site-packages/airflow/example_dags/example_xcom.py
[2026-05-10T05:25:16.591+0000] {processor.py:840} INFO - DAG(s) 'example_xcom' retrieved from /home/airflow/.local/lib/python3.12/site-packages/airflow/example_dags/example_xcom.py
[2026-05-10T05:25:16.607+0000] {logging_mixin.py:188} INFO - [2026-05-10T05:25:16.607+0000] {dag.py:3096} INFO - Sync 1 DAGs
[2026-05-10T05:25:16.623+0000] {logging_mixin.py:188} INFO - [2026-05-10T05:25:16.623+0000] {dag.py:3954} INFO - Setting next_dagrun for example_xcom to 2021-01-01 00:00:00+00:00, run_after=2021-01-01 00:00:00+00:00
[2026-05-10T05:25:16.640+0000] {processor.py:183} INFO - Processing /home/airflow/.local/lib/python3.12/site-packages/airflow/example_dags/example_xcom.py took 0.062 seconds
[2026-05-10T05:25:46.952+0000] {processor.py:161} INFO - Started process (PID=12132) to work on /home/airflow/.local/lib/python3.12/site-packages/airflow/example_dags/example_xcom.py
[2026-05-10T05:25:46.953+0000] {processor.py:830} INFO - Processing file /home/airflow/.local/lib/python3.12/site-packages/airflow/example_dags/example_xcom.py for tasks to queue
[2026-05-10T05:25:46.955+0000] {logging_mixin.py:188} INFO - [2026-05-10T05:25:46.955+0000] {dagbag.py:545} INFO - Filling up the DagBag from /home/airflow/.local/lib/python3.12/site-packages/airflow/example_dags/example_xcom.py
[2026-05-10T05:25:46.962+0000] {processor.py:840} INFO - DAG(s) 'example_xcom' retrieved from /home/airflow/.local/lib/python3.12/site-packages/airflow/example_dags/example_xcom.py
[2026-05-10T05:25:46.978+0000] {logging_mixin.py:188} INFO - [2026-05-10T05:25:46.978+0000] {dag.py:3096} INFO - Sync 1 DAGs
[2026-05-10T05:25:46.994+0000] {logging_mixin.py:188} INFO - [2026-05-10T05:25:46.994+0000] {dag.py:3954} INFO - Setting next_dagrun for example_xcom to 2021-01-01 00:00:00+00:00, run_after=2021-01-01 00:00:00+00:00
[2026-05-10T05:25:47.010+0000] {processor.py:183} INFO - Processing /home/airflow/.local/lib/python3.12/site-packages/airflow/example_dags/example_xcom.py took 0.062 seconds
[2026-05-10T05:26:17.433+0000] {processor.py:161} INFO - Started process (PID=12192) to work on /home/airflow/.local/lib/python3.12/site-packages/airflow/example_dags/example_xcom.py
[2026-05-10T05:26:17.435+0000] {processor.py:830} INFO - Processing file /home/airflow/.local/lib/python3.12/site-packages/airflow/example_dags/example_xcom.py for tasks to queue
[2026-05-10T05:26:17.437+0000] {logging_mixin.py:188} INFO - [2026-05-10T05:26:17.436+0000] {dagbag.py:545} INFO - Filling up the DagBag from /home/airflow/.local/lib/python3.12/site-packages/airflow/example_dags/example_xcom.py
[2026-05-10T05:26:17.443+0000] {processor.py:840} INFO - DAG(s) 'example_xcom' retrieved from /home/airflow/.local/lib/python3.12/site-packages/airflow/example_dags/example_xcom.py
[2026-05-10T05:26:17.459+0000] {logging_mixin.py:188} INFO - [2026-05-10T05:26:17.459+0000] {dag.py:3096} INFO - Sync 1 DAGs
[2026-05-10T05:26:17.476+0000] {logging_mixin.py:188} INFO - [2026-05-10T05:26:17.476+0000] {dag.py:3954} INFO - Setting next_dagrun for example_xcom to 2021-01-01 00:00:00+00:00, run_after=2021-01-01 00:00:00+00:00
[2026-05-10T05:26:17.494+0000] {processor.py:183} INFO - Processing /home/airflow/.local/lib/python3.12/site-packages/airflow/example_dags/example_xcom.py took 0.066 seconds
[2026-05-10T05:26:48.371+0000] {processor.py:161} INFO - Started process (PID=12252) to work on /home/airflow/.local/lib/python3.12/site-packages/airflow/example_dags/example_xcom.py
[2026-05-10T05:26:48.373+0000] {processor.py:830} INFO - Processing file /home/airflow/.local/lib/python3.12/site-packages/airflow/example_dags/example_xcom.py for tasks to queue
[2026-05-10T05:26:48.376+0000] {logging_mixin.py:188} INFO - [2026-05-10T05:26:48.376+0000] {dagbag.py:545} INFO - Filling up the DagBag from /home/airflow/.local/lib/python3.12/site-packages/airflow/example_dags/example_xcom.py
[2026-05-10T05:26:48.388+0000] {processor.py:840} INFO - DAG(s) 'example_xcom' retrieved from /home/airflow/.local/lib/python3.12/site-packages/airflow/example_dags/example_xcom.py
[2026-05-10T05:26:48.416+0000] {logging_mixin.py:188} INFO - [2026-05-10T05:26:48.416+0000] {dag.py:3096} INFO - Sync 1 DAGs
[2026-05-10T05:26:48.433+0000] {logging_mixin.py:188} INFO - [2026-05-10T05:26:48.433+0000] {dag.py:3954} INFO - Setting next_dagrun for example_xcom to 2021-01-01 00:00:00+00:00, run_after=2021-01-01 00:00:00+00:00
[2026-05-10T05:26:48.457+0000] {processor.py:183} INFO - Processing /home/airflow/.local/lib/python3.12/site-packages/airflow/example_dags/example_xcom.py took 0.095 seconds
[2026-05-10T05:27:19.160+0000] {processor.py:161} INFO - Started process (PID=12312) to work on /home/airflow/.local/lib/python3.12/site-packages/airflow/example_dags/example_xcom.py
[2026-05-10T05:27:19.161+0000] {processor.py:830} INFO - Processing file /home/airflow/.local/lib/python3.12/site-packages/airflow/example_dags/example_xcom.py for tasks to queue
[2026-05-10T05:27:19.163+0000] {logging_mixin.py:188} INFO - [2026-05-10T05:27:19.163+0000] {dagbag.py:545} INFO - Filling up the DagBag from /home/airflow/.local/lib/python3.12/site-packages/airflow/example_dags/example_xcom.py
[2026-05-10T05:27:19.169+0000] {processor.py:840} INFO - DAG(s) 'example_xcom' retrieved from /home/airflow/.local/lib/python3.12/site-packages/airflow/example_dags/example_xcom.py
[2026-05-10T05:27:19.188+0000] {logging_mixin.py:188} INFO - [2026-05-10T05:27:19.188+0000] {dag.py:3096} INFO - Sync 1 DAGs
[2026-05-10T05:27:19.204+0000] {logging_mixin.py:188} INFO - [2026-05-10T05:27:19.204+0000] {dag.py:3954} INFO - Setting next_dagrun for example_xcom to 2021-01-01 00:00:00+00:00, run_after=2021-01-01 00:00:00+00:00
[2026-05-10T05:27:19.223+0000] {processor.py:183} INFO - Processing /home/airflow/.local/lib/python3.12/site-packages/airflow/example_dags/example_xcom.py took 0.068 seconds
[2026-05-10T05:27:49.341+0000] {processor.py:161} INFO - Started process (PID=12372) to work on /home/airflow/.local/lib/python3.12/site-packages/airflow/example_dags/example_xcom.py
[2026-05-10T05:27:49.342+0000] {processor.py:830} INFO - Processing file /home/airflow/.local/lib/python3.12/site-packages/airflow/example_dags/example_xcom.py for tasks to queue
[2026-05-10T05:27:49.344+0000] {logging_mixin.py:188} INFO - [2026-05-10T05:27:49.344+0000] {dagbag.py:545} INFO - Filling up the DagBag from /home/airflow/.local/lib/python3.12/site-packages/airflow/example_dags/example_xcom.py
[2026-05-10T05:27:49.350+0000] {processor.py:840} INFO - DAG(s) 'example_xcom' retrieved from /home/airflow/.local/lib/python3.12/site-packages/airflow/example_dags/example_xcom.py
[2026-05-10T05:27:49.368+0000] {logging_mixin.py:188} INFO - [2026-05-10T05:27:49.368+0000] {dag.py:3096} INFO - Sync 1 DAGs
[2026-05-10T05:27:49.384+0000] {logging_mixin.py:188} INFO - [2026-05-10T05:27:49.383+0000] {dag.py:3954} INFO - Setting next_dagrun for example_xcom to 2021-01-01 00:00:00+00:00, run_after=2021-01-01 00:00:00+00:00
[2026-05-10T05:27:49.400+0000] {processor.py:183} INFO - Processing /home/airflow/.local/lib/python3.12/site-packages/airflow/example_dags/example_xcom.py took 0.065 seconds
[2026-05-10T05:28:20.169+0000] {processor.py:161} INFO - Started process (PID=12432) to work on /home/airflow/.local/lib/python3.12/site-packages/airflow/example_dags/example_xcom.py
[2026-05-10T05:28:20.170+0000] {processor.py:830} INFO - Processing file /home/airflow/.local/lib/python3.12/site-packages/airflow/example_dags/example_xcom.py for tasks to queue
[2026-05-10T05:28:20.173+0000] {logging_mixin.py:188} INFO - [2026-05-10T05:28:20.173+0000] {dagbag.py:545} INFO - Filling up the DagBag from /home/airflow/.local/lib/python3.12/site-packages/airflow/example_dags/example_xcom.py
[2026-05-10T05:28:20.180+0000] {processor.py:840} INFO - DAG(s) 'example_xcom' retrieved from /home/airflow/.local/lib/python3.12/site-packages/airflow/example_dags/example_xcom.py
[2026-05-10T05:28:20.201+0000] {logging_mixin.py:188} INFO - [2026-05-10T05:28:20.201+0000] {dag.py:3096} INFO - Sync 1 DAGs
[2026-05-10T05:28:20.218+0000] {logging_mixin.py:188} INFO - [2026-05-10T05:28:20.218+0000] {dag.py:3954} INFO - Setting next_dagrun for example_xcom to 2021-01-01 00:00:00+00:00, run_after=2021-01-01 00:00:00+00:00
[2026-05-10T05:28:20.236+0000] {processor.py:183} INFO - Processing /home/airflow/.local/lib/python3.12/site-packages/airflow/example_dags/example_xcom.py took 0.072 seconds
[2026-05-10T05:28:50.661+0000] {processor.py:161} INFO - Started process (PID=12492) to work on /home/airflow/.local/lib/python3.12/site-packages/airflow/example_dags/example_xcom.py
[2026-05-10T05:28:50.662+0000] {processor.py:830} INFO - Processing file /home/airflow/.local/lib/python3.12/site-packages/airflow/example_dags/example_xcom.py for tasks to queue
[2026-05-10T05:28:50.664+0000] {logging_mixin.py:188} INFO - [2026-05-10T05:28:50.664+0000] {dagbag.py:545} INFO - Filling up the DagBag from /home/airflow/.local/lib/python3.12/site-packages/airflow/example_dags/example_xcom.py
[2026-05-10T05:28:50.670+0000] {processor.py:840} INFO - DAG(s) 'example_xcom' retrieved from /home/airflow/.local/lib/python3.12/site-packages/airflow/example_dags/example_xcom.py
[2026-05-10T05:28:50.688+0000] {logging_mixin.py:188} INFO - [2026-05-10T05:28:50.687+0000] {dag.py:3096} INFO - Sync 1 DAGs
[2026-05-10T05:28:50.819+0000] {logging_mixin.py:188} INFO - [2026-05-10T05:28:50.819+0000] {dag.py:3954} INFO - Setting next_dagrun for example_xcom to 2021-01-01 00:00:00+00:00, run_after=2021-01-01 00:00:00+00:00
[2026-05-10T05:28:50.833+0000] {processor.py:183} INFO - Processing /home/airflow/.local/lib/python3.12/site-packages/airflow/example_dags/example_xcom.py took 0.176 seconds
[2026-05-10T05:29:21.157+0000] {processor.py:161} INFO - Started process (PID=12552) to work on /home/airflow/.local/lib/python3.12/site-packages/airflow/example_dags/example_xcom.py
[2026-05-10T05:29:21.158+0000] {processor.py:830} INFO - Processing file /home/airflow/.local/lib/python3.12/site-packages/airflow/example_dags/example_xcom.py for tasks to queue
[2026-05-10T05:29:21.160+0000] {logging_mixin.py:188} INFO - [2026-05-10T05:29:21.160+0000] {dagbag.py:545} INFO - Filling up the DagBag from /home/airflow/.local/lib/python3.12/site-packages/airflow/example_dags/example_xcom.py
[2026-05-10T05:29:21.168+0000] {processor.py:840} INFO - DAG(s) 'example_xcom' retrieved from /home/airflow/.local/lib/python3.12/site-packages/airflow/example_dags/example_xcom.py
[2026-05-10T05:29:21.186+0000] {logging_mixin.py:188} INFO - [2026-05-10T05:29:21.185+0000] {dag.py:3096} INFO - Sync 1 DAGs
[2026-05-10T05:29:21.203+0000] {logging_mixin.py:188} INFO - [2026-05-10T05:29:21.203+0000] {dag.py:3954} INFO - Setting next_dagrun for example_xcom to 2021-01-01 00:00:00+00:00, run_after=2021-01-01 00:00:00+00:00
[2026-05-10T05:29:21.219+0000] {processor.py:183} INFO - Processing /home/airflow/.local/lib/python3.12/site-packages/airflow/example_dags/example_xcom.py took 0.067 seconds
[2026-05-10T05:29:51.975+0000] {processor.py:161} INFO - Started process (PID=12612) to work on /home/airflow/.local/lib/python3.12/site-packages/airflow/example_dags/example_xcom.py
[2026-05-10T05:29:51.976+0000] {processor.py:830} INFO - Processing file /home/airflow/.local/lib/python3.12/site-packages/airflow/example_dags/example_xcom.py for tasks to queue
[2026-05-10T05:29:51.978+0000] {logging_mixin.py:188} INFO - [2026-05-10T05:29:51.978+0000] {dagbag.py:545} INFO - Filling up the DagBag from /home/airflow/.local/lib/python3.12/site-packages/airflow/example_dags/example_xcom.py
[2026-05-10T05:29:51.984+0000] {processor.py:840} INFO - DAG(s) 'example_xcom' retrieved from /home/airflow/.local/lib/python3.12/site-packages/airflow/example_dags/example_xcom.py
[2026-05-10T05:29:52.003+0000] {logging_mixin.py:188} INFO - [2026-05-10T05:29:52.003+0000] {dag.py:3096} INFO - Sync 1 DAGs
[2026-05-10T05:29:52.022+0000] {logging_mixin.py:188} INFO - [2026-05-10T05:29:52.021+0000] {dag.py:3954} INFO - Setting next_dagrun for example_xcom to 2021-01-01 00:00:00+00:00, run_after=2021-01-01 00:00:00+00:00
[2026-05-10T05:29:52.038+0000] {processor.py:183} INFO - Processing /home/airflow/.local/lib/python3.12/site-packages/airflow/example_dags/example_xcom.py took 0.068 seconds
[2026-05-10T05:30:22.579+0000] {processor.py:161} INFO - Started process (PID=12672) to work on /home/airflow/.local/lib/python3.12/site-packages/airflow/example_dags/example_xcom.py
[2026-05-10T05:30:22.582+0000] {processor.py:830} INFO - Processing file /home/airflow/.local/lib/python3.12/site-packages/airflow/example_dags/example_xcom.py for tasks to queue
[2026-05-10T05:30:22.584+0000] {logging_mixin.py:188} INFO - [2026-05-10T05:30:22.584+0000] {dagbag.py:545} INFO - Filling up the DagBag from /home/airflow/.local/lib/python3.12/site-packages/airflow/example_dags/example_xcom.py
[2026-05-10T05:30:22.591+0000] {processor.py:840} INFO - DAG(s) 'example_xcom' retrieved from /home/airflow/.local/lib/python3.12/site-packages/airflow/example_dags/example_xcom.py
[2026-05-10T05:30:22.611+0000] {logging_mixin.py:188} INFO - [2026-05-10T05:30:22.611+0000] {dag.py:3096} INFO - Sync 1 DAGs
[2026-05-10T05:30:22.629+0000] {logging_mixin.py:188} INFO - [2026-05-10T05:30:22.629+0000] {dag.py:3954} INFO - Setting next_dagrun for example_xcom to 2021-01-01 00:00:00+00:00, run_after=2021-01-01 00:00:00+00:00
[2026-05-10T05:30:22.649+0000] {processor.py:183} INFO - Processing /home/airflow/.local/lib/python3.12/site-packages/airflow/example_dags/example_xcom.py took 0.075 seconds
[2026-05-10T05:30:53.158+0000] {processor.py:161} INFO - Started process (PID=12732) to work on /home/airflow/.local/lib/python3.12/site-packages/airflow/example_dags/example_xcom.py
[2026-05-10T05:30:53.160+0000] {processor.py:830} INFO - Processing file /home/airflow/.local/lib/python3.12/site-packages/airflow/example_dags/example_xcom.py for tasks to queue
[2026-05-10T05:30:53.162+0000] {logging_mixin.py:188} INFO - [2026-05-10T05:30:53.161+0000] {dagbag.py:545} INFO - Filling up the DagBag from /home/airflow/.local/lib/python3.12/site-packages/airflow/example_dags/example_xcom.py
[2026-05-10T05:30:53.168+0000] {processor.py:840} INFO - DAG(s) 'example_xcom' retrieved from /home/airflow/.local/lib/python3.12/site-packages/airflow/example_dags/example_xcom.py
[2026-05-10T05:30:53.186+0000] {logging_mixin.py:188} INFO - [2026-05-10T05:30:53.185+0000] {dag.py:3096} INFO - Sync 1 DAGs
[2026-05-10T05:30:53.316+0000] {logging_mixin.py:188} INFO - [2026-05-10T05:30:53.316+0000] {dag.py:3954} INFO - Setting next_dagrun for example_xcom to 2021-01-01 00:00:00+00:00, run_after=2021-01-01 00:00:00+00:00
[2026-05-10T05:30:53.333+0000] {processor.py:183} INFO - Processing /home/airflow/.local/lib/python3.12/site-packages/airflow/example_dags/example_xcom.py took 0.180 seconds
[2026-05-10T05:31:23.453+0000] {processor.py:161} INFO - Started process (PID=12792) to work on /home/airflow/.local/lib/python3.12/site-packages/airflow/example_dags/example_xcom.py
[2026-05-10T05:31:23.455+0000] {processor.py:830} INFO - Processing file /home/airflow/.local/lib/python3.12/site-packages/airflow/example_dags/example_xcom.py for tasks to queue
[2026-05-10T05:31:23.457+0000] {logging_mixin.py:188} INFO - [2026-05-10T05:31:23.457+0000] {dagbag.py:545} INFO - Filling up the DagBag from /home/airflow/.local/lib/python3.12/site-packages/airflow/example_dags/example_xcom.py
[2026-05-10T05:31:23.464+0000] {processor.py:840} INFO - DAG(s) 'example_xcom' retrieved from /home/airflow/.local/lib/python3.12/site-packages/airflow/example_dags/example_xcom.py
[2026-05-10T05:31:23.482+0000] {logging_mixin.py:188} INFO - [2026-05-10T05:31:23.482+0000] {dag.py:3096} INFO - Sync 1 DAGs
[2026-05-10T05:31:23.502+0000] {logging_mixin.py:188} INFO - [2026-05-10T05:31:23.502+0000] {dag.py:3954} INFO - Setting next_dagrun for example_xcom to 2021-01-01 00:00:00+00:00, run_after=2021-01-01 00:00:00+00:00
[2026-05-10T05:31:23.523+0000] {processor.py:183} INFO - Processing /home/airflow/.local/lib/python3.12/site-packages/airflow/example_dags/example_xcom.py took 0.074 seconds
[2026-05-10T05:31:53.997+0000] {processor.py:161} INFO - Started process (PID=12852) to work on /home/airflow/.local/lib/python3.12/site-packages/airflow/example_dags/example_xcom.py
[2026-05-10T05:31:53.999+0000] {processor.py:830} INFO - Processing file /home/airflow/.local/lib/python3.12/site-packages/airflow/example_dags/example_xcom.py for tasks to queue
[2026-05-10T05:31:54.001+0000] {logging_mixin.py:188} INFO - [2026-05-10T05:31:54.001+0000] {dagbag.py:545} INFO - Filling up the DagBag from /home/airflow/.local/lib/python3.12/site-packages/airflow/example_dags/example_xcom.py
[2026-05-10T05:31:54.010+0000] {processor.py:840} INFO - DAG(s) 'example_xcom' retrieved from /home/airflow/.local/lib/python3.12/site-packages/airflow/example_dags/example_xcom.py
[2026-05-10T05:31:54.032+0000] {logging_mixin.py:188} INFO - [2026-05-10T05:31:54.032+0000] {dag.py:3096} INFO - Sync 1 DAGs
[2026-05-10T05:31:54.050+0000] {logging_mixin.py:188} INFO - [2026-05-10T05:31:54.050+0000] {dag.py:3954} INFO - Setting next_dagrun for example_xcom to 2021-01-01 00:00:00+00:00, run_after=2021-01-01 00:00:00+00:00
[2026-05-10T05:31:54.066+0000] {processor.py:183} INFO - Processing /home/airflow/.local/lib/python3.12/site-packages/airflow/example_dags/example_xcom.py took 0.076 seconds
[2026-05-10T05:32:24.482+0000] {processor.py:161} INFO - Started process (PID=12912) to work on /home/airflow/.local/lib/python3.12/site-packages/airflow/example_dags/example_xcom.py
[2026-05-10T05:32:24.484+0000] {processor.py:830} INFO - Processing file /home/airflow/.local/lib/python3.12/site-packages/airflow/example_dags/example_xcom.py for tasks to queue
[2026-05-10T05:32:24.487+0000] {logging_mixin.py:188} INFO - [2026-05-10T05:32:24.487+0000] {dagbag.py:545} INFO - Filling up the DagBag from /home/airflow/.local/lib/python3.12/site-packages/airflow/example_dags/example_xcom.py
[2026-05-10T05:32:24.494+0000] {processor.py:840} INFO - DAG(s) 'example_xcom' retrieved from /home/airflow/.local/lib/python3.12/site-packages/airflow/example_dags/example_xcom.py
[2026-05-10T05:32:24.517+0000] {logging_mixin.py:188} INFO - [2026-05-10T05:32:24.517+0000] {dag.py:3096} INFO - Sync 1 DAGs
[2026-05-10T05:32:24.536+0000] {logging_mixin.py:188} INFO - [2026-05-10T05:32:24.536+0000] {dag.py:3954} INFO - Setting next_dagrun for example_xcom to 2021-01-01 00:00:00+00:00, run_after=2021-01-01 00:00:00+00:00
[2026-05-10T05:32:24.555+0000] {processor.py:183} INFO - Processing /home/airflow/.local/lib/python3.12/site-packages/airflow/example_dags/example_xcom.py took 0.079 seconds
[2026-05-10T05:32:54.752+0000] {processor.py:161} INFO - Started process (PID=12972) to work on /home/airflow/.local/lib/python3.12/site-packages/airflow/example_dags/example_xcom.py
[2026-05-10T05:32:54.754+0000] {processor.py:830} INFO - Processing file /home/airflow/.local/lib/python3.12/site-packages/airflow/example_dags/example_xcom.py for tasks to queue
[2026-05-10T05:32:54.755+0000] {logging_mixin.py:188} INFO - [2026-05-10T05:32:54.755+0000] {dagbag.py:545} INFO - Filling up the DagBag from /home/airflow/.local/lib/python3.12/site-packages/airflow/example_dags/example_xcom.py
[2026-05-10T05:32:54.762+0000] {processor.py:840} INFO - DAG(s) 'example_xcom' retrieved from /home/airflow/.local/lib/python3.12/site-packages/airflow/example_dags/example_xcom.py
[2026-05-10T05:32:54.779+0000] {logging_mixin.py:188} INFO - [2026-05-10T05:32:54.779+0000] {dag.py:3096} INFO - Sync 1 DAGs
[2026-05-10T05:32:54.796+0000] {logging_mixin.py:188} INFO - [2026-05-10T05:32:54.796+0000] {dag.py:3954} INFO - Setting next_dagrun for example_xcom to 2021-01-01 00:00:00+00:00, run_after=2021-01-01 00:00:00+00:00
[2026-05-10T05:32:54.813+0000] {processor.py:183} INFO - Processing /home/airflow/.local/lib/python3.12/site-packages/airflow/example_dags/example_xcom.py took 0.065 seconds
[2026-05-10T05:33:25.000+0000] {processor.py:161} INFO - Started process (PID=13031) to work on /home/airflow/.local/lib/python3.12/site-packages/airflow/example_dags/example_xcom.py
[2026-05-10T05:33:25.002+0000] {processor.py:830} INFO - Processing file /home/airflow/.local/lib/python3.12/site-packages/airflow/example_dags/example_xcom.py for tasks to queue
[2026-05-10T05:33:25.005+0000] {logging_mixin.py:188} INFO - [2026-05-10T05:33:25.005+0000] {dagbag.py:545} INFO - Filling up the DagBag from /home/airflow/.local/lib/python3.12/site-packages/airflow/example_dags/example_xcom.py
[2026-05-10T05:33:25.012+0000] {processor.py:840} INFO - DAG(s) 'example_xcom' retrieved from /home/airflow/.local/lib/python3.12/site-packages/airflow/example_dags/example_xcom.py
[2026-05-10T05:33:25.034+0000] {logging_mixin.py:188} INFO - [2026-05-10T05:33:25.034+0000] {dag.py:3096} INFO - Sync 1 DAGs
[2026-05-10T05:33:25.052+0000] {logging_mixin.py:188} INFO - [2026-05-10T05:33:25.052+0000] {dag.py:3954} INFO - Setting next_dagrun for example_xcom to 2021-01-01 00:00:00+00:00, run_after=2021-01-01 00:00:00+00:00
[2026-05-10T05:33:25.068+0000] {processor.py:183} INFO - Processing /home/airflow/.local/lib/python3.12/site-packages/airflow/example_dags/example_xcom.py took 0.072 seconds
[2026-05-10T05:33:55.463+0000] {processor.py:161} INFO - Started process (PID=13091) to work on /home/airflow/.local/lib/python3.12/site-packages/airflow/example_dags/example_xcom.py
[2026-05-10T05:33:55.464+0000] {processor.py:830} INFO - Processing file /home/airflow/.local/lib/python3.12/site-packages/airflow/example_dags/example_xcom.py for tasks to queue
[2026-05-10T05:33:55.466+0000] {logging_mixin.py:188} INFO - [2026-05-10T05:33:55.466+0000] {dagbag.py:545} INFO - Filling up the DagBag from /home/airflow/.local/lib/python3.12/site-packages/airflow/example_dags/example_xcom.py
[2026-05-10T05:33:55.472+0000] {processor.py:840} INFO - DAG(s) 'example_xcom' retrieved from /home/airflow/.local/lib/python3.12/site-packages/airflow/example_dags/example_xcom.py
[2026-05-10T05:33:55.489+0000] {logging_mixin.py:188} INFO - [2026-05-10T05:33:55.489+0000] {dag.py:3096} INFO - Sync 1 DAGs
[2026-05-10T05:33:55.505+0000] {logging_mixin.py:188} INFO - [2026-05-10T05:33:55.505+0000] {dag.py:3954} INFO - Setting next_dagrun for example_xcom to 2021-01-01 00:00:00+00:00, run_after=2021-01-01 00:00:00+00:00
[2026-05-10T05:33:55.522+0000] {processor.py:183} INFO - Processing /home/airflow/.local/lib/python3.12/site-packages/airflow/example_dags/example_xcom.py took 0.064 seconds
[2026-05-10T05:34:25.835+0000] {processor.py:161} INFO - Started process (PID=13151) to work on /home/airflow/.local/lib/python3.12/site-packages/airflow/example_dags/example_xcom.py
[2026-05-10T05:34:25.836+0000] {processor.py:830} INFO - Processing file /home/airflow/.local/lib/python3.12/site-packages/airflow/example_dags/example_xcom.py for tasks to queue
[2026-05-10T05:34:25.841+0000] {logging_mixin.py:188} INFO - [2026-05-10T05:34:25.841+0000] {dagbag.py:545} INFO - Filling up the DagBag from /home/airflow/.local/lib/python3.12/site-packages/airflow/example_dags/example_xcom.py
[2026-05-10T05:34:25.848+0000] {processor.py:840} INFO - DAG(s) 'example_xcom' retrieved from /home/airflow/.local/lib/python3.12/site-packages/airflow/example_dags/example_xcom.py
[2026-05-10T05:34:25.869+0000] {logging_mixin.py:188} INFO - [2026-05-10T05:34:25.869+0000] {dag.py:3096} INFO - Sync 1 DAGs
[2026-05-10T05:34:25.886+0000] {logging_mixin.py:188} INFO - [2026-05-10T05:34:25.886+0000] {dag.py:3954} INFO - Setting next_dagrun for example_xcom to 2021-01-01 00:00:00+00:00, run_after=2021-01-01 00:00:00+00:00
[2026-05-10T05:34:25.905+0000] {processor.py:183} INFO - Processing /home/airflow/.local/lib/python3.12/site-packages/airflow/example_dags/example_xcom.py took 0.081 seconds
[2026-05-10T05:34:55.994+0000] {processor.py:161} INFO - Started process (PID=13211) to work on /home/airflow/.local/lib/python3.12/site-packages/airflow/example_dags/example_xcom.py
[2026-05-10T05:34:55.995+0000] {processor.py:830} INFO - Processing file /home/airflow/.local/lib/python3.12/site-packages/airflow/example_dags/example_xcom.py for tasks to queue
[2026-05-10T05:34:55.998+0000] {logging_mixin.py:188} INFO - [2026-05-10T05:34:55.997+0000] {dagbag.py:545} INFO - Filling up the DagBag from /home/airflow/.local/lib/python3.12/site-packages/airflow/example_dags/example_xcom.py
[2026-05-10T05:34:56.005+0000] {processor.py:840} INFO - DAG(s) 'example_xcom' retrieved from /home/airflow/.local/lib/python3.12/site-packages/airflow/example_dags/example_xcom.py
[2026-05-10T05:34:56.028+0000] {logging_mixin.py:188} INFO - [2026-05-10T05:34:56.027+0000] {dag.py:3096} INFO - Sync 1 DAGs
[2026-05-10T05:34:56.045+0000] {logging_mixin.py:188} INFO - [2026-05-10T05:34:56.045+0000] {dag.py:3954} INFO - Setting next_dagrun for example_xcom to 2021-01-01 00:00:00+00:00, run_after=2021-01-01 00:00:00+00:00
[2026-05-10T05:34:56.061+0000] {processor.py:183} INFO - Processing /home/airflow/.local/lib/python3.12/site-packages/airflow/example_dags/example_xcom.py took 0.072 seconds
[2026-05-10T05:35:26.305+0000] {processor.py:161} INFO - Started process (PID=13271) to work on /home/airflow/.local/lib/python3.12/site-packages/airflow/example_dags/example_xcom.py
[2026-05-10T05:35:26.307+0000] {processor.py:830} INFO - Processing file /home/airflow/.local/lib/python3.12/site-packages/airflow/example_dags/example_xcom.py for tasks to queue
[2026-05-10T05:35:26.309+0000] {logging_mixin.py:188} INFO - [2026-05-10T05:35:26.308+0000] {dagbag.py:545} INFO - Filling up the DagBag from /home/airflow/.local/lib/python3.12/site-packages/airflow/example_dags/example_xcom.py
[2026-05-10T05:35:26.315+0000] {processor.py:840} INFO - DAG(s) 'example_xcom' retrieved from /home/airflow/.local/lib/python3.12/site-packages/airflow/example_dags/example_xcom.py
[2026-05-10T05:35:26.335+0000] {logging_mixin.py:188} INFO - [2026-05-10T05:35:26.335+0000] {dag.py:3096} INFO - Sync 1 DAGs
[2026-05-10T05:35:26.358+0000] {logging_mixin.py:188} INFO - [2026-05-10T05:35:26.357+0000] {dag.py:3954} INFO - Setting next_dagrun for example_xcom to 2021-01-01 00:00:00+00:00, run_after=2021-01-01 00:00:00+00:00
[2026-05-10T05:35:26.380+0000] {processor.py:183} INFO - Processing /home/airflow/.local/lib/python3.12/site-packages/airflow/example_dags/example_xcom.py took 0.081 seconds
[2026-05-10T05:35:56.743+0000] {processor.py:161} INFO - Started process (PID=13331) to work on /home/airflow/.local/lib/python3.12/site-packages/airflow/example_dags/example_xcom.py
[2026-05-10T05:35:56.744+0000] {processor.py:830} INFO - Processing file /home/airflow/.local/lib/python3.12/site-packages/airflow/example_dags/example_xcom.py for tasks to queue
[2026-05-10T05:35:56.746+0000] {logging_mixin.py:188} INFO - [2026-05-10T05:35:56.745+0000] {dagbag.py:545} INFO - Filling up the DagBag from /home/airflow/.local/lib/python3.12/site-packages/airflow/example_dags/example_xcom.py
[2026-05-10T05:35:56.751+0000] {processor.py:840} INFO - DAG(s) 'example_xcom' retrieved from /home/airflow/.local/lib/python3.12/site-packages/airflow/example_dags/example_xcom.py
[2026-05-10T05:35:56.770+0000] {logging_mixin.py:188} INFO - [2026-05-10T05:35:56.769+0000] {dag.py:3096} INFO - Sync 1 DAGs
[2026-05-10T05:35:56.786+0000] {logging_mixin.py:188} INFO - [2026-05-10T05:35:56.786+0000] {dag.py:3954} INFO - Setting next_dagrun for example_xcom to 2021-01-01 00:00:00+00:00, run_after=2021-01-01 00:00:00+00:00
[2026-05-10T05:35:56.806+0000] {processor.py:183} INFO - Processing /home/airflow/.local/lib/python3.12/site-packages/airflow/example_dags/example_xcom.py took 0.067 seconds
[2026-05-10T05:36:27.218+0000] {processor.py:161} INFO - Started process (PID=13391) to work on /home/airflow/.local/lib/python3.12/site-packages/airflow/example_dags/example_xcom.py
[2026-05-10T05:36:27.220+0000] {processor.py:830} INFO - Processing file /home/airflow/.local/lib/python3.12/site-packages/airflow/example_dags/example_xcom.py for tasks to queue
[2026-05-10T05:36:27.222+0000] {logging_mixin.py:188} INFO - [2026-05-10T05:36:27.222+0000] {dagbag.py:545} INFO - Filling up the DagBag from /home/airflow/.local/lib/python3.12/site-packages/airflow/example_dags/example_xcom.py
[2026-05-10T05:36:27.232+0000] {processor.py:840} INFO - DAG(s) 'example_xcom' retrieved from /home/airflow/.local/lib/python3.12/site-packages/airflow/example_dags/example_xcom.py
[2026-05-10T05:36:27.257+0000] {logging_mixin.py:188} INFO - [2026-05-10T05:36:27.257+0000] {dag.py:3096} INFO - Sync 1 DAGs
[2026-05-10T05:36:27.275+0000] {logging_mixin.py:188} INFO - [2026-05-10T05:36:27.275+0000] {dag.py:3954} INFO - Setting next_dagrun for example_xcom to 2021-01-01 00:00:00+00:00, run_after=2021-01-01 00:00:00+00:00
[2026-05-10T05:36:27.293+0000] {processor.py:183} INFO - Processing /home/airflow/.local/lib/python3.12/site-packages/airflow/example_dags/example_xcom.py took 0.081 seconds
[2026-05-10T05:36:57.530+0000] {processor.py:161} INFO - Started process (PID=13451) to work on /home/airflow/.local/lib/python3.12/site-packages/airflow/example_dags/example_xcom.py
[2026-05-10T05:36:57.531+0000] {processor.py:830} INFO - Processing file /home/airflow/.local/lib/python3.12/site-packages/airflow/example_dags/example_xcom.py for tasks to queue
[2026-05-10T05:36:57.532+0000] {logging_mixin.py:188} INFO - [2026-05-10T05:36:57.532+0000] {dagbag.py:545} INFO - Filling up the DagBag from /home/airflow/.local/lib/python3.12/site-packages/airflow/example_dags/example_xcom.py
[2026-05-10T05:36:57.539+0000] {processor.py:840} INFO - DAG(s) 'example_xcom' retrieved from /home/airflow/.local/lib/python3.12/site-packages/airflow/example_dags/example_xcom.py
[2026-05-10T05:36:57.554+0000] {logging_mixin.py:188} INFO - [2026-05-10T05:36:57.554+0000] {dag.py:3096} INFO - Sync 1 DAGs
[2026-05-10T05:36:57.570+0000] {logging_mixin.py:188} INFO - [2026-05-10T05:36:57.569+0000] {dag.py:3954} INFO - Setting next_dagrun for example_xcom to 2021-01-01 00:00:00+00:00, run_after=2021-01-01 00:00:00+00:00
[2026-05-10T05:36:57.582+0000] {processor.py:183} INFO - Processing /home/airflow/.local/lib/python3.12/site-packages/airflow/example_dags/example_xcom.py took 0.057 seconds
[2026-05-10T05:37:27.701+0000] {processor.py:161} INFO - Started process (PID=13511) to work on /home/airflow/.local/lib/python3.12/site-packages/airflow/example_dags/example_xcom.py
[2026-05-10T05:37:27.704+0000] {processor.py:830} INFO - Processing file /home/airflow/.local/lib/python3.12/site-packages/airflow/example_dags/example_xcom.py for tasks to queue
[2026-05-10T05:37:27.707+0000] {logging_mixin.py:188} INFO - [2026-05-10T05:37:27.707+0000] {dagbag.py:545} INFO - Filling up the DagBag from /home/airflow/.local/lib/python3.12/site-packages/airflow/example_dags/example_xcom.py
[2026-05-10T05:37:27.715+0000] {processor.py:840} INFO - DAG(s) 'example_xcom' retrieved from /home/airflow/.local/lib/python3.12/site-packages/airflow/example_dags/example_xcom.py
[2026-05-10T05:37:27.734+0000] {logging_mixin.py:188} INFO - [2026-05-10T05:37:27.734+0000] {dag.py:3096} INFO - Sync 1 DAGs
[2026-05-10T05:37:27.751+0000] {logging_mixin.py:188} INFO - [2026-05-10T05:37:27.751+0000] {dag.py:3954} INFO - Setting next_dagrun for example_xcom to 2021-01-01 00:00:00+00:00, run_after=2021-01-01 00:00:00+00:00
[2026-05-10T05:37:27.772+0000] {processor.py:183} INFO - Processing /home/airflow/.local/lib/python3.12/site-packages/airflow/example_dags/example_xcom.py took 0.078 seconds
[2026-05-10T05:37:57.967+0000] {processor.py:161} INFO - Started process (PID=13571) to work on /home/airflow/.local/lib/python3.12/site-packages/airflow/example_dags/example_xcom.py
[2026-05-10T05:37:57.969+0000] {processor.py:830} INFO - Processing file /home/airflow/.local/lib/python3.12/site-packages/airflow/example_dags/example_xcom.py for tasks to queue
[2026-05-10T05:37:57.972+0000] {logging_mixin.py:188} INFO - [2026-05-10T05:37:57.972+0000] {dagbag.py:545} INFO - Filling up the DagBag from /home/airflow/.local/lib/python3.12/site-packages/airflow/example_dags/example_xcom.py
[2026-05-10T05:37:57.980+0000] {processor.py:840} INFO - DAG(s) 'example_xcom' retrieved from /home/airflow/.local/lib/python3.12/site-packages/airflow/example_dags/example_xcom.py
[2026-05-10T05:37:57.999+0000] {logging_mixin.py:188} INFO - [2026-05-10T05:37:57.999+0000] {dag.py:3096} INFO - Sync 1 DAGs
[2026-05-10T05:37:58.018+0000] {logging_mixin.py:188} INFO - [2026-05-10T05:37:58.017+0000] {dag.py:3954} INFO - Setting next_dagrun for example_xcom to 2021-01-01 00:00:00+00:00, run_after=2021-01-01 00:00:00+00:00
[2026-05-10T05:37:58.036+0000] {processor.py:183} INFO - Processing /home/airflow/.local/lib/python3.12/site-packages/airflow/example_dags/example_xcom.py took 0.075 seconds
[2026-05-10T05:38:28.548+0000] {processor.py:161} INFO - Started process (PID=13630) to work on /home/airflow/.local/lib/python3.12/site-packages/airflow/example_dags/example_xcom.py
[2026-05-10T05:38:28.551+0000] {processor.py:830} INFO - Processing file /home/airflow/.local/lib/python3.12/site-packages/airflow/example_dags/example_xcom.py for tasks to queue
[2026-05-10T05:38:28.557+0000] {logging_mixin.py:188} INFO - [2026-05-10T05:38:28.556+0000] {dagbag.py:545} INFO - Filling up the DagBag from /home/airflow/.local/lib/python3.12/site-packages/airflow/example_dags/example_xcom.py
[2026-05-10T05:38:28.572+0000] {processor.py:840} INFO - DAG(s) 'example_xcom' retrieved from /home/airflow/.local/lib/python3.12/site-packages/airflow/example_dags/example_xcom.py
[2026-05-10T05:38:28.620+0000] {logging_mixin.py:188} INFO - [2026-05-10T05:38:28.619+0000] {dag.py:3096} INFO - Sync 1 DAGs
[2026-05-10T05:38:28.649+0000] {logging_mixin.py:188} INFO - [2026-05-10T05:38:28.649+0000] {dag.py:3954} INFO - Setting next_dagrun for example_xcom to 2021-01-01 00:00:00+00:00, run_after=2021-01-01 00:00:00+00:00
[2026-05-10T05:38:28.691+0000] {processor.py:183} INFO - Processing /home/airflow/.local/lib/python3.12/site-packages/airflow/example_dags/example_xcom.py took 0.156 seconds
[2026-05-10T05:38:58.831+0000] {processor.py:161} INFO - Started process (PID=13690) to work on /home/airflow/.local/lib/python3.12/site-packages/airflow/example_dags/example_xcom.py
[2026-05-10T05:38:58.834+0000] {processor.py:830} INFO - Processing file /home/airflow/.local/lib/python3.12/site-packages/airflow/example_dags/example_xcom.py for tasks to queue
[2026-05-10T05:38:58.837+0000] {logging_mixin.py:188} INFO - [2026-05-10T05:38:58.836+0000] {dagbag.py:545} INFO - Filling up the DagBag from /home/airflow/.local/lib/python3.12/site-packages/airflow/example_dags/example_xcom.py
[2026-05-10T05:38:58.844+0000] {processor.py:840} INFO - DAG(s) 'example_xcom' retrieved from /home/airflow/.local/lib/python3.12/site-packages/airflow/example_dags/example_xcom.py
[2026-05-10T05:38:58.863+0000] {logging_mixin.py:188} INFO - [2026-05-10T05:38:58.862+0000] {dag.py:3096} INFO - Sync 1 DAGs
[2026-05-10T05:38:58.881+0000] {logging_mixin.py:188} INFO - [2026-05-10T05:38:58.881+0000] {dag.py:3954} INFO - Setting next_dagrun for example_xcom to 2021-01-01 00:00:00+00:00, run_after=2021-01-01 00:00:00+00:00
[2026-05-10T05:38:58.896+0000] {processor.py:183} INFO - Processing /home/airflow/.local/lib/python3.12/site-packages/airflow/example_dags/example_xcom.py took 0.070 seconds
[2026-05-10T05:39:29.040+0000] {processor.py:161} INFO - Started process (PID=13749) to work on /home/airflow/.local/lib/python3.12/site-packages/airflow/example_dags/example_xcom.py
[2026-05-10T05:39:29.042+0000] {processor.py:830} INFO - Processing file /home/airflow/.local/lib/python3.12/site-packages/airflow/example_dags/example_xcom.py for tasks to queue
[2026-05-10T05:39:29.044+0000] {logging_mixin.py:188} INFO - [2026-05-10T05:39:29.044+0000] {dagbag.py:545} INFO - Filling up the DagBag from /home/airflow/.local/lib/python3.12/site-packages/airflow/example_dags/example_xcom.py
[2026-05-10T05:39:29.052+0000] {processor.py:840} INFO - DAG(s) 'example_xcom' retrieved from /home/airflow/.local/lib/python3.12/site-packages/airflow/example_dags/example_xcom.py
[2026-05-10T05:39:29.071+0000] {logging_mixin.py:188} INFO - [2026-05-10T05:39:29.070+0000] {dag.py:3096} INFO - Sync 1 DAGs
[2026-05-10T05:39:29.087+0000] {logging_mixin.py:188} INFO - [2026-05-10T05:39:29.087+0000] {dag.py:3954} INFO - Setting next_dagrun for example_xcom to 2021-01-01 00:00:00+00:00, run_after=2021-01-01 00:00:00+00:00
[2026-05-10T05:39:29.106+0000] {processor.py:183} INFO - Processing /home/airflow/.local/lib/python3.12/site-packages/airflow/example_dags/example_xcom.py took 0.075 seconds
[2026-05-10T05:39:59.967+0000] {processor.py:161} INFO - Started process (PID=13809) to work on /home/airflow/.local/lib/python3.12/site-packages/airflow/example_dags/example_xcom.py
[2026-05-10T05:39:59.968+0000] {processor.py:830} INFO - Processing file /home/airflow/.local/lib/python3.12/site-packages/airflow/example_dags/example_xcom.py for tasks to queue
[2026-05-10T05:39:59.969+0000] {logging_mixin.py:188} INFO - [2026-05-10T05:39:59.969+0000] {dagbag.py:545} INFO - Filling up the DagBag from /home/airflow/.local/lib/python3.12/site-packages/airflow/example_dags/example_xcom.py
[2026-05-10T05:39:59.976+0000] {processor.py:840} INFO - DAG(s) 'example_xcom' retrieved from /home/airflow/.local/lib/python3.12/site-packages/airflow/example_dags/example_xcom.py
[2026-05-10T05:39:59.994+0000] {logging_mixin.py:188} INFO - [2026-05-10T05:39:59.994+0000] {dag.py:3096} INFO - Sync 1 DAGs
[2026-05-10T05:40:00.012+0000] {logging_mixin.py:188} INFO - [2026-05-10T05:40:00.012+0000] {dag.py:3954} INFO - Setting next_dagrun for example_xcom to 2021-01-01 00:00:00+00:00, run_after=2021-01-01 00:00:00+00:00
[2026-05-10T05:40:00.036+0000] {processor.py:183} INFO - Processing /home/airflow/.local/lib/python3.12/site-packages/airflow/example_dags/example_xcom.py took 0.074 seconds
[2026-05-10T05:40:30.404+0000] {processor.py:161} INFO - Started process (PID=13868) to work on /home/airflow/.local/lib/python3.12/site-packages/airflow/example_dags/example_xcom.py
[2026-05-10T05:40:30.407+0000] {processor.py:830} INFO - Processing file /home/airflow/.local/lib/python3.12/site-packages/airflow/example_dags/example_xcom.py for tasks to queue
[2026-05-10T05:40:30.411+0000] {logging_mixin.py:188} INFO - [2026-05-10T05:40:30.411+0000] {dagbag.py:545} INFO - Filling up the DagBag from /home/airflow/.local/lib/python3.12/site-packages/airflow/example_dags/example_xcom.py
[2026-05-10T05:40:30.417+0000] {processor.py:840} INFO - DAG(s) 'example_xcom' retrieved from /home/airflow/.local/lib/python3.12/site-packages/airflow/example_dags/example_xcom.py
[2026-05-10T05:40:30.436+0000] {logging_mixin.py:188} INFO - [2026-05-10T05:40:30.436+0000] {dag.py:3096} INFO - Sync 1 DAGs
[2026-05-10T05:40:30.453+0000] {logging_mixin.py:188} INFO - [2026-05-10T05:40:30.453+0000] {dag.py:3954} INFO - Setting next_dagrun for example_xcom to 2021-01-01 00:00:00+00:00, run_after=2021-01-01 00:00:00+00:00
[2026-05-10T05:40:30.473+0000] {processor.py:183} INFO - Processing /home/airflow/.local/lib/python3.12/site-packages/airflow/example_dags/example_xcom.py took 0.074 seconds
[2026-05-10T05:41:00.626+0000] {processor.py:161} INFO - Started process (PID=13928) to work on /home/airflow/.local/lib/python3.12/site-packages/airflow/example_dags/example_xcom.py
[2026-05-10T05:41:00.628+0000] {processor.py:830} INFO - Processing file /home/airflow/.local/lib/python3.12/site-packages/airflow/example_dags/example_xcom.py for tasks to queue
[2026-05-10T05:41:00.630+0000] {logging_mixin.py:188} INFO - [2026-05-10T05:41:00.630+0000] {dagbag.py:545} INFO - Filling up the DagBag from /home/airflow/.local/lib/python3.12/site-packages/airflow/example_dags/example_xcom.py
[2026-05-10T05:41:00.636+0000] {processor.py:840} INFO - DAG(s) 'example_xcom' retrieved from /home/airflow/.local/lib/python3.12/site-packages/airflow/example_dags/example_xcom.py
[2026-05-10T05:41:00.654+0000] {logging_mixin.py:188} INFO - [2026-05-10T05:41:00.653+0000] {dag.py:3096} INFO - Sync 1 DAGs
[2026-05-10T05:41:00.670+0000] {logging_mixin.py:188} INFO - [2026-05-10T05:41:00.670+0000] {dag.py:3954} INFO - Setting next_dagrun for example_xcom to 2021-01-01 00:00:00+00:00, run_after=2021-01-01 00:00:00+00:00
[2026-05-10T05:41:00.772+0000] {processor.py:183} INFO - Processing /home/airflow/.local/lib/python3.12/site-packages/airflow/example_dags/example_xcom.py took 0.151 seconds
[2026-05-10T05:41:31.279+0000] {processor.py:161} INFO - Started process (PID=13994) to work on /home/airflow/.local/lib/python3.12/site-packages/airflow/example_dags/example_xcom.py
[2026-05-10T05:41:31.280+0000] {processor.py:830} INFO - Processing file /home/airflow/.local/lib/python3.12/site-packages/airflow/example_dags/example_xcom.py for tasks to queue
[2026-05-10T05:41:31.282+0000] {logging_mixin.py:188} INFO - [2026-05-10T05:41:31.282+0000] {dagbag.py:545} INFO - Filling up the DagBag from /home/airflow/.local/lib/python3.12/site-packages/airflow/example_dags/example_xcom.py
[2026-05-10T05:41:31.290+0000] {processor.py:840} INFO - DAG(s) 'example_xcom' retrieved from /home/airflow/.local/lib/python3.12/site-packages/airflow/example_dags/example_xcom.py
[2026-05-10T05:41:31.312+0000] {logging_mixin.py:188} INFO - [2026-05-10T05:41:31.312+0000] {dag.py:3096} INFO - Sync 1 DAGs
[2026-05-10T05:41:31.330+0000] {logging_mixin.py:188} INFO - [2026-05-10T05:41:31.330+0000] {dag.py:3954} INFO - Setting next_dagrun for example_xcom to 2021-01-01 00:00:00+00:00, run_after=2021-01-01 00:00:00+00:00
[2026-05-10T05:41:31.344+0000] {processor.py:183} INFO - Processing /home/airflow/.local/lib/python3.12/site-packages/airflow/example_dags/example_xcom.py took 0.070 seconds
[2026-05-10T05:42:01.492+0000] {processor.py:161} INFO - Started process (PID=14054) to work on /home/airflow/.local/lib/python3.12/site-packages/airflow/example_dags/example_xcom.py
[2026-05-10T05:42:01.494+0000] {processor.py:830} INFO - Processing file /home/airflow/.local/lib/python3.12/site-packages/airflow/example_dags/example_xcom.py for tasks to queue
[2026-05-10T05:42:01.496+0000] {logging_mixin.py:188} INFO - [2026-05-10T05:42:01.496+0000] {dagbag.py:545} INFO - Filling up the DagBag from /home/airflow/.local/lib/python3.12/site-packages/airflow/example_dags/example_xcom.py
[2026-05-10T05:42:01.503+0000] {processor.py:840} INFO - DAG(s) 'example_xcom' retrieved from /home/airflow/.local/lib/python3.12/site-packages/airflow/example_dags/example_xcom.py
[2026-05-10T05:42:01.524+0000] {logging_mixin.py:188} INFO - [2026-05-10T05:42:01.523+0000] {dag.py:3096} INFO - Sync 1 DAGs
[2026-05-10T05:42:01.541+0000] {logging_mixin.py:188} INFO - [2026-05-10T05:42:01.541+0000] {dag.py:3954} INFO - Setting next_dagrun for example_xcom to 2021-01-01 00:00:00+00:00, run_after=2021-01-01 00:00:00+00:00
[2026-05-10T05:42:01.559+0000] {processor.py:183} INFO - Processing /home/airflow/.local/lib/python3.12/site-packages/airflow/example_dags/example_xcom.py took 0.072 seconds
[2026-05-10T05:42:32.050+0000] {processor.py:161} INFO - Started process (PID=14114) to work on /home/airflow/.local/lib/python3.12/site-packages/airflow/example_dags/example_xcom.py
[2026-05-10T05:42:32.052+0000] {processor.py:830} INFO - Processing file /home/airflow/.local/lib/python3.12/site-packages/airflow/example_dags/example_xcom.py for tasks to queue
[2026-05-10T05:42:32.055+0000] {logging_mixin.py:188} INFO - [2026-05-10T05:42:32.055+0000] {dagbag.py:545} INFO - Filling up the DagBag from /home/airflow/.local/lib/python3.12/site-packages/airflow/example_dags/example_xcom.py
[2026-05-10T05:42:32.063+0000] {processor.py:840} INFO - DAG(s) 'example_xcom' retrieved from /home/airflow/.local/lib/python3.12/site-packages/airflow/example_dags/example_xcom.py
[2026-05-10T05:42:32.083+0000] {logging_mixin.py:188} INFO - [2026-05-10T05:42:32.083+0000] {dag.py:3096} INFO - Sync 1 DAGs
[2026-05-10T05:42:32.100+0000] {logging_mixin.py:188} INFO - [2026-05-10T05:42:32.100+0000] {dag.py:3954} INFO - Setting next_dagrun for example_xcom to 2021-01-01 00:00:00+00:00, run_after=2021-01-01 00:00:00+00:00
[2026-05-10T05:42:32.126+0000] {processor.py:183} INFO - Processing /home/airflow/.local/lib/python3.12/site-packages/airflow/example_dags/example_xcom.py took 0.081 seconds
[2026-05-10T05:43:02.363+0000] {processor.py:161} INFO - Started process (PID=14174) to work on /home/airflow/.local/lib/python3.12/site-packages/airflow/example_dags/example_xcom.py
[2026-05-10T05:43:02.366+0000] {processor.py:830} INFO - Processing file /home/airflow/.local/lib/python3.12/site-packages/airflow/example_dags/example_xcom.py for tasks to queue
[2026-05-10T05:43:02.369+0000] {logging_mixin.py:188} INFO - [2026-05-10T05:43:02.368+0000] {dagbag.py:545} INFO - Filling up the DagBag from /home/airflow/.local/lib/python3.12/site-packages/airflow/example_dags/example_xcom.py
[2026-05-10T05:43:02.380+0000] {processor.py:840} INFO - DAG(s) 'example_xcom' retrieved from /home/airflow/.local/lib/python3.12/site-packages/airflow/example_dags/example_xcom.py
[2026-05-10T05:43:02.401+0000] {logging_mixin.py:188} INFO - [2026-05-10T05:43:02.400+0000] {dag.py:3096} INFO - Sync 1 DAGs
[2026-05-10T05:43:02.419+0000] {logging_mixin.py:188} INFO - [2026-05-10T05:43:02.418+0000] {dag.py:3954} INFO - Setting next_dagrun for example_xcom to 2021-01-01 00:00:00+00:00, run_after=2021-01-01 00:00:00+00:00
[2026-05-10T05:43:02.439+0000] {processor.py:183} INFO - Processing /home/airflow/.local/lib/python3.12/site-packages/airflow/example_dags/example_xcom.py took 0.084 seconds
[2026-05-10T05:43:32.624+0000] {processor.py:161} INFO - Started process (PID=14234) to work on /home/airflow/.local/lib/python3.12/site-packages/airflow/example_dags/example_xcom.py
[2026-05-10T05:43:32.626+0000] {processor.py:830} INFO - Processing file /home/airflow/.local/lib/python3.12/site-packages/airflow/example_dags/example_xcom.py for tasks to queue
[2026-05-10T05:43:32.628+0000] {logging_mixin.py:188} INFO - [2026-05-10T05:43:32.627+0000] {dagbag.py:545} INFO - Filling up the DagBag from /home/airflow/.local/lib/python3.12/site-packages/airflow/example_dags/example_xcom.py
[2026-05-10T05:43:32.634+0000] {processor.py:840} INFO - DAG(s) 'example_xcom' retrieved from /home/airflow/.local/lib/python3.12/site-packages/airflow/example_dags/example_xcom.py
[2026-05-10T05:43:32.651+0000] {logging_mixin.py:188} INFO - [2026-05-10T05:43:32.650+0000] {dag.py:3096} INFO - Sync 1 DAGs
[2026-05-10T05:43:32.667+0000] {logging_mixin.py:188} INFO - [2026-05-10T05:43:32.667+0000] {dag.py:3954} INFO - Setting next_dagrun for example_xcom to 2021-01-01 00:00:00+00:00, run_after=2021-01-01 00:00:00+00:00
[2026-05-10T05:43:32.684+0000] {processor.py:183} INFO - Processing /home/airflow/.local/lib/python3.12/site-packages/airflow/example_dags/example_xcom.py took 0.065 seconds
[2026-05-10T05:44:02.948+0000] {processor.py:161} INFO - Started process (PID=14294) to work on /home/airflow/.local/lib/python3.12/site-packages/airflow/example_dags/example_xcom.py
[2026-05-10T05:44:02.950+0000] {processor.py:830} INFO - Processing file /home/airflow/.local/lib/python3.12/site-packages/airflow/example_dags/example_xcom.py for tasks to queue
[2026-05-10T05:44:02.952+0000] {logging_mixin.py:188} INFO - [2026-05-10T05:44:02.951+0000] {dagbag.py:545} INFO - Filling up the DagBag from /home/airflow/.local/lib/python3.12/site-packages/airflow/example_dags/example_xcom.py
[2026-05-10T05:44:02.958+0000] {processor.py:840} INFO - DAG(s) 'example_xcom' retrieved from /home/airflow/.local/lib/python3.12/site-packages/airflow/example_dags/example_xcom.py
[2026-05-10T05:44:02.977+0000] {logging_mixin.py:188} INFO - [2026-05-10T05:44:02.977+0000] {dag.py:3096} INFO - Sync 1 DAGs
[2026-05-10T05:44:02.994+0000] {logging_mixin.py:188} INFO - [2026-05-10T05:44:02.994+0000] {dag.py:3954} INFO - Setting next_dagrun for example_xcom to 2021-01-01 00:00:00+00:00, run_after=2021-01-01 00:00:00+00:00
[2026-05-10T05:44:03.021+0000] {processor.py:183} INFO - Processing /home/airflow/.local/lib/python3.12/site-packages/airflow/example_dags/example_xcom.py took 0.078 seconds
[2026-05-10T05:44:33.161+0000] {processor.py:161} INFO - Started process (PID=14354) to work on /home/airflow/.local/lib/python3.12/site-packages/airflow/example_dags/example_xcom.py
[2026-05-10T05:44:33.163+0000] {processor.py:830} INFO - Processing file /home/airflow/.local/lib/python3.12/site-packages/airflow/example_dags/example_xcom.py for tasks to queue
[2026-05-10T05:44:33.165+0000] {logging_mixin.py:188} INFO - [2026-05-10T05:44:33.165+0000] {dagbag.py:545} INFO - Filling up the DagBag from /home/airflow/.local/lib/python3.12/site-packages/airflow/example_dags/example_xcom.py
[2026-05-10T05:44:33.171+0000] {processor.py:840} INFO - DAG(s) 'example_xcom' retrieved from /home/airflow/.local/lib/python3.12/site-packages/airflow/example_dags/example_xcom.py
[2026-05-10T05:44:33.189+0000] {logging_mixin.py:188} INFO - [2026-05-10T05:44:33.189+0000] {dag.py:3096} INFO - Sync 1 DAGs
[2026-05-10T05:44:33.206+0000] {logging_mixin.py:188} INFO - [2026-05-10T05:44:33.206+0000] {dag.py:3954} INFO - Setting next_dagrun for example_xcom to 2021-01-01 00:00:00+00:00, run_after=2021-01-01 00:00:00+00:00
[2026-05-10T05:44:33.225+0000] {processor.py:183} INFO - Processing /home/airflow/.local/lib/python3.12/site-packages/airflow/example_dags/example_xcom.py took 0.068 seconds
[2026-05-10T05:45:03.510+0000] {processor.py:161} INFO - Started process (PID=14412) to work on /home/airflow/.local/lib/python3.12/site-packages/airflow/example_dags/example_xcom.py
[2026-05-10T05:45:03.514+0000] {processor.py:830} INFO - Processing file /home/airflow/.local/lib/python3.12/site-packages/airflow/example_dags/example_xcom.py for tasks to queue
[2026-05-10T05:45:03.518+0000] {logging_mixin.py:188} INFO - [2026-05-10T05:45:03.518+0000] {dagbag.py:545} INFO - Filling up the DagBag from /home/airflow/.local/lib/python3.12/site-packages/airflow/example_dags/example_xcom.py
[2026-05-10T05:45:03.527+0000] {processor.py:840} INFO - DAG(s) 'example_xcom' retrieved from /home/airflow/.local/lib/python3.12/site-packages/airflow/example_dags/example_xcom.py
[2026-05-10T05:45:03.549+0000] {logging_mixin.py:188} INFO - [2026-05-10T05:45:03.549+0000] {dag.py:3096} INFO - Sync 1 DAGs
[2026-05-10T05:45:03.570+0000] {logging_mixin.py:188} INFO - [2026-05-10T05:45:03.569+0000] {dag.py:3954} INFO - Setting next_dagrun for example_xcom to 2021-01-01 00:00:00+00:00, run_after=2021-01-01 00:00:00+00:00
[2026-05-10T05:45:03.589+0000] {processor.py:183} INFO - Processing /home/airflow/.local/lib/python3.12/site-packages/airflow/example_dags/example_xcom.py took 0.084 seconds
[2026-05-10T05:45:33.790+0000] {processor.py:161} INFO - Started process (PID=14472) to work on /home/airflow/.local/lib/python3.12/site-packages/airflow/example_dags/example_xcom.py
[2026-05-10T05:45:33.791+0000] {processor.py:830} INFO - Processing file /home/airflow/.local/lib/python3.12/site-packages/airflow/example_dags/example_xcom.py for tasks to queue
[2026-05-10T05:45:33.793+0000] {logging_mixin.py:188} INFO - [2026-05-10T05:45:33.793+0000] {dagbag.py:545} INFO - Filling up the DagBag from /home/airflow/.local/lib/python3.12/site-packages/airflow/example_dags/example_xcom.py
[2026-05-10T05:45:33.800+0000] {processor.py:840} INFO - DAG(s) 'example_xcom' retrieved from /home/airflow/.local/lib/python3.12/site-packages/airflow/example_dags/example_xcom.py
[2026-05-10T05:45:33.819+0000] {logging_mixin.py:188} INFO - [2026-05-10T05:45:33.819+0000] {dag.py:3096} INFO - Sync 1 DAGs
[2026-05-10T05:45:33.836+0000] {logging_mixin.py:188} INFO - [2026-05-10T05:45:33.836+0000] {dag.py:3954} INFO - Setting next_dagrun for example_xcom to 2021-01-01 00:00:00+00:00, run_after=2021-01-01 00:00:00+00:00
[2026-05-10T05:45:33.852+0000] {processor.py:183} INFO - Processing /home/airflow/.local/lib/python3.12/site-packages/airflow/example_dags/example_xcom.py took 0.067 seconds
[2026-05-10T05:46:04.157+0000] {processor.py:161} INFO - Started process (PID=14532) to work on /home/airflow/.local/lib/python3.12/site-packages/airflow/example_dags/example_xcom.py
[2026-05-10T05:46:04.158+0000] {processor.py:830} INFO - Processing file /home/airflow/.local/lib/python3.12/site-packages/airflow/example_dags/example_xcom.py for tasks to queue
[2026-05-10T05:46:04.161+0000] {logging_mixin.py:188} INFO - [2026-05-10T05:46:04.161+0000] {dagbag.py:545} INFO - Filling up the DagBag from /home/airflow/.local/lib/python3.12/site-packages/airflow/example_dags/example_xcom.py
[2026-05-10T05:46:04.167+0000] {processor.py:840} INFO - DAG(s) 'example_xcom' retrieved from /home/airflow/.local/lib/python3.12/site-packages/airflow/example_dags/example_xcom.py
[2026-05-10T05:46:04.188+0000] {logging_mixin.py:188} INFO - [2026-05-10T05:46:04.188+0000] {dag.py:3096} INFO - Sync 1 DAGs
[2026-05-10T05:46:04.206+0000] {logging_mixin.py:188} INFO - [2026-05-10T05:46:04.205+0000] {dag.py:3954} INFO - Setting next_dagrun for example_xcom to 2021-01-01 00:00:00+00:00, run_after=2021-01-01 00:00:00+00:00
[2026-05-10T05:46:04.221+0000] {processor.py:183} INFO - Processing /home/airflow/.local/lib/python3.12/site-packages/airflow/example_dags/example_xcom.py took 0.069 seconds
[2026-05-10T05:46:34.309+0000] {processor.py:161} INFO - Started process (PID=14592) to work on /home/airflow/.local/lib/python3.12/site-packages/airflow/example_dags/example_xcom.py
[2026-05-10T05:46:34.310+0000] {processor.py:830} INFO - Processing file /home/airflow/.local/lib/python3.12/site-packages/airflow/example_dags/example_xcom.py for tasks to queue
[2026-05-10T05:46:34.313+0000] {logging_mixin.py:188} INFO - [2026-05-10T05:46:34.312+0000] {dagbag.py:545} INFO - Filling up the DagBag from /home/airflow/.local/lib/python3.12/site-packages/airflow/example_dags/example_xcom.py
[2026-05-10T05:46:34.319+0000] {processor.py:840} INFO - DAG(s) 'example_xcom' retrieved from /home/airflow/.local/lib/python3.12/site-packages/airflow/example_dags/example_xcom.py
[2026-05-10T05:46:34.336+0000] {logging_mixin.py:188} INFO - [2026-05-10T05:46:34.336+0000] {dag.py:3096} INFO - Sync 1 DAGs
[2026-05-10T05:46:34.358+0000] {logging_mixin.py:188} INFO - [2026-05-10T05:46:34.358+0000] {dag.py:3954} INFO - Setting next_dagrun for example_xcom to 2021-01-01 00:00:00+00:00, run_after=2021-01-01 00:00:00+00:00
[2026-05-10T05:46:34.378+0000] {processor.py:183} INFO - Processing /home/airflow/.local/lib/python3.12/site-packages/airflow/example_dags/example_xcom.py took 0.074 seconds
[2026-05-10T05:47:04.709+0000] {processor.py:161} INFO - Started process (PID=14652) to work on /home/airflow/.local/lib/python3.12/site-packages/airflow/example_dags/example_xcom.py
[2026-05-10T05:47:04.715+0000] {processor.py:830} INFO - Processing file /home/airflow/.local/lib/python3.12/site-packages/airflow/example_dags/example_xcom.py for tasks to queue
[2026-05-10T05:47:04.718+0000] {logging_mixin.py:188} INFO - [2026-05-10T05:47:04.718+0000] {dagbag.py:545} INFO - Filling up the DagBag from /home/airflow/.local/lib/python3.12/site-packages/airflow/example_dags/example_xcom.py
[2026-05-10T05:47:04.739+0000] {processor.py:840} INFO - DAG(s) 'example_xcom' retrieved from /home/airflow/.local/lib/python3.12/site-packages/airflow/example_dags/example_xcom.py
[2026-05-10T05:47:04.770+0000] {logging_mixin.py:188} INFO - [2026-05-10T05:47:04.769+0000] {dag.py:3096} INFO - Sync 1 DAGs
[2026-05-10T05:47:04.800+0000] {logging_mixin.py:188} INFO - [2026-05-10T05:47:04.800+0000] {dag.py:3954} INFO - Setting next_dagrun for example_xcom to 2021-01-01 00:00:00+00:00, run_after=2021-01-01 00:00:00+00:00
[2026-05-10T05:47:04.824+0000] {processor.py:183} INFO - Processing /home/airflow/.local/lib/python3.12/site-packages/airflow/example_dags/example_xcom.py took 0.120 seconds
[2026-05-10T05:47:34.940+0000] {processor.py:161} INFO - Started process (PID=14712) to work on /home/airflow/.local/lib/python3.12/site-packages/airflow/example_dags/example_xcom.py
[2026-05-10T05:47:34.941+0000] {processor.py:830} INFO - Processing file /home/airflow/.local/lib/python3.12/site-packages/airflow/example_dags/example_xcom.py for tasks to queue
[2026-05-10T05:47:34.945+0000] {logging_mixin.py:188} INFO - [2026-05-10T05:47:34.945+0000] {dagbag.py:545} INFO - Filling up the DagBag from /home/airflow/.local/lib/python3.12/site-packages/airflow/example_dags/example_xcom.py
[2026-05-10T05:47:34.953+0000] {processor.py:840} INFO - DAG(s) 'example_xcom' retrieved from /home/airflow/.local/lib/python3.12/site-packages/airflow/example_dags/example_xcom.py
[2026-05-10T05:47:34.971+0000] {logging_mixin.py:188} INFO - [2026-05-10T05:47:34.971+0000] {dag.py:3096} INFO - Sync 1 DAGs
[2026-05-10T05:47:34.988+0000] {logging_mixin.py:188} INFO - [2026-05-10T05:47:34.988+0000] {dag.py:3954} INFO - Setting next_dagrun for example_xcom to 2021-01-01 00:00:00+00:00, run_after=2021-01-01 00:00:00+00:00
[2026-05-10T05:47:35.008+0000] {processor.py:183} INFO - Processing /home/airflow/.local/lib/python3.12/site-packages/airflow/example_dags/example_xcom.py took 0.073 seconds
[2026-05-10T05:48:05.381+0000] {processor.py:161} INFO - Started process (PID=14772) to work on /home/airflow/.local/lib/python3.12/site-packages/airflow/example_dags/example_xcom.py
[2026-05-10T05:48:05.382+0000] {processor.py:830} INFO - Processing file /home/airflow/.local/lib/python3.12/site-packages/airflow/example_dags/example_xcom.py for tasks to queue
[2026-05-10T05:48:05.384+0000] {logging_mixin.py:188} INFO - [2026-05-10T05:48:05.384+0000] {dagbag.py:545} INFO - Filling up the DagBag from /home/airflow/.local/lib/python3.12/site-packages/airflow/example_dags/example_xcom.py
[2026-05-10T05:48:05.390+0000] {processor.py:840} INFO - DAG(s) 'example_xcom' retrieved from /home/airflow/.local/lib/python3.12/site-packages/airflow/example_dags/example_xcom.py
[2026-05-10T05:48:05.409+0000] {logging_mixin.py:188} INFO - [2026-05-10T05:48:05.409+0000] {dag.py:3096} INFO - Sync 1 DAGs
[2026-05-10T05:48:05.425+0000] {logging_mixin.py:188} INFO - [2026-05-10T05:48:05.425+0000] {dag.py:3954} INFO - Setting next_dagrun for example_xcom to 2021-01-01 00:00:00+00:00, run_after=2021-01-01 00:00:00+00:00
[2026-05-10T05:48:05.441+0000] {processor.py:183} INFO - Processing /home/airflow/.local/lib/python3.12/site-packages/airflow/example_dags/example_xcom.py took 0.066 seconds
[2026-05-10T05:48:35.722+0000] {processor.py:161} INFO - Started process (PID=14832) to work on /home/airflow/.local/lib/python3.12/site-packages/airflow/example_dags/example_xcom.py
[2026-05-10T05:48:35.724+0000] {processor.py:830} INFO - Processing file /home/airflow/.local/lib/python3.12/site-packages/airflow/example_dags/example_xcom.py for tasks to queue
[2026-05-10T05:48:35.726+0000] {logging_mixin.py:188} INFO - [2026-05-10T05:48:35.725+0000] {dagbag.py:545} INFO - Filling up the DagBag from /home/airflow/.local/lib/python3.12/site-packages/airflow/example_dags/example_xcom.py
[2026-05-10T05:48:35.732+0000] {processor.py:840} INFO - DAG(s) 'example_xcom' retrieved from /home/airflow/.local/lib/python3.12/site-packages/airflow/example_dags/example_xcom.py
[2026-05-10T05:48:35.749+0000] {logging_mixin.py:188} INFO - [2026-05-10T05:48:35.749+0000] {dag.py:3096} INFO - Sync 1 DAGs
[2026-05-10T05:48:35.767+0000] {logging_mixin.py:188} INFO - [2026-05-10T05:48:35.767+0000] {dag.py:3954} INFO - Setting next_dagrun for example_xcom to 2021-01-01 00:00:00+00:00, run_after=2021-01-01 00:00:00+00:00
[2026-05-10T05:48:35.786+0000] {processor.py:183} INFO - Processing /home/airflow/.local/lib/python3.12/site-packages/airflow/example_dags/example_xcom.py took 0.068 seconds
[2026-05-10T05:49:05.940+0000] {processor.py:161} INFO - Started process (PID=14892) to work on /home/airflow/.local/lib/python3.12/site-packages/airflow/example_dags/example_xcom.py
[2026-05-10T05:49:05.942+0000] {processor.py:830} INFO - Processing file /home/airflow/.local/lib/python3.12/site-packages/airflow/example_dags/example_xcom.py for tasks to queue
[2026-05-10T05:49:05.944+0000] {logging_mixin.py:188} INFO - [2026-05-10T05:49:05.944+0000] {dagbag.py:545} INFO - Filling up the DagBag from /home/airflow/.local/lib/python3.12/site-packages/airflow/example_dags/example_xcom.py
[2026-05-10T05:49:05.950+0000] {processor.py:840} INFO - DAG(s) 'example_xcom' retrieved from /home/airflow/.local/lib/python3.12/site-packages/airflow/example_dags/example_xcom.py
[2026-05-10T05:49:05.966+0000] {logging_mixin.py:188} INFO - [2026-05-10T05:49:05.966+0000] {dag.py:3096} INFO - Sync 1 DAGs
[2026-05-10T05:49:05.984+0000] {logging_mixin.py:188} INFO - [2026-05-10T05:49:05.983+0000] {dag.py:3954} INFO - Setting next_dagrun for example_xcom to 2021-01-01 00:00:00+00:00, run_after=2021-01-01 00:00:00+00:00
[2026-05-10T05:49:06.006+0000] {processor.py:183} INFO - Processing /home/airflow/.local/lib/python3.12/site-packages/airflow/example_dags/example_xcom.py took 0.070 seconds
[2026-05-10T05:49:36.634+0000] {processor.py:161} INFO - Started process (PID=14952) to work on /home/airflow/.local/lib/python3.12/site-packages/airflow/example_dags/example_xcom.py
[2026-05-10T05:49:36.635+0000] {processor.py:830} INFO - Processing file /home/airflow/.local/lib/python3.12/site-packages/airflow/example_dags/example_xcom.py for tasks to queue
[2026-05-10T05:49:36.638+0000] {logging_mixin.py:188} INFO - [2026-05-10T05:49:36.637+0000] {dagbag.py:545} INFO - Filling up the DagBag from /home/airflow/.local/lib/python3.12/site-packages/airflow/example_dags/example_xcom.py
[2026-05-10T05:49:36.644+0000] {processor.py:840} INFO - DAG(s) 'example_xcom' retrieved from /home/airflow/.local/lib/python3.12/site-packages/airflow/example_dags/example_xcom.py
[2026-05-10T05:49:36.661+0000] {logging_mixin.py:188} INFO - [2026-05-10T05:49:36.661+0000] {dag.py:3096} INFO - Sync 1 DAGs
[2026-05-10T05:49:36.679+0000] {logging_mixin.py:188} INFO - [2026-05-10T05:49:36.678+0000] {dag.py:3954} INFO - Setting next_dagrun for example_xcom to 2021-01-01 00:00:00+00:00, run_after=2021-01-01 00:00:00+00:00
[2026-05-10T05:49:36.696+0000] {processor.py:183} INFO - Processing /home/airflow/.local/lib/python3.12/site-packages/airflow/example_dags/example_xcom.py took 0.066 seconds
[2026-05-10T05:50:06.910+0000] {processor.py:161} INFO - Started process (PID=15012) to work on /home/airflow/.local/lib/python3.12/site-packages/airflow/example_dags/example_xcom.py
[2026-05-10T05:50:06.911+0000] {processor.py:830} INFO - Processing file /home/airflow/.local/lib/python3.12/site-packages/airflow/example_dags/example_xcom.py for tasks to queue
[2026-05-10T05:50:06.913+0000] {logging_mixin.py:188} INFO - [2026-05-10T05:50:06.913+0000] {dagbag.py:545} INFO - Filling up the DagBag from /home/airflow/.local/lib/python3.12/site-packages/airflow/example_dags/example_xcom.py
[2026-05-10T05:50:06.922+0000] {processor.py:840} INFO - DAG(s) 'example_xcom' retrieved from /home/airflow/.local/lib/python3.12/site-packages/airflow/example_dags/example_xcom.py
[2026-05-10T05:50:06.940+0000] {logging_mixin.py:188} INFO - [2026-05-10T05:50:06.940+0000] {dag.py:3096} INFO - Sync 1 DAGs
[2026-05-10T05:50:06.964+0000] {logging_mixin.py:188} INFO - [2026-05-10T05:50:06.963+0000] {dag.py:3954} INFO - Setting next_dagrun for example_xcom to 2021-01-01 00:00:00+00:00, run_after=2021-01-01 00:00:00+00:00
[2026-05-10T05:50:06.988+0000] {processor.py:183} INFO - Processing /home/airflow/.local/lib/python3.12/site-packages/airflow/example_dags/example_xcom.py took 0.083 seconds
[2026-05-10T05:50:38.060+0000] {processor.py:161} INFO - Started process (PID=15072) to work on /home/airflow/.local/lib/python3.12/site-packages/airflow/example_dags/example_xcom.py
[2026-05-10T05:50:38.061+0000] {processor.py:830} INFO - Processing file /home/airflow/.local/lib/python3.12/site-packages/airflow/example_dags/example_xcom.py for tasks to queue
[2026-05-10T05:50:38.064+0000] {logging_mixin.py:188} INFO - [2026-05-10T05:50:38.063+0000] {dagbag.py:545} INFO - Filling up the DagBag from /home/airflow/.local/lib/python3.12/site-packages/airflow/example_dags/example_xcom.py
[2026-05-10T05:50:38.072+0000] {processor.py:840} INFO - DAG(s) 'example_xcom' retrieved from /home/airflow/.local/lib/python3.12/site-packages/airflow/example_dags/example_xcom.py
[2026-05-10T05:50:38.096+0000] {logging_mixin.py:188} INFO - [2026-05-10T05:50:38.096+0000] {dag.py:3096} INFO - Sync 1 DAGs
[2026-05-10T05:50:38.117+0000] {logging_mixin.py:188} INFO - [2026-05-10T05:50:38.117+0000] {dag.py:3954} INFO - Setting next_dagrun for example_xcom to 2021-01-01 00:00:00+00:00, run_after=2021-01-01 00:00:00+00:00
[2026-05-10T05:50:38.136+0000] {processor.py:183} INFO - Processing /home/airflow/.local/lib/python3.12/site-packages/airflow/example_dags/example_xcom.py took 0.083 seconds
[2026-05-10T05:51:08.387+0000] {processor.py:161} INFO - Started process (PID=15132) to work on /home/airflow/.local/lib/python3.12/site-packages/airflow/example_dags/example_xcom.py
[2026-05-10T05:51:08.389+0000] {processor.py:830} INFO - Processing file /home/airflow/.local/lib/python3.12/site-packages/airflow/example_dags/example_xcom.py for tasks to queue
[2026-05-10T05:51:08.391+0000] {logging_mixin.py:188} INFO - [2026-05-10T05:51:08.391+0000] {dagbag.py:545} INFO - Filling up the DagBag from /home/airflow/.local/lib/python3.12/site-packages/airflow/example_dags/example_xcom.py
[2026-05-10T05:51:08.400+0000] {processor.py:840} INFO - DAG(s) 'example_xcom' retrieved from /home/airflow/.local/lib/python3.12/site-packages/airflow/example_dags/example_xcom.py
[2026-05-10T05:51:08.418+0000] {logging_mixin.py:188} INFO - [2026-05-10T05:51:08.417+0000] {dag.py:3096} INFO - Sync 1 DAGs
[2026-05-10T05:51:08.434+0000] {logging_mixin.py:188} INFO - [2026-05-10T05:51:08.434+0000] {dag.py:3954} INFO - Setting next_dagrun for example_xcom to 2021-01-01 00:00:00+00:00, run_after=2021-01-01 00:00:00+00:00
[2026-05-10T05:51:08.450+0000] {processor.py:183} INFO - Processing /home/airflow/.local/lib/python3.12/site-packages/airflow/example_dags/example_xcom.py took 0.069 seconds
[2026-05-10T05:51:38.700+0000] {processor.py:161} INFO - Started process (PID=15192) to work on /home/airflow/.local/lib/python3.12/site-packages/airflow/example_dags/example_xcom.py
[2026-05-10T05:51:38.703+0000] {processor.py:830} INFO - Processing file /home/airflow/.local/lib/python3.12/site-packages/airflow/example_dags/example_xcom.py for tasks to queue
[2026-05-10T05:51:38.706+0000] {logging_mixin.py:188} INFO - [2026-05-10T05:51:38.706+0000] {dagbag.py:545} INFO - Filling up the DagBag from /home/airflow/.local/lib/python3.12/site-packages/airflow/example_dags/example_xcom.py
[2026-05-10T05:51:38.716+0000] {processor.py:840} INFO - DAG(s) 'example_xcom' retrieved from /home/airflow/.local/lib/python3.12/site-packages/airflow/example_dags/example_xcom.py
[2026-05-10T05:51:38.738+0000] {logging_mixin.py:188} INFO - [2026-05-10T05:51:38.738+0000] {dag.py:3096} INFO - Sync 1 DAGs
[2026-05-10T05:51:38.756+0000] {logging_mixin.py:188} INFO - [2026-05-10T05:51:38.756+0000] {dag.py:3954} INFO - Setting next_dagrun for example_xcom to 2021-01-01 00:00:00+00:00, run_after=2021-01-01 00:00:00+00:00
[2026-05-10T05:51:38.774+0000] {processor.py:183} INFO - Processing /home/airflow/.local/lib/python3.12/site-packages/airflow/example_dags/example_xcom.py took 0.083 seconds
[2026-05-10T05:52:09.025+0000] {processor.py:161} INFO - Started process (PID=15252) to work on /home/airflow/.local/lib/python3.12/site-packages/airflow/example_dags/example_xcom.py
[2026-05-10T05:52:09.028+0000] {processor.py:830} INFO - Processing file /home/airflow/.local/lib/python3.12/site-packages/airflow/example_dags/example_xcom.py for tasks to queue
[2026-05-10T05:52:09.031+0000] {logging_mixin.py:188} INFO - [2026-05-10T05:52:09.030+0000] {dagbag.py:545} INFO - Filling up the DagBag from /home/airflow/.local/lib/python3.12/site-packages/airflow/example_dags/example_xcom.py
[2026-05-10T05:52:09.038+0000] {processor.py:840} INFO - DAG(s) 'example_xcom' retrieved from /home/airflow/.local/lib/python3.12/site-packages/airflow/example_dags/example_xcom.py
[2026-05-10T05:52:09.055+0000] {logging_mixin.py:188} INFO - [2026-05-10T05:52:09.055+0000] {dag.py:3096} INFO - Sync 1 DAGs
[2026-05-10T05:52:09.073+0000] {logging_mixin.py:188} INFO - [2026-05-10T05:52:09.072+0000] {dag.py:3954} INFO - Setting next_dagrun for example_xcom to 2021-01-01 00:00:00+00:00, run_after=2021-01-01 00:00:00+00:00
[2026-05-10T05:52:09.091+0000] {processor.py:183} INFO - Processing /home/airflow/.local/lib/python3.12/site-packages/airflow/example_dags/example_xcom.py took 0.072 seconds
[2026-05-10T05:52:39.635+0000] {processor.py:161} INFO - Started process (PID=15312) to work on /home/airflow/.local/lib/python3.12/site-packages/airflow/example_dags/example_xcom.py
[2026-05-10T05:52:39.637+0000] {processor.py:830} INFO - Processing file /home/airflow/.local/lib/python3.12/site-packages/airflow/example_dags/example_xcom.py for tasks to queue
[2026-05-10T05:52:39.640+0000] {logging_mixin.py:188} INFO - [2026-05-10T05:52:39.639+0000] {dagbag.py:545} INFO - Filling up the DagBag from /home/airflow/.local/lib/python3.12/site-packages/airflow/example_dags/example_xcom.py
[2026-05-10T05:52:39.646+0000] {processor.py:840} INFO - DAG(s) 'example_xcom' retrieved from /home/airflow/.local/lib/python3.12/site-packages/airflow/example_dags/example_xcom.py
[2026-05-10T05:52:39.665+0000] {logging_mixin.py:188} INFO - [2026-05-10T05:52:39.665+0000] {dag.py:3096} INFO - Sync 1 DAGs
[2026-05-10T05:52:39.682+0000] {logging_mixin.py:188} INFO - [2026-05-10T05:52:39.682+0000] {dag.py:3954} INFO - Setting next_dagrun for example_xcom to 2021-01-01 00:00:00+00:00, run_after=2021-01-01 00:00:00+00:00
[2026-05-10T05:52:39.700+0000] {processor.py:183} INFO - Processing /home/airflow/.local/lib/python3.12/site-packages/airflow/example_dags/example_xcom.py took 0.069 seconds
[2026-05-10T05:53:09.868+0000] {processor.py:161} INFO - Started process (PID=15372) to work on /home/airflow/.local/lib/python3.12/site-packages/airflow/example_dags/example_xcom.py
[2026-05-10T05:53:09.869+0000] {processor.py:830} INFO - Processing file /home/airflow/.local/lib/python3.12/site-packages/airflow/example_dags/example_xcom.py for tasks to queue
[2026-05-10T05:53:09.872+0000] {logging_mixin.py:188} INFO - [2026-05-10T05:53:09.871+0000] {dagbag.py:545} INFO - Filling up the DagBag from /home/airflow/.local/lib/python3.12/site-packages/airflow/example_dags/example_xcom.py
[2026-05-10T05:53:09.879+0000] {processor.py:840} INFO - DAG(s) 'example_xcom' retrieved from /home/airflow/.local/lib/python3.12/site-packages/airflow/example_dags/example_xcom.py
[2026-05-10T05:53:09.897+0000] {logging_mixin.py:188} INFO - [2026-05-10T05:53:09.897+0000] {dag.py:3096} INFO - Sync 1 DAGs
[2026-05-10T05:53:09.915+0000] {logging_mixin.py:188} INFO - [2026-05-10T05:53:09.915+0000] {dag.py:3954} INFO - Setting next_dagrun for example_xcom to 2021-01-01 00:00:00+00:00, run_after=2021-01-01 00:00:00+00:00
[2026-05-10T05:53:09.934+0000] {processor.py:183} INFO - Processing /home/airflow/.local/lib/python3.12/site-packages/airflow/example_dags/example_xcom.py took 0.071 seconds
[2026-05-10T05:53:40.121+0000] {processor.py:161} INFO - Started process (PID=15432) to work on /home/airflow/.local/lib/python3.12/site-packages/airflow/example_dags/example_xcom.py
[2026-05-10T05:53:40.122+0000] {processor.py:830} INFO - Processing file /home/airflow/.local/lib/python3.12/site-packages/airflow/example_dags/example_xcom.py for tasks to queue
[2026-05-10T05:53:40.124+0000] {logging_mixin.py:188} INFO - [2026-05-10T05:53:40.124+0000] {dagbag.py:545} INFO - Filling up the DagBag from /home/airflow/.local/lib/python3.12/site-packages/airflow/example_dags/example_xcom.py
[2026-05-10T05:53:40.130+0000] {processor.py:840} INFO - DAG(s) 'example_xcom' retrieved from /home/airflow/.local/lib/python3.12/site-packages/airflow/example_dags/example_xcom.py
[2026-05-10T05:53:40.147+0000] {logging_mixin.py:188} INFO - [2026-05-10T05:53:40.147+0000] {dag.py:3096} INFO - Sync 1 DAGs
[2026-05-10T05:53:40.166+0000] {logging_mixin.py:188} INFO - [2026-05-10T05:53:40.165+0000] {dag.py:3954} INFO - Setting next_dagrun for example_xcom to 2021-01-01 00:00:00+00:00, run_after=2021-01-01 00:00:00+00:00
[2026-05-10T05:53:40.183+0000] {processor.py:183} INFO - Processing /home/airflow/.local/lib/python3.12/site-packages/airflow/example_dags/example_xcom.py took 0.067 seconds
[2026-05-10T05:54:10.294+0000] {processor.py:161} INFO - Started process (PID=15492) to work on /home/airflow/.local/lib/python3.12/site-packages/airflow/example_dags/example_xcom.py
[2026-05-10T05:54:10.295+0000] {processor.py:830} INFO - Processing file /home/airflow/.local/lib/python3.12/site-packages/airflow/example_dags/example_xcom.py for tasks to queue
[2026-05-10T05:54:10.297+0000] {logging_mixin.py:188} INFO - [2026-05-10T05:54:10.297+0000] {dagbag.py:545} INFO - Filling up the DagBag from /home/airflow/.local/lib/python3.12/site-packages/airflow/example_dags/example_xcom.py
[2026-05-10T05:54:10.307+0000] {processor.py:840} INFO - DAG(s) 'example_xcom' retrieved from /home/airflow/.local/lib/python3.12/site-packages/airflow/example_dags/example_xcom.py
[2026-05-10T05:54:10.324+0000] {logging_mixin.py:188} INFO - [2026-05-10T05:54:10.324+0000] {dag.py:3096} INFO - Sync 1 DAGs
[2026-05-10T05:54:10.341+0000] {logging_mixin.py:188} INFO - [2026-05-10T05:54:10.341+0000] {dag.py:3954} INFO - Setting next_dagrun for example_xcom to 2021-01-01 00:00:00+00:00, run_after=2021-01-01 00:00:00+00:00
[2026-05-10T05:54:10.359+0000] {processor.py:183} INFO - Processing /home/airflow/.local/lib/python3.12/site-packages/airflow/example_dags/example_xcom.py took 0.070 seconds
[2026-05-10T05:54:40.811+0000] {processor.py:161} INFO - Started process (PID=15552) to work on /home/airflow/.local/lib/python3.12/site-packages/airflow/example_dags/example_xcom.py
[2026-05-10T05:54:40.812+0000] {processor.py:830} INFO - Processing file /home/airflow/.local/lib/python3.12/site-packages/airflow/example_dags/example_xcom.py for tasks to queue
[2026-05-10T05:54:40.815+0000] {logging_mixin.py:188} INFO - [2026-05-10T05:54:40.814+0000] {dagbag.py:545} INFO - Filling up the DagBag from /home/airflow/.local/lib/python3.12/site-packages/airflow/example_dags/example_xcom.py
[2026-05-10T05:54:40.821+0000] {processor.py:840} INFO - DAG(s) 'example_xcom' retrieved from /home/airflow/.local/lib/python3.12/site-packages/airflow/example_dags/example_xcom.py
[2026-05-10T05:54:40.837+0000] {logging_mixin.py:188} INFO - [2026-05-10T05:54:40.837+0000] {dag.py:3096} INFO - Sync 1 DAGs
[2026-05-10T05:54:40.853+0000] {logging_mixin.py:188} INFO - [2026-05-10T05:54:40.853+0000] {dag.py:3954} INFO - Setting next_dagrun for example_xcom to 2021-01-01 00:00:00+00:00, run_after=2021-01-01 00:00:00+00:00
[2026-05-10T05:54:40.870+0000] {processor.py:183} INFO - Processing /home/airflow/.local/lib/python3.12/site-packages/airflow/example_dags/example_xcom.py took 0.063 seconds
[2026-05-10T05:55:11.093+0000] {processor.py:161} INFO - Started process (PID=15612) to work on /home/airflow/.local/lib/python3.12/site-packages/airflow/example_dags/example_xcom.py
[2026-05-10T05:55:11.096+0000] {processor.py:830} INFO - Processing file /home/airflow/.local/lib/python3.12/site-packages/airflow/example_dags/example_xcom.py for tasks to queue
[2026-05-10T05:55:11.100+0000] {logging_mixin.py:188} INFO - [2026-05-10T05:55:11.099+0000] {dagbag.py:545} INFO - Filling up the DagBag from /home/airflow/.local/lib/python3.12/site-packages/airflow/example_dags/example_xcom.py
[2026-05-10T05:55:11.108+0000] {processor.py:840} INFO - DAG(s) 'example_xcom' retrieved from /home/airflow/.local/lib/python3.12/site-packages/airflow/example_dags/example_xcom.py
[2026-05-10T05:55:11.127+0000] {logging_mixin.py:188} INFO - [2026-05-10T05:55:11.127+0000] {dag.py:3096} INFO - Sync 1 DAGs
[2026-05-10T05:55:11.144+0000] {logging_mixin.py:188} INFO - [2026-05-10T05:55:11.144+0000] {dag.py:3954} INFO - Setting next_dagrun for example_xcom to 2021-01-01 00:00:00+00:00, run_after=2021-01-01 00:00:00+00:00
[2026-05-10T05:55:11.160+0000] {processor.py:183} INFO - Processing /home/airflow/.local/lib/python3.12/site-packages/airflow/example_dags/example_xcom.py took 0.071 seconds
[2026-05-10T05:55:41.473+0000] {processor.py:161} INFO - Started process (PID=15672) to work on /home/airflow/.local/lib/python3.12/site-packages/airflow/example_dags/example_xcom.py
[2026-05-10T05:55:41.475+0000] {processor.py:830} INFO - Processing file /home/airflow/.local/lib/python3.12/site-packages/airflow/example_dags/example_xcom.py for tasks to queue
[2026-05-10T05:55:41.479+0000] {logging_mixin.py:188} INFO - [2026-05-10T05:55:41.479+0000] {dagbag.py:545} INFO - Filling up the DagBag from /home/airflow/.local/lib/python3.12/site-packages/airflow/example_dags/example_xcom.py
[2026-05-10T05:55:41.487+0000] {processor.py:840} INFO - DAG(s) 'example_xcom' retrieved from /home/airflow/.local/lib/python3.12/site-packages/airflow/example_dags/example_xcom.py
[2026-05-10T05:55:41.504+0000] {logging_mixin.py:188} INFO - [2026-05-10T05:55:41.503+0000] {dag.py:3096} INFO - Sync 1 DAGs
[2026-05-10T05:55:41.519+0000] {logging_mixin.py:188} INFO - [2026-05-10T05:55:41.518+0000] {dag.py:3954} INFO - Setting next_dagrun for example_xcom to 2021-01-01 00:00:00+00:00, run_after=2021-01-01 00:00:00+00:00
[2026-05-10T05:55:41.533+0000] {processor.py:183} INFO - Processing /home/airflow/.local/lib/python3.12/site-packages/airflow/example_dags/example_xcom.py took 0.064 seconds
[2026-05-10T05:56:12.114+0000] {processor.py:161} INFO - Started process (PID=15732) to work on /home/airflow/.local/lib/python3.12/site-packages/airflow/example_dags/example_xcom.py
[2026-05-10T05:56:12.116+0000] {processor.py:830} INFO - Processing file /home/airflow/.local/lib/python3.12/site-packages/airflow/example_dags/example_xcom.py for tasks to queue
[2026-05-10T05:56:12.118+0000] {logging_mixin.py:188} INFO - [2026-05-10T05:56:12.117+0000] {dagbag.py:545} INFO - Filling up the DagBag from /home/airflow/.local/lib/python3.12/site-packages/airflow/example_dags/example_xcom.py
[2026-05-10T05:56:12.124+0000] {processor.py:840} INFO - DAG(s) 'example_xcom' retrieved from /home/airflow/.local/lib/python3.12/site-packages/airflow/example_dags/example_xcom.py
[2026-05-10T05:56:12.146+0000] {logging_mixin.py:188} INFO - [2026-05-10T05:56:12.145+0000] {dag.py:3096} INFO - Sync 1 DAGs
[2026-05-10T05:56:12.163+0000] {logging_mixin.py:188} INFO - [2026-05-10T05:56:12.163+0000] {dag.py:3954} INFO - Setting next_dagrun for example_xcom to 2021-01-01 00:00:00+00:00, run_after=2021-01-01 00:00:00+00:00
[2026-05-10T05:56:12.184+0000] {processor.py:183} INFO - Processing /home/airflow/.local/lib/python3.12/site-packages/airflow/example_dags/example_xcom.py took 0.075 seconds
[2026-05-10T05:56:42.276+0000] {processor.py:161} INFO - Started process (PID=15792) to work on /home/airflow/.local/lib/python3.12/site-packages/airflow/example_dags/example_xcom.py
[2026-05-10T05:56:42.277+0000] {processor.py:830} INFO - Processing file /home/airflow/.local/lib/python3.12/site-packages/airflow/example_dags/example_xcom.py for tasks to queue
[2026-05-10T05:56:42.279+0000] {logging_mixin.py:188} INFO - [2026-05-10T05:56:42.279+0000] {dagbag.py:545} INFO - Filling up the DagBag from /home/airflow/.local/lib/python3.12/site-packages/airflow/example_dags/example_xcom.py
[2026-05-10T05:56:42.286+0000] {processor.py:840} INFO - DAG(s) 'example_xcom' retrieved from /home/airflow/.local/lib/python3.12/site-packages/airflow/example_dags/example_xcom.py
[2026-05-10T05:56:42.303+0000] {logging_mixin.py:188} INFO - [2026-05-10T05:56:42.303+0000] {dag.py:3096} INFO - Sync 1 DAGs
[2026-05-10T05:56:42.320+0000] {logging_mixin.py:188} INFO - [2026-05-10T05:56:42.320+0000] {dag.py:3954} INFO - Setting next_dagrun for example_xcom to 2021-01-01 00:00:00+00:00, run_after=2021-01-01 00:00:00+00:00
[2026-05-10T05:56:42.337+0000] {processor.py:183} INFO - Processing /home/airflow/.local/lib/python3.12/site-packages/airflow/example_dags/example_xcom.py took 0.066 seconds
[2026-05-10T05:57:12.614+0000] {processor.py:161} INFO - Started process (PID=15852) to work on /home/airflow/.local/lib/python3.12/site-packages/airflow/example_dags/example_xcom.py
[2026-05-10T05:57:12.615+0000] {processor.py:830} INFO - Processing file /home/airflow/.local/lib/python3.12/site-packages/airflow/example_dags/example_xcom.py for tasks to queue
[2026-05-10T05:57:12.618+0000] {logging_mixin.py:188} INFO - [2026-05-10T05:57:12.617+0000] {dagbag.py:545} INFO - Filling up the DagBag from /home/airflow/.local/lib/python3.12/site-packages/airflow/example_dags/example_xcom.py
[2026-05-10T05:57:12.625+0000] {processor.py:840} INFO - DAG(s) 'example_xcom' retrieved from /home/airflow/.local/lib/python3.12/site-packages/airflow/example_dags/example_xcom.py
[2026-05-10T05:57:12.644+0000] {logging_mixin.py:188} INFO - [2026-05-10T05:57:12.644+0000] {dag.py:3096} INFO - Sync 1 DAGs
[2026-05-10T05:57:12.661+0000] {logging_mixin.py:188} INFO - [2026-05-10T05:57:12.661+0000] {dag.py:3954} INFO - Setting next_dagrun for example_xcom to 2021-01-01 00:00:00+00:00, run_after=2021-01-01 00:00:00+00:00
[2026-05-10T05:57:12.676+0000] {processor.py:183} INFO - Processing /home/airflow/.local/lib/python3.12/site-packages/airflow/example_dags/example_xcom.py took 0.067 seconds
[2026-05-10T05:57:43.111+0000] {processor.py:161} INFO - Started process (PID=15912) to work on /home/airflow/.local/lib/python3.12/site-packages/airflow/example_dags/example_xcom.py
[2026-05-10T05:57:43.112+0000] {processor.py:830} INFO - Processing file /home/airflow/.local/lib/python3.12/site-packages/airflow/example_dags/example_xcom.py for tasks to queue
[2026-05-10T05:57:43.116+0000] {logging_mixin.py:188} INFO - [2026-05-10T05:57:43.116+0000] {dagbag.py:545} INFO - Filling up the DagBag from /home/airflow/.local/lib/python3.12/site-packages/airflow/example_dags/example_xcom.py
[2026-05-10T05:57:43.123+0000] {processor.py:840} INFO - DAG(s) 'example_xcom' retrieved from /home/airflow/.local/lib/python3.12/site-packages/airflow/example_dags/example_xcom.py
[2026-05-10T05:57:43.149+0000] {logging_mixin.py:188} INFO - [2026-05-10T05:57:43.149+0000] {dag.py:3096} INFO - Sync 1 DAGs
[2026-05-10T05:57:43.166+0000] {logging_mixin.py:188} INFO - [2026-05-10T05:57:43.166+0000] {dag.py:3954} INFO - Setting next_dagrun for example_xcom to 2021-01-01 00:00:00+00:00, run_after=2021-01-01 00:00:00+00:00
[2026-05-10T05:57:43.183+0000] {processor.py:183} INFO - Processing /home/airflow/.local/lib/python3.12/site-packages/airflow/example_dags/example_xcom.py took 0.077 seconds
[2026-05-10T05:58:13.690+0000] {processor.py:161} INFO - Started process (PID=15972) to work on /home/airflow/.local/lib/python3.12/site-packages/airflow/example_dags/example_xcom.py
[2026-05-10T05:58:13.692+0000] {processor.py:830} INFO - Processing file /home/airflow/.local/lib/python3.12/site-packages/airflow/example_dags/example_xcom.py for tasks to queue
[2026-05-10T05:58:13.695+0000] {logging_mixin.py:188} INFO - [2026-05-10T05:58:13.695+0000] {dagbag.py:545} INFO - Filling up the DagBag from /home/airflow/.local/lib/python3.12/site-packages/airflow/example_dags/example_xcom.py
[2026-05-10T05:58:13.702+0000] {processor.py:840} INFO - DAG(s) 'example_xcom' retrieved from /home/airflow/.local/lib/python3.12/site-packages/airflow/example_dags/example_xcom.py
[2026-05-10T05:58:13.720+0000] {logging_mixin.py:188} INFO - [2026-05-10T05:58:13.720+0000] {dag.py:3096} INFO - Sync 1 DAGs
[2026-05-10T05:58:13.741+0000] {logging_mixin.py:188} INFO - [2026-05-10T05:58:13.741+0000] {dag.py:3954} INFO - Setting next_dagrun for example_xcom to 2021-01-01 00:00:00+00:00, run_after=2021-01-01 00:00:00+00:00
[2026-05-10T05:58:13.761+0000] {processor.py:183} INFO - Processing /home/airflow/.local/lib/python3.12/site-packages/airflow/example_dags/example_xcom.py took 0.076 seconds
[2026-05-10T05:58:44.233+0000] {processor.py:161} INFO - Started process (PID=16032) to work on /home/airflow/.local/lib/python3.12/site-packages/airflow/example_dags/example_xcom.py
[2026-05-10T05:58:44.235+0000] {processor.py:830} INFO - Processing file /home/airflow/.local/lib/python3.12/site-packages/airflow/example_dags/example_xcom.py for tasks to queue
[2026-05-10T05:58:44.237+0000] {logging_mixin.py:188} INFO - [2026-05-10T05:58:44.237+0000] {dagbag.py:545} INFO - Filling up the DagBag from /home/airflow/.local/lib/python3.12/site-packages/airflow/example_dags/example_xcom.py
[2026-05-10T05:58:44.243+0000] {processor.py:840} INFO - DAG(s) 'example_xcom' retrieved from /home/airflow/.local/lib/python3.12/site-packages/airflow/example_dags/example_xcom.py
[2026-05-10T05:58:44.260+0000] {logging_mixin.py:188} INFO - [2026-05-10T05:58:44.260+0000] {dag.py:3096} INFO - Sync 1 DAGs
[2026-05-10T05:58:44.278+0000] {logging_mixin.py:188} INFO - [2026-05-10T05:58:44.278+0000] {dag.py:3954} INFO - Setting next_dagrun for example_xcom to 2021-01-01 00:00:00+00:00, run_after=2021-01-01 00:00:00+00:00
[2026-05-10T05:58:44.294+0000] {processor.py:183} INFO - Processing /home/airflow/.local/lib/python3.12/site-packages/airflow/example_dags/example_xcom.py took 0.065 seconds
[2026-05-10T05:59:14.594+0000] {processor.py:161} INFO - Started process (PID=16092) to work on /home/airflow/.local/lib/python3.12/site-packages/airflow/example_dags/example_xcom.py
[2026-05-10T05:59:14.595+0000] {processor.py:830} INFO - Processing file /home/airflow/.local/lib/python3.12/site-packages/airflow/example_dags/example_xcom.py for tasks to queue
[2026-05-10T05:59:14.596+0000] {logging_mixin.py:188} INFO - [2026-05-10T05:59:14.596+0000] {dagbag.py:545} INFO - Filling up the DagBag from /home/airflow/.local/lib/python3.12/site-packages/airflow/example_dags/example_xcom.py
[2026-05-10T05:59:14.604+0000] {processor.py:840} INFO - DAG(s) 'example_xcom' retrieved from /home/airflow/.local/lib/python3.12/site-packages/airflow/example_dags/example_xcom.py
[2026-05-10T05:59:14.624+0000] {logging_mixin.py:188} INFO - [2026-05-10T05:59:14.624+0000] {dag.py:3096} INFO - Sync 1 DAGs
[2026-05-10T05:59:14.641+0000] {logging_mixin.py:188} INFO - [2026-05-10T05:59:14.641+0000] {dag.py:3954} INFO - Setting next_dagrun for example_xcom to 2021-01-01 00:00:00+00:00, run_after=2021-01-01 00:00:00+00:00
[2026-05-10T05:59:14.658+0000] {processor.py:183} INFO - Processing /home/airflow/.local/lib/python3.12/site-packages/airflow/example_dags/example_xcom.py took 0.069 seconds
[2026-05-10T05:59:44.891+0000] {processor.py:161} INFO - Started process (PID=16152) to work on /home/airflow/.local/lib/python3.12/site-packages/airflow/example_dags/example_xcom.py
[2026-05-10T05:59:44.893+0000] {processor.py:830} INFO - Processing file /home/airflow/.local/lib/python3.12/site-packages/airflow/example_dags/example_xcom.py for tasks to queue
[2026-05-10T05:59:44.895+0000] {logging_mixin.py:188} INFO - [2026-05-10T05:59:44.895+0000] {dagbag.py:545} INFO - Filling up the DagBag from /home/airflow/.local/lib/python3.12/site-packages/airflow/example_dags/example_xcom.py
[2026-05-10T05:59:44.904+0000] {processor.py:840} INFO - DAG(s) 'example_xcom' retrieved from /home/airflow/.local/lib/python3.12/site-packages/airflow/example_dags/example_xcom.py
[2026-05-10T05:59:44.936+0000] {logging_mixin.py:188} INFO - [2026-05-10T05:59:44.936+0000] {dag.py:3096} INFO - Sync 1 DAGs
[2026-05-10T05:59:44.957+0000] {logging_mixin.py:188} INFO - [2026-05-10T05:59:44.956+0000] {dag.py:3954} INFO - Setting next_dagrun for example_xcom to 2021-01-01 00:00:00+00:00, run_after=2021-01-01 00:00:00+00:00
[2026-05-10T05:59:44.976+0000] {processor.py:183} INFO - Processing /home/airflow/.local/lib/python3.12/site-packages/airflow/example_dags/example_xcom.py took 0.091 seconds
[2026-05-10T06:00:15.436+0000] {processor.py:161} INFO - Started process (PID=16212) to work on /home/airflow/.local/lib/python3.12/site-packages/airflow/example_dags/example_xcom.py
[2026-05-10T06:00:15.438+0000] {processor.py:830} INFO - Processing file /home/airflow/.local/lib/python3.12/site-packages/airflow/example_dags/example_xcom.py for tasks to queue
[2026-05-10T06:00:15.441+0000] {logging_mixin.py:188} INFO - [2026-05-10T06:00:15.440+0000] {dagbag.py:545} INFO - Filling up the DagBag from /home/airflow/.local/lib/python3.12/site-packages/airflow/example_dags/example_xcom.py
[2026-05-10T06:00:15.448+0000] {processor.py:840} INFO - DAG(s) 'example_xcom' retrieved from /home/airflow/.local/lib/python3.12/site-packages/airflow/example_dags/example_xcom.py
[2026-05-10T06:00:15.470+0000] {logging_mixin.py:188} INFO - [2026-05-10T06:00:15.470+0000] {dag.py:3096} INFO - Sync 1 DAGs
[2026-05-10T06:00:15.490+0000] {logging_mixin.py:188} INFO - [2026-05-10T06:00:15.490+0000] {dag.py:3954} INFO - Setting next_dagrun for example_xcom to 2021-01-01 00:00:00+00:00, run_after=2021-01-01 00:00:00+00:00
[2026-05-10T06:00:15.513+0000] {processor.py:183} INFO - Processing /home/airflow/.local/lib/python3.12/site-packages/airflow/example_dags/example_xcom.py took 0.081 seconds
[2026-05-10T06:00:45.947+0000] {processor.py:161} INFO - Started process (PID=16273) to work on /home/airflow/.local/lib/python3.12/site-packages/airflow/example_dags/example_xcom.py
[2026-05-10T06:00:45.948+0000] {processor.py:830} INFO - Processing file /home/airflow/.local/lib/python3.12/site-packages/airflow/example_dags/example_xcom.py for tasks to queue
[2026-05-10T06:00:45.951+0000] {logging_mixin.py:188} INFO - [2026-05-10T06:00:45.951+0000] {dagbag.py:545} INFO - Filling up the DagBag from /home/airflow/.local/lib/python3.12/site-packages/airflow/example_dags/example_xcom.py
[2026-05-10T06:00:45.957+0000] {processor.py:840} INFO - DAG(s) 'example_xcom' retrieved from /home/airflow/.local/lib/python3.12/site-packages/airflow/example_dags/example_xcom.py
[2026-05-10T06:00:45.975+0000] {logging_mixin.py:188} INFO - [2026-05-10T06:00:45.975+0000] {dag.py:3096} INFO - Sync 1 DAGs
[2026-05-10T06:00:45.991+0000] {logging_mixin.py:188} INFO - [2026-05-10T06:00:45.991+0000] {dag.py:3954} INFO - Setting next_dagrun for example_xcom to 2021-01-01 00:00:00+00:00, run_after=2021-01-01 00:00:00+00:00
[2026-05-10T06:00:46.008+0000] {processor.py:183} INFO - Processing /home/airflow/.local/lib/python3.12/site-packages/airflow/example_dags/example_xcom.py took 0.066 seconds
[2026-05-10T06:01:16.228+0000] {processor.py:161} INFO - Started process (PID=16333) to work on /home/airflow/.local/lib/python3.12/site-packages/airflow/example_dags/example_xcom.py
[2026-05-10T06:01:16.229+0000] {processor.py:830} INFO - Processing file /home/airflow/.local/lib/python3.12/site-packages/airflow/example_dags/example_xcom.py for tasks to queue
[2026-05-10T06:01:16.232+0000] {logging_mixin.py:188} INFO - [2026-05-10T06:01:16.231+0000] {dagbag.py:545} INFO - Filling up the DagBag from /home/airflow/.local/lib/python3.12/site-packages/airflow/example_dags/example_xcom.py
[2026-05-10T06:01:16.238+0000] {processor.py:840} INFO - DAG(s) 'example_xcom' retrieved from /home/airflow/.local/lib/python3.12/site-packages/airflow/example_dags/example_xcom.py
[2026-05-10T06:01:16.254+0000] {logging_mixin.py:188} INFO - [2026-05-10T06:01:16.254+0000] {dag.py:3096} INFO - Sync 1 DAGs
[2026-05-10T06:01:16.271+0000] {logging_mixin.py:188} INFO - [2026-05-10T06:01:16.271+0000] {dag.py:3954} INFO - Setting next_dagrun for example_xcom to 2021-01-01 00:00:00+00:00, run_after=2021-01-01 00:00:00+00:00
[2026-05-10T06:01:16.289+0000] {processor.py:183} INFO - Processing /home/airflow/.local/lib/python3.12/site-packages/airflow/example_dags/example_xcom.py took 0.066 seconds
[2026-05-10T06:01:46.832+0000] {processor.py:161} INFO - Started process (PID=16393) to work on /home/airflow/.local/lib/python3.12/site-packages/airflow/example_dags/example_xcom.py
[2026-05-10T06:01:46.833+0000] {processor.py:830} INFO - Processing file /home/airflow/.local/lib/python3.12/site-packages/airflow/example_dags/example_xcom.py for tasks to queue
[2026-05-10T06:01:46.835+0000] {logging_mixin.py:188} INFO - [2026-05-10T06:01:46.835+0000] {dagbag.py:545} INFO - Filling up the DagBag from /home/airflow/.local/lib/python3.12/site-packages/airflow/example_dags/example_xcom.py
[2026-05-10T06:01:46.841+0000] {processor.py:840} INFO - DAG(s) 'example_xcom' retrieved from /home/airflow/.local/lib/python3.12/site-packages/airflow/example_dags/example_xcom.py
[2026-05-10T06:01:46.861+0000] {logging_mixin.py:188} INFO - [2026-05-10T06:01:46.860+0000] {dag.py:3096} INFO - Sync 1 DAGs
[2026-05-10T06:01:46.877+0000] {logging_mixin.py:188} INFO - [2026-05-10T06:01:46.877+0000] {dag.py:3954} INFO - Setting next_dagrun for example_xcom to 2021-01-01 00:00:00+00:00, run_after=2021-01-01 00:00:00+00:00
[2026-05-10T06:01:46.896+0000] {processor.py:183} INFO - Processing /home/airflow/.local/lib/python3.12/site-packages/airflow/example_dags/example_xcom.py took 0.069 seconds
[2026-05-10T06:02:17.572+0000] {processor.py:161} INFO - Started process (PID=16453) to work on /home/airflow/.local/lib/python3.12/site-packages/airflow/example_dags/example_xcom.py
[2026-05-10T06:02:17.575+0000] {processor.py:830} INFO - Processing file /home/airflow/.local/lib/python3.12/site-packages/airflow/example_dags/example_xcom.py for tasks to queue
[2026-05-10T06:02:17.577+0000] {logging_mixin.py:188} INFO - [2026-05-10T06:02:17.577+0000] {dagbag.py:545} INFO - Filling up the DagBag from /home/airflow/.local/lib/python3.12/site-packages/airflow/example_dags/example_xcom.py
[2026-05-10T06:02:17.584+0000] {processor.py:840} INFO - DAG(s) 'example_xcom' retrieved from /home/airflow/.local/lib/python3.12/site-packages/airflow/example_dags/example_xcom.py
[2026-05-10T06:02:17.605+0000] {logging_mixin.py:188} INFO - [2026-05-10T06:02:17.605+0000] {dag.py:3096} INFO - Sync 1 DAGs
[2026-05-10T06:02:17.628+0000] {logging_mixin.py:188} INFO - [2026-05-10T06:02:17.628+0000] {dag.py:3954} INFO - Setting next_dagrun for example_xcom to 2021-01-01 00:00:00+00:00, run_after=2021-01-01 00:00:00+00:00
[2026-05-10T06:02:17.653+0000] {processor.py:183} INFO - Processing /home/airflow/.local/lib/python3.12/site-packages/airflow/example_dags/example_xcom.py took 0.087 seconds
[2026-05-10T06:02:47.802+0000] {processor.py:161} INFO - Started process (PID=16513) to work on /home/airflow/.local/lib/python3.12/site-packages/airflow/example_dags/example_xcom.py
[2026-05-10T06:02:47.803+0000] {processor.py:830} INFO - Processing file /home/airflow/.local/lib/python3.12/site-packages/airflow/example_dags/example_xcom.py for tasks to queue
[2026-05-10T06:02:47.806+0000] {logging_mixin.py:188} INFO - [2026-05-10T06:02:47.805+0000] {dagbag.py:545} INFO - Filling up the DagBag from /home/airflow/.local/lib/python3.12/site-packages/airflow/example_dags/example_xcom.py
[2026-05-10T06:02:47.813+0000] {processor.py:840} INFO - DAG(s) 'example_xcom' retrieved from /home/airflow/.local/lib/python3.12/site-packages/airflow/example_dags/example_xcom.py
[2026-05-10T06:02:47.830+0000] {logging_mixin.py:188} INFO - [2026-05-10T06:02:47.830+0000] {dag.py:3096} INFO - Sync 1 DAGs
[2026-05-10T06:02:47.849+0000] {logging_mixin.py:188} INFO - [2026-05-10T06:02:47.849+0000] {dag.py:3954} INFO - Setting next_dagrun for example_xcom to 2021-01-01 00:00:00+00:00, run_after=2021-01-01 00:00:00+00:00
[2026-05-10T06:02:47.864+0000] {processor.py:183} INFO - Processing /home/airflow/.local/lib/python3.12/site-packages/airflow/example_dags/example_xcom.py took 0.068 seconds
[2026-05-10T06:03:18.385+0000] {processor.py:161} INFO - Started process (PID=16573) to work on /home/airflow/.local/lib/python3.12/site-packages/airflow/example_dags/example_xcom.py
[2026-05-10T06:03:18.387+0000] {processor.py:830} INFO - Processing file /home/airflow/.local/lib/python3.12/site-packages/airflow/example_dags/example_xcom.py for tasks to queue
[2026-05-10T06:03:18.390+0000] {logging_mixin.py:188} INFO - [2026-05-10T06:03:18.389+0000] {dagbag.py:545} INFO - Filling up the DagBag from /home/airflow/.local/lib/python3.12/site-packages/airflow/example_dags/example_xcom.py
[2026-05-10T06:03:18.397+0000] {processor.py:840} INFO - DAG(s) 'example_xcom' retrieved from /home/airflow/.local/lib/python3.12/site-packages/airflow/example_dags/example_xcom.py
[2026-05-10T06:03:18.418+0000] {logging_mixin.py:188} INFO - [2026-05-10T06:03:18.417+0000] {dag.py:3096} INFO - Sync 1 DAGs
[2026-05-10T06:03:18.435+0000] {logging_mixin.py:188} INFO - [2026-05-10T06:03:18.435+0000] {dag.py:3954} INFO - Setting next_dagrun for example_xcom to 2021-01-01 00:00:00+00:00, run_after=2021-01-01 00:00:00+00:00
[2026-05-10T06:03:18.455+0000] {processor.py:183} INFO - Processing /home/airflow/.local/lib/python3.12/site-packages/airflow/example_dags/example_xcom.py took 0.076 seconds
[2026-05-10T06:03:48.651+0000] {processor.py:161} INFO - Started process (PID=16633) to work on /home/airflow/.local/lib/python3.12/site-packages/airflow/example_dags/example_xcom.py
[2026-05-10T06:03:48.652+0000] {processor.py:830} INFO - Processing file /home/airflow/.local/lib/python3.12/site-packages/airflow/example_dags/example_xcom.py for tasks to queue
[2026-05-10T06:03:48.655+0000] {logging_mixin.py:188} INFO - [2026-05-10T06:03:48.655+0000] {dagbag.py:545} INFO - Filling up the DagBag from /home/airflow/.local/lib/python3.12/site-packages/airflow/example_dags/example_xcom.py
[2026-05-10T06:03:48.662+0000] {processor.py:840} INFO - DAG(s) 'example_xcom' retrieved from /home/airflow/.local/lib/python3.12/site-packages/airflow/example_dags/example_xcom.py
[2026-05-10T06:03:48.680+0000] {logging_mixin.py:188} INFO - [2026-05-10T06:03:48.679+0000] {dag.py:3096} INFO - Sync 1 DAGs
[2026-05-10T06:03:48.697+0000] {logging_mixin.py:188} INFO - [2026-05-10T06:03:48.697+0000] {dag.py:3954} INFO - Setting next_dagrun for example_xcom to 2021-01-01 00:00:00+00:00, run_after=2021-01-01 00:00:00+00:00
[2026-05-10T06:03:48.716+0000] {processor.py:183} INFO - Processing /home/airflow/.local/lib/python3.12/site-packages/airflow/example_dags/example_xcom.py took 0.071 seconds
[2026-05-10T06:04:19.163+0000] {processor.py:161} INFO - Started process (PID=16693) to work on /home/airflow/.local/lib/python3.12/site-packages/airflow/example_dags/example_xcom.py
[2026-05-10T06:04:19.165+0000] {processor.py:830} INFO - Processing file /home/airflow/.local/lib/python3.12/site-packages/airflow/example_dags/example_xcom.py for tasks to queue
[2026-05-10T06:04:19.167+0000] {logging_mixin.py:188} INFO - [2026-05-10T06:04:19.166+0000] {dagbag.py:545} INFO - Filling up the DagBag from /home/airflow/.local/lib/python3.12/site-packages/airflow/example_dags/example_xcom.py
[2026-05-10T06:04:19.174+0000] {processor.py:840} INFO - DAG(s) 'example_xcom' retrieved from /home/airflow/.local/lib/python3.12/site-packages/airflow/example_dags/example_xcom.py
[2026-05-10T06:04:19.195+0000] {logging_mixin.py:188} INFO - [2026-05-10T06:04:19.195+0000] {dag.py:3096} INFO - Sync 1 DAGs
[2026-05-10T06:04:19.216+0000] {logging_mixin.py:188} INFO - [2026-05-10T06:04:19.215+0000] {dag.py:3954} INFO - Setting next_dagrun for example_xcom to 2021-01-01 00:00:00+00:00, run_after=2021-01-01 00:00:00+00:00
[2026-05-10T06:04:19.239+0000] {processor.py:183} INFO - Processing /home/airflow/.local/lib/python3.12/site-packages/airflow/example_dags/example_xcom.py took 0.080 seconds
[2026-05-10T06:04:49.849+0000] {processor.py:161} INFO - Started process (PID=16753) to work on /home/airflow/.local/lib/python3.12/site-packages/airflow/example_dags/example_xcom.py
[2026-05-10T06:04:49.850+0000] {processor.py:830} INFO - Processing file /home/airflow/.local/lib/python3.12/site-packages/airflow/example_dags/example_xcom.py for tasks to queue
[2026-05-10T06:04:49.853+0000] {logging_mixin.py:188} INFO - [2026-05-10T06:04:49.852+0000] {dagbag.py:545} INFO - Filling up the DagBag from /home/airflow/.local/lib/python3.12/site-packages/airflow/example_dags/example_xcom.py
[2026-05-10T06:04:49.859+0000] {processor.py:840} INFO - DAG(s) 'example_xcom' retrieved from /home/airflow/.local/lib/python3.12/site-packages/airflow/example_dags/example_xcom.py
[2026-05-10T06:04:49.879+0000] {logging_mixin.py:188} INFO - [2026-05-10T06:04:49.879+0000] {dag.py:3096} INFO - Sync 1 DAGs
[2026-05-10T06:04:49.899+0000] {logging_mixin.py:188} INFO - [2026-05-10T06:04:49.899+0000] {dag.py:3954} INFO - Setting next_dagrun for example_xcom to 2021-01-01 00:00:00+00:00, run_after=2021-01-01 00:00:00+00:00
[2026-05-10T06:04:49.916+0000] {processor.py:183} INFO - Processing /home/airflow/.local/lib/python3.12/site-packages/airflow/example_dags/example_xcom.py took 0.072 seconds
[2026-05-10T06:05:20.563+0000] {processor.py:161} INFO - Started process (PID=16814) to work on /home/airflow/.local/lib/python3.12/site-packages/airflow/example_dags/example_xcom.py
[2026-05-10T06:05:20.565+0000] {processor.py:830} INFO - Processing file /home/airflow/.local/lib/python3.12/site-packages/airflow/example_dags/example_xcom.py for tasks to queue
[2026-05-10T06:05:20.567+0000] {logging_mixin.py:188} INFO - [2026-05-10T06:05:20.567+0000] {dagbag.py:545} INFO - Filling up the DagBag from /home/airflow/.local/lib/python3.12/site-packages/airflow/example_dags/example_xcom.py
[2026-05-10T06:05:20.574+0000] {processor.py:840} INFO - DAG(s) 'example_xcom' retrieved from /home/airflow/.local/lib/python3.12/site-packages/airflow/example_dags/example_xcom.py
[2026-05-10T06:05:20.591+0000] {logging_mixin.py:188} INFO - [2026-05-10T06:05:20.591+0000] {dag.py:3096} INFO - Sync 1 DAGs
[2026-05-10T06:05:20.610+0000] {logging_mixin.py:188} INFO - [2026-05-10T06:05:20.610+0000] {dag.py:3954} INFO - Setting next_dagrun for example_xcom to 2021-01-01 00:00:00+00:00, run_after=2021-01-01 00:00:00+00:00
[2026-05-10T06:05:20.633+0000] {processor.py:183} INFO - Processing /home/airflow/.local/lib/python3.12/site-packages/airflow/example_dags/example_xcom.py took 0.075 seconds
[2026-05-10T06:05:51.126+0000] {processor.py:161} INFO - Started process (PID=16874) to work on /home/airflow/.local/lib/python3.12/site-packages/airflow/example_dags/example_xcom.py
[2026-05-10T06:05:51.129+0000] {processor.py:830} INFO - Processing file /home/airflow/.local/lib/python3.12/site-packages/airflow/example_dags/example_xcom.py for tasks to queue
[2026-05-10T06:05:51.133+0000] {logging_mixin.py:188} INFO - [2026-05-10T06:05:51.133+0000] {dagbag.py:545} INFO - Filling up the DagBag from /home/airflow/.local/lib/python3.12/site-packages/airflow/example_dags/example_xcom.py
[2026-05-10T06:05:51.142+0000] {processor.py:840} INFO - DAG(s) 'example_xcom' retrieved from /home/airflow/.local/lib/python3.12/site-packages/airflow/example_dags/example_xcom.py
[2026-05-10T06:05:51.171+0000] {logging_mixin.py:188} INFO - [2026-05-10T06:05:51.171+0000] {dag.py:3096} INFO - Sync 1 DAGs
[2026-05-10T06:05:51.189+0000] {logging_mixin.py:188} INFO - [2026-05-10T06:05:51.189+0000] {dag.py:3954} INFO - Setting next_dagrun for example_xcom to 2021-01-01 00:00:00+00:00, run_after=2021-01-01 00:00:00+00:00
[2026-05-10T06:05:51.209+0000] {processor.py:183} INFO - Processing /home/airflow/.local/lib/python3.12/site-packages/airflow/example_dags/example_xcom.py took 0.089 seconds
[2026-05-10T06:06:21.700+0000] {processor.py:161} INFO - Started process (PID=16934) to work on /home/airflow/.local/lib/python3.12/site-packages/airflow/example_dags/example_xcom.py
[2026-05-10T06:06:21.702+0000] {processor.py:830} INFO - Processing file /home/airflow/.local/lib/python3.12/site-packages/airflow/example_dags/example_xcom.py for tasks to queue
[2026-05-10T06:06:21.704+0000] {logging_mixin.py:188} INFO - [2026-05-10T06:06:21.703+0000] {dagbag.py:545} INFO - Filling up the DagBag from /home/airflow/.local/lib/python3.12/site-packages/airflow/example_dags/example_xcom.py
[2026-05-10T06:06:21.710+0000] {processor.py:840} INFO - DAG(s) 'example_xcom' retrieved from /home/airflow/.local/lib/python3.12/site-packages/airflow/example_dags/example_xcom.py
[2026-05-10T06:06:21.736+0000] {logging_mixin.py:188} INFO - [2026-05-10T06:06:21.736+0000] {dag.py:3096} INFO - Sync 1 DAGs
[2026-05-10T06:06:21.761+0000] {logging_mixin.py:188} INFO - [2026-05-10T06:06:21.760+0000] {dag.py:3954} INFO - Setting next_dagrun for example_xcom to 2021-01-01 00:00:00+00:00, run_after=2021-01-01 00:00:00+00:00
[2026-05-10T06:06:21.783+0000] {processor.py:183} INFO - Processing /home/airflow/.local/lib/python3.12/site-packages/airflow/example_dags/example_xcom.py took 0.088 seconds
[2026-05-10T06:06:52.005+0000] {processor.py:161} INFO - Started process (PID=16994) to work on /home/airflow/.local/lib/python3.12/site-packages/airflow/example_dags/example_xcom.py
[2026-05-10T06:06:52.006+0000] {processor.py:830} INFO - Processing file /home/airflow/.local/lib/python3.12/site-packages/airflow/example_dags/example_xcom.py for tasks to queue
[2026-05-10T06:06:52.009+0000] {logging_mixin.py:188} INFO - [2026-05-10T06:06:52.009+0000] {dagbag.py:545} INFO - Filling up the DagBag from /home/airflow/.local/lib/python3.12/site-packages/airflow/example_dags/example_xcom.py
[2026-05-10T06:06:52.016+0000] {processor.py:840} INFO - DAG(s) 'example_xcom' retrieved from /home/airflow/.local/lib/python3.12/site-packages/airflow/example_dags/example_xcom.py
[2026-05-10T06:06:52.034+0000] {logging_mixin.py:188} INFO - [2026-05-10T06:06:52.034+0000] {dag.py:3096} INFO - Sync 1 DAGs
[2026-05-10T06:06:52.052+0000] {logging_mixin.py:188} INFO - [2026-05-10T06:06:52.052+0000] {dag.py:3954} INFO - Setting next_dagrun for example_xcom to 2021-01-01 00:00:00+00:00, run_after=2021-01-01 00:00:00+00:00
[2026-05-10T06:06:52.068+0000] {processor.py:183} INFO - Processing /home/airflow/.local/lib/python3.12/site-packages/airflow/example_dags/example_xcom.py took 0.068 seconds
[2026-05-10T06:07:22.911+0000] {processor.py:161} INFO - Started process (PID=17054) to work on /home/airflow/.local/lib/python3.12/site-packages/airflow/example_dags/example_xcom.py
[2026-05-10T06:07:22.913+0000] {processor.py:830} INFO - Processing file /home/airflow/.local/lib/python3.12/site-packages/airflow/example_dags/example_xcom.py for tasks to queue
[2026-05-10T06:07:22.915+0000] {logging_mixin.py:188} INFO - [2026-05-10T06:07:22.915+0000] {dagbag.py:545} INFO - Filling up the DagBag from /home/airflow/.local/lib/python3.12/site-packages/airflow/example_dags/example_xcom.py
[2026-05-10T06:07:22.922+0000] {processor.py:840} INFO - DAG(s) 'example_xcom' retrieved from /home/airflow/.local/lib/python3.12/site-packages/airflow/example_dags/example_xcom.py
[2026-05-10T06:07:22.942+0000] {logging_mixin.py:188} INFO - [2026-05-10T06:07:22.941+0000] {dag.py:3096} INFO - Sync 1 DAGs
[2026-05-10T06:07:22.959+0000] {logging_mixin.py:188} INFO - [2026-05-10T06:07:22.959+0000] {dag.py:3954} INFO - Setting next_dagrun for example_xcom to 2021-01-01 00:00:00+00:00, run_after=2021-01-01 00:00:00+00:00
[2026-05-10T06:07:22.979+0000] {processor.py:183} INFO - Processing /home/airflow/.local/lib/python3.12/site-packages/airflow/example_dags/example_xcom.py took 0.074 seconds
[2026-05-10T06:07:53.175+0000] {processor.py:161} INFO - Started process (PID=17114) to work on /home/airflow/.local/lib/python3.12/site-packages/airflow/example_dags/example_xcom.py
[2026-05-10T06:07:53.177+0000] {processor.py:830} INFO - Processing file /home/airflow/.local/lib/python3.12/site-packages/airflow/example_dags/example_xcom.py for tasks to queue
[2026-05-10T06:07:53.180+0000] {logging_mixin.py:188} INFO - [2026-05-10T06:07:53.179+0000] {dagbag.py:545} INFO - Filling up the DagBag from /home/airflow/.local/lib/python3.12/site-packages/airflow/example_dags/example_xcom.py
[2026-05-10T06:07:53.186+0000] {processor.py:840} INFO - DAG(s) 'example_xcom' retrieved from /home/airflow/.local/lib/python3.12/site-packages/airflow/example_dags/example_xcom.py
[2026-05-10T06:07:53.203+0000] {logging_mixin.py:188} INFO - [2026-05-10T06:07:53.202+0000] {dag.py:3096} INFO - Sync 1 DAGs
[2026-05-10T06:07:53.219+0000] {logging_mixin.py:188} INFO - [2026-05-10T06:07:53.219+0000] {dag.py:3954} INFO - Setting next_dagrun for example_xcom to 2021-01-01 00:00:00+00:00, run_after=2021-01-01 00:00:00+00:00
[2026-05-10T06:07:53.237+0000] {processor.py:183} INFO - Processing /home/airflow/.local/lib/python3.12/site-packages/airflow/example_dags/example_xcom.py took 0.067 seconds
[2026-05-10T06:08:23.517+0000] {processor.py:161} INFO - Started process (PID=17174) to work on /home/airflow/.local/lib/python3.12/site-packages/airflow/example_dags/example_xcom.py
[2026-05-10T06:08:23.518+0000] {processor.py:830} INFO - Processing file /home/airflow/.local/lib/python3.12/site-packages/airflow/example_dags/example_xcom.py for tasks to queue
[2026-05-10T06:08:23.520+0000] {logging_mixin.py:188} INFO - [2026-05-10T06:08:23.520+0000] {dagbag.py:545} INFO - Filling up the DagBag from /home/airflow/.local/lib/python3.12/site-packages/airflow/example_dags/example_xcom.py
[2026-05-10T06:08:23.527+0000] {processor.py:840} INFO - DAG(s) 'example_xcom' retrieved from /home/airflow/.local/lib/python3.12/site-packages/airflow/example_dags/example_xcom.py
[2026-05-10T06:08:23.544+0000] {logging_mixin.py:188} INFO - [2026-05-10T06:08:23.544+0000] {dag.py:3096} INFO - Sync 1 DAGs
[2026-05-10T06:08:23.561+0000] {logging_mixin.py:188} INFO - [2026-05-10T06:08:23.561+0000] {dag.py:3954} INFO - Setting next_dagrun for example_xcom to 2021-01-01 00:00:00+00:00, run_after=2021-01-01 00:00:00+00:00
[2026-05-10T06:08:23.581+0000] {processor.py:183} INFO - Processing /home/airflow/.local/lib/python3.12/site-packages/airflow/example_dags/example_xcom.py took 0.070 seconds
[2026-05-10T06:08:53.834+0000] {processor.py:161} INFO - Started process (PID=17234) to work on /home/airflow/.local/lib/python3.12/site-packages/airflow/example_dags/example_xcom.py
[2026-05-10T06:08:53.835+0000] {processor.py:830} INFO - Processing file /home/airflow/.local/lib/python3.12/site-packages/airflow/example_dags/example_xcom.py for tasks to queue
[2026-05-10T06:08:53.837+0000] {logging_mixin.py:188} INFO - [2026-05-10T06:08:53.837+0000] {dagbag.py:545} INFO - Filling up the DagBag from /home/airflow/.local/lib/python3.12/site-packages/airflow/example_dags/example_xcom.py
[2026-05-10T06:08:53.843+0000] {processor.py:840} INFO - DAG(s) 'example_xcom' retrieved from /home/airflow/.local/lib/python3.12/site-packages/airflow/example_dags/example_xcom.py
[2026-05-10T06:08:53.862+0000] {logging_mixin.py:188} INFO - [2026-05-10T06:08:53.862+0000] {dag.py:3096} INFO - Sync 1 DAGs
[2026-05-10T06:08:53.880+0000] {logging_mixin.py:188} INFO - [2026-05-10T06:08:53.880+0000] {dag.py:3954} INFO - Setting next_dagrun for example_xcom to 2021-01-01 00:00:00+00:00, run_after=2021-01-01 00:00:00+00:00
[2026-05-10T06:08:53.897+0000] {processor.py:183} INFO - Processing /home/airflow/.local/lib/python3.12/site-packages/airflow/example_dags/example_xcom.py took 0.069 seconds
[2026-05-10T06:09:24.273+0000] {processor.py:161} INFO - Started process (PID=17295) to work on /home/airflow/.local/lib/python3.12/site-packages/airflow/example_dags/example_xcom.py
[2026-05-10T06:09:24.276+0000] {processor.py:830} INFO - Processing file /home/airflow/.local/lib/python3.12/site-packages/airflow/example_dags/example_xcom.py for tasks to queue
[2026-05-10T06:09:24.279+0000] {logging_mixin.py:188} INFO - [2026-05-10T06:09:24.279+0000] {dagbag.py:545} INFO - Filling up the DagBag from /home/airflow/.local/lib/python3.12/site-packages/airflow/example_dags/example_xcom.py
[2026-05-10T06:09:24.285+0000] {processor.py:840} INFO - DAG(s) 'example_xcom' retrieved from /home/airflow/.local/lib/python3.12/site-packages/airflow/example_dags/example_xcom.py
[2026-05-10T06:09:24.304+0000] {logging_mixin.py:188} INFO - [2026-05-10T06:09:24.303+0000] {dag.py:3096} INFO - Sync 1 DAGs
[2026-05-10T06:09:24.319+0000] {logging_mixin.py:188} INFO - [2026-05-10T06:09:24.319+0000] {dag.py:3954} INFO - Setting next_dagrun for example_xcom to 2021-01-01 00:00:00+00:00, run_after=2021-01-01 00:00:00+00:00
[2026-05-10T06:09:24.336+0000] {processor.py:183} INFO - Processing /home/airflow/.local/lib/python3.12/site-packages/airflow/example_dags/example_xcom.py took 0.067 seconds
[2026-05-10T06:09:54.762+0000] {processor.py:161} INFO - Started process (PID=17355) to work on /home/airflow/.local/lib/python3.12/site-packages/airflow/example_dags/example_xcom.py
[2026-05-10T06:09:54.764+0000] {processor.py:830} INFO - Processing file /home/airflow/.local/lib/python3.12/site-packages/airflow/example_dags/example_xcom.py for tasks to queue
[2026-05-10T06:09:54.770+0000] {logging_mixin.py:188} INFO - [2026-05-10T06:09:54.769+0000] {dagbag.py:545} INFO - Filling up the DagBag from /home/airflow/.local/lib/python3.12/site-packages/airflow/example_dags/example_xcom.py
[2026-05-10T06:09:54.790+0000] {processor.py:840} INFO - DAG(s) 'example_xcom' retrieved from /home/airflow/.local/lib/python3.12/site-packages/airflow/example_dags/example_xcom.py
[2026-05-10T06:09:54.832+0000] {logging_mixin.py:188} INFO - [2026-05-10T06:09:54.832+0000] {dag.py:3096} INFO - Sync 1 DAGs
[2026-05-10T06:09:54.851+0000] {logging_mixin.py:188} INFO - [2026-05-10T06:09:54.850+0000] {dag.py:3954} INFO - Setting next_dagrun for example_xcom to 2021-01-01 00:00:00+00:00, run_after=2021-01-01 00:00:00+00:00
[2026-05-10T06:09:54.869+0000] {processor.py:183} INFO - Processing /home/airflow/.local/lib/python3.12/site-packages/airflow/example_dags/example_xcom.py took 0.117 seconds
[2026-05-10T06:10:25.189+0000] {processor.py:161} INFO - Started process (PID=17415) to work on /home/airflow/.local/lib/python3.12/site-packages/airflow/example_dags/example_xcom.py
[2026-05-10T06:10:25.190+0000] {processor.py:830} INFO - Processing file /home/airflow/.local/lib/python3.12/site-packages/airflow/example_dags/example_xcom.py for tasks to queue
[2026-05-10T06:10:25.192+0000] {logging_mixin.py:188} INFO - [2026-05-10T06:10:25.191+0000] {dagbag.py:545} INFO - Filling up the DagBag from /home/airflow/.local/lib/python3.12/site-packages/airflow/example_dags/example_xcom.py
[2026-05-10T06:10:25.198+0000] {processor.py:840} INFO - DAG(s) 'example_xcom' retrieved from /home/airflow/.local/lib/python3.12/site-packages/airflow/example_dags/example_xcom.py
[2026-05-10T06:10:25.215+0000] {logging_mixin.py:188} INFO - [2026-05-10T06:10:25.215+0000] {dag.py:3096} INFO - Sync 1 DAGs
[2026-05-10T06:10:25.231+0000] {logging_mixin.py:188} INFO - [2026-05-10T06:10:25.231+0000] {dag.py:3954} INFO - Setting next_dagrun for example_xcom to 2021-01-01 00:00:00+00:00, run_after=2021-01-01 00:00:00+00:00
[2026-05-10T06:10:25.247+0000] {processor.py:183} INFO - Processing /home/airflow/.local/lib/python3.12/site-packages/airflow/example_dags/example_xcom.py took 0.063 seconds
[2026-05-10T06:10:55.482+0000] {processor.py:161} INFO - Started process (PID=17475) to work on /home/airflow/.local/lib/python3.12/site-packages/airflow/example_dags/example_xcom.py
[2026-05-10T06:10:55.483+0000] {processor.py:830} INFO - Processing file /home/airflow/.local/lib/python3.12/site-packages/airflow/example_dags/example_xcom.py for tasks to queue
[2026-05-10T06:10:55.486+0000] {logging_mixin.py:188} INFO - [2026-05-10T06:10:55.485+0000] {dagbag.py:545} INFO - Filling up the DagBag from /home/airflow/.local/lib/python3.12/site-packages/airflow/example_dags/example_xcom.py
[2026-05-10T06:10:55.493+0000] {processor.py:840} INFO - DAG(s) 'example_xcom' retrieved from /home/airflow/.local/lib/python3.12/site-packages/airflow/example_dags/example_xcom.py
[2026-05-10T06:10:55.513+0000] {logging_mixin.py:188} INFO - [2026-05-10T06:10:55.513+0000] {dag.py:3096} INFO - Sync 1 DAGs
[2026-05-10T06:10:55.530+0000] {logging_mixin.py:188} INFO - [2026-05-10T06:10:55.530+0000] {dag.py:3954} INFO - Setting next_dagrun for example_xcom to 2021-01-01 00:00:00+00:00, run_after=2021-01-01 00:00:00+00:00
[2026-05-10T06:10:55.548+0000] {processor.py:183} INFO - Processing /home/airflow/.local/lib/python3.12/site-packages/airflow/example_dags/example_xcom.py took 0.071 seconds
[2026-05-10T06:11:25.701+0000] {processor.py:161} INFO - Started process (PID=17535) to work on /home/airflow/.local/lib/python3.12/site-packages/airflow/example_dags/example_xcom.py
[2026-05-10T06:11:25.702+0000] {processor.py:830} INFO - Processing file /home/airflow/.local/lib/python3.12/site-packages/airflow/example_dags/example_xcom.py for tasks to queue
[2026-05-10T06:11:25.704+0000] {logging_mixin.py:188} INFO - [2026-05-10T06:11:25.704+0000] {dagbag.py:545} INFO - Filling up the DagBag from /home/airflow/.local/lib/python3.12/site-packages/airflow/example_dags/example_xcom.py
[2026-05-10T06:11:25.711+0000] {processor.py:840} INFO - DAG(s) 'example_xcom' retrieved from /home/airflow/.local/lib/python3.12/site-packages/airflow/example_dags/example_xcom.py
[2026-05-10T06:11:25.727+0000] {logging_mixin.py:188} INFO - [2026-05-10T06:11:25.727+0000] {dag.py:3096} INFO - Sync 1 DAGs
[2026-05-10T06:11:25.745+0000] {logging_mixin.py:188} INFO - [2026-05-10T06:11:25.744+0000] {dag.py:3954} INFO - Setting next_dagrun for example_xcom to 2021-01-01 00:00:00+00:00, run_after=2021-01-01 00:00:00+00:00
[2026-05-10T06:11:25.762+0000] {processor.py:183} INFO - Processing /home/airflow/.local/lib/python3.12/site-packages/airflow/example_dags/example_xcom.py took 0.066 seconds
[2026-05-10T06:11:56.197+0000] {processor.py:161} INFO - Started process (PID=17595) to work on /home/airflow/.local/lib/python3.12/site-packages/airflow/example_dags/example_xcom.py
[2026-05-10T06:11:56.199+0000] {processor.py:830} INFO - Processing file /home/airflow/.local/lib/python3.12/site-packages/airflow/example_dags/example_xcom.py for tasks to queue
[2026-05-10T06:11:56.201+0000] {logging_mixin.py:188} INFO - [2026-05-10T06:11:56.200+0000] {dagbag.py:545} INFO - Filling up the DagBag from /home/airflow/.local/lib/python3.12/site-packages/airflow/example_dags/example_xcom.py
[2026-05-10T06:11:56.207+0000] {processor.py:840} INFO - DAG(s) 'example_xcom' retrieved from /home/airflow/.local/lib/python3.12/site-packages/airflow/example_dags/example_xcom.py
[2026-05-10T06:11:56.226+0000] {logging_mixin.py:188} INFO - [2026-05-10T06:11:56.226+0000] {dag.py:3096} INFO - Sync 1 DAGs
[2026-05-10T06:11:56.245+0000] {logging_mixin.py:188} INFO - [2026-05-10T06:11:56.245+0000] {dag.py:3954} INFO - Setting next_dagrun for example_xcom to 2021-01-01 00:00:00+00:00, run_after=2021-01-01 00:00:00+00:00
[2026-05-10T06:11:56.261+0000] {processor.py:183} INFO - Processing /home/airflow/.local/lib/python3.12/site-packages/airflow/example_dags/example_xcom.py took 0.069 seconds
[2026-05-10T06:12:26.423+0000] {processor.py:161} INFO - Started process (PID=17655) to work on /home/airflow/.local/lib/python3.12/site-packages/airflow/example_dags/example_xcom.py
[2026-05-10T06:12:26.425+0000] {processor.py:830} INFO - Processing file /home/airflow/.local/lib/python3.12/site-packages/airflow/example_dags/example_xcom.py for tasks to queue
[2026-05-10T06:12:26.427+0000] {logging_mixin.py:188} INFO - [2026-05-10T06:12:26.427+0000] {dagbag.py:545} INFO - Filling up the DagBag from /home/airflow/.local/lib/python3.12/site-packages/airflow/example_dags/example_xcom.py
[2026-05-10T06:12:26.433+0000] {processor.py:840} INFO - DAG(s) 'example_xcom' retrieved from /home/airflow/.local/lib/python3.12/site-packages/airflow/example_dags/example_xcom.py
[2026-05-10T06:12:26.450+0000] {logging_mixin.py:188} INFO - [2026-05-10T06:12:26.449+0000] {dag.py:3096} INFO - Sync 1 DAGs
[2026-05-10T06:12:26.468+0000] {logging_mixin.py:188} INFO - [2026-05-10T06:12:26.468+0000] {dag.py:3954} INFO - Setting next_dagrun for example_xcom to 2021-01-01 00:00:00+00:00, run_after=2021-01-01 00:00:00+00:00
[2026-05-10T06:12:26.483+0000] {processor.py:183} INFO - Processing /home/airflow/.local/lib/python3.12/site-packages/airflow/example_dags/example_xcom.py took 0.065 seconds
[2026-05-10T06:12:56.652+0000] {processor.py:161} INFO - Started process (PID=17712) to work on /home/airflow/.local/lib/python3.12/site-packages/airflow/example_dags/example_xcom.py
[2026-05-10T06:12:56.654+0000] {processor.py:830} INFO - Processing file /home/airflow/.local/lib/python3.12/site-packages/airflow/example_dags/example_xcom.py for tasks to queue
[2026-05-10T06:12:56.657+0000] {logging_mixin.py:188} INFO - [2026-05-10T06:12:56.657+0000] {dagbag.py:545} INFO - Filling up the DagBag from /home/airflow/.local/lib/python3.12/site-packages/airflow/example_dags/example_xcom.py
[2026-05-10T06:12:56.664+0000] {processor.py:840} INFO - DAG(s) 'example_xcom' retrieved from /home/airflow/.local/lib/python3.12/site-packages/airflow/example_dags/example_xcom.py
[2026-05-10T06:12:56.681+0000] {logging_mixin.py:188} INFO - [2026-05-10T06:12:56.680+0000] {dag.py:3096} INFO - Sync 1 DAGs
[2026-05-10T06:12:56.698+0000] {logging_mixin.py:188} INFO - [2026-05-10T06:12:56.698+0000] {dag.py:3954} INFO - Setting next_dagrun for example_xcom to 2021-01-01 00:00:00+00:00, run_after=2021-01-01 00:00:00+00:00
[2026-05-10T06:12:56.716+0000] {processor.py:183} INFO - Processing /home/airflow/.local/lib/python3.12/site-packages/airflow/example_dags/example_xcom.py took 0.068 seconds
[2026-05-10T06:13:26.869+0000] {processor.py:161} INFO - Started process (PID=17771) to work on /home/airflow/.local/lib/python3.12/site-packages/airflow/example_dags/example_xcom.py
[2026-05-10T06:13:26.873+0000] {processor.py:830} INFO - Processing file /home/airflow/.local/lib/python3.12/site-packages/airflow/example_dags/example_xcom.py for tasks to queue
[2026-05-10T06:13:26.881+0000] {logging_mixin.py:188} INFO - [2026-05-10T06:13:26.881+0000] {dagbag.py:545} INFO - Filling up the DagBag from /home/airflow/.local/lib/python3.12/site-packages/airflow/example_dags/example_xcom.py
[2026-05-10T06:13:26.889+0000] {processor.py:840} INFO - DAG(s) 'example_xcom' retrieved from /home/airflow/.local/lib/python3.12/site-packages/airflow/example_dags/example_xcom.py
[2026-05-10T06:13:26.913+0000] {logging_mixin.py:188} INFO - [2026-05-10T06:13:26.913+0000] {dag.py:3096} INFO - Sync 1 DAGs
[2026-05-10T06:13:26.934+0000] {logging_mixin.py:188} INFO - [2026-05-10T06:13:26.934+0000] {dag.py:3954} INFO - Setting next_dagrun for example_xcom to 2021-01-01 00:00:00+00:00, run_after=2021-01-01 00:00:00+00:00
[2026-05-10T06:13:26.952+0000] {processor.py:183} INFO - Processing /home/airflow/.local/lib/python3.12/site-packages/airflow/example_dags/example_xcom.py took 0.088 seconds
[2026-05-10T06:13:57.781+0000] {processor.py:161} INFO - Started process (PID=17831) to work on /home/airflow/.local/lib/python3.12/site-packages/airflow/example_dags/example_xcom.py
[2026-05-10T06:13:57.783+0000] {processor.py:830} INFO - Processing file /home/airflow/.local/lib/python3.12/site-packages/airflow/example_dags/example_xcom.py for tasks to queue
[2026-05-10T06:13:57.786+0000] {logging_mixin.py:188} INFO - [2026-05-10T06:13:57.785+0000] {dagbag.py:545} INFO - Filling up the DagBag from /home/airflow/.local/lib/python3.12/site-packages/airflow/example_dags/example_xcom.py
[2026-05-10T06:13:57.792+0000] {processor.py:840} INFO - DAG(s) 'example_xcom' retrieved from /home/airflow/.local/lib/python3.12/site-packages/airflow/example_dags/example_xcom.py
[2026-05-10T06:13:57.815+0000] {logging_mixin.py:188} INFO - [2026-05-10T06:13:57.815+0000] {dag.py:3096} INFO - Sync 1 DAGs
[2026-05-10T06:13:57.830+0000] {logging_mixin.py:188} INFO - [2026-05-10T06:13:57.830+0000] {dag.py:3954} INFO - Setting next_dagrun for example_xcom to 2021-01-01 00:00:00+00:00, run_after=2021-01-01 00:00:00+00:00
[2026-05-10T06:13:57.844+0000] {processor.py:183} INFO - Processing /home/airflow/.local/lib/python3.12/site-packages/airflow/example_dags/example_xcom.py took 0.067 seconds
[2026-05-10T06:14:28.347+0000] {processor.py:161} INFO - Started process (PID=17891) to work on /home/airflow/.local/lib/python3.12/site-packages/airflow/example_dags/example_xcom.py
[2026-05-10T06:14:28.348+0000] {processor.py:830} INFO - Processing file /home/airflow/.local/lib/python3.12/site-packages/airflow/example_dags/example_xcom.py for tasks to queue
[2026-05-10T06:14:28.350+0000] {logging_mixin.py:188} INFO - [2026-05-10T06:14:28.350+0000] {dagbag.py:545} INFO - Filling up the DagBag from /home/airflow/.local/lib/python3.12/site-packages/airflow/example_dags/example_xcom.py
[2026-05-10T06:14:28.356+0000] {processor.py:840} INFO - DAG(s) 'example_xcom' retrieved from /home/airflow/.local/lib/python3.12/site-packages/airflow/example_dags/example_xcom.py
[2026-05-10T06:14:28.374+0000] {logging_mixin.py:188} INFO - [2026-05-10T06:14:28.374+0000] {dag.py:3096} INFO - Sync 1 DAGs
[2026-05-10T06:14:28.391+0000] {logging_mixin.py:188} INFO - [2026-05-10T06:14:28.391+0000] {dag.py:3954} INFO - Setting next_dagrun for example_xcom to 2021-01-01 00:00:00+00:00, run_after=2021-01-01 00:00:00+00:00
[2026-05-10T06:14:28.409+0000] {processor.py:183} INFO - Processing /home/airflow/.local/lib/python3.12/site-packages/airflow/example_dags/example_xcom.py took 0.067 seconds
[2026-05-10T06:14:59.410+0000] {processor.py:161} INFO - Started process (PID=17951) to work on /home/airflow/.local/lib/python3.12/site-packages/airflow/example_dags/example_xcom.py
[2026-05-10T06:14:59.411+0000] {processor.py:830} INFO - Processing file /home/airflow/.local/lib/python3.12/site-packages/airflow/example_dags/example_xcom.py for tasks to queue
[2026-05-10T06:14:59.417+0000] {logging_mixin.py:188} INFO - [2026-05-10T06:14:59.416+0000] {dagbag.py:545} INFO - Filling up the DagBag from /home/airflow/.local/lib/python3.12/site-packages/airflow/example_dags/example_xcom.py
[2026-05-10T06:14:59.426+0000] {processor.py:840} INFO - DAG(s) 'example_xcom' retrieved from /home/airflow/.local/lib/python3.12/site-packages/airflow/example_dags/example_xcom.py
[2026-05-10T06:14:59.444+0000] {logging_mixin.py:188} INFO - [2026-05-10T06:14:59.444+0000] {dag.py:3096} INFO - Sync 1 DAGs
[2026-05-10T06:14:59.461+0000] {logging_mixin.py:188} INFO - [2026-05-10T06:14:59.461+0000] {dag.py:3954} INFO - Setting next_dagrun for example_xcom to 2021-01-01 00:00:00+00:00, run_after=2021-01-01 00:00:00+00:00
[2026-05-10T06:14:59.477+0000] {processor.py:183} INFO - Processing /home/airflow/.local/lib/python3.12/site-packages/airflow/example_dags/example_xcom.py took 0.071 seconds
[2026-05-10T06:15:29.940+0000] {processor.py:161} INFO - Started process (PID=18011) to work on /home/airflow/.local/lib/python3.12/site-packages/airflow/example_dags/example_xcom.py
[2026-05-10T06:15:29.943+0000] {processor.py:830} INFO - Processing file /home/airflow/.local/lib/python3.12/site-packages/airflow/example_dags/example_xcom.py for tasks to queue
[2026-05-10T06:15:29.948+0000] {logging_mixin.py:188} INFO - [2026-05-10T06:15:29.947+0000] {dagbag.py:545} INFO - Filling up the DagBag from /home/airflow/.local/lib/python3.12/site-packages/airflow/example_dags/example_xcom.py
[2026-05-10T06:15:29.954+0000] {processor.py:840} INFO - DAG(s) 'example_xcom' retrieved from /home/airflow/.local/lib/python3.12/site-packages/airflow/example_dags/example_xcom.py
[2026-05-10T06:15:29.975+0000] {logging_mixin.py:188} INFO - [2026-05-10T06:15:29.975+0000] {dag.py:3096} INFO - Sync 1 DAGs
[2026-05-10T06:15:29.991+0000] {logging_mixin.py:188} INFO - [2026-05-10T06:15:29.991+0000] {dag.py:3954} INFO - Setting next_dagrun for example_xcom to 2021-01-01 00:00:00+00:00, run_after=2021-01-01 00:00:00+00:00
[2026-05-10T06:15:30.012+0000] {processor.py:183} INFO - Processing /home/airflow/.local/lib/python3.12/site-packages/airflow/example_dags/example_xcom.py took 0.076 seconds
[2026-05-10T06:16:00.253+0000] {processor.py:161} INFO - Started process (PID=18071) to work on /home/airflow/.local/lib/python3.12/site-packages/airflow/example_dags/example_xcom.py
[2026-05-10T06:16:00.255+0000] {processor.py:830} INFO - Processing file /home/airflow/.local/lib/python3.12/site-packages/airflow/example_dags/example_xcom.py for tasks to queue
[2026-05-10T06:16:00.257+0000] {logging_mixin.py:188} INFO - [2026-05-10T06:16:00.256+0000] {dagbag.py:545} INFO - Filling up the DagBag from /home/airflow/.local/lib/python3.12/site-packages/airflow/example_dags/example_xcom.py
[2026-05-10T06:16:00.263+0000] {processor.py:840} INFO - DAG(s) 'example_xcom' retrieved from /home/airflow/.local/lib/python3.12/site-packages/airflow/example_dags/example_xcom.py
[2026-05-10T06:16:00.283+0000] {logging_mixin.py:188} INFO - [2026-05-10T06:16:00.283+0000] {dag.py:3096} INFO - Sync 1 DAGs
[2026-05-10T06:16:00.299+0000] {logging_mixin.py:188} INFO - [2026-05-10T06:16:00.299+0000] {dag.py:3954} INFO - Setting next_dagrun for example_xcom to 2021-01-01 00:00:00+00:00, run_after=2021-01-01 00:00:00+00:00
[2026-05-10T06:16:00.320+0000] {processor.py:183} INFO - Processing /home/airflow/.local/lib/python3.12/site-packages/airflow/example_dags/example_xcom.py took 0.072 seconds
[2026-05-10T06:16:31.416+0000] {processor.py:161} INFO - Started process (PID=18131) to work on /home/airflow/.local/lib/python3.12/site-packages/airflow/example_dags/example_xcom.py
[2026-05-10T06:16:31.418+0000] {processor.py:830} INFO - Processing file /home/airflow/.local/lib/python3.12/site-packages/airflow/example_dags/example_xcom.py for tasks to queue
[2026-05-10T06:16:31.421+0000] {logging_mixin.py:188} INFO - [2026-05-10T06:16:31.420+0000] {dagbag.py:545} INFO - Filling up the DagBag from /home/airflow/.local/lib/python3.12/site-packages/airflow/example_dags/example_xcom.py
[2026-05-10T06:16:31.427+0000] {processor.py:840} INFO - DAG(s) 'example_xcom' retrieved from /home/airflow/.local/lib/python3.12/site-packages/airflow/example_dags/example_xcom.py
[2026-05-10T06:16:31.448+0000] {logging_mixin.py:188} INFO - [2026-05-10T06:16:31.448+0000] {dag.py:3096} INFO - Sync 1 DAGs
[2026-05-10T06:16:31.467+0000] {logging_mixin.py:188} INFO - [2026-05-10T06:16:31.467+0000] {dag.py:3954} INFO - Setting next_dagrun for example_xcom to 2021-01-01 00:00:00+00:00, run_after=2021-01-01 00:00:00+00:00
[2026-05-10T06:16:31.488+0000] {processor.py:183} INFO - Processing /home/airflow/.local/lib/python3.12/site-packages/airflow/example_dags/example_xcom.py took 0.077 seconds
[2026-05-10T06:17:02.502+0000] {processor.py:161} INFO - Started process (PID=18191) to work on /home/airflow/.local/lib/python3.12/site-packages/airflow/example_dags/example_xcom.py
[2026-05-10T06:17:02.505+0000] {processor.py:830} INFO - Processing file /home/airflow/.local/lib/python3.12/site-packages/airflow/example_dags/example_xcom.py for tasks to queue
[2026-05-10T06:17:02.507+0000] {logging_mixin.py:188} INFO - [2026-05-10T06:17:02.507+0000] {dagbag.py:545} INFO - Filling up the DagBag from /home/airflow/.local/lib/python3.12/site-packages/airflow/example_dags/example_xcom.py
[2026-05-10T06:17:02.513+0000] {processor.py:840} INFO - DAG(s) 'example_xcom' retrieved from /home/airflow/.local/lib/python3.12/site-packages/airflow/example_dags/example_xcom.py
[2026-05-10T06:17:02.530+0000] {logging_mixin.py:188} INFO - [2026-05-10T06:17:02.530+0000] {dag.py:3096} INFO - Sync 1 DAGs
[2026-05-10T06:17:02.547+0000] {logging_mixin.py:188} INFO - [2026-05-10T06:17:02.547+0000] {dag.py:3954} INFO - Setting next_dagrun for example_xcom to 2021-01-01 00:00:00+00:00, run_after=2021-01-01 00:00:00+00:00
[2026-05-10T06:17:02.564+0000] {processor.py:183} INFO - Processing /home/airflow/.local/lib/python3.12/site-packages/airflow/example_dags/example_xcom.py took 0.066 seconds
[2026-05-10T06:17:32.838+0000] {processor.py:161} INFO - Started process (PID=18251) to work on /home/airflow/.local/lib/python3.12/site-packages/airflow/example_dags/example_xcom.py
[2026-05-10T06:17:32.840+0000] {processor.py:830} INFO - Processing file /home/airflow/.local/lib/python3.12/site-packages/airflow/example_dags/example_xcom.py for tasks to queue
[2026-05-10T06:17:32.843+0000] {logging_mixin.py:188} INFO - [2026-05-10T06:17:32.842+0000] {dagbag.py:545} INFO - Filling up the DagBag from /home/airflow/.local/lib/python3.12/site-packages/airflow/example_dags/example_xcom.py
[2026-05-10T06:17:32.850+0000] {processor.py:840} INFO - DAG(s) 'example_xcom' retrieved from /home/airflow/.local/lib/python3.12/site-packages/airflow/example_dags/example_xcom.py
[2026-05-10T06:17:32.873+0000] {logging_mixin.py:188} INFO - [2026-05-10T06:17:32.873+0000] {dag.py:3096} INFO - Sync 1 DAGs
[2026-05-10T06:17:32.897+0000] {logging_mixin.py:188} INFO - [2026-05-10T06:17:32.897+0000] {dag.py:3954} INFO - Setting next_dagrun for example_xcom to 2021-01-01 00:00:00+00:00, run_after=2021-01-01 00:00:00+00:00
[2026-05-10T06:17:32.918+0000] {processor.py:183} INFO - Processing /home/airflow/.local/lib/python3.12/site-packages/airflow/example_dags/example_xcom.py took 0.085 seconds
[2026-05-10T06:18:03.330+0000] {processor.py:161} INFO - Started process (PID=18311) to work on /home/airflow/.local/lib/python3.12/site-packages/airflow/example_dags/example_xcom.py
[2026-05-10T06:18:03.332+0000] {processor.py:830} INFO - Processing file /home/airflow/.local/lib/python3.12/site-packages/airflow/example_dags/example_xcom.py for tasks to queue
[2026-05-10T06:18:03.334+0000] {logging_mixin.py:188} INFO - [2026-05-10T06:18:03.334+0000] {dagbag.py:545} INFO - Filling up the DagBag from /home/airflow/.local/lib/python3.12/site-packages/airflow/example_dags/example_xcom.py
[2026-05-10T06:18:03.340+0000] {processor.py:840} INFO - DAG(s) 'example_xcom' retrieved from /home/airflow/.local/lib/python3.12/site-packages/airflow/example_dags/example_xcom.py
[2026-05-10T06:18:03.360+0000] {logging_mixin.py:188} INFO - [2026-05-10T06:18:03.360+0000] {dag.py:3096} INFO - Sync 1 DAGs
[2026-05-10T06:18:03.378+0000] {logging_mixin.py:188} INFO - [2026-05-10T06:18:03.378+0000] {dag.py:3954} INFO - Setting next_dagrun for example_xcom to 2021-01-01 00:00:00+00:00, run_after=2021-01-01 00:00:00+00:00
[2026-05-10T06:18:03.396+0000] {processor.py:183} INFO - Processing /home/airflow/.local/lib/python3.12/site-packages/airflow/example_dags/example_xcom.py took 0.070 seconds
[2026-05-10T06:18:33.586+0000] {processor.py:161} INFO - Started process (PID=18371) to work on /home/airflow/.local/lib/python3.12/site-packages/airflow/example_dags/example_xcom.py
[2026-05-10T06:18:33.587+0000] {processor.py:830} INFO - Processing file /home/airflow/.local/lib/python3.12/site-packages/airflow/example_dags/example_xcom.py for tasks to queue
[2026-05-10T06:18:33.590+0000] {logging_mixin.py:188} INFO - [2026-05-10T06:18:33.590+0000] {dagbag.py:545} INFO - Filling up the DagBag from /home/airflow/.local/lib/python3.12/site-packages/airflow/example_dags/example_xcom.py
[2026-05-10T06:18:33.596+0000] {processor.py:840} INFO - DAG(s) 'example_xcom' retrieved from /home/airflow/.local/lib/python3.12/site-packages/airflow/example_dags/example_xcom.py
[2026-05-10T06:18:33.612+0000] {logging_mixin.py:188} INFO - [2026-05-10T06:18:33.612+0000] {dag.py:3096} INFO - Sync 1 DAGs
[2026-05-10T06:18:33.629+0000] {logging_mixin.py:188} INFO - [2026-05-10T06:18:33.628+0000] {dag.py:3954} INFO - Setting next_dagrun for example_xcom to 2021-01-01 00:00:00+00:00, run_after=2021-01-01 00:00:00+00:00
[2026-05-10T06:18:33.643+0000] {processor.py:183} INFO - Processing /home/airflow/.local/lib/python3.12/site-packages/airflow/example_dags/example_xcom.py took 0.061 seconds
[2026-05-10T06:19:04.488+0000] {processor.py:161} INFO - Started process (PID=18431) to work on /home/airflow/.local/lib/python3.12/site-packages/airflow/example_dags/example_xcom.py
[2026-05-10T06:19:04.490+0000] {processor.py:830} INFO - Processing file /home/airflow/.local/lib/python3.12/site-packages/airflow/example_dags/example_xcom.py for tasks to queue
[2026-05-10T06:19:04.491+0000] {logging_mixin.py:188} INFO - [2026-05-10T06:19:04.491+0000] {dagbag.py:545} INFO - Filling up the DagBag from /home/airflow/.local/lib/python3.12/site-packages/airflow/example_dags/example_xcom.py
[2026-05-10T06:19:04.497+0000] {processor.py:840} INFO - DAG(s) 'example_xcom' retrieved from /home/airflow/.local/lib/python3.12/site-packages/airflow/example_dags/example_xcom.py
[2026-05-10T06:19:04.515+0000] {logging_mixin.py:188} INFO - [2026-05-10T06:19:04.515+0000] {dag.py:3096} INFO - Sync 1 DAGs
[2026-05-10T06:19:04.532+0000] {logging_mixin.py:188} INFO - [2026-05-10T06:19:04.532+0000] {dag.py:3954} INFO - Setting next_dagrun for example_xcom to 2021-01-01 00:00:00+00:00, run_after=2021-01-01 00:00:00+00:00
[2026-05-10T06:19:04.549+0000] {processor.py:183} INFO - Processing /home/airflow/.local/lib/python3.12/site-packages/airflow/example_dags/example_xcom.py took 0.066 seconds
[2026-05-10T06:19:34.983+0000] {processor.py:161} INFO - Started process (PID=18491) to work on /home/airflow/.local/lib/python3.12/site-packages/airflow/example_dags/example_xcom.py
[2026-05-10T06:19:34.985+0000] {processor.py:830} INFO - Processing file /home/airflow/.local/lib/python3.12/site-packages/airflow/example_dags/example_xcom.py for tasks to queue
[2026-05-10T06:19:34.987+0000] {logging_mixin.py:188} INFO - [2026-05-10T06:19:34.986+0000] {dagbag.py:545} INFO - Filling up the DagBag from /home/airflow/.local/lib/python3.12/site-packages/airflow/example_dags/example_xcom.py
[2026-05-10T06:19:34.992+0000] {processor.py:840} INFO - DAG(s) 'example_xcom' retrieved from /home/airflow/.local/lib/python3.12/site-packages/airflow/example_dags/example_xcom.py
[2026-05-10T06:19:35.010+0000] {logging_mixin.py:188} INFO - [2026-05-10T06:19:35.010+0000] {dag.py:3096} INFO - Sync 1 DAGs
[2026-05-10T06:19:35.027+0000] {logging_mixin.py:188} INFO - [2026-05-10T06:19:35.027+0000] {dag.py:3954} INFO - Setting next_dagrun for example_xcom to 2021-01-01 00:00:00+00:00, run_after=2021-01-01 00:00:00+00:00
[2026-05-10T06:19:35.045+0000] {processor.py:183} INFO - Processing /home/airflow/.local/lib/python3.12/site-packages/airflow/example_dags/example_xcom.py took 0.067 seconds
[2026-05-10T06:20:05.676+0000] {processor.py:161} INFO - Started process (PID=18551) to work on /home/airflow/.local/lib/python3.12/site-packages/airflow/example_dags/example_xcom.py
[2026-05-10T06:20:05.677+0000] {processor.py:830} INFO - Processing file /home/airflow/.local/lib/python3.12/site-packages/airflow/example_dags/example_xcom.py for tasks to queue
[2026-05-10T06:20:05.680+0000] {logging_mixin.py:188} INFO - [2026-05-10T06:20:05.680+0000] {dagbag.py:545} INFO - Filling up the DagBag from /home/airflow/.local/lib/python3.12/site-packages/airflow/example_dags/example_xcom.py
[2026-05-10T06:20:05.689+0000] {processor.py:840} INFO - DAG(s) 'example_xcom' retrieved from /home/airflow/.local/lib/python3.12/site-packages/airflow/example_dags/example_xcom.py
[2026-05-10T06:20:05.712+0000] {logging_mixin.py:188} INFO - [2026-05-10T06:20:05.712+0000] {dag.py:3096} INFO - Sync 1 DAGs
[2026-05-10T06:20:05.744+0000] {logging_mixin.py:188} INFO - [2026-05-10T06:20:05.744+0000] {dag.py:3954} INFO - Setting next_dagrun for example_xcom to 2021-01-01 00:00:00+00:00, run_after=2021-01-01 00:00:00+00:00
[2026-05-10T06:20:05.775+0000] {processor.py:183} INFO - Processing /home/airflow/.local/lib/python3.12/site-packages/airflow/example_dags/example_xcom.py took 0.107 seconds
[2026-05-10T06:20:36.173+0000] {processor.py:161} INFO - Started process (PID=18617) to work on /home/airflow/.local/lib/python3.12/site-packages/airflow/example_dags/example_xcom.py
[2026-05-10T06:20:36.175+0000] {processor.py:830} INFO - Processing file /home/airflow/.local/lib/python3.12/site-packages/airflow/example_dags/example_xcom.py for tasks to queue
[2026-05-10T06:20:36.178+0000] {logging_mixin.py:188} INFO - [2026-05-10T06:20:36.178+0000] {dagbag.py:545} INFO - Filling up the DagBag from /home/airflow/.local/lib/python3.12/site-packages/airflow/example_dags/example_xcom.py
[2026-05-10T06:20:36.184+0000] {processor.py:840} INFO - DAG(s) 'example_xcom' retrieved from /home/airflow/.local/lib/python3.12/site-packages/airflow/example_dags/example_xcom.py
[2026-05-10T06:20:36.201+0000] {logging_mixin.py:188} INFO - [2026-05-10T06:20:36.201+0000] {dag.py:3096} INFO - Sync 1 DAGs
[2026-05-10T06:20:36.217+0000] {logging_mixin.py:188} INFO - [2026-05-10T06:20:36.217+0000] {dag.py:3954} INFO - Setting next_dagrun for example_xcom to 2021-01-01 00:00:00+00:00, run_after=2021-01-01 00:00:00+00:00
[2026-05-10T06:20:36.246+0000] {processor.py:183} INFO - Processing /home/airflow/.local/lib/python3.12/site-packages/airflow/example_dags/example_xcom.py took 0.077 seconds
[2026-05-10T06:21:06.726+0000] {processor.py:161} INFO - Started process (PID=18677) to work on /home/airflow/.local/lib/python3.12/site-packages/airflow/example_dags/example_xcom.py
[2026-05-10T06:21:06.729+0000] {processor.py:830} INFO - Processing file /home/airflow/.local/lib/python3.12/site-packages/airflow/example_dags/example_xcom.py for tasks to queue
[2026-05-10T06:21:06.731+0000] {logging_mixin.py:188} INFO - [2026-05-10T06:21:06.731+0000] {dagbag.py:545} INFO - Filling up the DagBag from /home/airflow/.local/lib/python3.12/site-packages/airflow/example_dags/example_xcom.py
[2026-05-10T06:21:06.737+0000] {processor.py:840} INFO - DAG(s) 'example_xcom' retrieved from /home/airflow/.local/lib/python3.12/site-packages/airflow/example_dags/example_xcom.py
[2026-05-10T06:21:06.754+0000] {logging_mixin.py:188} INFO - [2026-05-10T06:21:06.754+0000] {dag.py:3096} INFO - Sync 1 DAGs
[2026-05-10T06:21:06.771+0000] {logging_mixin.py:188} INFO - [2026-05-10T06:21:06.771+0000] {dag.py:3954} INFO - Setting next_dagrun for example_xcom to 2021-01-01 00:00:00+00:00, run_after=2021-01-01 00:00:00+00:00
[2026-05-10T06:21:06.788+0000] {processor.py:183} INFO - Processing /home/airflow/.local/lib/python3.12/site-packages/airflow/example_dags/example_xcom.py took 0.066 seconds
[2026-05-10T06:21:36.900+0000] {processor.py:161} INFO - Started process (PID=18737) to work on /home/airflow/.local/lib/python3.12/site-packages/airflow/example_dags/example_xcom.py
[2026-05-10T06:21:36.902+0000] {processor.py:830} INFO - Processing file /home/airflow/.local/lib/python3.12/site-packages/airflow/example_dags/example_xcom.py for tasks to queue
[2026-05-10T06:21:36.904+0000] {logging_mixin.py:188} INFO - [2026-05-10T06:21:36.904+0000] {dagbag.py:545} INFO - Filling up the DagBag from /home/airflow/.local/lib/python3.12/site-packages/airflow/example_dags/example_xcom.py
[2026-05-10T06:21:36.911+0000] {processor.py:840} INFO - DAG(s) 'example_xcom' retrieved from /home/airflow/.local/lib/python3.12/site-packages/airflow/example_dags/example_xcom.py
[2026-05-10T06:21:36.928+0000] {logging_mixin.py:188} INFO - [2026-05-10T06:21:36.928+0000] {dag.py:3096} INFO - Sync 1 DAGs
[2026-05-10T06:21:36.945+0000] {logging_mixin.py:188} INFO - [2026-05-10T06:21:36.945+0000] {dag.py:3954} INFO - Setting next_dagrun for example_xcom to 2021-01-01 00:00:00+00:00, run_after=2021-01-01 00:00:00+00:00
[2026-05-10T06:21:36.965+0000] {processor.py:183} INFO - Processing /home/airflow/.local/lib/python3.12/site-packages/airflow/example_dags/example_xcom.py took 0.071 seconds
[2026-05-10T06:22:07.145+0000] {processor.py:161} INFO - Started process (PID=18797) to work on /home/airflow/.local/lib/python3.12/site-packages/airflow/example_dags/example_xcom.py
[2026-05-10T06:22:07.148+0000] {processor.py:830} INFO - Processing file /home/airflow/.local/lib/python3.12/site-packages/airflow/example_dags/example_xcom.py for tasks to queue
[2026-05-10T06:22:07.154+0000] {logging_mixin.py:188} INFO - [2026-05-10T06:22:07.154+0000] {dagbag.py:545} INFO - Filling up the DagBag from /home/airflow/.local/lib/python3.12/site-packages/airflow/example_dags/example_xcom.py
[2026-05-10T06:22:07.162+0000] {processor.py:840} INFO - DAG(s) 'example_xcom' retrieved from /home/airflow/.local/lib/python3.12/site-packages/airflow/example_dags/example_xcom.py
[2026-05-10T06:22:07.184+0000] {logging_mixin.py:188} INFO - [2026-05-10T06:22:07.183+0000] {dag.py:3096} INFO - Sync 1 DAGs
[2026-05-10T06:22:07.204+0000] {logging_mixin.py:188} INFO - [2026-05-10T06:22:07.204+0000] {dag.py:3954} INFO - Setting next_dagrun for example_xcom to 2021-01-01 00:00:00+00:00, run_after=2021-01-01 00:00:00+00:00
[2026-05-10T06:22:07.224+0000] {processor.py:183} INFO - Processing /home/airflow/.local/lib/python3.12/site-packages/airflow/example_dags/example_xcom.py took 0.084 seconds
[2026-05-10T06:22:37.730+0000] {processor.py:161} INFO - Started process (PID=18857) to work on /home/airflow/.local/lib/python3.12/site-packages/airflow/example_dags/example_xcom.py
[2026-05-10T06:22:37.731+0000] {processor.py:830} INFO - Processing file /home/airflow/.local/lib/python3.12/site-packages/airflow/example_dags/example_xcom.py for tasks to queue
[2026-05-10T06:22:37.733+0000] {logging_mixin.py:188} INFO - [2026-05-10T06:22:37.733+0000] {dagbag.py:545} INFO - Filling up the DagBag from /home/airflow/.local/lib/python3.12/site-packages/airflow/example_dags/example_xcom.py
[2026-05-10T06:22:37.740+0000] {processor.py:840} INFO - DAG(s) 'example_xcom' retrieved from /home/airflow/.local/lib/python3.12/site-packages/airflow/example_dags/example_xcom.py
[2026-05-10T06:22:37.757+0000] {logging_mixin.py:188} INFO - [2026-05-10T06:22:37.757+0000] {dag.py:3096} INFO - Sync 1 DAGs
[2026-05-10T06:22:37.773+0000] {logging_mixin.py:188} INFO - [2026-05-10T06:22:37.773+0000] {dag.py:3954} INFO - Setting next_dagrun for example_xcom to 2021-01-01 00:00:00+00:00, run_after=2021-01-01 00:00:00+00:00
[2026-05-10T06:22:37.789+0000] {processor.py:183} INFO - Processing /home/airflow/.local/lib/python3.12/site-packages/airflow/example_dags/example_xcom.py took 0.065 seconds
[2026-05-10T06:23:07.996+0000] {processor.py:161} INFO - Started process (PID=18917) to work on /home/airflow/.local/lib/python3.12/site-packages/airflow/example_dags/example_xcom.py
[2026-05-10T06:23:07.998+0000] {processor.py:830} INFO - Processing file /home/airflow/.local/lib/python3.12/site-packages/airflow/example_dags/example_xcom.py for tasks to queue
[2026-05-10T06:23:08.000+0000] {logging_mixin.py:188} INFO - [2026-05-10T06:23:08.000+0000] {dagbag.py:545} INFO - Filling up the DagBag from /home/airflow/.local/lib/python3.12/site-packages/airflow/example_dags/example_xcom.py
[2026-05-10T06:23:08.006+0000] {processor.py:840} INFO - DAG(s) 'example_xcom' retrieved from /home/airflow/.local/lib/python3.12/site-packages/airflow/example_dags/example_xcom.py
[2026-05-10T06:23:08.025+0000] {logging_mixin.py:188} INFO - [2026-05-10T06:23:08.025+0000] {dag.py:3096} INFO - Sync 1 DAGs
[2026-05-10T06:23:08.041+0000] {logging_mixin.py:188} INFO - [2026-05-10T06:23:08.041+0000] {dag.py:3954} INFO - Setting next_dagrun for example_xcom to 2021-01-01 00:00:00+00:00, run_after=2021-01-01 00:00:00+00:00
[2026-05-10T06:23:08.056+0000] {processor.py:183} INFO - Processing /home/airflow/.local/lib/python3.12/site-packages/airflow/example_dags/example_xcom.py took 0.064 seconds
[2026-05-10T06:23:38.622+0000] {processor.py:161} INFO - Started process (PID=18977) to work on /home/airflow/.local/lib/python3.12/site-packages/airflow/example_dags/example_xcom.py
[2026-05-10T06:23:38.623+0000] {processor.py:830} INFO - Processing file /home/airflow/.local/lib/python3.12/site-packages/airflow/example_dags/example_xcom.py for tasks to queue
[2026-05-10T06:23:38.626+0000] {logging_mixin.py:188} INFO - [2026-05-10T06:23:38.625+0000] {dagbag.py:545} INFO - Filling up the DagBag from /home/airflow/.local/lib/python3.12/site-packages/airflow/example_dags/example_xcom.py
[2026-05-10T06:23:38.632+0000] {processor.py:840} INFO - DAG(s) 'example_xcom' retrieved from /home/airflow/.local/lib/python3.12/site-packages/airflow/example_dags/example_xcom.py
[2026-05-10T06:23:38.651+0000] {logging_mixin.py:188} INFO - [2026-05-10T06:23:38.651+0000] {dag.py:3096} INFO - Sync 1 DAGs
[2026-05-10T06:23:38.668+0000] {logging_mixin.py:188} INFO - [2026-05-10T06:23:38.667+0000] {dag.py:3954} INFO - Setting next_dagrun for example_xcom to 2021-01-01 00:00:00+00:00, run_after=2021-01-01 00:00:00+00:00
[2026-05-10T06:23:38.690+0000] {processor.py:183} INFO - Processing /home/airflow/.local/lib/python3.12/site-packages/airflow/example_dags/example_xcom.py took 0.073 seconds
[2026-05-10T06:24:08.868+0000] {processor.py:161} INFO - Started process (PID=19037) to work on /home/airflow/.local/lib/python3.12/site-packages/airflow/example_dags/example_xcom.py
[2026-05-10T06:24:08.869+0000] {processor.py:830} INFO - Processing file /home/airflow/.local/lib/python3.12/site-packages/airflow/example_dags/example_xcom.py for tasks to queue
[2026-05-10T06:24:08.872+0000] {logging_mixin.py:188} INFO - [2026-05-10T06:24:08.871+0000] {dagbag.py:545} INFO - Filling up the DagBag from /home/airflow/.local/lib/python3.12/site-packages/airflow/example_dags/example_xcom.py
[2026-05-10T06:24:08.879+0000] {processor.py:840} INFO - DAG(s) 'example_xcom' retrieved from /home/airflow/.local/lib/python3.12/site-packages/airflow/example_dags/example_xcom.py
[2026-05-10T06:24:08.897+0000] {logging_mixin.py:188} INFO - [2026-05-10T06:24:08.897+0000] {dag.py:3096} INFO - Sync 1 DAGs
[2026-05-10T06:24:08.916+0000] {logging_mixin.py:188} INFO - [2026-05-10T06:24:08.916+0000] {dag.py:3954} INFO - Setting next_dagrun for example_xcom to 2021-01-01 00:00:00+00:00, run_after=2021-01-01 00:00:00+00:00
[2026-05-10T06:24:08.933+0000] {processor.py:183} INFO - Processing /home/airflow/.local/lib/python3.12/site-packages/airflow/example_dags/example_xcom.py took 0.071 seconds
[2026-05-10T06:24:39.239+0000] {processor.py:161} INFO - Started process (PID=19097) to work on /home/airflow/.local/lib/python3.12/site-packages/airflow/example_dags/example_xcom.py
[2026-05-10T06:24:39.240+0000] {processor.py:830} INFO - Processing file /home/airflow/.local/lib/python3.12/site-packages/airflow/example_dags/example_xcom.py for tasks to queue
[2026-05-10T06:24:39.242+0000] {logging_mixin.py:188} INFO - [2026-05-10T06:24:39.242+0000] {dagbag.py:545} INFO - Filling up the DagBag from /home/airflow/.local/lib/python3.12/site-packages/airflow/example_dags/example_xcom.py
[2026-05-10T06:24:39.249+0000] {processor.py:840} INFO - DAG(s) 'example_xcom' retrieved from /home/airflow/.local/lib/python3.12/site-packages/airflow/example_dags/example_xcom.py
[2026-05-10T06:24:39.266+0000] {logging_mixin.py:188} INFO - [2026-05-10T06:24:39.266+0000] {dag.py:3096} INFO - Sync 1 DAGs
[2026-05-10T06:24:39.282+0000] {logging_mixin.py:188} INFO - [2026-05-10T06:24:39.282+0000] {dag.py:3954} INFO - Setting next_dagrun for example_xcom to 2021-01-01 00:00:00+00:00, run_after=2021-01-01 00:00:00+00:00
[2026-05-10T06:24:39.297+0000] {processor.py:183} INFO - Processing /home/airflow/.local/lib/python3.12/site-packages/airflow/example_dags/example_xcom.py took 0.063 seconds
[2026-05-10T06:25:09.885+0000] {processor.py:161} INFO - Started process (PID=19157) to work on /home/airflow/.local/lib/python3.12/site-packages/airflow/example_dags/example_xcom.py
[2026-05-10T06:25:09.886+0000] {processor.py:830} INFO - Processing file /home/airflow/.local/lib/python3.12/site-packages/airflow/example_dags/example_xcom.py for tasks to queue
[2026-05-10T06:25:09.888+0000] {logging_mixin.py:188} INFO - [2026-05-10T06:25:09.888+0000] {dagbag.py:545} INFO - Filling up the DagBag from /home/airflow/.local/lib/python3.12/site-packages/airflow/example_dags/example_xcom.py
[2026-05-10T06:25:09.894+0000] {processor.py:840} INFO - DAG(s) 'example_xcom' retrieved from /home/airflow/.local/lib/python3.12/site-packages/airflow/example_dags/example_xcom.py
[2026-05-10T06:25:09.912+0000] {logging_mixin.py:188} INFO - [2026-05-10T06:25:09.912+0000] {dag.py:3096} INFO - Sync 1 DAGs
[2026-05-10T06:25:09.928+0000] {logging_mixin.py:188} INFO - [2026-05-10T06:25:09.928+0000] {dag.py:3954} INFO - Setting next_dagrun for example_xcom to 2021-01-01 00:00:00+00:00, run_after=2021-01-01 00:00:00+00:00
[2026-05-10T06:25:09.945+0000] {processor.py:183} INFO - Processing /home/airflow/.local/lib/python3.12/site-packages/airflow/example_dags/example_xcom.py took 0.064 seconds
[2026-05-10T06:25:40.080+0000] {processor.py:161} INFO - Started process (PID=19217) to work on /home/airflow/.local/lib/python3.12/site-packages/airflow/example_dags/example_xcom.py
[2026-05-10T06:25:40.081+0000] {processor.py:830} INFO - Processing file /home/airflow/.local/lib/python3.12/site-packages/airflow/example_dags/example_xcom.py for tasks to queue
[2026-05-10T06:25:40.084+0000] {logging_mixin.py:188} INFO - [2026-05-10T06:25:40.083+0000] {dagbag.py:545} INFO - Filling up the DagBag from /home/airflow/.local/lib/python3.12/site-packages/airflow/example_dags/example_xcom.py
[2026-05-10T06:25:40.090+0000] {processor.py:840} INFO - DAG(s) 'example_xcom' retrieved from /home/airflow/.local/lib/python3.12/site-packages/airflow/example_dags/example_xcom.py
[2026-05-10T06:25:40.107+0000] {logging_mixin.py:188} INFO - [2026-05-10T06:25:40.107+0000] {dag.py:3096} INFO - Sync 1 DAGs
[2026-05-10T06:25:40.122+0000] {logging_mixin.py:188} INFO - [2026-05-10T06:25:40.122+0000] {dag.py:3954} INFO - Setting next_dagrun for example_xcom to 2021-01-01 00:00:00+00:00, run_after=2021-01-01 00:00:00+00:00
[2026-05-10T06:25:40.140+0000] {processor.py:183} INFO - Processing /home/airflow/.local/lib/python3.12/site-packages/airflow/example_dags/example_xcom.py took 0.065 seconds
[2026-05-10T06:26:10.869+0000] {processor.py:161} INFO - Started process (PID=19277) to work on /home/airflow/.local/lib/python3.12/site-packages/airflow/example_dags/example_xcom.py
[2026-05-10T06:26:10.871+0000] {processor.py:830} INFO - Processing file /home/airflow/.local/lib/python3.12/site-packages/airflow/example_dags/example_xcom.py for tasks to queue
[2026-05-10T06:26:10.873+0000] {logging_mixin.py:188} INFO - [2026-05-10T06:26:10.872+0000] {dagbag.py:545} INFO - Filling up the DagBag from /home/airflow/.local/lib/python3.12/site-packages/airflow/example_dags/example_xcom.py
[2026-05-10T06:26:10.879+0000] {processor.py:840} INFO - DAG(s) 'example_xcom' retrieved from /home/airflow/.local/lib/python3.12/site-packages/airflow/example_dags/example_xcom.py
[2026-05-10T06:26:10.898+0000] {logging_mixin.py:188} INFO - [2026-05-10T06:26:10.898+0000] {dag.py:3096} INFO - Sync 1 DAGs
[2026-05-10T06:26:10.916+0000] {logging_mixin.py:188} INFO - [2026-05-10T06:26:10.916+0000] {dag.py:3954} INFO - Setting next_dagrun for example_xcom to 2021-01-01 00:00:00+00:00, run_after=2021-01-01 00:00:00+00:00
[2026-05-10T06:26:10.932+0000] {processor.py:183} INFO - Processing /home/airflow/.local/lib/python3.12/site-packages/airflow/example_dags/example_xcom.py took 0.068 seconds
[2026-05-10T06:26:41.362+0000] {processor.py:161} INFO - Started process (PID=19337) to work on /home/airflow/.local/lib/python3.12/site-packages/airflow/example_dags/example_xcom.py
[2026-05-10T06:26:41.364+0000] {processor.py:830} INFO - Processing file /home/airflow/.local/lib/python3.12/site-packages/airflow/example_dags/example_xcom.py for tasks to queue
[2026-05-10T06:26:41.366+0000] {logging_mixin.py:188} INFO - [2026-05-10T06:26:41.365+0000] {dagbag.py:545} INFO - Filling up the DagBag from /home/airflow/.local/lib/python3.12/site-packages/airflow/example_dags/example_xcom.py
[2026-05-10T06:26:41.372+0000] {processor.py:840} INFO - DAG(s) 'example_xcom' retrieved from /home/airflow/.local/lib/python3.12/site-packages/airflow/example_dags/example_xcom.py
[2026-05-10T06:26:41.389+0000] {logging_mixin.py:188} INFO - [2026-05-10T06:26:41.389+0000] {dag.py:3096} INFO - Sync 1 DAGs
[2026-05-10T06:26:41.409+0000] {logging_mixin.py:188} INFO - [2026-05-10T06:26:41.409+0000] {dag.py:3954} INFO - Setting next_dagrun for example_xcom to 2021-01-01 00:00:00+00:00, run_after=2021-01-01 00:00:00+00:00
[2026-05-10T06:26:41.426+0000] {processor.py:183} INFO - Processing /home/airflow/.local/lib/python3.12/site-packages/airflow/example_dags/example_xcom.py took 0.069 seconds
[2026-05-10T06:27:11.743+0000] {processor.py:161} INFO - Started process (PID=19398) to work on /home/airflow/.local/lib/python3.12/site-packages/airflow/example_dags/example_xcom.py
[2026-05-10T06:27:11.745+0000] {processor.py:830} INFO - Processing file /home/airflow/.local/lib/python3.12/site-packages/airflow/example_dags/example_xcom.py for tasks to queue
[2026-05-10T06:27:11.752+0000] {logging_mixin.py:188} INFO - [2026-05-10T06:27:11.752+0000] {dagbag.py:545} INFO - Filling up the DagBag from /home/airflow/.local/lib/python3.12/site-packages/airflow/example_dags/example_xcom.py
[2026-05-10T06:27:11.762+0000] {processor.py:840} INFO - DAG(s) 'example_xcom' retrieved from /home/airflow/.local/lib/python3.12/site-packages/airflow/example_dags/example_xcom.py
[2026-05-10T06:27:11.781+0000] {logging_mixin.py:188} INFO - [2026-05-10T06:27:11.781+0000] {dag.py:3096} INFO - Sync 1 DAGs
[2026-05-10T06:27:11.798+0000] {logging_mixin.py:188} INFO - [2026-05-10T06:27:11.798+0000] {dag.py:3954} INFO - Setting next_dagrun for example_xcom to 2021-01-01 00:00:00+00:00, run_after=2021-01-01 00:00:00+00:00
[2026-05-10T06:27:11.813+0000] {processor.py:183} INFO - Processing /home/airflow/.local/lib/python3.12/site-packages/airflow/example_dags/example_xcom.py took 0.076 seconds
[2026-05-10T06:27:42.400+0000] {processor.py:161} INFO - Started process (PID=19458) to work on /home/airflow/.local/lib/python3.12/site-packages/airflow/example_dags/example_xcom.py
[2026-05-10T06:27:42.401+0000] {processor.py:830} INFO - Processing file /home/airflow/.local/lib/python3.12/site-packages/airflow/example_dags/example_xcom.py for tasks to queue
[2026-05-10T06:27:42.403+0000] {logging_mixin.py:188} INFO - [2026-05-10T06:27:42.403+0000] {dagbag.py:545} INFO - Filling up the DagBag from /home/airflow/.local/lib/python3.12/site-packages/airflow/example_dags/example_xcom.py
[2026-05-10T06:27:42.410+0000] {processor.py:840} INFO - DAG(s) 'example_xcom' retrieved from /home/airflow/.local/lib/python3.12/site-packages/airflow/example_dags/example_xcom.py
[2026-05-10T06:27:42.427+0000] {logging_mixin.py:188} INFO - [2026-05-10T06:27:42.426+0000] {dag.py:3096} INFO - Sync 1 DAGs
[2026-05-10T06:27:42.444+0000] {logging_mixin.py:188} INFO - [2026-05-10T06:27:42.444+0000] {dag.py:3954} INFO - Setting next_dagrun for example_xcom to 2021-01-01 00:00:00+00:00, run_after=2021-01-01 00:00:00+00:00
[2026-05-10T06:27:42.460+0000] {processor.py:183} INFO - Processing /home/airflow/.local/lib/python3.12/site-packages/airflow/example_dags/example_xcom.py took 0.064 seconds
[2026-05-10T06:28:12.941+0000] {processor.py:161} INFO - Started process (PID=19518) to work on /home/airflow/.local/lib/python3.12/site-packages/airflow/example_dags/example_xcom.py
[2026-05-10T06:28:12.942+0000] {processor.py:830} INFO - Processing file /home/airflow/.local/lib/python3.12/site-packages/airflow/example_dags/example_xcom.py for tasks to queue
[2026-05-10T06:28:12.945+0000] {logging_mixin.py:188} INFO - [2026-05-10T06:28:12.945+0000] {dagbag.py:545} INFO - Filling up the DagBag from /home/airflow/.local/lib/python3.12/site-packages/airflow/example_dags/example_xcom.py
[2026-05-10T06:28:12.951+0000] {processor.py:840} INFO - DAG(s) 'example_xcom' retrieved from /home/airflow/.local/lib/python3.12/site-packages/airflow/example_dags/example_xcom.py
[2026-05-10T06:28:12.969+0000] {logging_mixin.py:188} INFO - [2026-05-10T06:28:12.969+0000] {dag.py:3096} INFO - Sync 1 DAGs
[2026-05-10T06:28:12.985+0000] {logging_mixin.py:188} INFO - [2026-05-10T06:28:12.985+0000] {dag.py:3954} INFO - Setting next_dagrun for example_xcom to 2021-01-01 00:00:00+00:00, run_after=2021-01-01 00:00:00+00:00
[2026-05-10T06:28:13.000+0000] {processor.py:183} INFO - Processing /home/airflow/.local/lib/python3.12/site-packages/airflow/example_dags/example_xcom.py took 0.065 seconds
[2026-05-10T06:28:43.668+0000] {processor.py:161} INFO - Started process (PID=19578) to work on /home/airflow/.local/lib/python3.12/site-packages/airflow/example_dags/example_xcom.py
[2026-05-10T06:28:43.669+0000] {processor.py:830} INFO - Processing file /home/airflow/.local/lib/python3.12/site-packages/airflow/example_dags/example_xcom.py for tasks to queue
[2026-05-10T06:28:43.671+0000] {logging_mixin.py:188} INFO - [2026-05-10T06:28:43.671+0000] {dagbag.py:545} INFO - Filling up the DagBag from /home/airflow/.local/lib/python3.12/site-packages/airflow/example_dags/example_xcom.py
[2026-05-10T06:28:43.677+0000] {processor.py:840} INFO - DAG(s) 'example_xcom' retrieved from /home/airflow/.local/lib/python3.12/site-packages/airflow/example_dags/example_xcom.py
[2026-05-10T06:28:43.693+0000] {logging_mixin.py:188} INFO - [2026-05-10T06:28:43.693+0000] {dag.py:3096} INFO - Sync 1 DAGs
[2026-05-10T06:28:43.709+0000] {logging_mixin.py:188} INFO - [2026-05-10T06:28:43.709+0000] {dag.py:3954} INFO - Setting next_dagrun for example_xcom to 2021-01-01 00:00:00+00:00, run_after=2021-01-01 00:00:00+00:00
[2026-05-10T06:28:43.724+0000] {processor.py:183} INFO - Processing /home/airflow/.local/lib/python3.12/site-packages/airflow/example_dags/example_xcom.py took 0.061 seconds
[2026-05-10T06:29:14.052+0000] {processor.py:161} INFO - Started process (PID=19638) to work on /home/airflow/.local/lib/python3.12/site-packages/airflow/example_dags/example_xcom.py
[2026-05-10T06:29:14.053+0000] {processor.py:830} INFO - Processing file /home/airflow/.local/lib/python3.12/site-packages/airflow/example_dags/example_xcom.py for tasks to queue
[2026-05-10T06:29:14.056+0000] {logging_mixin.py:188} INFO - [2026-05-10T06:29:14.056+0000] {dagbag.py:545} INFO - Filling up the DagBag from /home/airflow/.local/lib/python3.12/site-packages/airflow/example_dags/example_xcom.py
[2026-05-10T06:29:14.064+0000] {processor.py:840} INFO - DAG(s) 'example_xcom' retrieved from /home/airflow/.local/lib/python3.12/site-packages/airflow/example_dags/example_xcom.py
[2026-05-10T06:29:14.082+0000] {logging_mixin.py:188} INFO - [2026-05-10T06:29:14.081+0000] {dag.py:3096} INFO - Sync 1 DAGs
[2026-05-10T06:29:14.100+0000] {logging_mixin.py:188} INFO - [2026-05-10T06:29:14.100+0000] {dag.py:3954} INFO - Setting next_dagrun for example_xcom to 2021-01-01 00:00:00+00:00, run_after=2021-01-01 00:00:00+00:00
[2026-05-10T06:29:14.118+0000] {processor.py:183} INFO - Processing /home/airflow/.local/lib/python3.12/site-packages/airflow/example_dags/example_xcom.py took 0.071 seconds
[2026-05-10T06:29:44.529+0000] {processor.py:161} INFO - Started process (PID=19698) to work on /home/airflow/.local/lib/python3.12/site-packages/airflow/example_dags/example_xcom.py
[2026-05-10T06:29:44.531+0000] {processor.py:830} INFO - Processing file /home/airflow/.local/lib/python3.12/site-packages/airflow/example_dags/example_xcom.py for tasks to queue
[2026-05-10T06:29:44.533+0000] {logging_mixin.py:188} INFO - [2026-05-10T06:29:44.532+0000] {dagbag.py:545} INFO - Filling up the DagBag from /home/airflow/.local/lib/python3.12/site-packages/airflow/example_dags/example_xcom.py
[2026-05-10T06:29:44.539+0000] {processor.py:840} INFO - DAG(s) 'example_xcom' retrieved from /home/airflow/.local/lib/python3.12/site-packages/airflow/example_dags/example_xcom.py
[2026-05-10T06:29:44.558+0000] {logging_mixin.py:188} INFO - [2026-05-10T06:29:44.558+0000] {dag.py:3096} INFO - Sync 1 DAGs
[2026-05-10T06:29:44.576+0000] {logging_mixin.py:188} INFO - [2026-05-10T06:29:44.575+0000] {dag.py:3954} INFO - Setting next_dagrun for example_xcom to 2021-01-01 00:00:00+00:00, run_after=2021-01-01 00:00:00+00:00
[2026-05-10T06:29:44.594+0000] {processor.py:183} INFO - Processing /home/airflow/.local/lib/python3.12/site-packages/airflow/example_dags/example_xcom.py took 0.069 seconds
[2026-05-10T06:30:14.764+0000] {processor.py:161} INFO - Started process (PID=19758) to work on /home/airflow/.local/lib/python3.12/site-packages/airflow/example_dags/example_xcom.py
[2026-05-10T06:30:14.765+0000] {processor.py:830} INFO - Processing file /home/airflow/.local/lib/python3.12/site-packages/airflow/example_dags/example_xcom.py for tasks to queue
[2026-05-10T06:30:14.770+0000] {logging_mixin.py:188} INFO - [2026-05-10T06:30:14.769+0000] {dagbag.py:545} INFO - Filling up the DagBag from /home/airflow/.local/lib/python3.12/site-packages/airflow/example_dags/example_xcom.py
[2026-05-10T06:30:14.781+0000] {processor.py:840} INFO - DAG(s) 'example_xcom' retrieved from /home/airflow/.local/lib/python3.12/site-packages/airflow/example_dags/example_xcom.py
[2026-05-10T06:30:14.800+0000] {logging_mixin.py:188} INFO - [2026-05-10T06:30:14.800+0000] {dag.py:3096} INFO - Sync 1 DAGs
[2026-05-10T06:30:14.820+0000] {logging_mixin.py:188} INFO - [2026-05-10T06:30:14.819+0000] {dag.py:3954} INFO - Setting next_dagrun for example_xcom to 2021-01-01 00:00:00+00:00, run_after=2021-01-01 00:00:00+00:00
[2026-05-10T06:30:14.836+0000] {processor.py:183} INFO - Processing /home/airflow/.local/lib/python3.12/site-packages/airflow/example_dags/example_xcom.py took 0.080 seconds
[2026-05-10T06:30:44.957+0000] {processor.py:161} INFO - Started process (PID=19818) to work on /home/airflow/.local/lib/python3.12/site-packages/airflow/example_dags/example_xcom.py
[2026-05-10T06:30:44.958+0000] {processor.py:830} INFO - Processing file /home/airflow/.local/lib/python3.12/site-packages/airflow/example_dags/example_xcom.py for tasks to queue
[2026-05-10T06:30:44.960+0000] {logging_mixin.py:188} INFO - [2026-05-10T06:30:44.960+0000] {dagbag.py:545} INFO - Filling up the DagBag from /home/airflow/.local/lib/python3.12/site-packages/airflow/example_dags/example_xcom.py
[2026-05-10T06:30:44.966+0000] {processor.py:840} INFO - DAG(s) 'example_xcom' retrieved from /home/airflow/.local/lib/python3.12/site-packages/airflow/example_dags/example_xcom.py
[2026-05-10T06:30:44.982+0000] {logging_mixin.py:188} INFO - [2026-05-10T06:30:44.982+0000] {dag.py:3096} INFO - Sync 1 DAGs
[2026-05-10T06:30:44.998+0000] {logging_mixin.py:188} INFO - [2026-05-10T06:30:44.998+0000] {dag.py:3954} INFO - Setting next_dagrun for example_xcom to 2021-01-01 00:00:00+00:00, run_after=2021-01-01 00:00:00+00:00
[2026-05-10T06:30:45.013+0000] {processor.py:183} INFO - Processing /home/airflow/.local/lib/python3.12/site-packages/airflow/example_dags/example_xcom.py took 0.060 seconds
[2026-05-10T06:31:15.803+0000] {processor.py:161} INFO - Started process (PID=19878) to work on /home/airflow/.local/lib/python3.12/site-packages/airflow/example_dags/example_xcom.py
[2026-05-10T06:31:15.804+0000] {processor.py:830} INFO - Processing file /home/airflow/.local/lib/python3.12/site-packages/airflow/example_dags/example_xcom.py for tasks to queue
[2026-05-10T06:31:15.806+0000] {logging_mixin.py:188} INFO - [2026-05-10T06:31:15.806+0000] {dagbag.py:545} INFO - Filling up the DagBag from /home/airflow/.local/lib/python3.12/site-packages/airflow/example_dags/example_xcom.py
[2026-05-10T06:31:15.812+0000] {processor.py:840} INFO - DAG(s) 'example_xcom' retrieved from /home/airflow/.local/lib/python3.12/site-packages/airflow/example_dags/example_xcom.py
[2026-05-10T06:31:15.830+0000] {logging_mixin.py:188} INFO - [2026-05-10T06:31:15.830+0000] {dag.py:3096} INFO - Sync 1 DAGs
[2026-05-10T06:31:15.848+0000] {logging_mixin.py:188} INFO - [2026-05-10T06:31:15.848+0000] {dag.py:3954} INFO - Setting next_dagrun for example_xcom to 2021-01-01 00:00:00+00:00, run_after=2021-01-01 00:00:00+00:00
[2026-05-10T06:31:15.864+0000] {processor.py:183} INFO - Processing /home/airflow/.local/lib/python3.12/site-packages/airflow/example_dags/example_xcom.py took 0.066 seconds
[2026-05-10T06:31:46.553+0000] {processor.py:161} INFO - Started process (PID=19938) to work on /home/airflow/.local/lib/python3.12/site-packages/airflow/example_dags/example_xcom.py
[2026-05-10T06:31:46.556+0000] {processor.py:830} INFO - Processing file /home/airflow/.local/lib/python3.12/site-packages/airflow/example_dags/example_xcom.py for tasks to queue
[2026-05-10T06:31:46.560+0000] {logging_mixin.py:188} INFO - [2026-05-10T06:31:46.559+0000] {dagbag.py:545} INFO - Filling up the DagBag from /home/airflow/.local/lib/python3.12/site-packages/airflow/example_dags/example_xcom.py
[2026-05-10T06:31:46.571+0000] {processor.py:840} INFO - DAG(s) 'example_xcom' retrieved from /home/airflow/.local/lib/python3.12/site-packages/airflow/example_dags/example_xcom.py
[2026-05-10T06:31:46.595+0000] {logging_mixin.py:188} INFO - [2026-05-10T06:31:46.595+0000] {dag.py:3096} INFO - Sync 1 DAGs
[2026-05-10T06:31:46.619+0000] {logging_mixin.py:188} INFO - [2026-05-10T06:31:46.619+0000] {dag.py:3954} INFO - Setting next_dagrun for example_xcom to 2021-01-01 00:00:00+00:00, run_after=2021-01-01 00:00:00+00:00
[2026-05-10T06:31:46.637+0000] {processor.py:183} INFO - Processing /home/airflow/.local/lib/python3.12/site-packages/airflow/example_dags/example_xcom.py took 0.091 seconds
[2026-05-10T06:32:16.971+0000] {processor.py:161} INFO - Started process (PID=19998) to work on /home/airflow/.local/lib/python3.12/site-packages/airflow/example_dags/example_xcom.py
[2026-05-10T06:32:16.972+0000] {processor.py:830} INFO - Processing file /home/airflow/.local/lib/python3.12/site-packages/airflow/example_dags/example_xcom.py for tasks to queue
[2026-05-10T06:32:16.974+0000] {logging_mixin.py:188} INFO - [2026-05-10T06:32:16.973+0000] {dagbag.py:545} INFO - Filling up the DagBag from /home/airflow/.local/lib/python3.12/site-packages/airflow/example_dags/example_xcom.py
[2026-05-10T06:32:16.980+0000] {processor.py:840} INFO - DAG(s) 'example_xcom' retrieved from /home/airflow/.local/lib/python3.12/site-packages/airflow/example_dags/example_xcom.py
[2026-05-10T06:32:16.997+0000] {logging_mixin.py:188} INFO - [2026-05-10T06:32:16.997+0000] {dag.py:3096} INFO - Sync 1 DAGs
[2026-05-10T06:32:17.014+0000] {logging_mixin.py:188} INFO - [2026-05-10T06:32:17.013+0000] {dag.py:3954} INFO - Setting next_dagrun for example_xcom to 2021-01-01 00:00:00+00:00, run_after=2021-01-01 00:00:00+00:00
[2026-05-10T06:32:17.031+0000] {processor.py:183} INFO - Processing /home/airflow/.local/lib/python3.12/site-packages/airflow/example_dags/example_xcom.py took 0.066 seconds
[2026-05-10T06:32:47.643+0000] {processor.py:161} INFO - Started process (PID=20058) to work on /home/airflow/.local/lib/python3.12/site-packages/airflow/example_dags/example_xcom.py
[2026-05-10T06:32:47.645+0000] {processor.py:830} INFO - Processing file /home/airflow/.local/lib/python3.12/site-packages/airflow/example_dags/example_xcom.py for tasks to queue
[2026-05-10T06:32:47.647+0000] {logging_mixin.py:188} INFO - [2026-05-10T06:32:47.647+0000] {dagbag.py:545} INFO - Filling up the DagBag from /home/airflow/.local/lib/python3.12/site-packages/airflow/example_dags/example_xcom.py
[2026-05-10T06:32:47.654+0000] {processor.py:840} INFO - DAG(s) 'example_xcom' retrieved from /home/airflow/.local/lib/python3.12/site-packages/airflow/example_dags/example_xcom.py
[2026-05-10T06:32:47.673+0000] {logging_mixin.py:188} INFO - [2026-05-10T06:32:47.673+0000] {dag.py:3096} INFO - Sync 1 DAGs
[2026-05-10T06:32:47.693+0000] {logging_mixin.py:188} INFO - [2026-05-10T06:32:47.693+0000] {dag.py:3954} INFO - Setting next_dagrun for example_xcom to 2021-01-01 00:00:00+00:00, run_after=2021-01-01 00:00:00+00:00
[2026-05-10T06:32:47.711+0000] {processor.py:183} INFO - Processing /home/airflow/.local/lib/python3.12/site-packages/airflow/example_dags/example_xcom.py took 0.074 seconds
[2026-05-10T06:33:18.007+0000] {processor.py:161} INFO - Started process (PID=20118) to work on /home/airflow/.local/lib/python3.12/site-packages/airflow/example_dags/example_xcom.py
[2026-05-10T06:33:18.008+0000] {processor.py:830} INFO - Processing file /home/airflow/.local/lib/python3.12/site-packages/airflow/example_dags/example_xcom.py for tasks to queue
[2026-05-10T06:33:18.011+0000] {logging_mixin.py:188} INFO - [2026-05-10T06:33:18.011+0000] {dagbag.py:545} INFO - Filling up the DagBag from /home/airflow/.local/lib/python3.12/site-packages/airflow/example_dags/example_xcom.py
[2026-05-10T06:33:18.018+0000] {processor.py:840} INFO - DAG(s) 'example_xcom' retrieved from /home/airflow/.local/lib/python3.12/site-packages/airflow/example_dags/example_xcom.py
[2026-05-10T06:33:18.042+0000] {logging_mixin.py:188} INFO - [2026-05-10T06:33:18.042+0000] {dag.py:3096} INFO - Sync 1 DAGs
[2026-05-10T06:33:18.067+0000] {logging_mixin.py:188} INFO - [2026-05-10T06:33:18.067+0000] {dag.py:3954} INFO - Setting next_dagrun for example_xcom to 2021-01-01 00:00:00+00:00, run_after=2021-01-01 00:00:00+00:00
[2026-05-10T06:33:18.087+0000] {processor.py:183} INFO - Processing /home/airflow/.local/lib/python3.12/site-packages/airflow/example_dags/example_xcom.py took 0.085 seconds
[2026-05-10T06:33:48.463+0000] {processor.py:161} INFO - Started process (PID=20178) to work on /home/airflow/.local/lib/python3.12/site-packages/airflow/example_dags/example_xcom.py
[2026-05-10T06:33:48.464+0000] {processor.py:830} INFO - Processing file /home/airflow/.local/lib/python3.12/site-packages/airflow/example_dags/example_xcom.py for tasks to queue
[2026-05-10T06:33:48.467+0000] {logging_mixin.py:188} INFO - [2026-05-10T06:33:48.467+0000] {dagbag.py:545} INFO - Filling up the DagBag from /home/airflow/.local/lib/python3.12/site-packages/airflow/example_dags/example_xcom.py
[2026-05-10T06:33:48.474+0000] {processor.py:840} INFO - DAG(s) 'example_xcom' retrieved from /home/airflow/.local/lib/python3.12/site-packages/airflow/example_dags/example_xcom.py
[2026-05-10T06:33:48.496+0000] {logging_mixin.py:188} INFO - [2026-05-10T06:33:48.495+0000] {dag.py:3096} INFO - Sync 1 DAGs
[2026-05-10T06:33:48.515+0000] {logging_mixin.py:188} INFO - [2026-05-10T06:33:48.515+0000] {dag.py:3954} INFO - Setting next_dagrun for example_xcom to 2021-01-01 00:00:00+00:00, run_after=2021-01-01 00:00:00+00:00
[2026-05-10T06:33:48.538+0000] {processor.py:183} INFO - Processing /home/airflow/.local/lib/python3.12/site-packages/airflow/example_dags/example_xcom.py took 0.080 seconds
[2026-05-10T06:34:19.039+0000] {processor.py:161} INFO - Started process (PID=20238) to work on /home/airflow/.local/lib/python3.12/site-packages/airflow/example_dags/example_xcom.py
[2026-05-10T06:34:19.041+0000] {processor.py:830} INFO - Processing file /home/airflow/.local/lib/python3.12/site-packages/airflow/example_dags/example_xcom.py for tasks to queue
[2026-05-10T06:34:19.043+0000] {logging_mixin.py:188} INFO - [2026-05-10T06:34:19.043+0000] {dagbag.py:545} INFO - Filling up the DagBag from /home/airflow/.local/lib/python3.12/site-packages/airflow/example_dags/example_xcom.py
[2026-05-10T06:34:19.049+0000] {processor.py:840} INFO - DAG(s) 'example_xcom' retrieved from /home/airflow/.local/lib/python3.12/site-packages/airflow/example_dags/example_xcom.py
[2026-05-10T06:34:19.068+0000] {logging_mixin.py:188} INFO - [2026-05-10T06:34:19.068+0000] {dag.py:3096} INFO - Sync 1 DAGs
[2026-05-10T06:34:19.086+0000] {logging_mixin.py:188} INFO - [2026-05-10T06:34:19.086+0000] {dag.py:3954} INFO - Setting next_dagrun for example_xcom to 2021-01-01 00:00:00+00:00, run_after=2021-01-01 00:00:00+00:00
[2026-05-10T06:34:19.104+0000] {processor.py:183} INFO - Processing /home/airflow/.local/lib/python3.12/site-packages/airflow/example_dags/example_xcom.py took 0.072 seconds
[2026-05-10T06:34:49.336+0000] {processor.py:161} INFO - Started process (PID=20298) to work on /home/airflow/.local/lib/python3.12/site-packages/airflow/example_dags/example_xcom.py
[2026-05-10T06:34:49.338+0000] {processor.py:830} INFO - Processing file /home/airflow/.local/lib/python3.12/site-packages/airflow/example_dags/example_xcom.py for tasks to queue
[2026-05-10T06:34:49.341+0000] {logging_mixin.py:188} INFO - [2026-05-10T06:34:49.340+0000] {dagbag.py:545} INFO - Filling up the DagBag from /home/airflow/.local/lib/python3.12/site-packages/airflow/example_dags/example_xcom.py
[2026-05-10T06:34:49.348+0000] {processor.py:840} INFO - DAG(s) 'example_xcom' retrieved from /home/airflow/.local/lib/python3.12/site-packages/airflow/example_dags/example_xcom.py
[2026-05-10T06:34:49.370+0000] {logging_mixin.py:188} INFO - [2026-05-10T06:34:49.370+0000] {dag.py:3096} INFO - Sync 1 DAGs
[2026-05-10T06:34:49.394+0000] {logging_mixin.py:188} INFO - [2026-05-10T06:34:49.393+0000] {dag.py:3954} INFO - Setting next_dagrun for example_xcom to 2021-01-01 00:00:00+00:00, run_after=2021-01-01 00:00:00+00:00
[2026-05-10T06:34:49.413+0000] {processor.py:183} INFO - Processing /home/airflow/.local/lib/python3.12/site-packages/airflow/example_dags/example_xcom.py took 0.082 seconds
[2026-05-10T06:35:19.590+0000] {processor.py:161} INFO - Started process (PID=20358) to work on /home/airflow/.local/lib/python3.12/site-packages/airflow/example_dags/example_xcom.py
[2026-05-10T06:35:19.592+0000] {processor.py:830} INFO - Processing file /home/airflow/.local/lib/python3.12/site-packages/airflow/example_dags/example_xcom.py for tasks to queue
[2026-05-10T06:35:19.594+0000] {logging_mixin.py:188} INFO - [2026-05-10T06:35:19.594+0000] {dagbag.py:545} INFO - Filling up the DagBag from /home/airflow/.local/lib/python3.12/site-packages/airflow/example_dags/example_xcom.py
[2026-05-10T06:35:19.601+0000] {processor.py:840} INFO - DAG(s) 'example_xcom' retrieved from /home/airflow/.local/lib/python3.12/site-packages/airflow/example_dags/example_xcom.py
[2026-05-10T06:35:19.623+0000] {logging_mixin.py:188} INFO - [2026-05-10T06:35:19.623+0000] {dag.py:3096} INFO - Sync 1 DAGs
[2026-05-10T06:35:19.643+0000] {logging_mixin.py:188} INFO - [2026-05-10T06:35:19.642+0000] {dag.py:3954} INFO - Setting next_dagrun for example_xcom to 2021-01-01 00:00:00+00:00, run_after=2021-01-01 00:00:00+00:00
[2026-05-10T06:35:19.665+0000] {processor.py:183} INFO - Processing /home/airflow/.local/lib/python3.12/site-packages/airflow/example_dags/example_xcom.py took 0.080 seconds
[2026-05-10T06:35:50.129+0000] {processor.py:161} INFO - Started process (PID=20418) to work on /home/airflow/.local/lib/python3.12/site-packages/airflow/example_dags/example_xcom.py
[2026-05-10T06:35:50.131+0000] {processor.py:830} INFO - Processing file /home/airflow/.local/lib/python3.12/site-packages/airflow/example_dags/example_xcom.py for tasks to queue
[2026-05-10T06:35:50.134+0000] {logging_mixin.py:188} INFO - [2026-05-10T06:35:50.133+0000] {dagbag.py:545} INFO - Filling up the DagBag from /home/airflow/.local/lib/python3.12/site-packages/airflow/example_dags/example_xcom.py
[2026-05-10T06:35:50.141+0000] {processor.py:840} INFO - DAG(s) 'example_xcom' retrieved from /home/airflow/.local/lib/python3.12/site-packages/airflow/example_dags/example_xcom.py
[2026-05-10T06:35:50.161+0000] {logging_mixin.py:188} INFO - [2026-05-10T06:35:50.161+0000] {dag.py:3096} INFO - Sync 1 DAGs
[2026-05-10T06:35:50.184+0000] {logging_mixin.py:188} INFO - [2026-05-10T06:35:50.183+0000] {dag.py:3954} INFO - Setting next_dagrun for example_xcom to 2021-01-01 00:00:00+00:00, run_after=2021-01-01 00:00:00+00:00
[2026-05-10T06:35:50.205+0000] {processor.py:183} INFO - Processing /home/airflow/.local/lib/python3.12/site-packages/airflow/example_dags/example_xcom.py took 0.082 seconds
[2026-05-10T06:36:21.038+0000] {processor.py:161} INFO - Started process (PID=20478) to work on /home/airflow/.local/lib/python3.12/site-packages/airflow/example_dags/example_xcom.py
[2026-05-10T06:36:21.040+0000] {processor.py:830} INFO - Processing file /home/airflow/.local/lib/python3.12/site-packages/airflow/example_dags/example_xcom.py for tasks to queue
[2026-05-10T06:36:21.042+0000] {logging_mixin.py:188} INFO - [2026-05-10T06:36:21.042+0000] {dagbag.py:545} INFO - Filling up the DagBag from /home/airflow/.local/lib/python3.12/site-packages/airflow/example_dags/example_xcom.py
[2026-05-10T06:36:21.048+0000] {processor.py:840} INFO - DAG(s) 'example_xcom' retrieved from /home/airflow/.local/lib/python3.12/site-packages/airflow/example_dags/example_xcom.py
[2026-05-10T06:36:21.065+0000] {logging_mixin.py:188} INFO - [2026-05-10T06:36:21.065+0000] {dag.py:3096} INFO - Sync 1 DAGs
[2026-05-10T06:36:21.081+0000] {logging_mixin.py:188} INFO - [2026-05-10T06:36:21.081+0000] {dag.py:3954} INFO - Setting next_dagrun for example_xcom to 2021-01-01 00:00:00+00:00, run_after=2021-01-01 00:00:00+00:00
[2026-05-10T06:36:21.098+0000] {processor.py:183} INFO - Processing /home/airflow/.local/lib/python3.12/site-packages/airflow/example_dags/example_xcom.py took 0.066 seconds
[2026-05-10T06:36:51.208+0000] {processor.py:161} INFO - Started process (PID=20538) to work on /home/airflow/.local/lib/python3.12/site-packages/airflow/example_dags/example_xcom.py
[2026-05-10T06:36:51.210+0000] {processor.py:830} INFO - Processing file /home/airflow/.local/lib/python3.12/site-packages/airflow/example_dags/example_xcom.py for tasks to queue
[2026-05-10T06:36:51.213+0000] {logging_mixin.py:188} INFO - [2026-05-10T06:36:51.212+0000] {dagbag.py:545} INFO - Filling up the DagBag from /home/airflow/.local/lib/python3.12/site-packages/airflow/example_dags/example_xcom.py
[2026-05-10T06:36:51.220+0000] {processor.py:840} INFO - DAG(s) 'example_xcom' retrieved from /home/airflow/.local/lib/python3.12/site-packages/airflow/example_dags/example_xcom.py
[2026-05-10T06:36:51.243+0000] {logging_mixin.py:188} INFO - [2026-05-10T06:36:51.243+0000] {dag.py:3096} INFO - Sync 1 DAGs
[2026-05-10T06:36:51.268+0000] {logging_mixin.py:188} INFO - [2026-05-10T06:36:51.268+0000] {dag.py:3954} INFO - Setting next_dagrun for example_xcom to 2021-01-01 00:00:00+00:00, run_after=2021-01-01 00:00:00+00:00
[2026-05-10T06:36:51.285+0000] {processor.py:183} INFO - Processing /home/airflow/.local/lib/python3.12/site-packages/airflow/example_dags/example_xcom.py took 0.082 seconds
[2026-05-10T06:37:21.459+0000] {processor.py:161} INFO - Started process (PID=20598) to work on /home/airflow/.local/lib/python3.12/site-packages/airflow/example_dags/example_xcom.py
[2026-05-10T06:37:21.460+0000] {processor.py:830} INFO - Processing file /home/airflow/.local/lib/python3.12/site-packages/airflow/example_dags/example_xcom.py for tasks to queue
[2026-05-10T06:37:21.463+0000] {logging_mixin.py:188} INFO - [2026-05-10T06:37:21.462+0000] {dagbag.py:545} INFO - Filling up the DagBag from /home/airflow/.local/lib/python3.12/site-packages/airflow/example_dags/example_xcom.py
[2026-05-10T06:37:21.471+0000] {processor.py:840} INFO - DAG(s) 'example_xcom' retrieved from /home/airflow/.local/lib/python3.12/site-packages/airflow/example_dags/example_xcom.py
[2026-05-10T06:37:21.489+0000] {logging_mixin.py:188} INFO - [2026-05-10T06:37:21.489+0000] {dag.py:3096} INFO - Sync 1 DAGs
[2026-05-10T06:37:21.509+0000] {logging_mixin.py:188} INFO - [2026-05-10T06:37:21.508+0000] {dag.py:3954} INFO - Setting next_dagrun for example_xcom to 2021-01-01 00:00:00+00:00, run_after=2021-01-01 00:00:00+00:00
[2026-05-10T06:37:21.531+0000] {processor.py:183} INFO - Processing /home/airflow/.local/lib/python3.12/site-packages/airflow/example_dags/example_xcom.py took 0.077 seconds
[2026-05-10T06:37:51.661+0000] {processor.py:161} INFO - Started process (PID=20658) to work on /home/airflow/.local/lib/python3.12/site-packages/airflow/example_dags/example_xcom.py
[2026-05-10T06:37:51.663+0000] {processor.py:830} INFO - Processing file /home/airflow/.local/lib/python3.12/site-packages/airflow/example_dags/example_xcom.py for tasks to queue
[2026-05-10T06:37:51.665+0000] {logging_mixin.py:188} INFO - [2026-05-10T06:37:51.665+0000] {dagbag.py:545} INFO - Filling up the DagBag from /home/airflow/.local/lib/python3.12/site-packages/airflow/example_dags/example_xcom.py
[2026-05-10T06:37:51.672+0000] {processor.py:840} INFO - DAG(s) 'example_xcom' retrieved from /home/airflow/.local/lib/python3.12/site-packages/airflow/example_dags/example_xcom.py
[2026-05-10T06:37:51.692+0000] {logging_mixin.py:188} INFO - [2026-05-10T06:37:51.692+0000] {dag.py:3096} INFO - Sync 1 DAGs
[2026-05-10T06:37:51.715+0000] {logging_mixin.py:188} INFO - [2026-05-10T06:37:51.715+0000] {dag.py:3954} INFO - Setting next_dagrun for example_xcom to 2021-01-01 00:00:00+00:00, run_after=2021-01-01 00:00:00+00:00
[2026-05-10T06:37:51.735+0000] {processor.py:183} INFO - Processing /home/airflow/.local/lib/python3.12/site-packages/airflow/example_dags/example_xcom.py took 0.079 seconds
[2026-05-10T06:38:21.863+0000] {processor.py:161} INFO - Started process (PID=20718) to work on /home/airflow/.local/lib/python3.12/site-packages/airflow/example_dags/example_xcom.py
[2026-05-10T06:38:21.864+0000] {processor.py:830} INFO - Processing file /home/airflow/.local/lib/python3.12/site-packages/airflow/example_dags/example_xcom.py for tasks to queue
[2026-05-10T06:38:21.867+0000] {logging_mixin.py:188} INFO - [2026-05-10T06:38:21.866+0000] {dagbag.py:545} INFO - Filling up the DagBag from /home/airflow/.local/lib/python3.12/site-packages/airflow/example_dags/example_xcom.py
[2026-05-10T06:38:21.874+0000] {processor.py:840} INFO - DAG(s) 'example_xcom' retrieved from /home/airflow/.local/lib/python3.12/site-packages/airflow/example_dags/example_xcom.py
[2026-05-10T06:38:21.897+0000] {logging_mixin.py:188} INFO - [2026-05-10T06:38:21.897+0000] {dag.py:3096} INFO - Sync 1 DAGs
[2026-05-10T06:38:21.916+0000] {logging_mixin.py:188} INFO - [2026-05-10T06:38:21.916+0000] {dag.py:3954} INFO - Setting next_dagrun for example_xcom to 2021-01-01 00:00:00+00:00, run_after=2021-01-01 00:00:00+00:00
[2026-05-10T06:38:21.933+0000] {processor.py:183} INFO - Processing /home/airflow/.local/lib/python3.12/site-packages/airflow/example_dags/example_xcom.py took 0.077 seconds
[2026-05-10T06:38:51.999+0000] {processor.py:161} INFO - Started process (PID=20778) to work on /home/airflow/.local/lib/python3.12/site-packages/airflow/example_dags/example_xcom.py
[2026-05-10T06:38:52.001+0000] {processor.py:830} INFO - Processing file /home/airflow/.local/lib/python3.12/site-packages/airflow/example_dags/example_xcom.py for tasks to queue
[2026-05-10T06:38:52.005+0000] {logging_mixin.py:188} INFO - [2026-05-10T06:38:52.004+0000] {dagbag.py:545} INFO - Filling up the DagBag from /home/airflow/.local/lib/python3.12/site-packages/airflow/example_dags/example_xcom.py
[2026-05-10T06:38:52.013+0000] {processor.py:840} INFO - DAG(s) 'example_xcom' retrieved from /home/airflow/.local/lib/python3.12/site-packages/airflow/example_dags/example_xcom.py
[2026-05-10T06:38:52.035+0000] {logging_mixin.py:188} INFO - [2026-05-10T06:38:52.035+0000] {dag.py:3096} INFO - Sync 1 DAGs
[2026-05-10T06:38:52.056+0000] {logging_mixin.py:188} INFO - [2026-05-10T06:38:52.056+0000] {dag.py:3954} INFO - Setting next_dagrun for example_xcom to 2021-01-01 00:00:00+00:00, run_after=2021-01-01 00:00:00+00:00
[2026-05-10T06:38:52.078+0000] {processor.py:183} INFO - Processing /home/airflow/.local/lib/python3.12/site-packages/airflow/example_dags/example_xcom.py took 0.084 seconds
[2026-05-10T06:39:22.304+0000] {processor.py:161} INFO - Started process (PID=20838) to work on /home/airflow/.local/lib/python3.12/site-packages/airflow/example_dags/example_xcom.py
[2026-05-10T06:39:22.306+0000] {processor.py:830} INFO - Processing file /home/airflow/.local/lib/python3.12/site-packages/airflow/example_dags/example_xcom.py for tasks to queue
[2026-05-10T06:39:22.308+0000] {logging_mixin.py:188} INFO - [2026-05-10T06:39:22.308+0000] {dagbag.py:545} INFO - Filling up the DagBag from /home/airflow/.local/lib/python3.12/site-packages/airflow/example_dags/example_xcom.py
[2026-05-10T06:39:22.316+0000] {processor.py:840} INFO - DAG(s) 'example_xcom' retrieved from /home/airflow/.local/lib/python3.12/site-packages/airflow/example_dags/example_xcom.py
[2026-05-10T06:39:22.341+0000] {logging_mixin.py:188} INFO - [2026-05-10T06:39:22.341+0000] {dag.py:3096} INFO - Sync 1 DAGs
[2026-05-10T06:39:22.360+0000] {logging_mixin.py:188} INFO - [2026-05-10T06:39:22.360+0000] {dag.py:3954} INFO - Setting next_dagrun for example_xcom to 2021-01-01 00:00:00+00:00, run_after=2021-01-01 00:00:00+00:00
[2026-05-10T06:39:22.381+0000] {processor.py:183} INFO - Processing /home/airflow/.local/lib/python3.12/site-packages/airflow/example_dags/example_xcom.py took 0.086 seconds
[2026-05-10T06:39:52.744+0000] {processor.py:161} INFO - Started process (PID=20898) to work on /home/airflow/.local/lib/python3.12/site-packages/airflow/example_dags/example_xcom.py
[2026-05-10T06:39:52.746+0000] {processor.py:830} INFO - Processing file /home/airflow/.local/lib/python3.12/site-packages/airflow/example_dags/example_xcom.py for tasks to queue
[2026-05-10T06:39:52.746+0000] {logging_mixin.py:188} INFO - [2026-05-10T06:39:52.746+0000] {dagbag.py:545} INFO - Filling up the DagBag from /home/airflow/.local/lib/python3.12/site-packages/airflow/example_dags/example_xcom.py
[2026-05-10T06:39:52.752+0000] {processor.py:840} INFO - DAG(s) 'example_xcom' retrieved from /home/airflow/.local/lib/python3.12/site-packages/airflow/example_dags/example_xcom.py
[2026-05-10T06:39:52.774+0000] {logging_mixin.py:188} INFO - [2026-05-10T06:39:52.773+0000] {dag.py:3096} INFO - Sync 1 DAGs
[2026-05-10T06:39:52.792+0000] {logging_mixin.py:188} INFO - [2026-05-10T06:39:52.792+0000] {dag.py:3954} INFO - Setting next_dagrun for example_xcom to 2021-01-01 00:00:00+00:00, run_after=2021-01-01 00:00:00+00:00
[2026-05-10T06:39:52.810+0000] {processor.py:183} INFO - Processing /home/airflow/.local/lib/python3.12/site-packages/airflow/example_dags/example_xcom.py took 0.073 seconds
[2026-05-10T06:40:23.461+0000] {processor.py:161} INFO - Started process (PID=20958) to work on /home/airflow/.local/lib/python3.12/site-packages/airflow/example_dags/example_xcom.py
[2026-05-10T06:40:23.464+0000] {processor.py:830} INFO - Processing file /home/airflow/.local/lib/python3.12/site-packages/airflow/example_dags/example_xcom.py for tasks to queue
[2026-05-10T06:40:23.467+0000] {logging_mixin.py:188} INFO - [2026-05-10T06:40:23.467+0000] {dagbag.py:545} INFO - Filling up the DagBag from /home/airflow/.local/lib/python3.12/site-packages/airflow/example_dags/example_xcom.py
[2026-05-10T06:40:23.476+0000] {processor.py:840} INFO - DAG(s) 'example_xcom' retrieved from /home/airflow/.local/lib/python3.12/site-packages/airflow/example_dags/example_xcom.py
[2026-05-10T06:40:23.500+0000] {logging_mixin.py:188} INFO - [2026-05-10T06:40:23.500+0000] {dag.py:3096} INFO - Sync 1 DAGs
[2026-05-10T06:40:23.521+0000] {logging_mixin.py:188} INFO - [2026-05-10T06:40:23.521+0000] {dag.py:3954} INFO - Setting next_dagrun for example_xcom to 2021-01-01 00:00:00+00:00, run_after=2021-01-01 00:00:00+00:00
[2026-05-10T06:40:23.544+0000] {processor.py:183} INFO - Processing /home/airflow/.local/lib/python3.12/site-packages/airflow/example_dags/example_xcom.py took 0.088 seconds
[2026-05-10T06:40:53.907+0000] {processor.py:161} INFO - Started process (PID=21017) to work on /home/airflow/.local/lib/python3.12/site-packages/airflow/example_dags/example_xcom.py
[2026-05-10T06:40:53.909+0000] {processor.py:830} INFO - Processing file /home/airflow/.local/lib/python3.12/site-packages/airflow/example_dags/example_xcom.py for tasks to queue
[2026-05-10T06:40:53.911+0000] {logging_mixin.py:188} INFO - [2026-05-10T06:40:53.911+0000] {dagbag.py:545} INFO - Filling up the DagBag from /home/airflow/.local/lib/python3.12/site-packages/airflow/example_dags/example_xcom.py
[2026-05-10T06:40:53.918+0000] {processor.py:840} INFO - DAG(s) 'example_xcom' retrieved from /home/airflow/.local/lib/python3.12/site-packages/airflow/example_dags/example_xcom.py
[2026-05-10T06:40:53.939+0000] {logging_mixin.py:188} INFO - [2026-05-10T06:40:53.939+0000] {dag.py:3096} INFO - Sync 1 DAGs
[2026-05-10T06:40:53.958+0000] {logging_mixin.py:188} INFO - [2026-05-10T06:40:53.958+0000] {dag.py:3954} INFO - Setting next_dagrun for example_xcom to 2021-01-01 00:00:00+00:00, run_after=2021-01-01 00:00:00+00:00
[2026-05-10T06:40:53.977+0000] {processor.py:183} INFO - Processing /home/airflow/.local/lib/python3.12/site-packages/airflow/example_dags/example_xcom.py took 0.075 seconds
[2026-05-10T06:41:24.281+0000] {processor.py:161} INFO - Started process (PID=21077) to work on /home/airflow/.local/lib/python3.12/site-packages/airflow/example_dags/example_xcom.py
[2026-05-10T06:41:24.283+0000] {processor.py:830} INFO - Processing file /home/airflow/.local/lib/python3.12/site-packages/airflow/example_dags/example_xcom.py for tasks to queue
[2026-05-10T06:41:24.285+0000] {logging_mixin.py:188} INFO - [2026-05-10T06:41:24.285+0000] {dagbag.py:545} INFO - Filling up the DagBag from /home/airflow/.local/lib/python3.12/site-packages/airflow/example_dags/example_xcom.py
[2026-05-10T06:41:24.293+0000] {processor.py:840} INFO - DAG(s) 'example_xcom' retrieved from /home/airflow/.local/lib/python3.12/site-packages/airflow/example_dags/example_xcom.py
[2026-05-10T06:41:24.321+0000] {logging_mixin.py:188} INFO - [2026-05-10T06:41:24.321+0000] {dag.py:3096} INFO - Sync 1 DAGs
[2026-05-10T06:41:24.344+0000] {logging_mixin.py:188} INFO - [2026-05-10T06:41:24.343+0000] {dag.py:3954} INFO - Setting next_dagrun for example_xcom to 2021-01-01 00:00:00+00:00, run_after=2021-01-01 00:00:00+00:00
[2026-05-10T06:41:24.363+0000] {processor.py:183} INFO - Processing /home/airflow/.local/lib/python3.12/site-packages/airflow/example_dags/example_xcom.py took 0.090 seconds
[2026-05-10T06:41:54.410+0000] {processor.py:161} INFO - Started process (PID=21137) to work on /home/airflow/.local/lib/python3.12/site-packages/airflow/example_dags/example_xcom.py
[2026-05-10T06:41:54.412+0000] {processor.py:830} INFO - Processing file /home/airflow/.local/lib/python3.12/site-packages/airflow/example_dags/example_xcom.py for tasks to queue
[2026-05-10T06:41:54.416+0000] {logging_mixin.py:188} INFO - [2026-05-10T06:41:54.415+0000] {dagbag.py:545} INFO - Filling up the DagBag from /home/airflow/.local/lib/python3.12/site-packages/airflow/example_dags/example_xcom.py
[2026-05-10T06:41:54.425+0000] {processor.py:840} INFO - DAG(s) 'example_xcom' retrieved from /home/airflow/.local/lib/python3.12/site-packages/airflow/example_dags/example_xcom.py
[2026-05-10T06:41:54.446+0000] {logging_mixin.py:188} INFO - [2026-05-10T06:41:54.446+0000] {dag.py:3096} INFO - Sync 1 DAGs
[2026-05-10T06:41:54.469+0000] {logging_mixin.py:188} INFO - [2026-05-10T06:41:54.468+0000] {dag.py:3954} INFO - Setting next_dagrun for example_xcom to 2021-01-01 00:00:00+00:00, run_after=2021-01-01 00:00:00+00:00
[2026-05-10T06:41:54.490+0000] {processor.py:183} INFO - Processing /home/airflow/.local/lib/python3.12/site-packages/airflow/example_dags/example_xcom.py took 0.085 seconds
[2026-05-10T06:42:25.242+0000] {processor.py:161} INFO - Started process (PID=21197) to work on /home/airflow/.local/lib/python3.12/site-packages/airflow/example_dags/example_xcom.py
[2026-05-10T06:42:25.244+0000] {processor.py:830} INFO - Processing file /home/airflow/.local/lib/python3.12/site-packages/airflow/example_dags/example_xcom.py for tasks to queue
[2026-05-10T06:42:25.247+0000] {logging_mixin.py:188} INFO - [2026-05-10T06:42:25.247+0000] {dagbag.py:545} INFO - Filling up the DagBag from /home/airflow/.local/lib/python3.12/site-packages/airflow/example_dags/example_xcom.py
[2026-05-10T06:42:25.256+0000] {processor.py:840} INFO - DAG(s) 'example_xcom' retrieved from /home/airflow/.local/lib/python3.12/site-packages/airflow/example_dags/example_xcom.py
[2026-05-10T06:42:25.278+0000] {logging_mixin.py:188} INFO - [2026-05-10T06:42:25.278+0000] {dag.py:3096} INFO - Sync 1 DAGs
[2026-05-10T06:42:25.297+0000] {logging_mixin.py:188} INFO - [2026-05-10T06:42:25.297+0000] {dag.py:3954} INFO - Setting next_dagrun for example_xcom to 2021-01-01 00:00:00+00:00, run_after=2021-01-01 00:00:00+00:00
[2026-05-10T06:42:25.318+0000] {processor.py:183} INFO - Processing /home/airflow/.local/lib/python3.12/site-packages/airflow/example_dags/example_xcom.py took 0.082 seconds
[2026-05-10T06:42:55.957+0000] {processor.py:161} INFO - Started process (PID=21257) to work on /home/airflow/.local/lib/python3.12/site-packages/airflow/example_dags/example_xcom.py
[2026-05-10T06:42:55.958+0000] {processor.py:830} INFO - Processing file /home/airflow/.local/lib/python3.12/site-packages/airflow/example_dags/example_xcom.py for tasks to queue
[2026-05-10T06:42:55.961+0000] {logging_mixin.py:188} INFO - [2026-05-10T06:42:55.960+0000] {dagbag.py:545} INFO - Filling up the DagBag from /home/airflow/.local/lib/python3.12/site-packages/airflow/example_dags/example_xcom.py
[2026-05-10T06:42:55.970+0000] {processor.py:840} INFO - DAG(s) 'example_xcom' retrieved from /home/airflow/.local/lib/python3.12/site-packages/airflow/example_dags/example_xcom.py
[2026-05-10T06:42:55.991+0000] {logging_mixin.py:188} INFO - [2026-05-10T06:42:55.991+0000] {dag.py:3096} INFO - Sync 1 DAGs
[2026-05-10T06:42:56.015+0000] {logging_mixin.py:188} INFO - [2026-05-10T06:42:56.015+0000] {dag.py:3954} INFO - Setting next_dagrun for example_xcom to 2021-01-01 00:00:00+00:00, run_after=2021-01-01 00:00:00+00:00
[2026-05-10T06:42:56.039+0000] {processor.py:183} INFO - Processing /home/airflow/.local/lib/python3.12/site-packages/airflow/example_dags/example_xcom.py took 0.089 seconds
[2026-05-10T06:43:26.711+0000] {processor.py:161} INFO - Started process (PID=21317) to work on /home/airflow/.local/lib/python3.12/site-packages/airflow/example_dags/example_xcom.py
[2026-05-10T06:43:26.728+0000] {processor.py:830} INFO - Processing file /home/airflow/.local/lib/python3.12/site-packages/airflow/example_dags/example_xcom.py for tasks to queue
[2026-05-10T06:43:26.730+0000] {logging_mixin.py:188} INFO - [2026-05-10T06:43:26.730+0000] {dagbag.py:545} INFO - Filling up the DagBag from /home/airflow/.local/lib/python3.12/site-packages/airflow/example_dags/example_xcom.py
[2026-05-10T06:43:26.744+0000] {processor.py:840} INFO - DAG(s) 'example_xcom' retrieved from /home/airflow/.local/lib/python3.12/site-packages/airflow/example_dags/example_xcom.py
[2026-05-10T06:43:26.765+0000] {logging_mixin.py:188} INFO - [2026-05-10T06:43:26.765+0000] {dag.py:3096} INFO - Sync 1 DAGs
[2026-05-10T06:43:26.784+0000] {logging_mixin.py:188} INFO - [2026-05-10T06:43:26.784+0000] {dag.py:3954} INFO - Setting next_dagrun for example_xcom to 2021-01-01 00:00:00+00:00, run_after=2021-01-01 00:00:00+00:00
[2026-05-10T06:43:26.818+0000] {processor.py:183} INFO - Processing /home/airflow/.local/lib/python3.12/site-packages/airflow/example_dags/example_xcom.py took 0.112 seconds
[2026-05-10T06:43:56.973+0000] {processor.py:161} INFO - Started process (PID=21377) to work on /home/airflow/.local/lib/python3.12/site-packages/airflow/example_dags/example_xcom.py
[2026-05-10T06:43:56.974+0000] {processor.py:830} INFO - Processing file /home/airflow/.local/lib/python3.12/site-packages/airflow/example_dags/example_xcom.py for tasks to queue
[2026-05-10T06:43:56.977+0000] {logging_mixin.py:188} INFO - [2026-05-10T06:43:56.976+0000] {dagbag.py:545} INFO - Filling up the DagBag from /home/airflow/.local/lib/python3.12/site-packages/airflow/example_dags/example_xcom.py
[2026-05-10T06:43:56.985+0000] {processor.py:840} INFO - DAG(s) 'example_xcom' retrieved from /home/airflow/.local/lib/python3.12/site-packages/airflow/example_dags/example_xcom.py
[2026-05-10T06:43:57.004+0000] {logging_mixin.py:188} INFO - [2026-05-10T06:43:57.004+0000] {dag.py:3096} INFO - Sync 1 DAGs
[2026-05-10T06:43:57.023+0000] {logging_mixin.py:188} INFO - [2026-05-10T06:43:57.023+0000] {dag.py:3954} INFO - Setting next_dagrun for example_xcom to 2021-01-01 00:00:00+00:00, run_after=2021-01-01 00:00:00+00:00
[2026-05-10T06:43:57.049+0000] {processor.py:183} INFO - Processing /home/airflow/.local/lib/python3.12/site-packages/airflow/example_dags/example_xcom.py took 0.081 seconds
[2026-05-10T06:44:27.683+0000] {processor.py:161} INFO - Started process (PID=21437) to work on /home/airflow/.local/lib/python3.12/site-packages/airflow/example_dags/example_xcom.py
[2026-05-10T06:44:27.685+0000] {processor.py:830} INFO - Processing file /home/airflow/.local/lib/python3.12/site-packages/airflow/example_dags/example_xcom.py for tasks to queue
[2026-05-10T06:44:27.687+0000] {logging_mixin.py:188} INFO - [2026-05-10T06:44:27.687+0000] {dagbag.py:545} INFO - Filling up the DagBag from /home/airflow/.local/lib/python3.12/site-packages/airflow/example_dags/example_xcom.py
[2026-05-10T06:44:27.693+0000] {processor.py:840} INFO - DAG(s) 'example_xcom' retrieved from /home/airflow/.local/lib/python3.12/site-packages/airflow/example_dags/example_xcom.py
[2026-05-10T06:44:27.713+0000] {logging_mixin.py:188} INFO - [2026-05-10T06:44:27.712+0000] {dag.py:3096} INFO - Sync 1 DAGs
[2026-05-10T06:44:27.730+0000] {logging_mixin.py:188} INFO - [2026-05-10T06:44:27.730+0000] {dag.py:3954} INFO - Setting next_dagrun for example_xcom to 2021-01-01 00:00:00+00:00, run_after=2021-01-01 00:00:00+00:00
[2026-05-10T06:44:27.747+0000] {processor.py:183} INFO - Processing /home/airflow/.local/lib/python3.12/site-packages/airflow/example_dags/example_xcom.py took 0.069 seconds
[2026-05-10T06:44:58.223+0000] {processor.py:161} INFO - Started process (PID=21497) to work on /home/airflow/.local/lib/python3.12/site-packages/airflow/example_dags/example_xcom.py
[2026-05-10T06:44:58.224+0000] {processor.py:830} INFO - Processing file /home/airflow/.local/lib/python3.12/site-packages/airflow/example_dags/example_xcom.py for tasks to queue
[2026-05-10T06:44:58.227+0000] {logging_mixin.py:188} INFO - [2026-05-10T06:44:58.226+0000] {dagbag.py:545} INFO - Filling up the DagBag from /home/airflow/.local/lib/python3.12/site-packages/airflow/example_dags/example_xcom.py
[2026-05-10T06:44:58.233+0000] {processor.py:840} INFO - DAG(s) 'example_xcom' retrieved from /home/airflow/.local/lib/python3.12/site-packages/airflow/example_dags/example_xcom.py
[2026-05-10T06:44:58.252+0000] {logging_mixin.py:188} INFO - [2026-05-10T06:44:58.252+0000] {dag.py:3096} INFO - Sync 1 DAGs
[2026-05-10T06:44:58.270+0000] {logging_mixin.py:188} INFO - [2026-05-10T06:44:58.269+0000] {dag.py:3954} INFO - Setting next_dagrun for example_xcom to 2021-01-01 00:00:00+00:00, run_after=2021-01-01 00:00:00+00:00
[2026-05-10T06:44:58.288+0000] {processor.py:183} INFO - Processing /home/airflow/.local/lib/python3.12/site-packages/airflow/example_dags/example_xcom.py took 0.070 seconds
[2026-05-10T06:45:29.154+0000] {processor.py:161} INFO - Started process (PID=21557) to work on /home/airflow/.local/lib/python3.12/site-packages/airflow/example_dags/example_xcom.py
[2026-05-10T06:45:29.156+0000] {processor.py:830} INFO - Processing file /home/airflow/.local/lib/python3.12/site-packages/airflow/example_dags/example_xcom.py for tasks to queue
[2026-05-10T06:45:29.158+0000] {logging_mixin.py:188} INFO - [2026-05-10T06:45:29.157+0000] {dagbag.py:545} INFO - Filling up the DagBag from /home/airflow/.local/lib/python3.12/site-packages/airflow/example_dags/example_xcom.py
[2026-05-10T06:45:29.163+0000] {processor.py:840} INFO - DAG(s) 'example_xcom' retrieved from /home/airflow/.local/lib/python3.12/site-packages/airflow/example_dags/example_xcom.py
[2026-05-10T06:45:29.181+0000] {logging_mixin.py:188} INFO - [2026-05-10T06:45:29.180+0000] {dag.py:3096} INFO - Sync 1 DAGs
[2026-05-10T06:45:29.196+0000] {logging_mixin.py:188} INFO - [2026-05-10T06:45:29.196+0000] {dag.py:3954} INFO - Setting next_dagrun for example_xcom to 2021-01-01 00:00:00+00:00, run_after=2021-01-01 00:00:00+00:00
[2026-05-10T06:45:29.210+0000] {processor.py:183} INFO - Processing /home/airflow/.local/lib/python3.12/site-packages/airflow/example_dags/example_xcom.py took 0.061 seconds
[2026-05-10T06:45:59.464+0000] {processor.py:161} INFO - Started process (PID=21617) to work on /home/airflow/.local/lib/python3.12/site-packages/airflow/example_dags/example_xcom.py
[2026-05-10T06:45:59.465+0000] {processor.py:830} INFO - Processing file /home/airflow/.local/lib/python3.12/site-packages/airflow/example_dags/example_xcom.py for tasks to queue
[2026-05-10T06:45:59.468+0000] {logging_mixin.py:188} INFO - [2026-05-10T06:45:59.468+0000] {dagbag.py:545} INFO - Filling up the DagBag from /home/airflow/.local/lib/python3.12/site-packages/airflow/example_dags/example_xcom.py
[2026-05-10T06:45:59.474+0000] {processor.py:840} INFO - DAG(s) 'example_xcom' retrieved from /home/airflow/.local/lib/python3.12/site-packages/airflow/example_dags/example_xcom.py
[2026-05-10T06:45:59.493+0000] {logging_mixin.py:188} INFO - [2026-05-10T06:45:59.492+0000] {dag.py:3096} INFO - Sync 1 DAGs
[2026-05-10T06:45:59.510+0000] {logging_mixin.py:188} INFO - [2026-05-10T06:45:59.510+0000] {dag.py:3954} INFO - Setting next_dagrun for example_xcom to 2021-01-01 00:00:00+00:00, run_after=2021-01-01 00:00:00+00:00
[2026-05-10T06:45:59.527+0000] {processor.py:183} INFO - Processing /home/airflow/.local/lib/python3.12/site-packages/airflow/example_dags/example_xcom.py took 0.068 seconds
[2026-05-10T06:46:29.716+0000] {processor.py:161} INFO - Started process (PID=21677) to work on /home/airflow/.local/lib/python3.12/site-packages/airflow/example_dags/example_xcom.py
[2026-05-10T06:46:29.718+0000] {processor.py:830} INFO - Processing file /home/airflow/.local/lib/python3.12/site-packages/airflow/example_dags/example_xcom.py for tasks to queue
[2026-05-10T06:46:29.720+0000] {logging_mixin.py:188} INFO - [2026-05-10T06:46:29.720+0000] {dagbag.py:545} INFO - Filling up the DagBag from /home/airflow/.local/lib/python3.12/site-packages/airflow/example_dags/example_xcom.py
[2026-05-10T06:46:29.727+0000] {processor.py:840} INFO - DAG(s) 'example_xcom' retrieved from /home/airflow/.local/lib/python3.12/site-packages/airflow/example_dags/example_xcom.py
[2026-05-10T06:46:29.748+0000] {logging_mixin.py:188} INFO - [2026-05-10T06:46:29.748+0000] {dag.py:3096} INFO - Sync 1 DAGs
[2026-05-10T06:46:29.767+0000] {logging_mixin.py:188} INFO - [2026-05-10T06:46:29.766+0000] {dag.py:3954} INFO - Setting next_dagrun for example_xcom to 2021-01-01 00:00:00+00:00, run_after=2021-01-01 00:00:00+00:00
[2026-05-10T06:46:29.783+0000] {processor.py:183} INFO - Processing /home/airflow/.local/lib/python3.12/site-packages/airflow/example_dags/example_xcom.py took 0.072 seconds
[2026-05-10T06:47:00.101+0000] {processor.py:161} INFO - Started process (PID=21737) to work on /home/airflow/.local/lib/python3.12/site-packages/airflow/example_dags/example_xcom.py
[2026-05-10T06:47:00.119+0000] {processor.py:830} INFO - Processing file /home/airflow/.local/lib/python3.12/site-packages/airflow/example_dags/example_xcom.py for tasks to queue
[2026-05-10T06:47:00.136+0000] {logging_mixin.py:188} INFO - [2026-05-10T06:47:00.135+0000] {dagbag.py:545} INFO - Filling up the DagBag from /home/airflow/.local/lib/python3.12/site-packages/airflow/example_dags/example_xcom.py
[2026-05-10T06:47:00.159+0000] {processor.py:840} INFO - DAG(s) 'example_xcom' retrieved from /home/airflow/.local/lib/python3.12/site-packages/airflow/example_dags/example_xcom.py
[2026-05-10T06:47:00.190+0000] {logging_mixin.py:188} INFO - [2026-05-10T06:47:00.190+0000] {dag.py:3096} INFO - Sync 1 DAGs
[2026-05-10T06:47:00.220+0000] {logging_mixin.py:188} INFO - [2026-05-10T06:47:00.220+0000] {dag.py:3954} INFO - Setting next_dagrun for example_xcom to 2021-01-01 00:00:00+00:00, run_after=2021-01-01 00:00:00+00:00
[2026-05-10T06:47:00.240+0000] {processor.py:183} INFO - Processing /home/airflow/.local/lib/python3.12/site-packages/airflow/example_dags/example_xcom.py took 0.144 seconds
[2026-05-10T06:47:30.481+0000] {processor.py:161} INFO - Started process (PID=21797) to work on /home/airflow/.local/lib/python3.12/site-packages/airflow/example_dags/example_xcom.py
[2026-05-10T06:47:30.482+0000] {processor.py:830} INFO - Processing file /home/airflow/.local/lib/python3.12/site-packages/airflow/example_dags/example_xcom.py for tasks to queue
[2026-05-10T06:47:30.485+0000] {logging_mixin.py:188} INFO - [2026-05-10T06:47:30.484+0000] {dagbag.py:545} INFO - Filling up the DagBag from /home/airflow/.local/lib/python3.12/site-packages/airflow/example_dags/example_xcom.py
[2026-05-10T06:47:30.491+0000] {processor.py:840} INFO - DAG(s) 'example_xcom' retrieved from /home/airflow/.local/lib/python3.12/site-packages/airflow/example_dags/example_xcom.py
[2026-05-10T06:47:30.512+0000] {logging_mixin.py:188} INFO - [2026-05-10T06:47:30.512+0000] {dag.py:3096} INFO - Sync 1 DAGs
[2026-05-10T06:47:30.530+0000] {logging_mixin.py:188} INFO - [2026-05-10T06:47:30.529+0000] {dag.py:3954} INFO - Setting next_dagrun for example_xcom to 2021-01-01 00:00:00+00:00, run_after=2021-01-01 00:00:00+00:00
[2026-05-10T06:47:30.693+0000] {processor.py:183} INFO - Processing /home/airflow/.local/lib/python3.12/site-packages/airflow/example_dags/example_xcom.py took 0.217 seconds
[2026-05-10T06:48:01.468+0000] {processor.py:161} INFO - Started process (PID=21857) to work on /home/airflow/.local/lib/python3.12/site-packages/airflow/example_dags/example_xcom.py
[2026-05-10T06:48:01.470+0000] {processor.py:830} INFO - Processing file /home/airflow/.local/lib/python3.12/site-packages/airflow/example_dags/example_xcom.py for tasks to queue
[2026-05-10T06:48:01.472+0000] {logging_mixin.py:188} INFO - [2026-05-10T06:48:01.472+0000] {dagbag.py:545} INFO - Filling up the DagBag from /home/airflow/.local/lib/python3.12/site-packages/airflow/example_dags/example_xcom.py
[2026-05-10T06:48:01.479+0000] {processor.py:840} INFO - DAG(s) 'example_xcom' retrieved from /home/airflow/.local/lib/python3.12/site-packages/airflow/example_dags/example_xcom.py
[2026-05-10T06:48:01.496+0000] {logging_mixin.py:188} INFO - [2026-05-10T06:48:01.496+0000] {dag.py:3096} INFO - Sync 1 DAGs
[2026-05-10T06:48:01.516+0000] {logging_mixin.py:188} INFO - [2026-05-10T06:48:01.516+0000] {dag.py:3954} INFO - Setting next_dagrun for example_xcom to 2021-01-01 00:00:00+00:00, run_after=2021-01-01 00:00:00+00:00
[2026-05-10T06:48:01.533+0000] {processor.py:183} INFO - Processing /home/airflow/.local/lib/python3.12/site-packages/airflow/example_dags/example_xcom.py took 0.069 seconds
[2026-05-10T06:48:31.921+0000] {processor.py:161} INFO - Started process (PID=21916) to work on /home/airflow/.local/lib/python3.12/site-packages/airflow/example_dags/example_xcom.py
[2026-05-10T06:48:31.923+0000] {processor.py:830} INFO - Processing file /home/airflow/.local/lib/python3.12/site-packages/airflow/example_dags/example_xcom.py for tasks to queue
[2026-05-10T06:48:31.925+0000] {logging_mixin.py:188} INFO - [2026-05-10T06:48:31.925+0000] {dagbag.py:545} INFO - Filling up the DagBag from /home/airflow/.local/lib/python3.12/site-packages/airflow/example_dags/example_xcom.py
[2026-05-10T06:48:31.931+0000] {processor.py:840} INFO - DAG(s) 'example_xcom' retrieved from /home/airflow/.local/lib/python3.12/site-packages/airflow/example_dags/example_xcom.py
[2026-05-10T06:48:31.950+0000] {logging_mixin.py:188} INFO - [2026-05-10T06:48:31.950+0000] {dag.py:3096} INFO - Sync 1 DAGs
[2026-05-10T06:48:31.967+0000] {logging_mixin.py:188} INFO - [2026-05-10T06:48:31.967+0000] {dag.py:3954} INFO - Setting next_dagrun for example_xcom to 2021-01-01 00:00:00+00:00, run_after=2021-01-01 00:00:00+00:00
[2026-05-10T06:48:31.985+0000] {processor.py:183} INFO - Processing /home/airflow/.local/lib/python3.12/site-packages/airflow/example_dags/example_xcom.py took 0.069 seconds
[2026-05-10T06:49:02.443+0000] {processor.py:161} INFO - Started process (PID=21976) to work on /home/airflow/.local/lib/python3.12/site-packages/airflow/example_dags/example_xcom.py
[2026-05-10T06:49:02.445+0000] {processor.py:830} INFO - Processing file /home/airflow/.local/lib/python3.12/site-packages/airflow/example_dags/example_xcom.py for tasks to queue
[2026-05-10T06:49:02.448+0000] {logging_mixin.py:188} INFO - [2026-05-10T06:49:02.447+0000] {dagbag.py:545} INFO - Filling up the DagBag from /home/airflow/.local/lib/python3.12/site-packages/airflow/example_dags/example_xcom.py
[2026-05-10T06:49:02.454+0000] {processor.py:840} INFO - DAG(s) 'example_xcom' retrieved from /home/airflow/.local/lib/python3.12/site-packages/airflow/example_dags/example_xcom.py
[2026-05-10T06:49:02.472+0000] {logging_mixin.py:188} INFO - [2026-05-10T06:49:02.472+0000] {dag.py:3096} INFO - Sync 1 DAGs
[2026-05-10T06:49:02.488+0000] {logging_mixin.py:188} INFO - [2026-05-10T06:49:02.488+0000] {dag.py:3954} INFO - Setting next_dagrun for example_xcom to 2021-01-01 00:00:00+00:00, run_after=2021-01-01 00:00:00+00:00
[2026-05-10T06:49:02.506+0000] {processor.py:183} INFO - Processing /home/airflow/.local/lib/python3.12/site-packages/airflow/example_dags/example_xcom.py took 0.068 seconds
[2026-05-10T06:49:33.272+0000] {processor.py:161} INFO - Started process (PID=22036) to work on /home/airflow/.local/lib/python3.12/site-packages/airflow/example_dags/example_xcom.py
[2026-05-10T06:49:33.274+0000] {processor.py:830} INFO - Processing file /home/airflow/.local/lib/python3.12/site-packages/airflow/example_dags/example_xcom.py for tasks to queue
[2026-05-10T06:49:33.277+0000] {logging_mixin.py:188} INFO - [2026-05-10T06:49:33.276+0000] {dagbag.py:545} INFO - Filling up the DagBag from /home/airflow/.local/lib/python3.12/site-packages/airflow/example_dags/example_xcom.py
[2026-05-10T06:49:33.284+0000] {processor.py:840} INFO - DAG(s) 'example_xcom' retrieved from /home/airflow/.local/lib/python3.12/site-packages/airflow/example_dags/example_xcom.py
[2026-05-10T06:49:33.303+0000] {logging_mixin.py:188} INFO - [2026-05-10T06:49:33.303+0000] {dag.py:3096} INFO - Sync 1 DAGs
[2026-05-10T06:49:33.329+0000] {logging_mixin.py:188} INFO - [2026-05-10T06:49:33.328+0000] {dag.py:3954} INFO - Setting next_dagrun for example_xcom to 2021-01-01 00:00:00+00:00, run_after=2021-01-01 00:00:00+00:00
[2026-05-10T06:49:33.348+0000] {processor.py:183} INFO - Processing /home/airflow/.local/lib/python3.12/site-packages/airflow/example_dags/example_xcom.py took 0.081 seconds
[2026-05-10T06:50:03.844+0000] {processor.py:161} INFO - Started process (PID=22096) to work on /home/airflow/.local/lib/python3.12/site-packages/airflow/example_dags/example_xcom.py
[2026-05-10T06:50:03.845+0000] {processor.py:830} INFO - Processing file /home/airflow/.local/lib/python3.12/site-packages/airflow/example_dags/example_xcom.py for tasks to queue
[2026-05-10T06:50:03.846+0000] {logging_mixin.py:188} INFO - [2026-05-10T06:50:03.846+0000] {dagbag.py:545} INFO - Filling up the DagBag from /home/airflow/.local/lib/python3.12/site-packages/airflow/example_dags/example_xcom.py
[2026-05-10T06:50:03.854+0000] {processor.py:840} INFO - DAG(s) 'example_xcom' retrieved from /home/airflow/.local/lib/python3.12/site-packages/airflow/example_dags/example_xcom.py
[2026-05-10T06:50:03.875+0000] {logging_mixin.py:188} INFO - [2026-05-10T06:50:03.875+0000] {dag.py:3096} INFO - Sync 1 DAGs
[2026-05-10T06:50:03.894+0000] {logging_mixin.py:188} INFO - [2026-05-10T06:50:03.893+0000] {dag.py:3954} INFO - Setting next_dagrun for example_xcom to 2021-01-01 00:00:00+00:00, run_after=2021-01-01 00:00:00+00:00
[2026-05-10T06:50:03.910+0000] {processor.py:183} INFO - Processing /home/airflow/.local/lib/python3.12/site-packages/airflow/example_dags/example_xcom.py took 0.072 seconds
[2026-05-10T06:50:34.633+0000] {processor.py:161} INFO - Started process (PID=22156) to work on /home/airflow/.local/lib/python3.12/site-packages/airflow/example_dags/example_xcom.py
[2026-05-10T06:50:34.634+0000] {processor.py:830} INFO - Processing file /home/airflow/.local/lib/python3.12/site-packages/airflow/example_dags/example_xcom.py for tasks to queue
[2026-05-10T06:50:34.636+0000] {logging_mixin.py:188} INFO - [2026-05-10T06:50:34.635+0000] {dagbag.py:545} INFO - Filling up the DagBag from /home/airflow/.local/lib/python3.12/site-packages/airflow/example_dags/example_xcom.py
[2026-05-10T06:50:34.642+0000] {processor.py:840} INFO - DAG(s) 'example_xcom' retrieved from /home/airflow/.local/lib/python3.12/site-packages/airflow/example_dags/example_xcom.py
[2026-05-10T06:50:34.663+0000] {logging_mixin.py:188} INFO - [2026-05-10T06:50:34.663+0000] {dag.py:3096} INFO - Sync 1 DAGs
[2026-05-10T06:50:34.687+0000] {logging_mixin.py:188} INFO - [2026-05-10T06:50:34.687+0000] {dag.py:3954} INFO - Setting next_dagrun for example_xcom to 2021-01-01 00:00:00+00:00, run_after=2021-01-01 00:00:00+00:00
[2026-05-10T06:50:34.704+0000] {processor.py:183} INFO - Processing /home/airflow/.local/lib/python3.12/site-packages/airflow/example_dags/example_xcom.py took 0.076 seconds
[2026-05-10T06:51:05.294+0000] {processor.py:161} INFO - Started process (PID=22216) to work on /home/airflow/.local/lib/python3.12/site-packages/airflow/example_dags/example_xcom.py
[2026-05-10T06:51:05.295+0000] {processor.py:830} INFO - Processing file /home/airflow/.local/lib/python3.12/site-packages/airflow/example_dags/example_xcom.py for tasks to queue
[2026-05-10T06:51:05.297+0000] {logging_mixin.py:188} INFO - [2026-05-10T06:51:05.297+0000] {dagbag.py:545} INFO - Filling up the DagBag from /home/airflow/.local/lib/python3.12/site-packages/airflow/example_dags/example_xcom.py
[2026-05-10T06:51:05.304+0000] {processor.py:840} INFO - DAG(s) 'example_xcom' retrieved from /home/airflow/.local/lib/python3.12/site-packages/airflow/example_dags/example_xcom.py
[2026-05-10T06:51:05.322+0000] {logging_mixin.py:188} INFO - [2026-05-10T06:51:05.322+0000] {dag.py:3096} INFO - Sync 1 DAGs
[2026-05-10T06:51:05.342+0000] {logging_mixin.py:188} INFO - [2026-05-10T06:51:05.342+0000] {dag.py:3954} INFO - Setting next_dagrun for example_xcom to 2021-01-01 00:00:00+00:00, run_after=2021-01-01 00:00:00+00:00
[2026-05-10T06:51:05.366+0000] {processor.py:183} INFO - Processing /home/airflow/.local/lib/python3.12/site-packages/airflow/example_dags/example_xcom.py took 0.077 seconds
[2026-05-10T06:51:35.699+0000] {processor.py:161} INFO - Started process (PID=22276) to work on /home/airflow/.local/lib/python3.12/site-packages/airflow/example_dags/example_xcom.py
[2026-05-10T06:51:35.701+0000] {processor.py:830} INFO - Processing file /home/airflow/.local/lib/python3.12/site-packages/airflow/example_dags/example_xcom.py for tasks to queue
[2026-05-10T06:51:35.703+0000] {logging_mixin.py:188} INFO - [2026-05-10T06:51:35.703+0000] {dagbag.py:545} INFO - Filling up the DagBag from /home/airflow/.local/lib/python3.12/site-packages/airflow/example_dags/example_xcom.py
[2026-05-10T06:51:35.714+0000] {processor.py:840} INFO - DAG(s) 'example_xcom' retrieved from /home/airflow/.local/lib/python3.12/site-packages/airflow/example_dags/example_xcom.py
[2026-05-10T06:51:35.749+0000] {logging_mixin.py:188} INFO - [2026-05-10T06:51:35.749+0000] {dag.py:3096} INFO - Sync 1 DAGs
[2026-05-10T06:51:35.775+0000] {logging_mixin.py:188} INFO - [2026-05-10T06:51:35.774+0000] {dag.py:3954} INFO - Setting next_dagrun for example_xcom to 2021-01-01 00:00:00+00:00, run_after=2021-01-01 00:00:00+00:00
[2026-05-10T06:51:35.797+0000] {processor.py:183} INFO - Processing /home/airflow/.local/lib/python3.12/site-packages/airflow/example_dags/example_xcom.py took 0.103 seconds
[2026-05-10T06:52:06.266+0000] {processor.py:161} INFO - Started process (PID=22336) to work on /home/airflow/.local/lib/python3.12/site-packages/airflow/example_dags/example_xcom.py
[2026-05-10T06:52:06.267+0000] {processor.py:830} INFO - Processing file /home/airflow/.local/lib/python3.12/site-packages/airflow/example_dags/example_xcom.py for tasks to queue
[2026-05-10T06:52:06.269+0000] {logging_mixin.py:188} INFO - [2026-05-10T06:52:06.269+0000] {dagbag.py:545} INFO - Filling up the DagBag from /home/airflow/.local/lib/python3.12/site-packages/airflow/example_dags/example_xcom.py
[2026-05-10T06:52:06.276+0000] {processor.py:840} INFO - DAG(s) 'example_xcom' retrieved from /home/airflow/.local/lib/python3.12/site-packages/airflow/example_dags/example_xcom.py
[2026-05-10T06:52:06.296+0000] {logging_mixin.py:188} INFO - [2026-05-10T06:52:06.296+0000] {dag.py:3096} INFO - Sync 1 DAGs
[2026-05-10T06:52:06.313+0000] {logging_mixin.py:188} INFO - [2026-05-10T06:52:06.313+0000] {dag.py:3954} INFO - Setting next_dagrun for example_xcom to 2021-01-01 00:00:00+00:00, run_after=2021-01-01 00:00:00+00:00
[2026-05-10T06:52:06.331+0000] {processor.py:183} INFO - Processing /home/airflow/.local/lib/python3.12/site-packages/airflow/example_dags/example_xcom.py took 0.070 seconds
[2026-05-10T06:52:36.499+0000] {processor.py:161} INFO - Started process (PID=22396) to work on /home/airflow/.local/lib/python3.12/site-packages/airflow/example_dags/example_xcom.py
[2026-05-10T06:52:36.501+0000] {processor.py:830} INFO - Processing file /home/airflow/.local/lib/python3.12/site-packages/airflow/example_dags/example_xcom.py for tasks to queue
[2026-05-10T06:52:36.503+0000] {logging_mixin.py:188} INFO - [2026-05-10T06:52:36.503+0000] {dagbag.py:545} INFO - Filling up the DagBag from /home/airflow/.local/lib/python3.12/site-packages/airflow/example_dags/example_xcom.py
[2026-05-10T06:52:36.511+0000] {processor.py:840} INFO - DAG(s) 'example_xcom' retrieved from /home/airflow/.local/lib/python3.12/site-packages/airflow/example_dags/example_xcom.py
[2026-05-10T06:52:36.530+0000] {logging_mixin.py:188} INFO - [2026-05-10T06:52:36.530+0000] {dag.py:3096} INFO - Sync 1 DAGs
[2026-05-10T06:52:36.548+0000] {logging_mixin.py:188} INFO - [2026-05-10T06:52:36.548+0000] {dag.py:3954} INFO - Setting next_dagrun for example_xcom to 2021-01-01 00:00:00+00:00, run_after=2021-01-01 00:00:00+00:00
[2026-05-10T06:52:36.566+0000] {processor.py:183} INFO - Processing /home/airflow/.local/lib/python3.12/site-packages/airflow/example_dags/example_xcom.py took 0.072 seconds
[2026-05-10T06:53:06.711+0000] {processor.py:161} INFO - Started process (PID=22456) to work on /home/airflow/.local/lib/python3.12/site-packages/airflow/example_dags/example_xcom.py
[2026-05-10T06:53:06.712+0000] {processor.py:830} INFO - Processing file /home/airflow/.local/lib/python3.12/site-packages/airflow/example_dags/example_xcom.py for tasks to queue
[2026-05-10T06:53:06.714+0000] {logging_mixin.py:188} INFO - [2026-05-10T06:53:06.714+0000] {dagbag.py:545} INFO - Filling up the DagBag from /home/airflow/.local/lib/python3.12/site-packages/airflow/example_dags/example_xcom.py
[2026-05-10T06:53:06.720+0000] {processor.py:840} INFO - DAG(s) 'example_xcom' retrieved from /home/airflow/.local/lib/python3.12/site-packages/airflow/example_dags/example_xcom.py
[2026-05-10T06:53:06.739+0000] {logging_mixin.py:188} INFO - [2026-05-10T06:53:06.739+0000] {dag.py:3096} INFO - Sync 1 DAGs
[2026-05-10T06:53:06.755+0000] {logging_mixin.py:188} INFO - [2026-05-10T06:53:06.755+0000] {dag.py:3954} INFO - Setting next_dagrun for example_xcom to 2021-01-01 00:00:00+00:00, run_after=2021-01-01 00:00:00+00:00
[2026-05-10T06:53:06.773+0000] {processor.py:183} INFO - Processing /home/airflow/.local/lib/python3.12/site-packages/airflow/example_dags/example_xcom.py took 0.067 seconds
[2026-05-10T06:53:37.254+0000] {processor.py:161} INFO - Started process (PID=22516) to work on /home/airflow/.local/lib/python3.12/site-packages/airflow/example_dags/example_xcom.py
[2026-05-10T06:53:37.257+0000] {processor.py:830} INFO - Processing file /home/airflow/.local/lib/python3.12/site-packages/airflow/example_dags/example_xcom.py for tasks to queue
[2026-05-10T06:53:37.259+0000] {logging_mixin.py:188} INFO - [2026-05-10T06:53:37.259+0000] {dagbag.py:545} INFO - Filling up the DagBag from /home/airflow/.local/lib/python3.12/site-packages/airflow/example_dags/example_xcom.py
[2026-05-10T06:53:37.266+0000] {processor.py:840} INFO - DAG(s) 'example_xcom' retrieved from /home/airflow/.local/lib/python3.12/site-packages/airflow/example_dags/example_xcom.py
[2026-05-10T06:53:37.285+0000] {logging_mixin.py:188} INFO - [2026-05-10T06:53:37.285+0000] {dag.py:3096} INFO - Sync 1 DAGs
[2026-05-10T06:53:37.302+0000] {logging_mixin.py:188} INFO - [2026-05-10T06:53:37.302+0000] {dag.py:3954} INFO - Setting next_dagrun for example_xcom to 2021-01-01 00:00:00+00:00, run_after=2021-01-01 00:00:00+00:00
[2026-05-10T06:53:37.320+0000] {processor.py:183} INFO - Processing /home/airflow/.local/lib/python3.12/site-packages/airflow/example_dags/example_xcom.py took 0.071 seconds
[2026-05-10T06:54:07.801+0000] {processor.py:161} INFO - Started process (PID=22576) to work on /home/airflow/.local/lib/python3.12/site-packages/airflow/example_dags/example_xcom.py
[2026-05-10T06:54:07.802+0000] {processor.py:830} INFO - Processing file /home/airflow/.local/lib/python3.12/site-packages/airflow/example_dags/example_xcom.py for tasks to queue
[2026-05-10T06:54:07.804+0000] {logging_mixin.py:188} INFO - [2026-05-10T06:54:07.804+0000] {dagbag.py:545} INFO - Filling up the DagBag from /home/airflow/.local/lib/python3.12/site-packages/airflow/example_dags/example_xcom.py
[2026-05-10T06:54:07.811+0000] {processor.py:840} INFO - DAG(s) 'example_xcom' retrieved from /home/airflow/.local/lib/python3.12/site-packages/airflow/example_dags/example_xcom.py
[2026-05-10T06:54:07.831+0000] {logging_mixin.py:188} INFO - [2026-05-10T06:54:07.830+0000] {dag.py:3096} INFO - Sync 1 DAGs
[2026-05-10T06:54:07.850+0000] {logging_mixin.py:188} INFO - [2026-05-10T06:54:07.849+0000] {dag.py:3954} INFO - Setting next_dagrun for example_xcom to 2021-01-01 00:00:00+00:00, run_after=2021-01-01 00:00:00+00:00
[2026-05-10T06:54:07.866+0000] {processor.py:183} INFO - Processing /home/airflow/.local/lib/python3.12/site-packages/airflow/example_dags/example_xcom.py took 0.070 seconds
[2026-05-10T06:54:38.354+0000] {processor.py:161} INFO - Started process (PID=22637) to work on /home/airflow/.local/lib/python3.12/site-packages/airflow/example_dags/example_xcom.py
[2026-05-10T06:54:38.355+0000] {processor.py:830} INFO - Processing file /home/airflow/.local/lib/python3.12/site-packages/airflow/example_dags/example_xcom.py for tasks to queue
[2026-05-10T06:54:38.357+0000] {logging_mixin.py:188} INFO - [2026-05-10T06:54:38.357+0000] {dagbag.py:545} INFO - Filling up the DagBag from /home/airflow/.local/lib/python3.12/site-packages/airflow/example_dags/example_xcom.py
[2026-05-10T06:54:38.364+0000] {processor.py:840} INFO - DAG(s) 'example_xcom' retrieved from /home/airflow/.local/lib/python3.12/site-packages/airflow/example_dags/example_xcom.py
[2026-05-10T06:54:38.385+0000] {logging_mixin.py:188} INFO - [2026-05-10T06:54:38.384+0000] {dag.py:3096} INFO - Sync 1 DAGs
[2026-05-10T06:54:38.404+0000] {logging_mixin.py:188} INFO - [2026-05-10T06:54:38.404+0000] {dag.py:3954} INFO - Setting next_dagrun for example_xcom to 2021-01-01 00:00:00+00:00, run_after=2021-01-01 00:00:00+00:00
[2026-05-10T06:54:38.430+0000] {processor.py:183} INFO - Processing /home/airflow/.local/lib/python3.12/site-packages/airflow/example_dags/example_xcom.py took 0.081 seconds
[2026-05-10T06:55:08.766+0000] {processor.py:161} INFO - Started process (PID=22697) to work on /home/airflow/.local/lib/python3.12/site-packages/airflow/example_dags/example_xcom.py
[2026-05-10T06:55:08.768+0000] {processor.py:830} INFO - Processing file /home/airflow/.local/lib/python3.12/site-packages/airflow/example_dags/example_xcom.py for tasks to queue
[2026-05-10T06:55:08.770+0000] {logging_mixin.py:188} INFO - [2026-05-10T06:55:08.770+0000] {dagbag.py:545} INFO - Filling up the DagBag from /home/airflow/.local/lib/python3.12/site-packages/airflow/example_dags/example_xcom.py
[2026-05-10T06:55:08.781+0000] {processor.py:840} INFO - DAG(s) 'example_xcom' retrieved from /home/airflow/.local/lib/python3.12/site-packages/airflow/example_dags/example_xcom.py
[2026-05-10T06:55:08.807+0000] {logging_mixin.py:188} INFO - [2026-05-10T06:55:08.807+0000] {dag.py:3096} INFO - Sync 1 DAGs
[2026-05-10T06:55:08.827+0000] {logging_mixin.py:188} INFO - [2026-05-10T06:55:08.827+0000] {dag.py:3954} INFO - Setting next_dagrun for example_xcom to 2021-01-01 00:00:00+00:00, run_after=2021-01-01 00:00:00+00:00
[2026-05-10T06:55:08.844+0000] {processor.py:183} INFO - Processing /home/airflow/.local/lib/python3.12/site-packages/airflow/example_dags/example_xcom.py took 0.085 seconds
[2026-05-10T06:55:38.980+0000] {processor.py:161} INFO - Started process (PID=22757) to work on /home/airflow/.local/lib/python3.12/site-packages/airflow/example_dags/example_xcom.py
[2026-05-10T06:55:38.981+0000] {processor.py:830} INFO - Processing file /home/airflow/.local/lib/python3.12/site-packages/airflow/example_dags/example_xcom.py for tasks to queue
[2026-05-10T06:55:38.984+0000] {logging_mixin.py:188} INFO - [2026-05-10T06:55:38.984+0000] {dagbag.py:545} INFO - Filling up the DagBag from /home/airflow/.local/lib/python3.12/site-packages/airflow/example_dags/example_xcom.py
[2026-05-10T06:55:38.993+0000] {processor.py:840} INFO - DAG(s) 'example_xcom' retrieved from /home/airflow/.local/lib/python3.12/site-packages/airflow/example_dags/example_xcom.py
[2026-05-10T06:55:39.012+0000] {logging_mixin.py:188} INFO - [2026-05-10T06:55:39.011+0000] {dag.py:3096} INFO - Sync 1 DAGs
[2026-05-10T06:55:39.032+0000] {logging_mixin.py:188} INFO - [2026-05-10T06:55:39.031+0000] {dag.py:3954} INFO - Setting next_dagrun for example_xcom to 2021-01-01 00:00:00+00:00, run_after=2021-01-01 00:00:00+00:00
[2026-05-10T06:55:39.046+0000] {processor.py:183} INFO - Processing /home/airflow/.local/lib/python3.12/site-packages/airflow/example_dags/example_xcom.py took 0.071 seconds
[2026-05-10T06:56:09.432+0000] {processor.py:161} INFO - Started process (PID=22817) to work on /home/airflow/.local/lib/python3.12/site-packages/airflow/example_dags/example_xcom.py
[2026-05-10T06:56:09.433+0000] {processor.py:830} INFO - Processing file /home/airflow/.local/lib/python3.12/site-packages/airflow/example_dags/example_xcom.py for tasks to queue
[2026-05-10T06:56:09.435+0000] {logging_mixin.py:188} INFO - [2026-05-10T06:56:09.435+0000] {dagbag.py:545} INFO - Filling up the DagBag from /home/airflow/.local/lib/python3.12/site-packages/airflow/example_dags/example_xcom.py
[2026-05-10T06:56:09.441+0000] {processor.py:840} INFO - DAG(s) 'example_xcom' retrieved from /home/airflow/.local/lib/python3.12/site-packages/airflow/example_dags/example_xcom.py
[2026-05-10T06:56:09.461+0000] {logging_mixin.py:188} INFO - [2026-05-10T06:56:09.461+0000] {dag.py:3096} INFO - Sync 1 DAGs
[2026-05-10T06:56:09.478+0000] {logging_mixin.py:188} INFO - [2026-05-10T06:56:09.477+0000] {dag.py:3954} INFO - Setting next_dagrun for example_xcom to 2021-01-01 00:00:00+00:00, run_after=2021-01-01 00:00:00+00:00
[2026-05-10T06:56:09.494+0000] {processor.py:183} INFO - Processing /home/airflow/.local/lib/python3.12/site-packages/airflow/example_dags/example_xcom.py took 0.067 seconds
[2026-05-10T06:56:39.722+0000] {processor.py:161} INFO - Started process (PID=22877) to work on /home/airflow/.local/lib/python3.12/site-packages/airflow/example_dags/example_xcom.py
[2026-05-10T06:56:39.724+0000] {processor.py:830} INFO - Processing file /home/airflow/.local/lib/python3.12/site-packages/airflow/example_dags/example_xcom.py for tasks to queue
[2026-05-10T06:56:39.726+0000] {logging_mixin.py:188} INFO - [2026-05-10T06:56:39.726+0000] {dagbag.py:545} INFO - Filling up the DagBag from /home/airflow/.local/lib/python3.12/site-packages/airflow/example_dags/example_xcom.py
[2026-05-10T06:56:39.732+0000] {processor.py:840} INFO - DAG(s) 'example_xcom' retrieved from /home/airflow/.local/lib/python3.12/site-packages/airflow/example_dags/example_xcom.py
[2026-05-10T06:56:39.751+0000] {logging_mixin.py:188} INFO - [2026-05-10T06:56:39.750+0000] {dag.py:3096} INFO - Sync 1 DAGs
[2026-05-10T06:56:39.768+0000] {logging_mixin.py:188} INFO - [2026-05-10T06:56:39.767+0000] {dag.py:3954} INFO - Setting next_dagrun for example_xcom to 2021-01-01 00:00:00+00:00, run_after=2021-01-01 00:00:00+00:00
[2026-05-10T06:56:39.786+0000] {processor.py:183} INFO - Processing /home/airflow/.local/lib/python3.12/site-packages/airflow/example_dags/example_xcom.py took 0.069 seconds
[2026-05-10T06:57:10.125+0000] {processor.py:161} INFO - Started process (PID=22937) to work on /home/airflow/.local/lib/python3.12/site-packages/airflow/example_dags/example_xcom.py
[2026-05-10T06:57:10.127+0000] {processor.py:830} INFO - Processing file /home/airflow/.local/lib/python3.12/site-packages/airflow/example_dags/example_xcom.py for tasks to queue
[2026-05-10T06:57:10.129+0000] {logging_mixin.py:188} INFO - [2026-05-10T06:57:10.129+0000] {dagbag.py:545} INFO - Filling up the DagBag from /home/airflow/.local/lib/python3.12/site-packages/airflow/example_dags/example_xcom.py
[2026-05-10T06:57:10.137+0000] {processor.py:840} INFO - DAG(s) 'example_xcom' retrieved from /home/airflow/.local/lib/python3.12/site-packages/airflow/example_dags/example_xcom.py
[2026-05-10T06:57:10.156+0000] {logging_mixin.py:188} INFO - [2026-05-10T06:57:10.155+0000] {dag.py:3096} INFO - Sync 1 DAGs
[2026-05-10T06:57:10.174+0000] {logging_mixin.py:188} INFO - [2026-05-10T06:57:10.173+0000] {dag.py:3954} INFO - Setting next_dagrun for example_xcom to 2021-01-01 00:00:00+00:00, run_after=2021-01-01 00:00:00+00:00
[2026-05-10T06:57:10.191+0000] {processor.py:183} INFO - Processing /home/airflow/.local/lib/python3.12/site-packages/airflow/example_dags/example_xcom.py took 0.072 seconds
[2026-05-10T06:57:40.381+0000] {processor.py:161} INFO - Started process (PID=22996) to work on /home/airflow/.local/lib/python3.12/site-packages/airflow/example_dags/example_xcom.py
[2026-05-10T06:57:40.382+0000] {processor.py:830} INFO - Processing file /home/airflow/.local/lib/python3.12/site-packages/airflow/example_dags/example_xcom.py for tasks to queue
[2026-05-10T06:57:40.390+0000] {logging_mixin.py:188} INFO - [2026-05-10T06:57:40.389+0000] {dagbag.py:545} INFO - Filling up the DagBag from /home/airflow/.local/lib/python3.12/site-packages/airflow/example_dags/example_xcom.py
[2026-05-10T06:57:40.407+0000] {processor.py:840} INFO - DAG(s) 'example_xcom' retrieved from /home/airflow/.local/lib/python3.12/site-packages/airflow/example_dags/example_xcom.py
[2026-05-10T06:57:40.434+0000] {logging_mixin.py:188} INFO - [2026-05-10T06:57:40.434+0000] {dag.py:3096} INFO - Sync 1 DAGs
[2026-05-10T06:57:40.453+0000] {logging_mixin.py:188} INFO - [2026-05-10T06:57:40.453+0000] {dag.py:3954} INFO - Setting next_dagrun for example_xcom to 2021-01-01 00:00:00+00:00, run_after=2021-01-01 00:00:00+00:00
[2026-05-10T06:57:40.471+0000] {processor.py:183} INFO - Processing /home/airflow/.local/lib/python3.12/site-packages/airflow/example_dags/example_xcom.py took 0.095 seconds
[2026-05-10T06:58:10.649+0000] {processor.py:161} INFO - Started process (PID=23055) to work on /home/airflow/.local/lib/python3.12/site-packages/airflow/example_dags/example_xcom.py
[2026-05-10T06:58:10.651+0000] {processor.py:830} INFO - Processing file /home/airflow/.local/lib/python3.12/site-packages/airflow/example_dags/example_xcom.py for tasks to queue
[2026-05-10T06:58:10.656+0000] {logging_mixin.py:188} INFO - [2026-05-10T06:58:10.655+0000] {dagbag.py:545} INFO - Filling up the DagBag from /home/airflow/.local/lib/python3.12/site-packages/airflow/example_dags/example_xcom.py
[2026-05-10T06:58:10.670+0000] {processor.py:840} INFO - DAG(s) 'example_xcom' retrieved from /home/airflow/.local/lib/python3.12/site-packages/airflow/example_dags/example_xcom.py
[2026-05-10T06:58:10.689+0000] {logging_mixin.py:188} INFO - [2026-05-10T06:58:10.689+0000] {dag.py:3096} INFO - Sync 1 DAGs
[2026-05-10T06:58:10.706+0000] {logging_mixin.py:188} INFO - [2026-05-10T06:58:10.705+0000] {dag.py:3954} INFO - Setting next_dagrun for example_xcom to 2021-01-01 00:00:00+00:00, run_after=2021-01-01 00:00:00+00:00
[2026-05-10T06:58:10.726+0000] {processor.py:183} INFO - Processing /home/airflow/.local/lib/python3.12/site-packages/airflow/example_dags/example_xcom.py took 0.088 seconds
[2026-05-10T06:58:41.083+0000] {processor.py:161} INFO - Started process (PID=23113) to work on /home/airflow/.local/lib/python3.12/site-packages/airflow/example_dags/example_xcom.py
[2026-05-10T06:58:41.084+0000] {processor.py:830} INFO - Processing file /home/airflow/.local/lib/python3.12/site-packages/airflow/example_dags/example_xcom.py for tasks to queue
[2026-05-10T06:58:41.086+0000] {logging_mixin.py:188} INFO - [2026-05-10T06:58:41.086+0000] {dagbag.py:545} INFO - Filling up the DagBag from /home/airflow/.local/lib/python3.12/site-packages/airflow/example_dags/example_xcom.py
[2026-05-10T06:58:41.093+0000] {processor.py:840} INFO - DAG(s) 'example_xcom' retrieved from /home/airflow/.local/lib/python3.12/site-packages/airflow/example_dags/example_xcom.py
[2026-05-10T06:58:41.114+0000] {logging_mixin.py:188} INFO - [2026-05-10T06:58:41.114+0000] {dag.py:3096} INFO - Sync 1 DAGs
[2026-05-10T06:58:41.136+0000] {logging_mixin.py:188} INFO - [2026-05-10T06:58:41.136+0000] {dag.py:3954} INFO - Setting next_dagrun for example_xcom to 2021-01-01 00:00:00+00:00, run_after=2021-01-01 00:00:00+00:00
[2026-05-10T06:58:41.157+0000] {processor.py:183} INFO - Processing /home/airflow/.local/lib/python3.12/site-packages/airflow/example_dags/example_xcom.py took 0.079 seconds
[2026-05-10T06:59:11.563+0000] {processor.py:161} INFO - Started process (PID=23179) to work on /home/airflow/.local/lib/python3.12/site-packages/airflow/example_dags/example_xcom.py
[2026-05-10T06:59:11.564+0000] {processor.py:830} INFO - Processing file /home/airflow/.local/lib/python3.12/site-packages/airflow/example_dags/example_xcom.py for tasks to queue
[2026-05-10T06:59:11.567+0000] {logging_mixin.py:188} INFO - [2026-05-10T06:59:11.567+0000] {dagbag.py:545} INFO - Filling up the DagBag from /home/airflow/.local/lib/python3.12/site-packages/airflow/example_dags/example_xcom.py
[2026-05-10T06:59:11.574+0000] {processor.py:840} INFO - DAG(s) 'example_xcom' retrieved from /home/airflow/.local/lib/python3.12/site-packages/airflow/example_dags/example_xcom.py
[2026-05-10T06:59:11.596+0000] {logging_mixin.py:188} INFO - [2026-05-10T06:59:11.595+0000] {dag.py:3096} INFO - Sync 1 DAGs
[2026-05-10T06:59:11.614+0000] {logging_mixin.py:188} INFO - [2026-05-10T06:59:11.614+0000] {dag.py:3954} INFO - Setting next_dagrun for example_xcom to 2021-01-01 00:00:00+00:00, run_after=2021-01-01 00:00:00+00:00
[2026-05-10T06:59:11.633+0000] {processor.py:183} INFO - Processing /home/airflow/.local/lib/python3.12/site-packages/airflow/example_dags/example_xcom.py took 0.076 seconds
[2026-05-10T06:59:42.208+0000] {processor.py:161} INFO - Started process (PID=23239) to work on /home/airflow/.local/lib/python3.12/site-packages/airflow/example_dags/example_xcom.py
[2026-05-10T06:59:42.210+0000] {processor.py:830} INFO - Processing file /home/airflow/.local/lib/python3.12/site-packages/airflow/example_dags/example_xcom.py for tasks to queue
[2026-05-10T06:59:42.214+0000] {logging_mixin.py:188} INFO - [2026-05-10T06:59:42.214+0000] {dagbag.py:545} INFO - Filling up the DagBag from /home/airflow/.local/lib/python3.12/site-packages/airflow/example_dags/example_xcom.py
[2026-05-10T06:59:42.225+0000] {processor.py:840} INFO - DAG(s) 'example_xcom' retrieved from /home/airflow/.local/lib/python3.12/site-packages/airflow/example_dags/example_xcom.py
[2026-05-10T06:59:42.247+0000] {logging_mixin.py:188} INFO - [2026-05-10T06:59:42.247+0000] {dag.py:3096} INFO - Sync 1 DAGs
[2026-05-10T06:59:42.271+0000] {logging_mixin.py:188} INFO - [2026-05-10T06:59:42.271+0000] {dag.py:3954} INFO - Setting next_dagrun for example_xcom to 2021-01-01 00:00:00+00:00, run_after=2021-01-01 00:00:00+00:00
[2026-05-10T06:59:42.296+0000] {processor.py:183} INFO - Processing /home/airflow/.local/lib/python3.12/site-packages/airflow/example_dags/example_xcom.py took 0.096 seconds
[2026-05-10T07:00:12.458+0000] {processor.py:161} INFO - Started process (PID=23299) to work on /home/airflow/.local/lib/python3.12/site-packages/airflow/example_dags/example_xcom.py
[2026-05-10T07:00:12.460+0000] {processor.py:830} INFO - Processing file /home/airflow/.local/lib/python3.12/site-packages/airflow/example_dags/example_xcom.py for tasks to queue
[2026-05-10T07:00:12.462+0000] {logging_mixin.py:188} INFO - [2026-05-10T07:00:12.462+0000] {dagbag.py:545} INFO - Filling up the DagBag from /home/airflow/.local/lib/python3.12/site-packages/airflow/example_dags/example_xcom.py
[2026-05-10T07:00:12.470+0000] {processor.py:840} INFO - DAG(s) 'example_xcom' retrieved from /home/airflow/.local/lib/python3.12/site-packages/airflow/example_dags/example_xcom.py
[2026-05-10T07:00:12.490+0000] {logging_mixin.py:188} INFO - [2026-05-10T07:00:12.490+0000] {dag.py:3096} INFO - Sync 1 DAGs
[2026-05-10T07:00:12.507+0000] {logging_mixin.py:188} INFO - [2026-05-10T07:00:12.507+0000] {dag.py:3954} INFO - Setting next_dagrun for example_xcom to 2021-01-01 00:00:00+00:00, run_after=2021-01-01 00:00:00+00:00
[2026-05-10T07:00:12.524+0000] {processor.py:183} INFO - Processing /home/airflow/.local/lib/python3.12/site-packages/airflow/example_dags/example_xcom.py took 0.071 seconds
[2026-05-10T07:00:43.212+0000] {processor.py:161} INFO - Started process (PID=23359) to work on /home/airflow/.local/lib/python3.12/site-packages/airflow/example_dags/example_xcom.py
[2026-05-10T07:00:43.214+0000] {processor.py:830} INFO - Processing file /home/airflow/.local/lib/python3.12/site-packages/airflow/example_dags/example_xcom.py for tasks to queue
[2026-05-10T07:00:43.216+0000] {logging_mixin.py:188} INFO - [2026-05-10T07:00:43.215+0000] {dagbag.py:545} INFO - Filling up the DagBag from /home/airflow/.local/lib/python3.12/site-packages/airflow/example_dags/example_xcom.py
[2026-05-10T07:00:43.221+0000] {processor.py:840} INFO - DAG(s) 'example_xcom' retrieved from /home/airflow/.local/lib/python3.12/site-packages/airflow/example_dags/example_xcom.py
[2026-05-10T07:00:43.238+0000] {logging_mixin.py:188} INFO - [2026-05-10T07:00:43.238+0000] {dag.py:3096} INFO - Sync 1 DAGs
[2026-05-10T07:00:43.255+0000] {logging_mixin.py:188} INFO - [2026-05-10T07:00:43.254+0000] {dag.py:3954} INFO - Setting next_dagrun for example_xcom to 2021-01-01 00:00:00+00:00, run_after=2021-01-01 00:00:00+00:00
[2026-05-10T07:00:43.272+0000] {processor.py:183} INFO - Processing /home/airflow/.local/lib/python3.12/site-packages/airflow/example_dags/example_xcom.py took 0.065 seconds
[2026-05-10T07:01:13.755+0000] {processor.py:161} INFO - Started process (PID=23419) to work on /home/airflow/.local/lib/python3.12/site-packages/airflow/example_dags/example_xcom.py
[2026-05-10T07:01:13.757+0000] {processor.py:830} INFO - Processing file /home/airflow/.local/lib/python3.12/site-packages/airflow/example_dags/example_xcom.py for tasks to queue
[2026-05-10T07:01:13.760+0000] {logging_mixin.py:188} INFO - [2026-05-10T07:01:13.760+0000] {dagbag.py:545} INFO - Filling up the DagBag from /home/airflow/.local/lib/python3.12/site-packages/airflow/example_dags/example_xcom.py
[2026-05-10T07:01:13.769+0000] {processor.py:840} INFO - DAG(s) 'example_xcom' retrieved from /home/airflow/.local/lib/python3.12/site-packages/airflow/example_dags/example_xcom.py
[2026-05-10T07:01:13.792+0000] {logging_mixin.py:188} INFO - [2026-05-10T07:01:13.792+0000] {dag.py:3096} INFO - Sync 1 DAGs
[2026-05-10T07:01:13.815+0000] {logging_mixin.py:188} INFO - [2026-05-10T07:01:13.815+0000] {dag.py:3954} INFO - Setting next_dagrun for example_xcom to 2021-01-01 00:00:00+00:00, run_after=2021-01-01 00:00:00+00:00
[2026-05-10T07:01:13.834+0000] {processor.py:183} INFO - Processing /home/airflow/.local/lib/python3.12/site-packages/airflow/example_dags/example_xcom.py took 0.085 seconds
[2026-05-10T07:01:44.112+0000] {processor.py:161} INFO - Started process (PID=23479) to work on /home/airflow/.local/lib/python3.12/site-packages/airflow/example_dags/example_xcom.py
[2026-05-10T07:01:44.115+0000] {processor.py:830} INFO - Processing file /home/airflow/.local/lib/python3.12/site-packages/airflow/example_dags/example_xcom.py for tasks to queue
[2026-05-10T07:01:44.117+0000] {logging_mixin.py:188} INFO - [2026-05-10T07:01:44.117+0000] {dagbag.py:545} INFO - Filling up the DagBag from /home/airflow/.local/lib/python3.12/site-packages/airflow/example_dags/example_xcom.py
[2026-05-10T07:01:44.124+0000] {processor.py:840} INFO - DAG(s) 'example_xcom' retrieved from /home/airflow/.local/lib/python3.12/site-packages/airflow/example_dags/example_xcom.py
[2026-05-10T07:01:44.145+0000] {logging_mixin.py:188} INFO - [2026-05-10T07:01:44.145+0000] {dag.py:3096} INFO - Sync 1 DAGs
[2026-05-10T07:01:44.163+0000] {logging_mixin.py:188} INFO - [2026-05-10T07:01:44.163+0000] {dag.py:3954} INFO - Setting next_dagrun for example_xcom to 2021-01-01 00:00:00+00:00, run_after=2021-01-01 00:00:00+00:00
[2026-05-10T07:01:44.183+0000] {processor.py:183} INFO - Processing /home/airflow/.local/lib/python3.12/site-packages/airflow/example_dags/example_xcom.py took 0.076 seconds
[2026-05-10T07:02:14.695+0000] {processor.py:161} INFO - Started process (PID=23539) to work on /home/airflow/.local/lib/python3.12/site-packages/airflow/example_dags/example_xcom.py
[2026-05-10T07:02:14.697+0000] {processor.py:830} INFO - Processing file /home/airflow/.local/lib/python3.12/site-packages/airflow/example_dags/example_xcom.py for tasks to queue
[2026-05-10T07:02:14.699+0000] {logging_mixin.py:188} INFO - [2026-05-10T07:02:14.699+0000] {dagbag.py:545} INFO - Filling up the DagBag from /home/airflow/.local/lib/python3.12/site-packages/airflow/example_dags/example_xcom.py
[2026-05-10T07:02:14.706+0000] {processor.py:840} INFO - DAG(s) 'example_xcom' retrieved from /home/airflow/.local/lib/python3.12/site-packages/airflow/example_dags/example_xcom.py
[2026-05-10T07:02:14.725+0000] {logging_mixin.py:188} INFO - [2026-05-10T07:02:14.725+0000] {dag.py:3096} INFO - Sync 1 DAGs
[2026-05-10T07:02:14.742+0000] {logging_mixin.py:188} INFO - [2026-05-10T07:02:14.742+0000] {dag.py:3954} INFO - Setting next_dagrun for example_xcom to 2021-01-01 00:00:00+00:00, run_after=2021-01-01 00:00:00+00:00
[2026-05-10T07:02:14.760+0000] {processor.py:183} INFO - Processing /home/airflow/.local/lib/python3.12/site-packages/airflow/example_dags/example_xcom.py took 0.070 seconds
[2026-05-10T07:02:45.593+0000] {processor.py:161} INFO - Started process (PID=23599) to work on /home/airflow/.local/lib/python3.12/site-packages/airflow/example_dags/example_xcom.py
[2026-05-10T07:02:45.594+0000] {processor.py:830} INFO - Processing file /home/airflow/.local/lib/python3.12/site-packages/airflow/example_dags/example_xcom.py for tasks to queue
[2026-05-10T07:02:45.597+0000] {logging_mixin.py:188} INFO - [2026-05-10T07:02:45.597+0000] {dagbag.py:545} INFO - Filling up the DagBag from /home/airflow/.local/lib/python3.12/site-packages/airflow/example_dags/example_xcom.py
[2026-05-10T07:02:45.604+0000] {processor.py:840} INFO - DAG(s) 'example_xcom' retrieved from /home/airflow/.local/lib/python3.12/site-packages/airflow/example_dags/example_xcom.py
[2026-05-10T07:02:45.628+0000] {logging_mixin.py:188} INFO - [2026-05-10T07:02:45.628+0000] {dag.py:3096} INFO - Sync 1 DAGs
[2026-05-10T07:02:45.649+0000] {logging_mixin.py:188} INFO - [2026-05-10T07:02:45.649+0000] {dag.py:3954} INFO - Setting next_dagrun for example_xcom to 2021-01-01 00:00:00+00:00, run_after=2021-01-01 00:00:00+00:00
[2026-05-10T07:02:45.668+0000] {processor.py:183} INFO - Processing /home/airflow/.local/lib/python3.12/site-packages/airflow/example_dags/example_xcom.py took 0.080 seconds
[2026-05-10T07:03:15.839+0000] {processor.py:161} INFO - Started process (PID=23659) to work on /home/airflow/.local/lib/python3.12/site-packages/airflow/example_dags/example_xcom.py
[2026-05-10T07:03:15.840+0000] {processor.py:830} INFO - Processing file /home/airflow/.local/lib/python3.12/site-packages/airflow/example_dags/example_xcom.py for tasks to queue
[2026-05-10T07:03:15.844+0000] {logging_mixin.py:188} INFO - [2026-05-10T07:03:15.843+0000] {dagbag.py:545} INFO - Filling up the DagBag from /home/airflow/.local/lib/python3.12/site-packages/airflow/example_dags/example_xcom.py
[2026-05-10T07:03:15.850+0000] {processor.py:840} INFO - DAG(s) 'example_xcom' retrieved from /home/airflow/.local/lib/python3.12/site-packages/airflow/example_dags/example_xcom.py
[2026-05-10T07:03:15.868+0000] {logging_mixin.py:188} INFO - [2026-05-10T07:03:15.868+0000] {dag.py:3096} INFO - Sync 1 DAGs
[2026-05-10T07:03:15.884+0000] {logging_mixin.py:188} INFO - [2026-05-10T07:03:15.884+0000] {dag.py:3954} INFO - Setting next_dagrun for example_xcom to 2021-01-01 00:00:00+00:00, run_after=2021-01-01 00:00:00+00:00
[2026-05-10T07:03:15.900+0000] {processor.py:183} INFO - Processing /home/airflow/.local/lib/python3.12/site-packages/airflow/example_dags/example_xcom.py took 0.066 seconds
[2026-05-10T07:03:45.998+0000] {processor.py:161} INFO - Started process (PID=23719) to work on /home/airflow/.local/lib/python3.12/site-packages/airflow/example_dags/example_xcom.py
[2026-05-10T07:03:46.000+0000] {processor.py:830} INFO - Processing file /home/airflow/.local/lib/python3.12/site-packages/airflow/example_dags/example_xcom.py for tasks to queue
[2026-05-10T07:03:46.002+0000] {logging_mixin.py:188} INFO - [2026-05-10T07:03:46.002+0000] {dagbag.py:545} INFO - Filling up the DagBag from /home/airflow/.local/lib/python3.12/site-packages/airflow/example_dags/example_xcom.py
[2026-05-10T07:03:46.010+0000] {processor.py:840} INFO - DAG(s) 'example_xcom' retrieved from /home/airflow/.local/lib/python3.12/site-packages/airflow/example_dags/example_xcom.py
[2026-05-10T07:03:46.030+0000] {logging_mixin.py:188} INFO - [2026-05-10T07:03:46.030+0000] {dag.py:3096} INFO - Sync 1 DAGs
[2026-05-10T07:03:46.046+0000] {logging_mixin.py:188} INFO - [2026-05-10T07:03:46.046+0000] {dag.py:3954} INFO - Setting next_dagrun for example_xcom to 2021-01-01 00:00:00+00:00, run_after=2021-01-01 00:00:00+00:00
[2026-05-10T07:03:46.068+0000] {processor.py:183} INFO - Processing /home/airflow/.local/lib/python3.12/site-packages/airflow/example_dags/example_xcom.py took 0.076 seconds
[2026-05-10T07:04:16.495+0000] {processor.py:161} INFO - Started process (PID=23779) to work on /home/airflow/.local/lib/python3.12/site-packages/airflow/example_dags/example_xcom.py
[2026-05-10T07:04:16.499+0000] {processor.py:830} INFO - Processing file /home/airflow/.local/lib/python3.12/site-packages/airflow/example_dags/example_xcom.py for tasks to queue
[2026-05-10T07:04:16.501+0000] {logging_mixin.py:188} INFO - [2026-05-10T07:04:16.501+0000] {dagbag.py:545} INFO - Filling up the DagBag from /home/airflow/.local/lib/python3.12/site-packages/airflow/example_dags/example_xcom.py
[2026-05-10T07:04:16.508+0000] {processor.py:840} INFO - DAG(s) 'example_xcom' retrieved from /home/airflow/.local/lib/python3.12/site-packages/airflow/example_dags/example_xcom.py
[2026-05-10T07:04:16.527+0000] {logging_mixin.py:188} INFO - [2026-05-10T07:04:16.527+0000] {dag.py:3096} INFO - Sync 1 DAGs
[2026-05-10T07:04:16.546+0000] {logging_mixin.py:188} INFO - [2026-05-10T07:04:16.545+0000] {dag.py:3954} INFO - Setting next_dagrun for example_xcom to 2021-01-01 00:00:00+00:00, run_after=2021-01-01 00:00:00+00:00
[2026-05-10T07:04:16.564+0000] {processor.py:183} INFO - Processing /home/airflow/.local/lib/python3.12/site-packages/airflow/example_dags/example_xcom.py took 0.073 seconds
[2026-05-10T07:04:46.783+0000] {processor.py:161} INFO - Started process (PID=23839) to work on /home/airflow/.local/lib/python3.12/site-packages/airflow/example_dags/example_xcom.py
[2026-05-10T07:04:46.785+0000] {processor.py:830} INFO - Processing file /home/airflow/.local/lib/python3.12/site-packages/airflow/example_dags/example_xcom.py for tasks to queue
[2026-05-10T07:04:46.787+0000] {logging_mixin.py:188} INFO - [2026-05-10T07:04:46.786+0000] {dagbag.py:545} INFO - Filling up the DagBag from /home/airflow/.local/lib/python3.12/site-packages/airflow/example_dags/example_xcom.py
[2026-05-10T07:04:46.793+0000] {processor.py:840} INFO - DAG(s) 'example_xcom' retrieved from /home/airflow/.local/lib/python3.12/site-packages/airflow/example_dags/example_xcom.py
[2026-05-10T07:04:46.811+0000] {logging_mixin.py:188} INFO - [2026-05-10T07:04:46.811+0000] {dag.py:3096} INFO - Sync 1 DAGs
[2026-05-10T07:04:46.829+0000] {logging_mixin.py:188} INFO - [2026-05-10T07:04:46.828+0000] {dag.py:3954} INFO - Setting next_dagrun for example_xcom to 2021-01-01 00:00:00+00:00, run_after=2021-01-01 00:00:00+00:00
[2026-05-10T07:04:46.845+0000] {processor.py:183} INFO - Processing /home/airflow/.local/lib/python3.12/site-packages/airflow/example_dags/example_xcom.py took 0.067 seconds
[2026-05-10T07:05:17.234+0000] {processor.py:161} INFO - Started process (PID=23899) to work on /home/airflow/.local/lib/python3.12/site-packages/airflow/example_dags/example_xcom.py
[2026-05-10T07:05:17.239+0000] {processor.py:830} INFO - Processing file /home/airflow/.local/lib/python3.12/site-packages/airflow/example_dags/example_xcom.py for tasks to queue
[2026-05-10T07:05:17.243+0000] {logging_mixin.py:188} INFO - [2026-05-10T07:05:17.243+0000] {dagbag.py:545} INFO - Filling up the DagBag from /home/airflow/.local/lib/python3.12/site-packages/airflow/example_dags/example_xcom.py
[2026-05-10T07:05:17.249+0000] {processor.py:840} INFO - DAG(s) 'example_xcom' retrieved from /home/airflow/.local/lib/python3.12/site-packages/airflow/example_dags/example_xcom.py
[2026-05-10T07:05:17.269+0000] {logging_mixin.py:188} INFO - [2026-05-10T07:05:17.269+0000] {dag.py:3096} INFO - Sync 1 DAGs
[2026-05-10T07:05:17.290+0000] {logging_mixin.py:188} INFO - [2026-05-10T07:05:17.290+0000] {dag.py:3954} INFO - Setting next_dagrun for example_xcom to 2021-01-01 00:00:00+00:00, run_after=2021-01-01 00:00:00+00:00
[2026-05-10T07:05:17.362+0000] {processor.py:183} INFO - Processing /home/airflow/.local/lib/python3.12/site-packages/airflow/example_dags/example_xcom.py took 0.133 seconds
[2026-05-10T07:05:47.444+0000] {processor.py:161} INFO - Started process (PID=23959) to work on /home/airflow/.local/lib/python3.12/site-packages/airflow/example_dags/example_xcom.py
[2026-05-10T07:05:47.446+0000] {processor.py:830} INFO - Processing file /home/airflow/.local/lib/python3.12/site-packages/airflow/example_dags/example_xcom.py for tasks to queue
[2026-05-10T07:05:47.448+0000] {logging_mixin.py:188} INFO - [2026-05-10T07:05:47.448+0000] {dagbag.py:545} INFO - Filling up the DagBag from /home/airflow/.local/lib/python3.12/site-packages/airflow/example_dags/example_xcom.py
[2026-05-10T07:05:47.454+0000] {processor.py:840} INFO - DAG(s) 'example_xcom' retrieved from /home/airflow/.local/lib/python3.12/site-packages/airflow/example_dags/example_xcom.py
[2026-05-10T07:05:47.472+0000] {logging_mixin.py:188} INFO - [2026-05-10T07:05:47.471+0000] {dag.py:3096} INFO - Sync 1 DAGs
[2026-05-10T07:05:47.488+0000] {logging_mixin.py:188} INFO - [2026-05-10T07:05:47.488+0000] {dag.py:3954} INFO - Setting next_dagrun for example_xcom to 2021-01-01 00:00:00+00:00, run_after=2021-01-01 00:00:00+00:00
[2026-05-10T07:05:47.503+0000] {processor.py:183} INFO - Processing /home/airflow/.local/lib/python3.12/site-packages/airflow/example_dags/example_xcom.py took 0.065 seconds
[2026-05-10T07:06:17.600+0000] {processor.py:161} INFO - Started process (PID=24019) to work on /home/airflow/.local/lib/python3.12/site-packages/airflow/example_dags/example_xcom.py
[2026-05-10T07:06:17.601+0000] {processor.py:830} INFO - Processing file /home/airflow/.local/lib/python3.12/site-packages/airflow/example_dags/example_xcom.py for tasks to queue
[2026-05-10T07:06:17.603+0000] {logging_mixin.py:188} INFO - [2026-05-10T07:06:17.602+0000] {dagbag.py:545} INFO - Filling up the DagBag from /home/airflow/.local/lib/python3.12/site-packages/airflow/example_dags/example_xcom.py
[2026-05-10T07:06:17.609+0000] {processor.py:840} INFO - DAG(s) 'example_xcom' retrieved from /home/airflow/.local/lib/python3.12/site-packages/airflow/example_dags/example_xcom.py
[2026-05-10T07:06:17.628+0000] {logging_mixin.py:188} INFO - [2026-05-10T07:06:17.628+0000] {dag.py:3096} INFO - Sync 1 DAGs
[2026-05-10T07:06:17.647+0000] {logging_mixin.py:188} INFO - [2026-05-10T07:06:17.647+0000] {dag.py:3954} INFO - Setting next_dagrun for example_xcom to 2021-01-01 00:00:00+00:00, run_after=2021-01-01 00:00:00+00:00
[2026-05-10T07:06:17.663+0000] {processor.py:183} INFO - Processing /home/airflow/.local/lib/python3.12/site-packages/airflow/example_dags/example_xcom.py took 0.068 seconds
[2026-05-10T07:06:47.882+0000] {processor.py:161} INFO - Started process (PID=24078) to work on /home/airflow/.local/lib/python3.12/site-packages/airflow/example_dags/example_xcom.py
[2026-05-10T07:06:47.887+0000] {processor.py:830} INFO - Processing file /home/airflow/.local/lib/python3.12/site-packages/airflow/example_dags/example_xcom.py for tasks to queue
[2026-05-10T07:06:47.889+0000] {logging_mixin.py:188} INFO - [2026-05-10T07:06:47.889+0000] {dagbag.py:545} INFO - Filling up the DagBag from /home/airflow/.local/lib/python3.12/site-packages/airflow/example_dags/example_xcom.py
[2026-05-10T07:06:47.898+0000] {processor.py:840} INFO - DAG(s) 'example_xcom' retrieved from /home/airflow/.local/lib/python3.12/site-packages/airflow/example_dags/example_xcom.py
[2026-05-10T07:06:47.917+0000] {logging_mixin.py:188} INFO - [2026-05-10T07:06:47.917+0000] {dag.py:3096} INFO - Sync 1 DAGs
[2026-05-10T07:06:47.936+0000] {logging_mixin.py:188} INFO - [2026-05-10T07:06:47.936+0000] {dag.py:3954} INFO - Setting next_dagrun for example_xcom to 2021-01-01 00:00:00+00:00, run_after=2021-01-01 00:00:00+00:00
[2026-05-10T07:06:47.953+0000] {processor.py:183} INFO - Processing /home/airflow/.local/lib/python3.12/site-packages/airflow/example_dags/example_xcom.py took 0.076 seconds
[2026-05-10T07:07:18.161+0000] {processor.py:161} INFO - Started process (PID=24138) to work on /home/airflow/.local/lib/python3.12/site-packages/airflow/example_dags/example_xcom.py
[2026-05-10T07:07:18.163+0000] {processor.py:830} INFO - Processing file /home/airflow/.local/lib/python3.12/site-packages/airflow/example_dags/example_xcom.py for tasks to queue
[2026-05-10T07:07:18.166+0000] {logging_mixin.py:188} INFO - [2026-05-10T07:07:18.165+0000] {dagbag.py:545} INFO - Filling up the DagBag from /home/airflow/.local/lib/python3.12/site-packages/airflow/example_dags/example_xcom.py
[2026-05-10T07:07:18.172+0000] {processor.py:840} INFO - DAG(s) 'example_xcom' retrieved from /home/airflow/.local/lib/python3.12/site-packages/airflow/example_dags/example_xcom.py
[2026-05-10T07:07:18.191+0000] {logging_mixin.py:188} INFO - [2026-05-10T07:07:18.191+0000] {dag.py:3096} INFO - Sync 1 DAGs
[2026-05-10T07:07:18.210+0000] {logging_mixin.py:188} INFO - [2026-05-10T07:07:18.210+0000] {dag.py:3954} INFO - Setting next_dagrun for example_xcom to 2021-01-01 00:00:00+00:00, run_after=2021-01-01 00:00:00+00:00
[2026-05-10T07:07:18.229+0000] {processor.py:183} INFO - Processing /home/airflow/.local/lib/python3.12/site-packages/airflow/example_dags/example_xcom.py took 0.072 seconds
[2026-05-10T07:07:48.815+0000] {processor.py:161} INFO - Started process (PID=24198) to work on /home/airflow/.local/lib/python3.12/site-packages/airflow/example_dags/example_xcom.py
[2026-05-10T07:07:48.816+0000] {processor.py:830} INFO - Processing file /home/airflow/.local/lib/python3.12/site-packages/airflow/example_dags/example_xcom.py for tasks to queue
[2026-05-10T07:07:48.818+0000] {logging_mixin.py:188} INFO - [2026-05-10T07:07:48.817+0000] {dagbag.py:545} INFO - Filling up the DagBag from /home/airflow/.local/lib/python3.12/site-packages/airflow/example_dags/example_xcom.py
[2026-05-10T07:07:48.823+0000] {processor.py:840} INFO - DAG(s) 'example_xcom' retrieved from /home/airflow/.local/lib/python3.12/site-packages/airflow/example_dags/example_xcom.py
[2026-05-10T07:07:48.843+0000] {logging_mixin.py:188} INFO - [2026-05-10T07:07:48.843+0000] {dag.py:3096} INFO - Sync 1 DAGs
[2026-05-10T07:07:48.859+0000] {logging_mixin.py:188} INFO - [2026-05-10T07:07:48.859+0000] {dag.py:3954} INFO - Setting next_dagrun for example_xcom to 2021-01-01 00:00:00+00:00, run_after=2021-01-01 00:00:00+00:00
[2026-05-10T07:07:48.874+0000] {processor.py:183} INFO - Processing /home/airflow/.local/lib/python3.12/site-packages/airflow/example_dags/example_xcom.py took 0.064 seconds
[2026-05-10T07:08:19.342+0000] {processor.py:161} INFO - Started process (PID=24258) to work on /home/airflow/.local/lib/python3.12/site-packages/airflow/example_dags/example_xcom.py
[2026-05-10T07:08:19.344+0000] {processor.py:830} INFO - Processing file /home/airflow/.local/lib/python3.12/site-packages/airflow/example_dags/example_xcom.py for tasks to queue
[2026-05-10T07:08:19.348+0000] {logging_mixin.py:188} INFO - [2026-05-10T07:08:19.347+0000] {dagbag.py:545} INFO - Filling up the DagBag from /home/airflow/.local/lib/python3.12/site-packages/airflow/example_dags/example_xcom.py
[2026-05-10T07:08:19.361+0000] {processor.py:840} INFO - DAG(s) 'example_xcom' retrieved from /home/airflow/.local/lib/python3.12/site-packages/airflow/example_dags/example_xcom.py
[2026-05-10T07:08:19.394+0000] {logging_mixin.py:188} INFO - [2026-05-10T07:08:19.393+0000] {dag.py:3096} INFO - Sync 1 DAGs
[2026-05-10T07:08:19.426+0000] {logging_mixin.py:188} INFO - [2026-05-10T07:08:19.425+0000] {dag.py:3954} INFO - Setting next_dagrun for example_xcom to 2021-01-01 00:00:00+00:00, run_after=2021-01-01 00:00:00+00:00
[2026-05-10T07:08:19.456+0000] {processor.py:183} INFO - Processing /home/airflow/.local/lib/python3.12/site-packages/airflow/example_dags/example_xcom.py took 0.124 seconds
[2026-05-10T07:08:49.934+0000] {processor.py:161} INFO - Started process (PID=24318) to work on /home/airflow/.local/lib/python3.12/site-packages/airflow/example_dags/example_xcom.py
[2026-05-10T07:08:49.936+0000] {processor.py:830} INFO - Processing file /home/airflow/.local/lib/python3.12/site-packages/airflow/example_dags/example_xcom.py for tasks to queue
[2026-05-10T07:08:49.940+0000] {logging_mixin.py:188} INFO - [2026-05-10T07:08:49.939+0000] {dagbag.py:545} INFO - Filling up the DagBag from /home/airflow/.local/lib/python3.12/site-packages/airflow/example_dags/example_xcom.py
[2026-05-10T07:08:49.954+0000] {processor.py:840} INFO - DAG(s) 'example_xcom' retrieved from /home/airflow/.local/lib/python3.12/site-packages/airflow/example_dags/example_xcom.py
[2026-05-10T07:08:50.003+0000] {logging_mixin.py:188} INFO - [2026-05-10T07:08:50.003+0000] {dag.py:3096} INFO - Sync 1 DAGs
[2026-05-10T07:08:50.059+0000] {logging_mixin.py:188} INFO - [2026-05-10T07:08:50.059+0000] {dag.py:3954} INFO - Setting next_dagrun for example_xcom to 2021-01-01 00:00:00+00:00, run_after=2021-01-01 00:00:00+00:00
[2026-05-10T07:08:50.091+0000] {processor.py:183} INFO - Processing /home/airflow/.local/lib/python3.12/site-packages/airflow/example_dags/example_xcom.py took 0.166 seconds
[2026-05-10T07:09:20.410+0000] {processor.py:161} INFO - Started process (PID=24378) to work on /home/airflow/.local/lib/python3.12/site-packages/airflow/example_dags/example_xcom.py
[2026-05-10T07:09:20.412+0000] {processor.py:830} INFO - Processing file /home/airflow/.local/lib/python3.12/site-packages/airflow/example_dags/example_xcom.py for tasks to queue
[2026-05-10T07:09:20.414+0000] {logging_mixin.py:188} INFO - [2026-05-10T07:09:20.414+0000] {dagbag.py:545} INFO - Filling up the DagBag from /home/airflow/.local/lib/python3.12/site-packages/airflow/example_dags/example_xcom.py
[2026-05-10T07:09:20.424+0000] {processor.py:840} INFO - DAG(s) 'example_xcom' retrieved from /home/airflow/.local/lib/python3.12/site-packages/airflow/example_dags/example_xcom.py
[2026-05-10T07:09:20.446+0000] {logging_mixin.py:188} INFO - [2026-05-10T07:09:20.446+0000] {dag.py:3096} INFO - Sync 1 DAGs
[2026-05-10T07:09:20.465+0000] {logging_mixin.py:188} INFO - [2026-05-10T07:09:20.465+0000] {dag.py:3954} INFO - Setting next_dagrun for example_xcom to 2021-01-01 00:00:00+00:00, run_after=2021-01-01 00:00:00+00:00
[2026-05-10T07:09:20.485+0000] {processor.py:183} INFO - Processing /home/airflow/.local/lib/python3.12/site-packages/airflow/example_dags/example_xcom.py took 0.081 seconds
[2026-05-10T07:09:51.088+0000] {processor.py:161} INFO - Started process (PID=24438) to work on /home/airflow/.local/lib/python3.12/site-packages/airflow/example_dags/example_xcom.py
[2026-05-10T07:09:51.091+0000] {processor.py:830} INFO - Processing file /home/airflow/.local/lib/python3.12/site-packages/airflow/example_dags/example_xcom.py for tasks to queue
[2026-05-10T07:09:51.096+0000] {logging_mixin.py:188} INFO - [2026-05-10T07:09:51.095+0000] {dagbag.py:545} INFO - Filling up the DagBag from /home/airflow/.local/lib/python3.12/site-packages/airflow/example_dags/example_xcom.py
[2026-05-10T07:09:51.106+0000] {processor.py:840} INFO - DAG(s) 'example_xcom' retrieved from /home/airflow/.local/lib/python3.12/site-packages/airflow/example_dags/example_xcom.py
[2026-05-10T07:09:51.131+0000] {logging_mixin.py:188} INFO - [2026-05-10T07:09:51.130+0000] {dag.py:3096} INFO - Sync 1 DAGs
[2026-05-10T07:09:51.152+0000] {logging_mixin.py:188} INFO - [2026-05-10T07:09:51.152+0000] {dag.py:3954} INFO - Setting next_dagrun for example_xcom to 2021-01-01 00:00:00+00:00, run_after=2021-01-01 00:00:00+00:00
[2026-05-10T07:09:51.171+0000] {processor.py:183} INFO - Processing /home/airflow/.local/lib/python3.12/site-packages/airflow/example_dags/example_xcom.py took 0.096 seconds
[2026-05-10T07:10:21.435+0000] {processor.py:161} INFO - Started process (PID=24498) to work on /home/airflow/.local/lib/python3.12/site-packages/airflow/example_dags/example_xcom.py
[2026-05-10T07:10:21.436+0000] {processor.py:830} INFO - Processing file /home/airflow/.local/lib/python3.12/site-packages/airflow/example_dags/example_xcom.py for tasks to queue
[2026-05-10T07:10:21.438+0000] {logging_mixin.py:188} INFO - [2026-05-10T07:10:21.437+0000] {dagbag.py:545} INFO - Filling up the DagBag from /home/airflow/.local/lib/python3.12/site-packages/airflow/example_dags/example_xcom.py
[2026-05-10T07:10:21.444+0000] {processor.py:840} INFO - DAG(s) 'example_xcom' retrieved from /home/airflow/.local/lib/python3.12/site-packages/airflow/example_dags/example_xcom.py
[2026-05-10T07:10:21.462+0000] {logging_mixin.py:188} INFO - [2026-05-10T07:10:21.462+0000] {dag.py:3096} INFO - Sync 1 DAGs
[2026-05-10T07:10:21.480+0000] {logging_mixin.py:188} INFO - [2026-05-10T07:10:21.480+0000] {dag.py:3954} INFO - Setting next_dagrun for example_xcom to 2021-01-01 00:00:00+00:00, run_after=2021-01-01 00:00:00+00:00
[2026-05-10T07:10:21.500+0000] {processor.py:183} INFO - Processing /home/airflow/.local/lib/python3.12/site-packages/airflow/example_dags/example_xcom.py took 0.069 seconds
[2026-05-10T07:10:51.885+0000] {processor.py:161} INFO - Started process (PID=24558) to work on /home/airflow/.local/lib/python3.12/site-packages/airflow/example_dags/example_xcom.py
[2026-05-10T07:10:51.887+0000] {processor.py:830} INFO - Processing file /home/airflow/.local/lib/python3.12/site-packages/airflow/example_dags/example_xcom.py for tasks to queue
[2026-05-10T07:10:51.891+0000] {logging_mixin.py:188} INFO - [2026-05-10T07:10:51.891+0000] {dagbag.py:545} INFO - Filling up the DagBag from /home/airflow/.local/lib/python3.12/site-packages/airflow/example_dags/example_xcom.py
[2026-05-10T07:10:51.900+0000] {processor.py:840} INFO - DAG(s) 'example_xcom' retrieved from /home/airflow/.local/lib/python3.12/site-packages/airflow/example_dags/example_xcom.py
[2026-05-10T07:10:51.921+0000] {logging_mixin.py:188} INFO - [2026-05-10T07:10:51.920+0000] {dag.py:3096} INFO - Sync 1 DAGs
[2026-05-10T07:10:51.943+0000] {logging_mixin.py:188} INFO - [2026-05-10T07:10:51.942+0000] {dag.py:3954} INFO - Setting next_dagrun for example_xcom to 2021-01-01 00:00:00+00:00, run_after=2021-01-01 00:00:00+00:00
[2026-05-10T07:10:51.963+0000] {processor.py:183} INFO - Processing /home/airflow/.local/lib/python3.12/site-packages/airflow/example_dags/example_xcom.py took 0.083 seconds
[2026-05-10T07:11:22.252+0000] {processor.py:161} INFO - Started process (PID=24618) to work on /home/airflow/.local/lib/python3.12/site-packages/airflow/example_dags/example_xcom.py
[2026-05-10T07:11:22.254+0000] {processor.py:830} INFO - Processing file /home/airflow/.local/lib/python3.12/site-packages/airflow/example_dags/example_xcom.py for tasks to queue
[2026-05-10T07:11:22.259+0000] {logging_mixin.py:188} INFO - [2026-05-10T07:11:22.259+0000] {dagbag.py:545} INFO - Filling up the DagBag from /home/airflow/.local/lib/python3.12/site-packages/airflow/example_dags/example_xcom.py
[2026-05-10T07:11:22.273+0000] {processor.py:840} INFO - DAG(s) 'example_xcom' retrieved from /home/airflow/.local/lib/python3.12/site-packages/airflow/example_dags/example_xcom.py
[2026-05-10T07:11:22.317+0000] {logging_mixin.py:188} INFO - [2026-05-10T07:11:22.317+0000] {dag.py:3096} INFO - Sync 1 DAGs
[2026-05-10T07:11:22.346+0000] {logging_mixin.py:188} INFO - [2026-05-10T07:11:22.346+0000] {dag.py:3954} INFO - Setting next_dagrun for example_xcom to 2021-01-01 00:00:00+00:00, run_after=2021-01-01 00:00:00+00:00
[2026-05-10T07:11:22.379+0000] {processor.py:183} INFO - Processing /home/airflow/.local/lib/python3.12/site-packages/airflow/example_dags/example_xcom.py took 0.141 seconds
[2026-05-10T07:11:52.670+0000] {processor.py:161} INFO - Started process (PID=24678) to work on /home/airflow/.local/lib/python3.12/site-packages/airflow/example_dags/example_xcom.py
[2026-05-10T07:11:52.672+0000] {processor.py:830} INFO - Processing file /home/airflow/.local/lib/python3.12/site-packages/airflow/example_dags/example_xcom.py for tasks to queue
[2026-05-10T07:11:52.675+0000] {logging_mixin.py:188} INFO - [2026-05-10T07:11:52.674+0000] {dagbag.py:545} INFO - Filling up the DagBag from /home/airflow/.local/lib/python3.12/site-packages/airflow/example_dags/example_xcom.py
[2026-05-10T07:11:52.683+0000] {processor.py:840} INFO - DAG(s) 'example_xcom' retrieved from /home/airflow/.local/lib/python3.12/site-packages/airflow/example_dags/example_xcom.py
[2026-05-10T07:11:52.700+0000] {logging_mixin.py:188} INFO - [2026-05-10T07:11:52.700+0000] {dag.py:3096} INFO - Sync 1 DAGs
[2026-05-10T07:11:52.716+0000] {logging_mixin.py:188} INFO - [2026-05-10T07:11:52.716+0000] {dag.py:3954} INFO - Setting next_dagrun for example_xcom to 2021-01-01 00:00:00+00:00, run_after=2021-01-01 00:00:00+00:00
[2026-05-10T07:11:52.732+0000] {processor.py:183} INFO - Processing /home/airflow/.local/lib/python3.12/site-packages/airflow/example_dags/example_xcom.py took 0.067 seconds
[2026-05-10T07:12:23.448+0000] {processor.py:161} INFO - Started process (PID=24738) to work on /home/airflow/.local/lib/python3.12/site-packages/airflow/example_dags/example_xcom.py
[2026-05-10T07:12:23.449+0000] {processor.py:830} INFO - Processing file /home/airflow/.local/lib/python3.12/site-packages/airflow/example_dags/example_xcom.py for tasks to queue
[2026-05-10T07:12:23.451+0000] {logging_mixin.py:188} INFO - [2026-05-10T07:12:23.450+0000] {dagbag.py:545} INFO - Filling up the DagBag from /home/airflow/.local/lib/python3.12/site-packages/airflow/example_dags/example_xcom.py
[2026-05-10T07:12:23.458+0000] {processor.py:840} INFO - DAG(s) 'example_xcom' retrieved from /home/airflow/.local/lib/python3.12/site-packages/airflow/example_dags/example_xcom.py
[2026-05-10T07:12:23.478+0000] {logging_mixin.py:188} INFO - [2026-05-10T07:12:23.478+0000] {dag.py:3096} INFO - Sync 1 DAGs
[2026-05-10T07:12:23.495+0000] {logging_mixin.py:188} INFO - [2026-05-10T07:12:23.495+0000] {dag.py:3954} INFO - Setting next_dagrun for example_xcom to 2021-01-01 00:00:00+00:00, run_after=2021-01-01 00:00:00+00:00
[2026-05-10T07:12:23.513+0000] {processor.py:183} INFO - Processing /home/airflow/.local/lib/python3.12/site-packages/airflow/example_dags/example_xcom.py took 0.070 seconds
[2026-05-10T07:12:53.925+0000] {processor.py:161} INFO - Started process (PID=24798) to work on /home/airflow/.local/lib/python3.12/site-packages/airflow/example_dags/example_xcom.py
[2026-05-10T07:12:53.929+0000] {processor.py:830} INFO - Processing file /home/airflow/.local/lib/python3.12/site-packages/airflow/example_dags/example_xcom.py for tasks to queue
[2026-05-10T07:12:53.931+0000] {logging_mixin.py:188} INFO - [2026-05-10T07:12:53.931+0000] {dagbag.py:545} INFO - Filling up the DagBag from /home/airflow/.local/lib/python3.12/site-packages/airflow/example_dags/example_xcom.py
[2026-05-10T07:12:53.937+0000] {processor.py:840} INFO - DAG(s) 'example_xcom' retrieved from /home/airflow/.local/lib/python3.12/site-packages/airflow/example_dags/example_xcom.py
[2026-05-10T07:12:53.957+0000] {logging_mixin.py:188} INFO - [2026-05-10T07:12:53.956+0000] {dag.py:3096} INFO - Sync 1 DAGs
[2026-05-10T07:12:53.973+0000] {logging_mixin.py:188} INFO - [2026-05-10T07:12:53.973+0000] {dag.py:3954} INFO - Setting next_dagrun for example_xcom to 2021-01-01 00:00:00+00:00, run_after=2021-01-01 00:00:00+00:00
[2026-05-10T07:12:53.988+0000] {processor.py:183} INFO - Processing /home/airflow/.local/lib/python3.12/site-packages/airflow/example_dags/example_xcom.py took 0.069 seconds
[2026-05-10T07:13:24.368+0000] {processor.py:161} INFO - Started process (PID=24858) to work on /home/airflow/.local/lib/python3.12/site-packages/airflow/example_dags/example_xcom.py
[2026-05-10T07:13:24.370+0000] {processor.py:830} INFO - Processing file /home/airflow/.local/lib/python3.12/site-packages/airflow/example_dags/example_xcom.py for tasks to queue
[2026-05-10T07:13:24.373+0000] {logging_mixin.py:188} INFO - [2026-05-10T07:13:24.372+0000] {dagbag.py:545} INFO - Filling up the DagBag from /home/airflow/.local/lib/python3.12/site-packages/airflow/example_dags/example_xcom.py
[2026-05-10T07:13:24.380+0000] {processor.py:840} INFO - DAG(s) 'example_xcom' retrieved from /home/airflow/.local/lib/python3.12/site-packages/airflow/example_dags/example_xcom.py
[2026-05-10T07:13:24.396+0000] {logging_mixin.py:188} INFO - [2026-05-10T07:13:24.396+0000] {dag.py:3096} INFO - Sync 1 DAGs
[2026-05-10T07:13:24.413+0000] {logging_mixin.py:188} INFO - [2026-05-10T07:13:24.412+0000] {dag.py:3954} INFO - Setting next_dagrun for example_xcom to 2021-01-01 00:00:00+00:00, run_after=2021-01-01 00:00:00+00:00
[2026-05-10T07:13:24.431+0000] {processor.py:183} INFO - Processing /home/airflow/.local/lib/python3.12/site-packages/airflow/example_dags/example_xcom.py took 0.069 seconds
[2026-05-10T07:13:55.051+0000] {processor.py:161} INFO - Started process (PID=24918) to work on /home/airflow/.local/lib/python3.12/site-packages/airflow/example_dags/example_xcom.py
[2026-05-10T07:13:55.053+0000] {processor.py:830} INFO - Processing file /home/airflow/.local/lib/python3.12/site-packages/airflow/example_dags/example_xcom.py for tasks to queue
[2026-05-10T07:13:55.056+0000] {logging_mixin.py:188} INFO - [2026-05-10T07:13:55.055+0000] {dagbag.py:545} INFO - Filling up the DagBag from /home/airflow/.local/lib/python3.12/site-packages/airflow/example_dags/example_xcom.py
[2026-05-10T07:13:55.062+0000] {processor.py:840} INFO - DAG(s) 'example_xcom' retrieved from /home/airflow/.local/lib/python3.12/site-packages/airflow/example_dags/example_xcom.py
[2026-05-10T07:13:55.080+0000] {logging_mixin.py:188} INFO - [2026-05-10T07:13:55.079+0000] {dag.py:3096} INFO - Sync 1 DAGs
[2026-05-10T07:13:55.098+0000] {logging_mixin.py:188} INFO - [2026-05-10T07:13:55.098+0000] {dag.py:3954} INFO - Setting next_dagrun for example_xcom to 2021-01-01 00:00:00+00:00, run_after=2021-01-01 00:00:00+00:00
[2026-05-10T07:13:55.117+0000] {processor.py:183} INFO - Processing /home/airflow/.local/lib/python3.12/site-packages/airflow/example_dags/example_xcom.py took 0.072 seconds
[2026-05-10T07:14:25.512+0000] {processor.py:161} INFO - Started process (PID=24978) to work on /home/airflow/.local/lib/python3.12/site-packages/airflow/example_dags/example_xcom.py
[2026-05-10T07:14:25.514+0000] {processor.py:830} INFO - Processing file /home/airflow/.local/lib/python3.12/site-packages/airflow/example_dags/example_xcom.py for tasks to queue
[2026-05-10T07:14:25.516+0000] {logging_mixin.py:188} INFO - [2026-05-10T07:14:25.516+0000] {dagbag.py:545} INFO - Filling up the DagBag from /home/airflow/.local/lib/python3.12/site-packages/airflow/example_dags/example_xcom.py
[2026-05-10T07:14:25.523+0000] {processor.py:840} INFO - DAG(s) 'example_xcom' retrieved from /home/airflow/.local/lib/python3.12/site-packages/airflow/example_dags/example_xcom.py
[2026-05-10T07:14:25.543+0000] {logging_mixin.py:188} INFO - [2026-05-10T07:14:25.543+0000] {dag.py:3096} INFO - Sync 1 DAGs
[2026-05-10T07:14:25.562+0000] {logging_mixin.py:188} INFO - [2026-05-10T07:14:25.562+0000] {dag.py:3954} INFO - Setting next_dagrun for example_xcom to 2021-01-01 00:00:00+00:00, run_after=2021-01-01 00:00:00+00:00
[2026-05-10T07:14:25.581+0000] {processor.py:183} INFO - Processing /home/airflow/.local/lib/python3.12/site-packages/airflow/example_dags/example_xcom.py took 0.073 seconds
[2026-05-10T07:14:56.330+0000] {processor.py:161} INFO - Started process (PID=25038) to work on /home/airflow/.local/lib/python3.12/site-packages/airflow/example_dags/example_xcom.py
[2026-05-10T07:14:56.331+0000] {processor.py:830} INFO - Processing file /home/airflow/.local/lib/python3.12/site-packages/airflow/example_dags/example_xcom.py for tasks to queue
[2026-05-10T07:14:56.334+0000] {logging_mixin.py:188} INFO - [2026-05-10T07:14:56.333+0000] {dagbag.py:545} INFO - Filling up the DagBag from /home/airflow/.local/lib/python3.12/site-packages/airflow/example_dags/example_xcom.py
[2026-05-10T07:14:56.341+0000] {processor.py:840} INFO - DAG(s) 'example_xcom' retrieved from /home/airflow/.local/lib/python3.12/site-packages/airflow/example_dags/example_xcom.py
[2026-05-10T07:14:56.363+0000] {logging_mixin.py:188} INFO - [2026-05-10T07:14:56.362+0000] {dag.py:3096} INFO - Sync 1 DAGs
[2026-05-10T07:14:56.382+0000] {logging_mixin.py:188} INFO - [2026-05-10T07:14:56.382+0000] {dag.py:3954} INFO - Setting next_dagrun for example_xcom to 2021-01-01 00:00:00+00:00, run_after=2021-01-01 00:00:00+00:00
[2026-05-10T07:14:56.400+0000] {processor.py:183} INFO - Processing /home/airflow/.local/lib/python3.12/site-packages/airflow/example_dags/example_xcom.py took 0.075 seconds
[2026-05-10T07:15:26.688+0000] {processor.py:161} INFO - Started process (PID=25098) to work on /home/airflow/.local/lib/python3.12/site-packages/airflow/example_dags/example_xcom.py
[2026-05-10T07:15:26.690+0000] {processor.py:830} INFO - Processing file /home/airflow/.local/lib/python3.12/site-packages/airflow/example_dags/example_xcom.py for tasks to queue
[2026-05-10T07:15:26.691+0000] {logging_mixin.py:188} INFO - [2026-05-10T07:15:26.691+0000] {dagbag.py:545} INFO - Filling up the DagBag from /home/airflow/.local/lib/python3.12/site-packages/airflow/example_dags/example_xcom.py
[2026-05-10T07:15:26.698+0000] {processor.py:840} INFO - DAG(s) 'example_xcom' retrieved from /home/airflow/.local/lib/python3.12/site-packages/airflow/example_dags/example_xcom.py
[2026-05-10T07:15:26.716+0000] {logging_mixin.py:188} INFO - [2026-05-10T07:15:26.715+0000] {dag.py:3096} INFO - Sync 1 DAGs
[2026-05-10T07:15:26.731+0000] {logging_mixin.py:188} INFO - [2026-05-10T07:15:26.731+0000] {dag.py:3954} INFO - Setting next_dagrun for example_xcom to 2021-01-01 00:00:00+00:00, run_after=2021-01-01 00:00:00+00:00
[2026-05-10T07:15:26.748+0000] {processor.py:183} INFO - Processing /home/airflow/.local/lib/python3.12/site-packages/airflow/example_dags/example_xcom.py took 0.064 seconds
[2026-05-10T07:15:56.993+0000] {processor.py:161} INFO - Started process (PID=25158) to work on /home/airflow/.local/lib/python3.12/site-packages/airflow/example_dags/example_xcom.py
[2026-05-10T07:15:56.995+0000] {processor.py:830} INFO - Processing file /home/airflow/.local/lib/python3.12/site-packages/airflow/example_dags/example_xcom.py for tasks to queue
[2026-05-10T07:15:56.997+0000] {logging_mixin.py:188} INFO - [2026-05-10T07:15:56.997+0000] {dagbag.py:545} INFO - Filling up the DagBag from /home/airflow/.local/lib/python3.12/site-packages/airflow/example_dags/example_xcom.py
[2026-05-10T07:15:57.005+0000] {processor.py:840} INFO - DAG(s) 'example_xcom' retrieved from /home/airflow/.local/lib/python3.12/site-packages/airflow/example_dags/example_xcom.py
[2026-05-10T07:15:57.029+0000] {logging_mixin.py:188} INFO - [2026-05-10T07:15:57.029+0000] {dag.py:3096} INFO - Sync 1 DAGs
[2026-05-10T07:15:57.049+0000] {logging_mixin.py:188} INFO - [2026-05-10T07:15:57.049+0000] {dag.py:3954} INFO - Setting next_dagrun for example_xcom to 2021-01-01 00:00:00+00:00, run_after=2021-01-01 00:00:00+00:00
[2026-05-10T07:15:57.067+0000] {processor.py:183} INFO - Processing /home/airflow/.local/lib/python3.12/site-packages/airflow/example_dags/example_xcom.py took 0.079 seconds
[2026-05-10T07:16:27.493+0000] {processor.py:161} INFO - Started process (PID=25218) to work on /home/airflow/.local/lib/python3.12/site-packages/airflow/example_dags/example_xcom.py
[2026-05-10T07:16:27.494+0000] {processor.py:830} INFO - Processing file /home/airflow/.local/lib/python3.12/site-packages/airflow/example_dags/example_xcom.py for tasks to queue
[2026-05-10T07:16:27.496+0000] {logging_mixin.py:188} INFO - [2026-05-10T07:16:27.496+0000] {dagbag.py:545} INFO - Filling up the DagBag from /home/airflow/.local/lib/python3.12/site-packages/airflow/example_dags/example_xcom.py
[2026-05-10T07:16:27.502+0000] {processor.py:840} INFO - DAG(s) 'example_xcom' retrieved from /home/airflow/.local/lib/python3.12/site-packages/airflow/example_dags/example_xcom.py
[2026-05-10T07:16:27.520+0000] {logging_mixin.py:188} INFO - [2026-05-10T07:16:27.520+0000] {dag.py:3096} INFO - Sync 1 DAGs
[2026-05-10T07:16:27.537+0000] {logging_mixin.py:188} INFO - [2026-05-10T07:16:27.537+0000] {dag.py:3954} INFO - Setting next_dagrun for example_xcom to 2021-01-01 00:00:00+00:00, run_after=2021-01-01 00:00:00+00:00
[2026-05-10T07:16:27.553+0000] {processor.py:183} INFO - Processing /home/airflow/.local/lib/python3.12/site-packages/airflow/example_dags/example_xcom.py took 0.065 seconds
[2026-05-10T07:16:57.921+0000] {processor.py:161} INFO - Started process (PID=25278) to work on /home/airflow/.local/lib/python3.12/site-packages/airflow/example_dags/example_xcom.py
[2026-05-10T07:16:57.927+0000] {processor.py:830} INFO - Processing file /home/airflow/.local/lib/python3.12/site-packages/airflow/example_dags/example_xcom.py for tasks to queue
[2026-05-10T07:16:57.932+0000] {logging_mixin.py:188} INFO - [2026-05-10T07:16:57.932+0000] {dagbag.py:545} INFO - Filling up the DagBag from /home/airflow/.local/lib/python3.12/site-packages/airflow/example_dags/example_xcom.py
[2026-05-10T07:16:57.939+0000] {processor.py:840} INFO - DAG(s) 'example_xcom' retrieved from /home/airflow/.local/lib/python3.12/site-packages/airflow/example_dags/example_xcom.py
[2026-05-10T07:16:57.956+0000] {logging_mixin.py:188} INFO - [2026-05-10T07:16:57.956+0000] {dag.py:3096} INFO - Sync 1 DAGs
[2026-05-10T07:16:57.974+0000] {logging_mixin.py:188} INFO - [2026-05-10T07:16:57.974+0000] {dag.py:3954} INFO - Setting next_dagrun for example_xcom to 2021-01-01 00:00:00+00:00, run_after=2021-01-01 00:00:00+00:00
[2026-05-10T07:16:57.991+0000] {processor.py:183} INFO - Processing /home/airflow/.local/lib/python3.12/site-packages/airflow/example_dags/example_xcom.py took 0.076 seconds
[2026-05-10T07:17:28.515+0000] {processor.py:161} INFO - Started process (PID=25338) to work on /home/airflow/.local/lib/python3.12/site-packages/airflow/example_dags/example_xcom.py
[2026-05-10T07:17:28.517+0000] {processor.py:830} INFO - Processing file /home/airflow/.local/lib/python3.12/site-packages/airflow/example_dags/example_xcom.py for tasks to queue
[2026-05-10T07:17:28.519+0000] {logging_mixin.py:188} INFO - [2026-05-10T07:17:28.518+0000] {dagbag.py:545} INFO - Filling up the DagBag from /home/airflow/.local/lib/python3.12/site-packages/airflow/example_dags/example_xcom.py
[2026-05-10T07:17:28.525+0000] {processor.py:840} INFO - DAG(s) 'example_xcom' retrieved from /home/airflow/.local/lib/python3.12/site-packages/airflow/example_dags/example_xcom.py
[2026-05-10T07:17:28.544+0000] {logging_mixin.py:188} INFO - [2026-05-10T07:17:28.544+0000] {dag.py:3096} INFO - Sync 1 DAGs
[2026-05-10T07:17:28.565+0000] {logging_mixin.py:188} INFO - [2026-05-10T07:17:28.565+0000] {dag.py:3954} INFO - Setting next_dagrun for example_xcom to 2021-01-01 00:00:00+00:00, run_after=2021-01-01 00:00:00+00:00
[2026-05-10T07:17:28.582+0000] {processor.py:183} INFO - Processing /home/airflow/.local/lib/python3.12/site-packages/airflow/example_dags/example_xcom.py took 0.071 seconds
[2026-05-10T07:17:58.846+0000] {processor.py:161} INFO - Started process (PID=25398) to work on /home/airflow/.local/lib/python3.12/site-packages/airflow/example_dags/example_xcom.py
[2026-05-10T07:17:58.848+0000] {processor.py:830} INFO - Processing file /home/airflow/.local/lib/python3.12/site-packages/airflow/example_dags/example_xcom.py for tasks to queue
[2026-05-10T07:17:58.850+0000] {logging_mixin.py:188} INFO - [2026-05-10T07:17:58.850+0000] {dagbag.py:545} INFO - Filling up the DagBag from /home/airflow/.local/lib/python3.12/site-packages/airflow/example_dags/example_xcom.py
[2026-05-10T07:17:58.858+0000] {processor.py:840} INFO - DAG(s) 'example_xcom' retrieved from /home/airflow/.local/lib/python3.12/site-packages/airflow/example_dags/example_xcom.py
[2026-05-10T07:17:58.882+0000] {logging_mixin.py:188} INFO - [2026-05-10T07:17:58.881+0000] {dag.py:3096} INFO - Sync 1 DAGs
[2026-05-10T07:17:58.906+0000] {logging_mixin.py:188} INFO - [2026-05-10T07:17:58.906+0000] {dag.py:3954} INFO - Setting next_dagrun for example_xcom to 2021-01-01 00:00:00+00:00, run_after=2021-01-01 00:00:00+00:00
[2026-05-10T07:17:58.929+0000] {processor.py:183} INFO - Processing /home/airflow/.local/lib/python3.12/site-packages/airflow/example_dags/example_xcom.py took 0.090 seconds
[2026-05-10T07:18:29.454+0000] {processor.py:161} INFO - Started process (PID=25458) to work on /home/airflow/.local/lib/python3.12/site-packages/airflow/example_dags/example_xcom.py
[2026-05-10T07:18:29.456+0000] {processor.py:830} INFO - Processing file /home/airflow/.local/lib/python3.12/site-packages/airflow/example_dags/example_xcom.py for tasks to queue
[2026-05-10T07:18:29.458+0000] {logging_mixin.py:188} INFO - [2026-05-10T07:18:29.458+0000] {dagbag.py:545} INFO - Filling up the DagBag from /home/airflow/.local/lib/python3.12/site-packages/airflow/example_dags/example_xcom.py
[2026-05-10T07:18:29.465+0000] {processor.py:840} INFO - DAG(s) 'example_xcom' retrieved from /home/airflow/.local/lib/python3.12/site-packages/airflow/example_dags/example_xcom.py
[2026-05-10T07:18:29.487+0000] {logging_mixin.py:188} INFO - [2026-05-10T07:18:29.487+0000] {dag.py:3096} INFO - Sync 1 DAGs
[2026-05-10T07:18:29.505+0000] {logging_mixin.py:188} INFO - [2026-05-10T07:18:29.505+0000] {dag.py:3954} INFO - Setting next_dagrun for example_xcom to 2021-01-01 00:00:00+00:00, run_after=2021-01-01 00:00:00+00:00
[2026-05-10T07:18:29.521+0000] {processor.py:183} INFO - Processing /home/airflow/.local/lib/python3.12/site-packages/airflow/example_dags/example_xcom.py took 0.072 seconds
[2026-05-10T07:19:00.101+0000] {processor.py:161} INFO - Started process (PID=25518) to work on /home/airflow/.local/lib/python3.12/site-packages/airflow/example_dags/example_xcom.py
[2026-05-10T07:19:00.103+0000] {processor.py:830} INFO - Processing file /home/airflow/.local/lib/python3.12/site-packages/airflow/example_dags/example_xcom.py for tasks to queue
[2026-05-10T07:19:00.105+0000] {logging_mixin.py:188} INFO - [2026-05-10T07:19:00.105+0000] {dagbag.py:545} INFO - Filling up the DagBag from /home/airflow/.local/lib/python3.12/site-packages/airflow/example_dags/example_xcom.py
[2026-05-10T07:19:00.112+0000] {processor.py:840} INFO - DAG(s) 'example_xcom' retrieved from /home/airflow/.local/lib/python3.12/site-packages/airflow/example_dags/example_xcom.py
[2026-05-10T07:19:00.130+0000] {logging_mixin.py:188} INFO - [2026-05-10T07:19:00.130+0000] {dag.py:3096} INFO - Sync 1 DAGs
[2026-05-10T07:19:00.150+0000] {logging_mixin.py:188} INFO - [2026-05-10T07:19:00.150+0000] {dag.py:3954} INFO - Setting next_dagrun for example_xcom to 2021-01-01 00:00:00+00:00, run_after=2021-01-01 00:00:00+00:00
[2026-05-10T07:19:00.166+0000] {processor.py:183} INFO - Processing /home/airflow/.local/lib/python3.12/site-packages/airflow/example_dags/example_xcom.py took 0.070 seconds
[2026-05-10T07:19:30.884+0000] {processor.py:161} INFO - Started process (PID=25578) to work on /home/airflow/.local/lib/python3.12/site-packages/airflow/example_dags/example_xcom.py
[2026-05-10T07:19:30.886+0000] {processor.py:830} INFO - Processing file /home/airflow/.local/lib/python3.12/site-packages/airflow/example_dags/example_xcom.py for tasks to queue
[2026-05-10T07:19:30.888+0000] {logging_mixin.py:188} INFO - [2026-05-10T07:19:30.888+0000] {dagbag.py:545} INFO - Filling up the DagBag from /home/airflow/.local/lib/python3.12/site-packages/airflow/example_dags/example_xcom.py
[2026-05-10T07:19:30.896+0000] {processor.py:840} INFO - DAG(s) 'example_xcom' retrieved from /home/airflow/.local/lib/python3.12/site-packages/airflow/example_dags/example_xcom.py
[2026-05-10T07:19:30.917+0000] {logging_mixin.py:188} INFO - [2026-05-10T07:19:30.917+0000] {dag.py:3096} INFO - Sync 1 DAGs
[2026-05-10T07:19:30.935+0000] {logging_mixin.py:188} INFO - [2026-05-10T07:19:30.935+0000] {dag.py:3954} INFO - Setting next_dagrun for example_xcom to 2021-01-01 00:00:00+00:00, run_after=2021-01-01 00:00:00+00:00
[2026-05-10T07:19:30.958+0000] {processor.py:183} INFO - Processing /home/airflow/.local/lib/python3.12/site-packages/airflow/example_dags/example_xcom.py took 0.079 seconds
[2026-05-10T07:20:01.708+0000] {processor.py:161} INFO - Started process (PID=25638) to work on /home/airflow/.local/lib/python3.12/site-packages/airflow/example_dags/example_xcom.py
[2026-05-10T07:20:01.709+0000] {processor.py:830} INFO - Processing file /home/airflow/.local/lib/python3.12/site-packages/airflow/example_dags/example_xcom.py for tasks to queue
[2026-05-10T07:20:01.711+0000] {logging_mixin.py:188} INFO - [2026-05-10T07:20:01.711+0000] {dagbag.py:545} INFO - Filling up the DagBag from /home/airflow/.local/lib/python3.12/site-packages/airflow/example_dags/example_xcom.py
[2026-05-10T07:20:01.718+0000] {processor.py:840} INFO - DAG(s) 'example_xcom' retrieved from /home/airflow/.local/lib/python3.12/site-packages/airflow/example_dags/example_xcom.py
[2026-05-10T07:20:01.736+0000] {logging_mixin.py:188} INFO - [2026-05-10T07:20:01.736+0000] {dag.py:3096} INFO - Sync 1 DAGs
[2026-05-10T07:20:01.754+0000] {logging_mixin.py:188} INFO - [2026-05-10T07:20:01.754+0000] {dag.py:3954} INFO - Setting next_dagrun for example_xcom to 2021-01-01 00:00:00+00:00, run_after=2021-01-01 00:00:00+00:00
[2026-05-10T07:20:01.770+0000] {processor.py:183} INFO - Processing /home/airflow/.local/lib/python3.12/site-packages/airflow/example_dags/example_xcom.py took 0.067 seconds
[2026-05-10T07:20:32.123+0000] {processor.py:161} INFO - Started process (PID=25698) to work on /home/airflow/.local/lib/python3.12/site-packages/airflow/example_dags/example_xcom.py
[2026-05-10T07:20:32.124+0000] {processor.py:830} INFO - Processing file /home/airflow/.local/lib/python3.12/site-packages/airflow/example_dags/example_xcom.py for tasks to queue
[2026-05-10T07:20:32.127+0000] {logging_mixin.py:188} INFO - [2026-05-10T07:20:32.126+0000] {dagbag.py:545} INFO - Filling up the DagBag from /home/airflow/.local/lib/python3.12/site-packages/airflow/example_dags/example_xcom.py
[2026-05-10T07:20:32.134+0000] {processor.py:840} INFO - DAG(s) 'example_xcom' retrieved from /home/airflow/.local/lib/python3.12/site-packages/airflow/example_dags/example_xcom.py
[2026-05-10T07:20:32.153+0000] {logging_mixin.py:188} INFO - [2026-05-10T07:20:32.153+0000] {dag.py:3096} INFO - Sync 1 DAGs
[2026-05-10T07:20:32.172+0000] {logging_mixin.py:188} INFO - [2026-05-10T07:20:32.172+0000] {dag.py:3954} INFO - Setting next_dagrun for example_xcom to 2021-01-01 00:00:00+00:00, run_after=2021-01-01 00:00:00+00:00
[2026-05-10T07:20:32.189+0000] {processor.py:183} INFO - Processing /home/airflow/.local/lib/python3.12/site-packages/airflow/example_dags/example_xcom.py took 0.071 seconds
[2026-05-10T07:21:02.578+0000] {processor.py:161} INFO - Started process (PID=25758) to work on /home/airflow/.local/lib/python3.12/site-packages/airflow/example_dags/example_xcom.py
[2026-05-10T07:21:02.580+0000] {processor.py:830} INFO - Processing file /home/airflow/.local/lib/python3.12/site-packages/airflow/example_dags/example_xcom.py for tasks to queue
[2026-05-10T07:21:02.583+0000] {logging_mixin.py:188} INFO - [2026-05-10T07:21:02.583+0000] {dagbag.py:545} INFO - Filling up the DagBag from /home/airflow/.local/lib/python3.12/site-packages/airflow/example_dags/example_xcom.py
[2026-05-10T07:21:02.589+0000] {processor.py:840} INFO - DAG(s) 'example_xcom' retrieved from /home/airflow/.local/lib/python3.12/site-packages/airflow/example_dags/example_xcom.py
[2026-05-10T07:21:02.606+0000] {logging_mixin.py:188} INFO - [2026-05-10T07:21:02.606+0000] {dag.py:3096} INFO - Sync 1 DAGs
[2026-05-10T07:21:02.632+0000] {logging_mixin.py:188} INFO - [2026-05-10T07:21:02.631+0000] {dag.py:3954} INFO - Setting next_dagrun for example_xcom to 2021-01-01 00:00:00+00:00, run_after=2021-01-01 00:00:00+00:00
[2026-05-10T07:21:02.647+0000] {processor.py:183} INFO - Processing /home/airflow/.local/lib/python3.12/site-packages/airflow/example_dags/example_xcom.py took 0.074 seconds
[2026-05-10T07:21:32.944+0000] {processor.py:161} INFO - Started process (PID=25818) to work on /home/airflow/.local/lib/python3.12/site-packages/airflow/example_dags/example_xcom.py
[2026-05-10T07:21:32.947+0000] {processor.py:830} INFO - Processing file /home/airflow/.local/lib/python3.12/site-packages/airflow/example_dags/example_xcom.py for tasks to queue
[2026-05-10T07:21:32.949+0000] {logging_mixin.py:188} INFO - [2026-05-10T07:21:32.949+0000] {dagbag.py:545} INFO - Filling up the DagBag from /home/airflow/.local/lib/python3.12/site-packages/airflow/example_dags/example_xcom.py
[2026-05-10T07:21:32.957+0000] {processor.py:840} INFO - DAG(s) 'example_xcom' retrieved from /home/airflow/.local/lib/python3.12/site-packages/airflow/example_dags/example_xcom.py
[2026-05-10T07:21:32.977+0000] {logging_mixin.py:188} INFO - [2026-05-10T07:21:32.977+0000] {dag.py:3096} INFO - Sync 1 DAGs
[2026-05-10T07:21:32.995+0000] {logging_mixin.py:188} INFO - [2026-05-10T07:21:32.995+0000] {dag.py:3954} INFO - Setting next_dagrun for example_xcom to 2021-01-01 00:00:00+00:00, run_after=2021-01-01 00:00:00+00:00
[2026-05-10T07:21:33.014+0000] {processor.py:183} INFO - Processing /home/airflow/.local/lib/python3.12/site-packages/airflow/example_dags/example_xcom.py took 0.075 seconds
[2026-05-10T07:22:03.539+0000] {processor.py:161} INFO - Started process (PID=25878) to work on /home/airflow/.local/lib/python3.12/site-packages/airflow/example_dags/example_xcom.py
[2026-05-10T07:22:03.541+0000] {processor.py:830} INFO - Processing file /home/airflow/.local/lib/python3.12/site-packages/airflow/example_dags/example_xcom.py for tasks to queue
[2026-05-10T07:22:03.545+0000] {logging_mixin.py:188} INFO - [2026-05-10T07:22:03.544+0000] {dagbag.py:545} INFO - Filling up the DagBag from /home/airflow/.local/lib/python3.12/site-packages/airflow/example_dags/example_xcom.py
[2026-05-10T07:22:03.582+0000] {processor.py:840} INFO - DAG(s) 'example_xcom' retrieved from /home/airflow/.local/lib/python3.12/site-packages/airflow/example_dags/example_xcom.py
[2026-05-10T07:22:03.634+0000] {logging_mixin.py:188} INFO - [2026-05-10T07:22:03.634+0000] {dag.py:3096} INFO - Sync 1 DAGs
[2026-05-10T07:22:03.676+0000] {logging_mixin.py:188} INFO - [2026-05-10T07:22:03.675+0000] {dag.py:3954} INFO - Setting next_dagrun for example_xcom to 2021-01-01 00:00:00+00:00, run_after=2021-01-01 00:00:00+00:00
[2026-05-10T07:22:03.713+0000] {processor.py:183} INFO - Processing /home/airflow/.local/lib/python3.12/site-packages/airflow/example_dags/example_xcom.py took 0.197 seconds
[2026-05-10T07:22:34.471+0000] {processor.py:161} INFO - Started process (PID=25939) to work on /home/airflow/.local/lib/python3.12/site-packages/airflow/example_dags/example_xcom.py
[2026-05-10T07:22:34.475+0000] {processor.py:830} INFO - Processing file /home/airflow/.local/lib/python3.12/site-packages/airflow/example_dags/example_xcom.py for tasks to queue
[2026-05-10T07:22:34.484+0000] {logging_mixin.py:188} INFO - [2026-05-10T07:22:34.482+0000] {dagbag.py:545} INFO - Filling up the DagBag from /home/airflow/.local/lib/python3.12/site-packages/airflow/example_dags/example_xcom.py
[2026-05-10T07:22:34.498+0000] {processor.py:840} INFO - DAG(s) 'example_xcom' retrieved from /home/airflow/.local/lib/python3.12/site-packages/airflow/example_dags/example_xcom.py
[2026-05-10T07:22:34.565+0000] {logging_mixin.py:188} INFO - [2026-05-10T07:22:34.565+0000] {dag.py:3096} INFO - Sync 1 DAGs
[2026-05-10T07:22:34.603+0000] {logging_mixin.py:188} INFO - [2026-05-10T07:22:34.603+0000] {dag.py:3954} INFO - Setting next_dagrun for example_xcom to 2021-01-01 00:00:00+00:00, run_after=2021-01-01 00:00:00+00:00
[2026-05-10T07:22:34.640+0000] {processor.py:183} INFO - Processing /home/airflow/.local/lib/python3.12/site-packages/airflow/example_dags/example_xcom.py took 0.177 seconds
[2026-05-10T07:23:05.021+0000] {processor.py:161} INFO - Started process (PID=25999) to work on /home/airflow/.local/lib/python3.12/site-packages/airflow/example_dags/example_xcom.py
[2026-05-10T07:23:05.023+0000] {processor.py:830} INFO - Processing file /home/airflow/.local/lib/python3.12/site-packages/airflow/example_dags/example_xcom.py for tasks to queue
[2026-05-10T07:23:05.025+0000] {logging_mixin.py:188} INFO - [2026-05-10T07:23:05.025+0000] {dagbag.py:545} INFO - Filling up the DagBag from /home/airflow/.local/lib/python3.12/site-packages/airflow/example_dags/example_xcom.py
[2026-05-10T07:23:05.031+0000] {processor.py:840} INFO - DAG(s) 'example_xcom' retrieved from /home/airflow/.local/lib/python3.12/site-packages/airflow/example_dags/example_xcom.py
[2026-05-10T07:23:05.051+0000] {logging_mixin.py:188} INFO - [2026-05-10T07:23:05.051+0000] {dag.py:3096} INFO - Sync 1 DAGs
[2026-05-10T07:23:05.068+0000] {logging_mixin.py:188} INFO - [2026-05-10T07:23:05.068+0000] {dag.py:3954} INFO - Setting next_dagrun for example_xcom to 2021-01-01 00:00:00+00:00, run_after=2021-01-01 00:00:00+00:00
[2026-05-10T07:23:05.086+0000] {processor.py:183} INFO - Processing /home/airflow/.local/lib/python3.12/site-packages/airflow/example_dags/example_xcom.py took 0.070 seconds
[2026-05-10T07:23:35.400+0000] {processor.py:161} INFO - Started process (PID=26059) to work on /home/airflow/.local/lib/python3.12/site-packages/airflow/example_dags/example_xcom.py
[2026-05-10T07:23:35.402+0000] {processor.py:830} INFO - Processing file /home/airflow/.local/lib/python3.12/site-packages/airflow/example_dags/example_xcom.py for tasks to queue
[2026-05-10T07:23:35.405+0000] {logging_mixin.py:188} INFO - [2026-05-10T07:23:35.405+0000] {dagbag.py:545} INFO - Filling up the DagBag from /home/airflow/.local/lib/python3.12/site-packages/airflow/example_dags/example_xcom.py
[2026-05-10T07:23:35.413+0000] {processor.py:840} INFO - DAG(s) 'example_xcom' retrieved from /home/airflow/.local/lib/python3.12/site-packages/airflow/example_dags/example_xcom.py
[2026-05-10T07:23:35.433+0000] {logging_mixin.py:188} INFO - [2026-05-10T07:23:35.433+0000] {dag.py:3096} INFO - Sync 1 DAGs
[2026-05-10T07:23:35.455+0000] {logging_mixin.py:188} INFO - [2026-05-10T07:23:35.454+0000] {dag.py:3954} INFO - Setting next_dagrun for example_xcom to 2021-01-01 00:00:00+00:00, run_after=2021-01-01 00:00:00+00:00
[2026-05-10T07:23:35.473+0000] {processor.py:183} INFO - Processing /home/airflow/.local/lib/python3.12/site-packages/airflow/example_dags/example_xcom.py took 0.081 seconds
[2026-05-10T07:24:05.988+0000] {processor.py:161} INFO - Started process (PID=26119) to work on /home/airflow/.local/lib/python3.12/site-packages/airflow/example_dags/example_xcom.py
[2026-05-10T07:24:05.989+0000] {processor.py:830} INFO - Processing file /home/airflow/.local/lib/python3.12/site-packages/airflow/example_dags/example_xcom.py for tasks to queue
[2026-05-10T07:24:05.991+0000] {logging_mixin.py:188} INFO - [2026-05-10T07:24:05.991+0000] {dagbag.py:545} INFO - Filling up the DagBag from /home/airflow/.local/lib/python3.12/site-packages/airflow/example_dags/example_xcom.py
[2026-05-10T07:24:05.998+0000] {processor.py:840} INFO - DAG(s) 'example_xcom' retrieved from /home/airflow/.local/lib/python3.12/site-packages/airflow/example_dags/example_xcom.py
[2026-05-10T07:24:06.020+0000] {logging_mixin.py:188} INFO - [2026-05-10T07:24:06.019+0000] {dag.py:3096} INFO - Sync 1 DAGs
[2026-05-10T07:24:06.040+0000] {logging_mixin.py:188} INFO - [2026-05-10T07:24:06.040+0000] {dag.py:3954} INFO - Setting next_dagrun for example_xcom to 2021-01-01 00:00:00+00:00, run_after=2021-01-01 00:00:00+00:00
[2026-05-10T07:24:06.059+0000] {processor.py:183} INFO - Processing /home/airflow/.local/lib/python3.12/site-packages/airflow/example_dags/example_xcom.py took 0.077 seconds
[2026-05-10T07:24:36.407+0000] {processor.py:161} INFO - Started process (PID=26179) to work on /home/airflow/.local/lib/python3.12/site-packages/airflow/example_dags/example_xcom.py
[2026-05-10T07:24:36.409+0000] {processor.py:830} INFO - Processing file /home/airflow/.local/lib/python3.12/site-packages/airflow/example_dags/example_xcom.py for tasks to queue
[2026-05-10T07:24:36.411+0000] {logging_mixin.py:188} INFO - [2026-05-10T07:24:36.411+0000] {dagbag.py:545} INFO - Filling up the DagBag from /home/airflow/.local/lib/python3.12/site-packages/airflow/example_dags/example_xcom.py
[2026-05-10T07:24:36.418+0000] {processor.py:840} INFO - DAG(s) 'example_xcom' retrieved from /home/airflow/.local/lib/python3.12/site-packages/airflow/example_dags/example_xcom.py
[2026-05-10T07:24:36.437+0000] {logging_mixin.py:188} INFO - [2026-05-10T07:24:36.437+0000] {dag.py:3096} INFO - Sync 1 DAGs
[2026-05-10T07:24:36.454+0000] {logging_mixin.py:188} INFO - [2026-05-10T07:24:36.454+0000] {dag.py:3954} INFO - Setting next_dagrun for example_xcom to 2021-01-01 00:00:00+00:00, run_after=2021-01-01 00:00:00+00:00
[2026-05-10T07:24:36.471+0000] {processor.py:183} INFO - Processing /home/airflow/.local/lib/python3.12/site-packages/airflow/example_dags/example_xcom.py took 0.069 seconds
[2026-05-10T07:25:06.638+0000] {processor.py:161} INFO - Started process (PID=26239) to work on /home/airflow/.local/lib/python3.12/site-packages/airflow/example_dags/example_xcom.py
[2026-05-10T07:25:06.640+0000] {processor.py:830} INFO - Processing file /home/airflow/.local/lib/python3.12/site-packages/airflow/example_dags/example_xcom.py for tasks to queue
[2026-05-10T07:25:06.642+0000] {logging_mixin.py:188} INFO - [2026-05-10T07:25:06.642+0000] {dagbag.py:545} INFO - Filling up the DagBag from /home/airflow/.local/lib/python3.12/site-packages/airflow/example_dags/example_xcom.py
[2026-05-10T07:25:06.653+0000] {processor.py:840} INFO - DAG(s) 'example_xcom' retrieved from /home/airflow/.local/lib/python3.12/site-packages/airflow/example_dags/example_xcom.py
[2026-05-10T07:25:06.671+0000] {logging_mixin.py:188} INFO - [2026-05-10T07:25:06.671+0000] {dag.py:3096} INFO - Sync 1 DAGs
[2026-05-10T07:25:06.689+0000] {logging_mixin.py:188} INFO - [2026-05-10T07:25:06.689+0000] {dag.py:3954} INFO - Setting next_dagrun for example_xcom to 2021-01-01 00:00:00+00:00, run_after=2021-01-01 00:00:00+00:00
[2026-05-10T07:25:06.709+0000] {processor.py:183} INFO - Processing /home/airflow/.local/lib/python3.12/site-packages/airflow/example_dags/example_xcom.py took 0.076 seconds
[2026-05-10T07:25:36.981+0000] {processor.py:161} INFO - Started process (PID=26299) to work on /home/airflow/.local/lib/python3.12/site-packages/airflow/example_dags/example_xcom.py
[2026-05-10T07:25:36.983+0000] {processor.py:830} INFO - Processing file /home/airflow/.local/lib/python3.12/site-packages/airflow/example_dags/example_xcom.py for tasks to queue
[2026-05-10T07:25:36.984+0000] {logging_mixin.py:188} INFO - [2026-05-10T07:25:36.984+0000] {dagbag.py:545} INFO - Filling up the DagBag from /home/airflow/.local/lib/python3.12/site-packages/airflow/example_dags/example_xcom.py
[2026-05-10T07:25:36.992+0000] {processor.py:840} INFO - DAG(s) 'example_xcom' retrieved from /home/airflow/.local/lib/python3.12/site-packages/airflow/example_dags/example_xcom.py
[2026-05-10T07:25:37.008+0000] {logging_mixin.py:188} INFO - [2026-05-10T07:25:37.008+0000] {dag.py:3096} INFO - Sync 1 DAGs
[2026-05-10T07:25:37.024+0000] {logging_mixin.py:188} INFO - [2026-05-10T07:25:37.024+0000] {dag.py:3954} INFO - Setting next_dagrun for example_xcom to 2021-01-01 00:00:00+00:00, run_after=2021-01-01 00:00:00+00:00
[2026-05-10T07:25:37.043+0000] {processor.py:183} INFO - Processing /home/airflow/.local/lib/python3.12/site-packages/airflow/example_dags/example_xcom.py took 0.067 seconds
[2026-05-10T07:26:07.458+0000] {processor.py:161} INFO - Started process (PID=26359) to work on /home/airflow/.local/lib/python3.12/site-packages/airflow/example_dags/example_xcom.py
[2026-05-10T07:26:07.459+0000] {processor.py:830} INFO - Processing file /home/airflow/.local/lib/python3.12/site-packages/airflow/example_dags/example_xcom.py for tasks to queue
[2026-05-10T07:26:07.462+0000] {logging_mixin.py:188} INFO - [2026-05-10T07:26:07.461+0000] {dagbag.py:545} INFO - Filling up the DagBag from /home/airflow/.local/lib/python3.12/site-packages/airflow/example_dags/example_xcom.py
[2026-05-10T07:26:07.469+0000] {processor.py:840} INFO - DAG(s) 'example_xcom' retrieved from /home/airflow/.local/lib/python3.12/site-packages/airflow/example_dags/example_xcom.py
[2026-05-10T07:26:07.490+0000] {logging_mixin.py:188} INFO - [2026-05-10T07:26:07.490+0000] {dag.py:3096} INFO - Sync 1 DAGs
[2026-05-10T07:26:07.512+0000] {logging_mixin.py:188} INFO - [2026-05-10T07:26:07.512+0000] {dag.py:3954} INFO - Setting next_dagrun for example_xcom to 2021-01-01 00:00:00+00:00, run_after=2021-01-01 00:00:00+00:00
[2026-05-10T07:26:07.529+0000] {processor.py:183} INFO - Processing /home/airflow/.local/lib/python3.12/site-packages/airflow/example_dags/example_xcom.py took 0.077 seconds
[2026-05-10T07:26:37.859+0000] {processor.py:161} INFO - Started process (PID=26419) to work on /home/airflow/.local/lib/python3.12/site-packages/airflow/example_dags/example_xcom.py
[2026-05-10T07:26:37.860+0000] {processor.py:830} INFO - Processing file /home/airflow/.local/lib/python3.12/site-packages/airflow/example_dags/example_xcom.py for tasks to queue
[2026-05-10T07:26:37.863+0000] {logging_mixin.py:188} INFO - [2026-05-10T07:26:37.863+0000] {dagbag.py:545} INFO - Filling up the DagBag from /home/airflow/.local/lib/python3.12/site-packages/airflow/example_dags/example_xcom.py
[2026-05-10T07:26:37.873+0000] {processor.py:840} INFO - DAG(s) 'example_xcom' retrieved from /home/airflow/.local/lib/python3.12/site-packages/airflow/example_dags/example_xcom.py
[2026-05-10T07:26:37.891+0000] {logging_mixin.py:188} INFO - [2026-05-10T07:26:37.891+0000] {dag.py:3096} INFO - Sync 1 DAGs
[2026-05-10T07:26:37.910+0000] {logging_mixin.py:188} INFO - [2026-05-10T07:26:37.910+0000] {dag.py:3954} INFO - Setting next_dagrun for example_xcom to 2021-01-01 00:00:00+00:00, run_after=2021-01-01 00:00:00+00:00
[2026-05-10T07:26:37.927+0000] {processor.py:183} INFO - Processing /home/airflow/.local/lib/python3.12/site-packages/airflow/example_dags/example_xcom.py took 0.073 seconds
[2026-05-10T07:27:08.021+0000] {processor.py:161} INFO - Started process (PID=26479) to work on /home/airflow/.local/lib/python3.12/site-packages/airflow/example_dags/example_xcom.py
[2026-05-10T07:27:08.023+0000] {processor.py:830} INFO - Processing file /home/airflow/.local/lib/python3.12/site-packages/airflow/example_dags/example_xcom.py for tasks to queue
[2026-05-10T07:27:08.026+0000] {logging_mixin.py:188} INFO - [2026-05-10T07:27:08.026+0000] {dagbag.py:545} INFO - Filling up the DagBag from /home/airflow/.local/lib/python3.12/site-packages/airflow/example_dags/example_xcom.py
[2026-05-10T07:27:08.037+0000] {processor.py:840} INFO - DAG(s) 'example_xcom' retrieved from /home/airflow/.local/lib/python3.12/site-packages/airflow/example_dags/example_xcom.py
[2026-05-10T07:27:08.065+0000] {logging_mixin.py:188} INFO - [2026-05-10T07:27:08.064+0000] {dag.py:3096} INFO - Sync 1 DAGs
[2026-05-10T07:27:08.093+0000] {logging_mixin.py:188} INFO - [2026-05-10T07:27:08.092+0000] {dag.py:3954} INFO - Setting next_dagrun for example_xcom to 2021-01-01 00:00:00+00:00, run_after=2021-01-01 00:00:00+00:00
[2026-05-10T07:27:08.121+0000] {processor.py:183} INFO - Processing /home/airflow/.local/lib/python3.12/site-packages/airflow/example_dags/example_xcom.py took 0.110 seconds
[2026-05-10T07:27:38.226+0000] {processor.py:161} INFO - Started process (PID=26539) to work on /home/airflow/.local/lib/python3.12/site-packages/airflow/example_dags/example_xcom.py
[2026-05-10T07:27:38.228+0000] {processor.py:830} INFO - Processing file /home/airflow/.local/lib/python3.12/site-packages/airflow/example_dags/example_xcom.py for tasks to queue
[2026-05-10T07:27:38.232+0000] {logging_mixin.py:188} INFO - [2026-05-10T07:27:38.231+0000] {dagbag.py:545} INFO - Filling up the DagBag from /home/airflow/.local/lib/python3.12/site-packages/airflow/example_dags/example_xcom.py
[2026-05-10T07:27:38.240+0000] {processor.py:840} INFO - DAG(s) 'example_xcom' retrieved from /home/airflow/.local/lib/python3.12/site-packages/airflow/example_dags/example_xcom.py
[2026-05-10T07:27:38.260+0000] {logging_mixin.py:188} INFO - [2026-05-10T07:27:38.259+0000] {dag.py:3096} INFO - Sync 1 DAGs
[2026-05-10T07:27:38.276+0000] {logging_mixin.py:188} INFO - [2026-05-10T07:27:38.276+0000] {dag.py:3954} INFO - Setting next_dagrun for example_xcom to 2021-01-01 00:00:00+00:00, run_after=2021-01-01 00:00:00+00:00
[2026-05-10T07:27:38.296+0000] {processor.py:183} INFO - Processing /home/airflow/.local/lib/python3.12/site-packages/airflow/example_dags/example_xcom.py took 0.076 seconds
[2026-05-10T07:28:08.575+0000] {processor.py:161} INFO - Started process (PID=26599) to work on /home/airflow/.local/lib/python3.12/site-packages/airflow/example_dags/example_xcom.py
[2026-05-10T07:28:08.577+0000] {processor.py:830} INFO - Processing file /home/airflow/.local/lib/python3.12/site-packages/airflow/example_dags/example_xcom.py for tasks to queue
[2026-05-10T07:28:08.581+0000] {logging_mixin.py:188} INFO - [2026-05-10T07:28:08.580+0000] {dagbag.py:545} INFO - Filling up the DagBag from /home/airflow/.local/lib/python3.12/site-packages/airflow/example_dags/example_xcom.py
[2026-05-10T07:28:08.595+0000] {processor.py:840} INFO - DAG(s) 'example_xcom' retrieved from /home/airflow/.local/lib/python3.12/site-packages/airflow/example_dags/example_xcom.py
[2026-05-10T07:28:08.633+0000] {logging_mixin.py:188} INFO - [2026-05-10T07:28:08.632+0000] {dag.py:3096} INFO - Sync 1 DAGs
[2026-05-10T07:28:08.670+0000] {logging_mixin.py:188} INFO - [2026-05-10T07:28:08.670+0000] {dag.py:3954} INFO - Setting next_dagrun for example_xcom to 2021-01-01 00:00:00+00:00, run_after=2021-01-01 00:00:00+00:00
[2026-05-10T07:28:08.702+0000] {processor.py:183} INFO - Processing /home/airflow/.local/lib/python3.12/site-packages/airflow/example_dags/example_xcom.py took 0.139 seconds
[2026-05-10T07:28:38.775+0000] {processor.py:161} INFO - Started process (PID=26659) to work on /home/airflow/.local/lib/python3.12/site-packages/airflow/example_dags/example_xcom.py
[2026-05-10T07:28:38.777+0000] {processor.py:830} INFO - Processing file /home/airflow/.local/lib/python3.12/site-packages/airflow/example_dags/example_xcom.py for tasks to queue
[2026-05-10T07:28:38.779+0000] {logging_mixin.py:188} INFO - [2026-05-10T07:28:38.779+0000] {dagbag.py:545} INFO - Filling up the DagBag from /home/airflow/.local/lib/python3.12/site-packages/airflow/example_dags/example_xcom.py
[2026-05-10T07:28:38.785+0000] {processor.py:840} INFO - DAG(s) 'example_xcom' retrieved from /home/airflow/.local/lib/python3.12/site-packages/airflow/example_dags/example_xcom.py
[2026-05-10T07:28:38.804+0000] {logging_mixin.py:188} INFO - [2026-05-10T07:28:38.804+0000] {dag.py:3096} INFO - Sync 1 DAGs
[2026-05-10T07:28:38.820+0000] {logging_mixin.py:188} INFO - [2026-05-10T07:28:38.820+0000] {dag.py:3954} INFO - Setting next_dagrun for example_xcom to 2021-01-01 00:00:00+00:00, run_after=2021-01-01 00:00:00+00:00
[2026-05-10T07:28:38.836+0000] {processor.py:183} INFO - Processing /home/airflow/.local/lib/python3.12/site-packages/airflow/example_dags/example_xcom.py took 0.066 seconds
[2026-05-10T07:29:09.656+0000] {processor.py:161} INFO - Started process (PID=26719) to work on /home/airflow/.local/lib/python3.12/site-packages/airflow/example_dags/example_xcom.py
[2026-05-10T07:29:09.658+0000] {processor.py:830} INFO - Processing file /home/airflow/.local/lib/python3.12/site-packages/airflow/example_dags/example_xcom.py for tasks to queue
[2026-05-10T07:29:09.666+0000] {logging_mixin.py:188} INFO - [2026-05-10T07:29:09.665+0000] {dagbag.py:545} INFO - Filling up the DagBag from /home/airflow/.local/lib/python3.12/site-packages/airflow/example_dags/example_xcom.py
[2026-05-10T07:29:09.673+0000] {processor.py:840} INFO - DAG(s) 'example_xcom' retrieved from /home/airflow/.local/lib/python3.12/site-packages/airflow/example_dags/example_xcom.py
[2026-05-10T07:29:09.697+0000] {logging_mixin.py:188} INFO - [2026-05-10T07:29:09.697+0000] {dag.py:3096} INFO - Sync 1 DAGs
[2026-05-10T07:29:09.716+0000] {logging_mixin.py:188} INFO - [2026-05-10T07:29:09.716+0000] {dag.py:3954} INFO - Setting next_dagrun for example_xcom to 2021-01-01 00:00:00+00:00, run_after=2021-01-01 00:00:00+00:00
[2026-05-10T07:29:09.738+0000] {processor.py:183} INFO - Processing /home/airflow/.local/lib/python3.12/site-packages/airflow/example_dags/example_xcom.py took 0.088 seconds
[2026-05-10T07:29:40.040+0000] {processor.py:161} INFO - Started process (PID=26779) to work on /home/airflow/.local/lib/python3.12/site-packages/airflow/example_dags/example_xcom.py
[2026-05-10T07:29:40.042+0000] {processor.py:830} INFO - Processing file /home/airflow/.local/lib/python3.12/site-packages/airflow/example_dags/example_xcom.py for tasks to queue
[2026-05-10T07:29:40.044+0000] {logging_mixin.py:188} INFO - [2026-05-10T07:29:40.044+0000] {dagbag.py:545} INFO - Filling up the DagBag from /home/airflow/.local/lib/python3.12/site-packages/airflow/example_dags/example_xcom.py
[2026-05-10T07:29:40.051+0000] {processor.py:840} INFO - DAG(s) 'example_xcom' retrieved from /home/airflow/.local/lib/python3.12/site-packages/airflow/example_dags/example_xcom.py
[2026-05-10T07:29:40.072+0000] {logging_mixin.py:188} INFO - [2026-05-10T07:29:40.072+0000] {dag.py:3096} INFO - Sync 1 DAGs
[2026-05-10T07:29:40.101+0000] {logging_mixin.py:188} INFO - [2026-05-10T07:29:40.101+0000] {dag.py:3954} INFO - Setting next_dagrun for example_xcom to 2021-01-01 00:00:00+00:00, run_after=2021-01-01 00:00:00+00:00
[2026-05-10T07:29:40.238+0000] {processor.py:183} INFO - Processing /home/airflow/.local/lib/python3.12/site-packages/airflow/example_dags/example_xcom.py took 0.205 seconds
[2026-05-10T07:30:10.680+0000] {processor.py:161} INFO - Started process (PID=26839) to work on /home/airflow/.local/lib/python3.12/site-packages/airflow/example_dags/example_xcom.py
[2026-05-10T07:30:10.682+0000] {processor.py:830} INFO - Processing file /home/airflow/.local/lib/python3.12/site-packages/airflow/example_dags/example_xcom.py for tasks to queue
[2026-05-10T07:30:10.685+0000] {logging_mixin.py:188} INFO - [2026-05-10T07:30:10.685+0000] {dagbag.py:545} INFO - Filling up the DagBag from /home/airflow/.local/lib/python3.12/site-packages/airflow/example_dags/example_xcom.py
[2026-05-10T07:30:10.694+0000] {processor.py:840} INFO - DAG(s) 'example_xcom' retrieved from /home/airflow/.local/lib/python3.12/site-packages/airflow/example_dags/example_xcom.py
[2026-05-10T07:30:10.712+0000] {logging_mixin.py:188} INFO - [2026-05-10T07:30:10.712+0000] {dag.py:3096} INFO - Sync 1 DAGs
[2026-05-10T07:30:10.730+0000] {logging_mixin.py:188} INFO - [2026-05-10T07:30:10.730+0000] {dag.py:3954} INFO - Setting next_dagrun for example_xcom to 2021-01-01 00:00:00+00:00, run_after=2021-01-01 00:00:00+00:00
[2026-05-10T07:30:10.748+0000] {processor.py:183} INFO - Processing /home/airflow/.local/lib/python3.12/site-packages/airflow/example_dags/example_xcom.py took 0.073 seconds
[2026-05-10T07:30:41.089+0000] {processor.py:161} INFO - Started process (PID=26899) to work on /home/airflow/.local/lib/python3.12/site-packages/airflow/example_dags/example_xcom.py
[2026-05-10T07:30:41.090+0000] {processor.py:830} INFO - Processing file /home/airflow/.local/lib/python3.12/site-packages/airflow/example_dags/example_xcom.py for tasks to queue
[2026-05-10T07:30:41.096+0000] {logging_mixin.py:188} INFO - [2026-05-10T07:30:41.095+0000] {dagbag.py:545} INFO - Filling up the DagBag from /home/airflow/.local/lib/python3.12/site-packages/airflow/example_dags/example_xcom.py
[2026-05-10T07:30:41.103+0000] {processor.py:840} INFO - DAG(s) 'example_xcom' retrieved from /home/airflow/.local/lib/python3.12/site-packages/airflow/example_dags/example_xcom.py
[2026-05-10T07:30:41.121+0000] {logging_mixin.py:188} INFO - [2026-05-10T07:30:41.120+0000] {dag.py:3096} INFO - Sync 1 DAGs
[2026-05-10T07:30:41.139+0000] {logging_mixin.py:188} INFO - [2026-05-10T07:30:41.139+0000] {dag.py:3954} INFO - Setting next_dagrun for example_xcom to 2021-01-01 00:00:00+00:00, run_after=2021-01-01 00:00:00+00:00
[2026-05-10T07:30:41.154+0000] {processor.py:183} INFO - Processing /home/airflow/.local/lib/python3.12/site-packages/airflow/example_dags/example_xcom.py took 0.070 seconds
[2026-05-10T07:31:12.034+0000] {processor.py:161} INFO - Started process (PID=26959) to work on /home/airflow/.local/lib/python3.12/site-packages/airflow/example_dags/example_xcom.py
[2026-05-10T07:31:12.035+0000] {processor.py:830} INFO - Processing file /home/airflow/.local/lib/python3.12/site-packages/airflow/example_dags/example_xcom.py for tasks to queue
[2026-05-10T07:31:12.038+0000] {logging_mixin.py:188} INFO - [2026-05-10T07:31:12.037+0000] {dagbag.py:545} INFO - Filling up the DagBag from /home/airflow/.local/lib/python3.12/site-packages/airflow/example_dags/example_xcom.py
[2026-05-10T07:31:12.046+0000] {processor.py:840} INFO - DAG(s) 'example_xcom' retrieved from /home/airflow/.local/lib/python3.12/site-packages/airflow/example_dags/example_xcom.py
[2026-05-10T07:31:12.064+0000] {logging_mixin.py:188} INFO - [2026-05-10T07:31:12.063+0000] {dag.py:3096} INFO - Sync 1 DAGs
[2026-05-10T07:31:12.082+0000] {logging_mixin.py:188} INFO - [2026-05-10T07:31:12.082+0000] {dag.py:3954} INFO - Setting next_dagrun for example_xcom to 2021-01-01 00:00:00+00:00, run_after=2021-01-01 00:00:00+00:00
[2026-05-10T07:31:12.100+0000] {processor.py:183} INFO - Processing /home/airflow/.local/lib/python3.12/site-packages/airflow/example_dags/example_xcom.py took 0.072 seconds
[2026-05-10T07:31:42.726+0000] {processor.py:161} INFO - Started process (PID=27019) to work on /home/airflow/.local/lib/python3.12/site-packages/airflow/example_dags/example_xcom.py
[2026-05-10T07:31:42.727+0000] {processor.py:830} INFO - Processing file /home/airflow/.local/lib/python3.12/site-packages/airflow/example_dags/example_xcom.py for tasks to queue
[2026-05-10T07:31:42.729+0000] {logging_mixin.py:188} INFO - [2026-05-10T07:31:42.729+0000] {dagbag.py:545} INFO - Filling up the DagBag from /home/airflow/.local/lib/python3.12/site-packages/airflow/example_dags/example_xcom.py
[2026-05-10T07:31:42.738+0000] {processor.py:840} INFO - DAG(s) 'example_xcom' retrieved from /home/airflow/.local/lib/python3.12/site-packages/airflow/example_dags/example_xcom.py
[2026-05-10T07:31:42.764+0000] {logging_mixin.py:188} INFO - [2026-05-10T07:31:42.763+0000] {dag.py:3096} INFO - Sync 1 DAGs
[2026-05-10T07:31:42.979+0000] {logging_mixin.py:188} INFO - [2026-05-10T07:31:42.979+0000] {dag.py:3954} INFO - Setting next_dagrun for example_xcom to 2021-01-01 00:00:00+00:00, run_after=2021-01-01 00:00:00+00:00
[2026-05-10T07:31:43.003+0000] {processor.py:183} INFO - Processing /home/airflow/.local/lib/python3.12/site-packages/airflow/example_dags/example_xcom.py took 0.283 seconds
[2026-05-10T07:32:13.339+0000] {processor.py:161} INFO - Started process (PID=27079) to work on /home/airflow/.local/lib/python3.12/site-packages/airflow/example_dags/example_xcom.py
[2026-05-10T07:32:13.340+0000] {processor.py:830} INFO - Processing file /home/airflow/.local/lib/python3.12/site-packages/airflow/example_dags/example_xcom.py for tasks to queue
[2026-05-10T07:32:13.344+0000] {logging_mixin.py:188} INFO - [2026-05-10T07:32:13.344+0000] {dagbag.py:545} INFO - Filling up the DagBag from /home/airflow/.local/lib/python3.12/site-packages/airflow/example_dags/example_xcom.py
[2026-05-10T07:32:13.354+0000] {processor.py:840} INFO - DAG(s) 'example_xcom' retrieved from /home/airflow/.local/lib/python3.12/site-packages/airflow/example_dags/example_xcom.py
[2026-05-10T07:32:13.380+0000] {logging_mixin.py:188} INFO - [2026-05-10T07:32:13.380+0000] {dag.py:3096} INFO - Sync 1 DAGs
[2026-05-10T07:32:13.398+0000] {logging_mixin.py:188} INFO - [2026-05-10T07:32:13.397+0000] {dag.py:3954} INFO - Setting next_dagrun for example_xcom to 2021-01-01 00:00:00+00:00, run_after=2021-01-01 00:00:00+00:00
[2026-05-10T07:32:13.542+0000] {processor.py:183} INFO - Processing /home/airflow/.local/lib/python3.12/site-packages/airflow/example_dags/example_xcom.py took 0.211 seconds
[2026-05-10T07:32:46.064+0000] {processor.py:161} INFO - Started process (PID=27132) to work on /home/airflow/.local/lib/python3.12/site-packages/airflow/example_dags/example_xcom.py
[2026-05-10T07:32:46.075+0000] {processor.py:830} INFO - Processing file /home/airflow/.local/lib/python3.12/site-packages/airflow/example_dags/example_xcom.py for tasks to queue
[2026-05-10T07:32:46.086+0000] {logging_mixin.py:188} INFO - [2026-05-10T07:32:46.086+0000] {dagbag.py:545} INFO - Filling up the DagBag from /home/airflow/.local/lib/python3.12/site-packages/airflow/example_dags/example_xcom.py
[2026-05-10T07:32:46.108+0000] {processor.py:840} INFO - DAG(s) 'example_xcom' retrieved from /home/airflow/.local/lib/python3.12/site-packages/airflow/example_dags/example_xcom.py
[2026-05-10T07:32:46.136+0000] {logging_mixin.py:188} INFO - [2026-05-10T07:32:46.135+0000] {dag.py:3096} INFO - Sync 1 DAGs
[2026-05-10T07:32:46.174+0000] {logging_mixin.py:188} INFO - [2026-05-10T07:32:46.174+0000] {dag.py:3954} INFO - Setting next_dagrun for example_xcom to 2021-01-01 00:00:00+00:00, run_after=2021-01-01 00:00:00+00:00
[2026-05-10T07:32:46.203+0000] {processor.py:183} INFO - Processing /home/airflow/.local/lib/python3.12/site-packages/airflow/example_dags/example_xcom.py took 0.144 seconds
[2026-05-10T07:33:17.171+0000] {processor.py:161} INFO - Started process (PID=27197) to work on /home/airflow/.local/lib/python3.12/site-packages/airflow/example_dags/example_xcom.py
[2026-05-10T07:33:17.172+0000] {processor.py:830} INFO - Processing file /home/airflow/.local/lib/python3.12/site-packages/airflow/example_dags/example_xcom.py for tasks to queue
[2026-05-10T07:33:17.174+0000] {logging_mixin.py:188} INFO - [2026-05-10T07:33:17.174+0000] {dagbag.py:545} INFO - Filling up the DagBag from /home/airflow/.local/lib/python3.12/site-packages/airflow/example_dags/example_xcom.py
[2026-05-10T07:33:17.182+0000] {processor.py:840} INFO - DAG(s) 'example_xcom' retrieved from /home/airflow/.local/lib/python3.12/site-packages/airflow/example_dags/example_xcom.py
[2026-05-10T07:33:17.201+0000] {logging_mixin.py:188} INFO - [2026-05-10T07:33:17.201+0000] {dag.py:3096} INFO - Sync 1 DAGs
[2026-05-10T07:33:17.217+0000] {logging_mixin.py:188} INFO - [2026-05-10T07:33:17.217+0000] {dag.py:3954} INFO - Setting next_dagrun for example_xcom to 2021-01-01 00:00:00+00:00, run_after=2021-01-01 00:00:00+00:00
[2026-05-10T07:33:17.235+0000] {processor.py:183} INFO - Processing /home/airflow/.local/lib/python3.12/site-packages/airflow/example_dags/example_xcom.py took 0.069 seconds
[2026-05-10T07:33:47.449+0000] {processor.py:161} INFO - Started process (PID=27257) to work on /home/airflow/.local/lib/python3.12/site-packages/airflow/example_dags/example_xcom.py
[2026-05-10T07:33:47.451+0000] {processor.py:830} INFO - Processing file /home/airflow/.local/lib/python3.12/site-packages/airflow/example_dags/example_xcom.py for tasks to queue
[2026-05-10T07:33:47.453+0000] {logging_mixin.py:188} INFO - [2026-05-10T07:33:47.452+0000] {dagbag.py:545} INFO - Filling up the DagBag from /home/airflow/.local/lib/python3.12/site-packages/airflow/example_dags/example_xcom.py
[2026-05-10T07:33:47.459+0000] {processor.py:840} INFO - DAG(s) 'example_xcom' retrieved from /home/airflow/.local/lib/python3.12/site-packages/airflow/example_dags/example_xcom.py
[2026-05-10T07:33:47.479+0000] {logging_mixin.py:188} INFO - [2026-05-10T07:33:47.478+0000] {dag.py:3096} INFO - Sync 1 DAGs
[2026-05-10T07:33:47.495+0000] {logging_mixin.py:188} INFO - [2026-05-10T07:33:47.495+0000] {dag.py:3954} INFO - Setting next_dagrun for example_xcom to 2021-01-01 00:00:00+00:00, run_after=2021-01-01 00:00:00+00:00
[2026-05-10T07:33:47.510+0000] {processor.py:183} INFO - Processing /home/airflow/.local/lib/python3.12/site-packages/airflow/example_dags/example_xcom.py took 0.066 seconds
[2026-05-10T07:34:17.709+0000] {processor.py:161} INFO - Started process (PID=27317) to work on /home/airflow/.local/lib/python3.12/site-packages/airflow/example_dags/example_xcom.py
[2026-05-10T07:34:17.711+0000] {processor.py:830} INFO - Processing file /home/airflow/.local/lib/python3.12/site-packages/airflow/example_dags/example_xcom.py for tasks to queue
[2026-05-10T07:34:17.713+0000] {logging_mixin.py:188} INFO - [2026-05-10T07:34:17.713+0000] {dagbag.py:545} INFO - Filling up the DagBag from /home/airflow/.local/lib/python3.12/site-packages/airflow/example_dags/example_xcom.py
[2026-05-10T07:34:17.722+0000] {processor.py:840} INFO - DAG(s) 'example_xcom' retrieved from /home/airflow/.local/lib/python3.12/site-packages/airflow/example_dags/example_xcom.py
[2026-05-10T07:34:17.742+0000] {logging_mixin.py:188} INFO - [2026-05-10T07:34:17.742+0000] {dag.py:3096} INFO - Sync 1 DAGs
[2026-05-10T07:34:17.759+0000] {logging_mixin.py:188} INFO - [2026-05-10T07:34:17.758+0000] {dag.py:3954} INFO - Setting next_dagrun for example_xcom to 2021-01-01 00:00:00+00:00, run_after=2021-01-01 00:00:00+00:00
[2026-05-10T07:34:17.775+0000] {processor.py:183} INFO - Processing /home/airflow/.local/lib/python3.12/site-packages/airflow/example_dags/example_xcom.py took 0.072 seconds
[2026-05-10T07:34:48.227+0000] {processor.py:161} INFO - Started process (PID=27377) to work on /home/airflow/.local/lib/python3.12/site-packages/airflow/example_dags/example_xcom.py
[2026-05-10T07:34:48.228+0000] {processor.py:830} INFO - Processing file /home/airflow/.local/lib/python3.12/site-packages/airflow/example_dags/example_xcom.py for tasks to queue
[2026-05-10T07:34:48.229+0000] {logging_mixin.py:188} INFO - [2026-05-10T07:34:48.229+0000] {dagbag.py:545} INFO - Filling up the DagBag from /home/airflow/.local/lib/python3.12/site-packages/airflow/example_dags/example_xcom.py
[2026-05-10T07:34:48.236+0000] {processor.py:840} INFO - DAG(s) 'example_xcom' retrieved from /home/airflow/.local/lib/python3.12/site-packages/airflow/example_dags/example_xcom.py
[2026-05-10T07:34:48.255+0000] {logging_mixin.py:188} INFO - [2026-05-10T07:34:48.255+0000] {dag.py:3096} INFO - Sync 1 DAGs
[2026-05-10T07:34:48.272+0000] {logging_mixin.py:188} INFO - [2026-05-10T07:34:48.272+0000] {dag.py:3954} INFO - Setting next_dagrun for example_xcom to 2021-01-01 00:00:00+00:00, run_after=2021-01-01 00:00:00+00:00
[2026-05-10T07:34:48.289+0000] {processor.py:183} INFO - Processing /home/airflow/.local/lib/python3.12/site-packages/airflow/example_dags/example_xcom.py took 0.067 seconds
[2026-05-10T07:35:18.381+0000] {processor.py:161} INFO - Started process (PID=27437) to work on /home/airflow/.local/lib/python3.12/site-packages/airflow/example_dags/example_xcom.py
[2026-05-10T07:35:18.382+0000] {processor.py:830} INFO - Processing file /home/airflow/.local/lib/python3.12/site-packages/airflow/example_dags/example_xcom.py for tasks to queue
[2026-05-10T07:35:18.384+0000] {logging_mixin.py:188} INFO - [2026-05-10T07:35:18.384+0000] {dagbag.py:545} INFO - Filling up the DagBag from /home/airflow/.local/lib/python3.12/site-packages/airflow/example_dags/example_xcom.py
[2026-05-10T07:35:18.391+0000] {processor.py:840} INFO - DAG(s) 'example_xcom' retrieved from /home/airflow/.local/lib/python3.12/site-packages/airflow/example_dags/example_xcom.py
[2026-05-10T07:35:18.410+0000] {logging_mixin.py:188} INFO - [2026-05-10T07:35:18.409+0000] {dag.py:3096} INFO - Sync 1 DAGs
[2026-05-10T07:35:18.427+0000] {logging_mixin.py:188} INFO - [2026-05-10T07:35:18.426+0000] {dag.py:3954} INFO - Setting next_dagrun for example_xcom to 2021-01-01 00:00:00+00:00, run_after=2021-01-01 00:00:00+00:00
[2026-05-10T07:35:18.459+0000] {processor.py:183} INFO - Processing /home/airflow/.local/lib/python3.12/site-packages/airflow/example_dags/example_xcom.py took 0.083 seconds
[2026-05-10T07:35:48.865+0000] {processor.py:161} INFO - Started process (PID=27497) to work on /home/airflow/.local/lib/python3.12/site-packages/airflow/example_dags/example_xcom.py
[2026-05-10T07:35:48.866+0000] {processor.py:830} INFO - Processing file /home/airflow/.local/lib/python3.12/site-packages/airflow/example_dags/example_xcom.py for tasks to queue
[2026-05-10T07:35:48.868+0000] {logging_mixin.py:188} INFO - [2026-05-10T07:35:48.868+0000] {dagbag.py:545} INFO - Filling up the DagBag from /home/airflow/.local/lib/python3.12/site-packages/airflow/example_dags/example_xcom.py
[2026-05-10T07:35:48.874+0000] {processor.py:840} INFO - DAG(s) 'example_xcom' retrieved from /home/airflow/.local/lib/python3.12/site-packages/airflow/example_dags/example_xcom.py
[2026-05-10T07:35:48.893+0000] {logging_mixin.py:188} INFO - [2026-05-10T07:35:48.893+0000] {dag.py:3096} INFO - Sync 1 DAGs
[2026-05-10T07:35:48.909+0000] {logging_mixin.py:188} INFO - [2026-05-10T07:35:48.909+0000] {dag.py:3954} INFO - Setting next_dagrun for example_xcom to 2021-01-01 00:00:00+00:00, run_after=2021-01-01 00:00:00+00:00
[2026-05-10T07:35:48.924+0000] {processor.py:183} INFO - Processing /home/airflow/.local/lib/python3.12/site-packages/airflow/example_dags/example_xcom.py took 0.064 seconds
[2026-05-10T07:36:19.066+0000] {processor.py:161} INFO - Started process (PID=27557) to work on /home/airflow/.local/lib/python3.12/site-packages/airflow/example_dags/example_xcom.py
[2026-05-10T07:36:19.067+0000] {processor.py:830} INFO - Processing file /home/airflow/.local/lib/python3.12/site-packages/airflow/example_dags/example_xcom.py for tasks to queue
[2026-05-10T07:36:19.069+0000] {logging_mixin.py:188} INFO - [2026-05-10T07:36:19.069+0000] {dagbag.py:545} INFO - Filling up the DagBag from /home/airflow/.local/lib/python3.12/site-packages/airflow/example_dags/example_xcom.py
[2026-05-10T07:36:19.075+0000] {processor.py:840} INFO - DAG(s) 'example_xcom' retrieved from /home/airflow/.local/lib/python3.12/site-packages/airflow/example_dags/example_xcom.py
[2026-05-10T07:36:19.093+0000] {logging_mixin.py:188} INFO - [2026-05-10T07:36:19.093+0000] {dag.py:3096} INFO - Sync 1 DAGs
[2026-05-10T07:36:19.110+0000] {logging_mixin.py:188} INFO - [2026-05-10T07:36:19.110+0000] {dag.py:3954} INFO - Setting next_dagrun for example_xcom to 2021-01-01 00:00:00+00:00, run_after=2021-01-01 00:00:00+00:00
[2026-05-10T07:36:19.126+0000] {processor.py:183} INFO - Processing /home/airflow/.local/lib/python3.12/site-packages/airflow/example_dags/example_xcom.py took 0.067 seconds
[2026-05-10T07:36:49.443+0000] {processor.py:161} INFO - Started process (PID=27617) to work on /home/airflow/.local/lib/python3.12/site-packages/airflow/example_dags/example_xcom.py
[2026-05-10T07:36:49.444+0000] {processor.py:830} INFO - Processing file /home/airflow/.local/lib/python3.12/site-packages/airflow/example_dags/example_xcom.py for tasks to queue
[2026-05-10T07:36:49.448+0000] {logging_mixin.py:188} INFO - [2026-05-10T07:36:49.448+0000] {dagbag.py:545} INFO - Filling up the DagBag from /home/airflow/.local/lib/python3.12/site-packages/airflow/example_dags/example_xcom.py
[2026-05-10T07:36:49.456+0000] {processor.py:840} INFO - DAG(s) 'example_xcom' retrieved from /home/airflow/.local/lib/python3.12/site-packages/airflow/example_dags/example_xcom.py
[2026-05-10T07:36:49.474+0000] {logging_mixin.py:188} INFO - [2026-05-10T07:36:49.474+0000] {dag.py:3096} INFO - Sync 1 DAGs
[2026-05-10T07:36:49.492+0000] {logging_mixin.py:188} INFO - [2026-05-10T07:36:49.492+0000] {dag.py:3954} INFO - Setting next_dagrun for example_xcom to 2021-01-01 00:00:00+00:00, run_after=2021-01-01 00:00:00+00:00
[2026-05-10T07:36:49.509+0000] {processor.py:183} INFO - Processing /home/airflow/.local/lib/python3.12/site-packages/airflow/example_dags/example_xcom.py took 0.071 seconds
[2026-05-10T07:37:19.768+0000] {processor.py:161} INFO - Started process (PID=27677) to work on /home/airflow/.local/lib/python3.12/site-packages/airflow/example_dags/example_xcom.py
[2026-05-10T07:37:19.770+0000] {processor.py:830} INFO - Processing file /home/airflow/.local/lib/python3.12/site-packages/airflow/example_dags/example_xcom.py for tasks to queue
[2026-05-10T07:37:19.772+0000] {logging_mixin.py:188} INFO - [2026-05-10T07:37:19.771+0000] {dagbag.py:545} INFO - Filling up the DagBag from /home/airflow/.local/lib/python3.12/site-packages/airflow/example_dags/example_xcom.py
[2026-05-10T07:37:19.778+0000] {processor.py:840} INFO - DAG(s) 'example_xcom' retrieved from /home/airflow/.local/lib/python3.12/site-packages/airflow/example_dags/example_xcom.py
[2026-05-10T07:37:19.794+0000] {logging_mixin.py:188} INFO - [2026-05-10T07:37:19.794+0000] {dag.py:3096} INFO - Sync 1 DAGs
[2026-05-10T07:37:19.811+0000] {logging_mixin.py:188} INFO - [2026-05-10T07:37:19.811+0000] {dag.py:3954} INFO - Setting next_dagrun for example_xcom to 2021-01-01 00:00:00+00:00, run_after=2021-01-01 00:00:00+00:00
[2026-05-10T07:37:19.825+0000] {processor.py:183} INFO - Processing /home/airflow/.local/lib/python3.12/site-packages/airflow/example_dags/example_xcom.py took 0.062 seconds
[2026-05-10T07:37:49.989+0000] {processor.py:161} INFO - Started process (PID=27737) to work on /home/airflow/.local/lib/python3.12/site-packages/airflow/example_dags/example_xcom.py
[2026-05-10T07:37:50.002+0000] {processor.py:830} INFO - Processing file /home/airflow/.local/lib/python3.12/site-packages/airflow/example_dags/example_xcom.py for tasks to queue
[2026-05-10T07:37:50.004+0000] {logging_mixin.py:188} INFO - [2026-05-10T07:37:50.004+0000] {dagbag.py:545} INFO - Filling up the DagBag from /home/airflow/.local/lib/python3.12/site-packages/airflow/example_dags/example_xcom.py
[2026-05-10T07:37:50.017+0000] {processor.py:840} INFO - DAG(s) 'example_xcom' retrieved from /home/airflow/.local/lib/python3.12/site-packages/airflow/example_dags/example_xcom.py
[2026-05-10T07:37:50.039+0000] {logging_mixin.py:188} INFO - [2026-05-10T07:37:50.039+0000] {dag.py:3096} INFO - Sync 1 DAGs
[2026-05-10T07:37:50.057+0000] {logging_mixin.py:188} INFO - [2026-05-10T07:37:50.057+0000] {dag.py:3954} INFO - Setting next_dagrun for example_xcom to 2021-01-01 00:00:00+00:00, run_after=2021-01-01 00:00:00+00:00
[2026-05-10T07:37:50.076+0000] {processor.py:183} INFO - Processing /home/airflow/.local/lib/python3.12/site-packages/airflow/example_dags/example_xcom.py took 0.091 seconds
[2026-05-10T07:38:20.809+0000] {processor.py:161} INFO - Started process (PID=27797) to work on /home/airflow/.local/lib/python3.12/site-packages/airflow/example_dags/example_xcom.py
[2026-05-10T07:38:20.812+0000] {processor.py:830} INFO - Processing file /home/airflow/.local/lib/python3.12/site-packages/airflow/example_dags/example_xcom.py for tasks to queue
[2026-05-10T07:38:20.813+0000] {logging_mixin.py:188} INFO - [2026-05-10T07:38:20.813+0000] {dagbag.py:545} INFO - Filling up the DagBag from /home/airflow/.local/lib/python3.12/site-packages/airflow/example_dags/example_xcom.py
[2026-05-10T07:38:20.819+0000] {processor.py:840} INFO - DAG(s) 'example_xcom' retrieved from /home/airflow/.local/lib/python3.12/site-packages/airflow/example_dags/example_xcom.py
[2026-05-10T07:38:20.836+0000] {logging_mixin.py:188} INFO - [2026-05-10T07:38:20.836+0000] {dag.py:3096} INFO - Sync 1 DAGs
[2026-05-10T07:38:20.852+0000] {logging_mixin.py:188} INFO - [2026-05-10T07:38:20.852+0000] {dag.py:3954} INFO - Setting next_dagrun for example_xcom to 2021-01-01 00:00:00+00:00, run_after=2021-01-01 00:00:00+00:00
[2026-05-10T07:38:20.867+0000] {processor.py:183} INFO - Processing /home/airflow/.local/lib/python3.12/site-packages/airflow/example_dags/example_xcom.py took 0.063 seconds
[2026-05-10T07:38:51.077+0000] {processor.py:161} INFO - Started process (PID=27857) to work on /home/airflow/.local/lib/python3.12/site-packages/airflow/example_dags/example_xcom.py
[2026-05-10T07:38:51.078+0000] {processor.py:830} INFO - Processing file /home/airflow/.local/lib/python3.12/site-packages/airflow/example_dags/example_xcom.py for tasks to queue
[2026-05-10T07:38:51.080+0000] {logging_mixin.py:188} INFO - [2026-05-10T07:38:51.080+0000] {dagbag.py:545} INFO - Filling up the DagBag from /home/airflow/.local/lib/python3.12/site-packages/airflow/example_dags/example_xcom.py
[2026-05-10T07:38:51.087+0000] {processor.py:840} INFO - DAG(s) 'example_xcom' retrieved from /home/airflow/.local/lib/python3.12/site-packages/airflow/example_dags/example_xcom.py
[2026-05-10T07:38:51.106+0000] {logging_mixin.py:188} INFO - [2026-05-10T07:38:51.105+0000] {dag.py:3096} INFO - Sync 1 DAGs
[2026-05-10T07:38:51.125+0000] {logging_mixin.py:188} INFO - [2026-05-10T07:38:51.125+0000] {dag.py:3954} INFO - Setting next_dagrun for example_xcom to 2021-01-01 00:00:00+00:00, run_after=2021-01-01 00:00:00+00:00
[2026-05-10T07:38:51.142+0000] {processor.py:183} INFO - Processing /home/airflow/.local/lib/python3.12/site-packages/airflow/example_dags/example_xcom.py took 0.070 seconds
[2026-05-10T07:39:21.202+0000] {processor.py:161} INFO - Started process (PID=27917) to work on /home/airflow/.local/lib/python3.12/site-packages/airflow/example_dags/example_xcom.py
[2026-05-10T07:39:21.203+0000] {processor.py:830} INFO - Processing file /home/airflow/.local/lib/python3.12/site-packages/airflow/example_dags/example_xcom.py for tasks to queue
[2026-05-10T07:39:21.206+0000] {logging_mixin.py:188} INFO - [2026-05-10T07:39:21.205+0000] {dagbag.py:545} INFO - Filling up the DagBag from /home/airflow/.local/lib/python3.12/site-packages/airflow/example_dags/example_xcom.py
[2026-05-10T07:39:21.213+0000] {processor.py:840} INFO - DAG(s) 'example_xcom' retrieved from /home/airflow/.local/lib/python3.12/site-packages/airflow/example_dags/example_xcom.py
[2026-05-10T07:39:21.233+0000] {logging_mixin.py:188} INFO - [2026-05-10T07:39:21.233+0000] {dag.py:3096} INFO - Sync 1 DAGs
[2026-05-10T07:39:21.250+0000] {logging_mixin.py:188} INFO - [2026-05-10T07:39:21.250+0000] {dag.py:3954} INFO - Setting next_dagrun for example_xcom to 2021-01-01 00:00:00+00:00, run_after=2021-01-01 00:00:00+00:00
[2026-05-10T07:39:21.268+0000] {processor.py:183} INFO - Processing /home/airflow/.local/lib/python3.12/site-packages/airflow/example_dags/example_xcom.py took 0.071 seconds
[2026-05-10T07:39:51.677+0000] {processor.py:161} INFO - Started process (PID=27977) to work on /home/airflow/.local/lib/python3.12/site-packages/airflow/example_dags/example_xcom.py
[2026-05-10T07:39:51.678+0000] {processor.py:830} INFO - Processing file /home/airflow/.local/lib/python3.12/site-packages/airflow/example_dags/example_xcom.py for tasks to queue
[2026-05-10T07:39:51.680+0000] {logging_mixin.py:188} INFO - [2026-05-10T07:39:51.680+0000] {dagbag.py:545} INFO - Filling up the DagBag from /home/airflow/.local/lib/python3.12/site-packages/airflow/example_dags/example_xcom.py
[2026-05-10T07:39:51.687+0000] {processor.py:840} INFO - DAG(s) 'example_xcom' retrieved from /home/airflow/.local/lib/python3.12/site-packages/airflow/example_dags/example_xcom.py
[2026-05-10T07:39:51.704+0000] {logging_mixin.py:188} INFO - [2026-05-10T07:39:51.703+0000] {dag.py:3096} INFO - Sync 1 DAGs
[2026-05-10T07:39:51.720+0000] {logging_mixin.py:188} INFO - [2026-05-10T07:39:51.720+0000] {dag.py:3954} INFO - Setting next_dagrun for example_xcom to 2021-01-01 00:00:00+00:00, run_after=2021-01-01 00:00:00+00:00
[2026-05-10T07:39:51.734+0000] {processor.py:183} INFO - Processing /home/airflow/.local/lib/python3.12/site-packages/airflow/example_dags/example_xcom.py took 0.062 seconds
[2026-05-10T07:40:22.111+0000] {processor.py:161} INFO - Started process (PID=28037) to work on /home/airflow/.local/lib/python3.12/site-packages/airflow/example_dags/example_xcom.py
[2026-05-10T07:40:22.113+0000] {processor.py:830} INFO - Processing file /home/airflow/.local/lib/python3.12/site-packages/airflow/example_dags/example_xcom.py for tasks to queue
[2026-05-10T07:40:22.115+0000] {logging_mixin.py:188} INFO - [2026-05-10T07:40:22.114+0000] {dagbag.py:545} INFO - Filling up the DagBag from /home/airflow/.local/lib/python3.12/site-packages/airflow/example_dags/example_xcom.py
[2026-05-10T07:40:22.122+0000] {processor.py:840} INFO - DAG(s) 'example_xcom' retrieved from /home/airflow/.local/lib/python3.12/site-packages/airflow/example_dags/example_xcom.py
[2026-05-10T07:40:22.140+0000] {logging_mixin.py:188} INFO - [2026-05-10T07:40:22.140+0000] {dag.py:3096} INFO - Sync 1 DAGs
[2026-05-10T07:40:22.155+0000] {logging_mixin.py:188} INFO - [2026-05-10T07:40:22.155+0000] {dag.py:3954} INFO - Setting next_dagrun for example_xcom to 2021-01-01 00:00:00+00:00, run_after=2021-01-01 00:00:00+00:00
[2026-05-10T07:40:22.172+0000] {processor.py:183} INFO - Processing /home/airflow/.local/lib/python3.12/site-packages/airflow/example_dags/example_xcom.py took 0.065 seconds
[2026-05-10T07:40:53.199+0000] {processor.py:161} INFO - Started process (PID=28097) to work on /home/airflow/.local/lib/python3.12/site-packages/airflow/example_dags/example_xcom.py
[2026-05-10T07:40:53.200+0000] {processor.py:830} INFO - Processing file /home/airflow/.local/lib/python3.12/site-packages/airflow/example_dags/example_xcom.py for tasks to queue
[2026-05-10T07:40:53.202+0000] {logging_mixin.py:188} INFO - [2026-05-10T07:40:53.201+0000] {dagbag.py:545} INFO - Filling up the DagBag from /home/airflow/.local/lib/python3.12/site-packages/airflow/example_dags/example_xcom.py
[2026-05-10T07:40:53.208+0000] {processor.py:840} INFO - DAG(s) 'example_xcom' retrieved from /home/airflow/.local/lib/python3.12/site-packages/airflow/example_dags/example_xcom.py
[2026-05-10T07:40:53.227+0000] {logging_mixin.py:188} INFO - [2026-05-10T07:40:53.226+0000] {dag.py:3096} INFO - Sync 1 DAGs
[2026-05-10T07:40:53.245+0000] {logging_mixin.py:188} INFO - [2026-05-10T07:40:53.244+0000] {dag.py:3954} INFO - Setting next_dagrun for example_xcom to 2021-01-01 00:00:00+00:00, run_after=2021-01-01 00:00:00+00:00
[2026-05-10T07:40:53.262+0000] {processor.py:183} INFO - Processing /home/airflow/.local/lib/python3.12/site-packages/airflow/example_dags/example_xcom.py took 0.068 seconds
[2026-05-10T07:41:23.827+0000] {processor.py:161} INFO - Started process (PID=28157) to work on /home/airflow/.local/lib/python3.12/site-packages/airflow/example_dags/example_xcom.py
[2026-05-10T07:41:23.829+0000] {processor.py:830} INFO - Processing file /home/airflow/.local/lib/python3.12/site-packages/airflow/example_dags/example_xcom.py for tasks to queue
[2026-05-10T07:41:23.830+0000] {logging_mixin.py:188} INFO - [2026-05-10T07:41:23.830+0000] {dagbag.py:545} INFO - Filling up the DagBag from /home/airflow/.local/lib/python3.12/site-packages/airflow/example_dags/example_xcom.py
[2026-05-10T07:41:23.836+0000] {processor.py:840} INFO - DAG(s) 'example_xcom' retrieved from /home/airflow/.local/lib/python3.12/site-packages/airflow/example_dags/example_xcom.py
[2026-05-10T07:41:23.853+0000] {logging_mixin.py:188} INFO - [2026-05-10T07:41:23.853+0000] {dag.py:3096} INFO - Sync 1 DAGs
[2026-05-10T07:41:23.869+0000] {logging_mixin.py:188} INFO - [2026-05-10T07:41:23.869+0000] {dag.py:3954} INFO - Setting next_dagrun for example_xcom to 2021-01-01 00:00:00+00:00, run_after=2021-01-01 00:00:00+00:00
[2026-05-10T07:41:23.886+0000] {processor.py:183} INFO - Processing /home/airflow/.local/lib/python3.12/site-packages/airflow/example_dags/example_xcom.py took 0.063 seconds
[2026-05-10T07:41:54.324+0000] {processor.py:161} INFO - Started process (PID=28217) to work on /home/airflow/.local/lib/python3.12/site-packages/airflow/example_dags/example_xcom.py
[2026-05-10T07:41:54.325+0000] {processor.py:830} INFO - Processing file /home/airflow/.local/lib/python3.12/site-packages/airflow/example_dags/example_xcom.py for tasks to queue
[2026-05-10T07:41:54.327+0000] {logging_mixin.py:188} INFO - [2026-05-10T07:41:54.326+0000] {dagbag.py:545} INFO - Filling up the DagBag from /home/airflow/.local/lib/python3.12/site-packages/airflow/example_dags/example_xcom.py
[2026-05-10T07:41:54.333+0000] {processor.py:840} INFO - DAG(s) 'example_xcom' retrieved from /home/airflow/.local/lib/python3.12/site-packages/airflow/example_dags/example_xcom.py
[2026-05-10T07:41:54.354+0000] {logging_mixin.py:188} INFO - [2026-05-10T07:41:54.354+0000] {dag.py:3096} INFO - Sync 1 DAGs
[2026-05-10T07:41:54.375+0000] {logging_mixin.py:188} INFO - [2026-05-10T07:41:54.375+0000] {dag.py:3954} INFO - Setting next_dagrun for example_xcom to 2021-01-01 00:00:00+00:00, run_after=2021-01-01 00:00:00+00:00
[2026-05-10T07:41:54.394+0000] {processor.py:183} INFO - Processing /home/airflow/.local/lib/python3.12/site-packages/airflow/example_dags/example_xcom.py took 0.075 seconds
[2026-05-10T07:42:24.885+0000] {processor.py:161} INFO - Started process (PID=28277) to work on /home/airflow/.local/lib/python3.12/site-packages/airflow/example_dags/example_xcom.py
[2026-05-10T07:42:24.886+0000] {processor.py:830} INFO - Processing file /home/airflow/.local/lib/python3.12/site-packages/airflow/example_dags/example_xcom.py for tasks to queue
[2026-05-10T07:42:24.888+0000] {logging_mixin.py:188} INFO - [2026-05-10T07:42:24.888+0000] {dagbag.py:545} INFO - Filling up the DagBag from /home/airflow/.local/lib/python3.12/site-packages/airflow/example_dags/example_xcom.py
[2026-05-10T07:42:24.895+0000] {processor.py:840} INFO - DAG(s) 'example_xcom' retrieved from /home/airflow/.local/lib/python3.12/site-packages/airflow/example_dags/example_xcom.py
[2026-05-10T07:42:24.912+0000] {logging_mixin.py:188} INFO - [2026-05-10T07:42:24.911+0000] {dag.py:3096} INFO - Sync 1 DAGs
[2026-05-10T07:42:24.929+0000] {logging_mixin.py:188} INFO - [2026-05-10T07:42:24.928+0000] {dag.py:3954} INFO - Setting next_dagrun for example_xcom to 2021-01-01 00:00:00+00:00, run_after=2021-01-01 00:00:00+00:00
[2026-05-10T07:42:24.946+0000] {processor.py:183} INFO - Processing /home/airflow/.local/lib/python3.12/site-packages/airflow/example_dags/example_xcom.py took 0.066 seconds
[2026-05-10T07:42:55.372+0000] {processor.py:161} INFO - Started process (PID=28337) to work on /home/airflow/.local/lib/python3.12/site-packages/airflow/example_dags/example_xcom.py
[2026-05-10T07:42:55.374+0000] {processor.py:830} INFO - Processing file /home/airflow/.local/lib/python3.12/site-packages/airflow/example_dags/example_xcom.py for tasks to queue
[2026-05-10T07:42:55.376+0000] {logging_mixin.py:188} INFO - [2026-05-10T07:42:55.376+0000] {dagbag.py:545} INFO - Filling up the DagBag from /home/airflow/.local/lib/python3.12/site-packages/airflow/example_dags/example_xcom.py
[2026-05-10T07:42:55.384+0000] {processor.py:840} INFO - DAG(s) 'example_xcom' retrieved from /home/airflow/.local/lib/python3.12/site-packages/airflow/example_dags/example_xcom.py
[2026-05-10T07:42:55.401+0000] {logging_mixin.py:188} INFO - [2026-05-10T07:42:55.401+0000] {dag.py:3096} INFO - Sync 1 DAGs
[2026-05-10T07:42:55.420+0000] {logging_mixin.py:188} INFO - [2026-05-10T07:42:55.420+0000] {dag.py:3954} INFO - Setting next_dagrun for example_xcom to 2021-01-01 00:00:00+00:00, run_after=2021-01-01 00:00:00+00:00
[2026-05-10T07:42:55.434+0000] {processor.py:183} INFO - Processing /home/airflow/.local/lib/python3.12/site-packages/airflow/example_dags/example_xcom.py took 0.066 seconds
[2026-05-10T07:43:25.716+0000] {processor.py:161} INFO - Started process (PID=28397) to work on /home/airflow/.local/lib/python3.12/site-packages/airflow/example_dags/example_xcom.py
[2026-05-10T07:43:25.717+0000] {processor.py:830} INFO - Processing file /home/airflow/.local/lib/python3.12/site-packages/airflow/example_dags/example_xcom.py for tasks to queue
[2026-05-10T07:43:25.719+0000] {logging_mixin.py:188} INFO - [2026-05-10T07:43:25.719+0000] {dagbag.py:545} INFO - Filling up the DagBag from /home/airflow/.local/lib/python3.12/site-packages/airflow/example_dags/example_xcom.py
[2026-05-10T07:43:25.726+0000] {processor.py:840} INFO - DAG(s) 'example_xcom' retrieved from /home/airflow/.local/lib/python3.12/site-packages/airflow/example_dags/example_xcom.py
[2026-05-10T07:43:25.743+0000] {logging_mixin.py:188} INFO - [2026-05-10T07:43:25.743+0000] {dag.py:3096} INFO - Sync 1 DAGs
[2026-05-10T07:43:25.762+0000] {logging_mixin.py:188} INFO - [2026-05-10T07:43:25.762+0000] {dag.py:3954} INFO - Setting next_dagrun for example_xcom to 2021-01-01 00:00:00+00:00, run_after=2021-01-01 00:00:00+00:00
[2026-05-10T07:43:25.779+0000] {processor.py:183} INFO - Processing /home/airflow/.local/lib/python3.12/site-packages/airflow/example_dags/example_xcom.py took 0.067 seconds
[2026-05-10T07:43:56.110+0000] {processor.py:161} INFO - Started process (PID=28457) to work on /home/airflow/.local/lib/python3.12/site-packages/airflow/example_dags/example_xcom.py
[2026-05-10T07:43:56.111+0000] {processor.py:830} INFO - Processing file /home/airflow/.local/lib/python3.12/site-packages/airflow/example_dags/example_xcom.py for tasks to queue
[2026-05-10T07:43:56.113+0000] {logging_mixin.py:188} INFO - [2026-05-10T07:43:56.113+0000] {dagbag.py:545} INFO - Filling up the DagBag from /home/airflow/.local/lib/python3.12/site-packages/airflow/example_dags/example_xcom.py
[2026-05-10T07:43:56.120+0000] {processor.py:840} INFO - DAG(s) 'example_xcom' retrieved from /home/airflow/.local/lib/python3.12/site-packages/airflow/example_dags/example_xcom.py
[2026-05-10T07:43:56.139+0000] {logging_mixin.py:188} INFO - [2026-05-10T07:43:56.139+0000] {dag.py:3096} INFO - Sync 1 DAGs
[2026-05-10T07:43:56.158+0000] {logging_mixin.py:188} INFO - [2026-05-10T07:43:56.157+0000] {dag.py:3954} INFO - Setting next_dagrun for example_xcom to 2021-01-01 00:00:00+00:00, run_after=2021-01-01 00:00:00+00:00
[2026-05-10T07:43:56.174+0000] {processor.py:183} INFO - Processing /home/airflow/.local/lib/python3.12/site-packages/airflow/example_dags/example_xcom.py took 0.068 seconds
[2026-05-10T07:44:26.330+0000] {processor.py:161} INFO - Started process (PID=28517) to work on /home/airflow/.local/lib/python3.12/site-packages/airflow/example_dags/example_xcom.py
[2026-05-10T07:44:26.332+0000] {processor.py:830} INFO - Processing file /home/airflow/.local/lib/python3.12/site-packages/airflow/example_dags/example_xcom.py for tasks to queue
[2026-05-10T07:44:26.334+0000] {logging_mixin.py:188} INFO - [2026-05-10T07:44:26.334+0000] {dagbag.py:545} INFO - Filling up the DagBag from /home/airflow/.local/lib/python3.12/site-packages/airflow/example_dags/example_xcom.py
[2026-05-10T07:44:26.341+0000] {processor.py:840} INFO - DAG(s) 'example_xcom' retrieved from /home/airflow/.local/lib/python3.12/site-packages/airflow/example_dags/example_xcom.py
[2026-05-10T07:44:26.359+0000] {logging_mixin.py:188} INFO - [2026-05-10T07:44:26.358+0000] {dag.py:3096} INFO - Sync 1 DAGs
[2026-05-10T07:44:26.375+0000] {logging_mixin.py:188} INFO - [2026-05-10T07:44:26.375+0000] {dag.py:3954} INFO - Setting next_dagrun for example_xcom to 2021-01-01 00:00:00+00:00, run_after=2021-01-01 00:00:00+00:00
[2026-05-10T07:44:26.390+0000] {processor.py:183} INFO - Processing /home/airflow/.local/lib/python3.12/site-packages/airflow/example_dags/example_xcom.py took 0.066 seconds
[2026-05-10T07:44:56.672+0000] {processor.py:161} INFO - Started process (PID=28577) to work on /home/airflow/.local/lib/python3.12/site-packages/airflow/example_dags/example_xcom.py
[2026-05-10T07:44:56.673+0000] {processor.py:830} INFO - Processing file /home/airflow/.local/lib/python3.12/site-packages/airflow/example_dags/example_xcom.py for tasks to queue
[2026-05-10T07:44:56.676+0000] {logging_mixin.py:188} INFO - [2026-05-10T07:44:56.675+0000] {dagbag.py:545} INFO - Filling up the DagBag from /home/airflow/.local/lib/python3.12/site-packages/airflow/example_dags/example_xcom.py
[2026-05-10T07:44:56.683+0000] {processor.py:840} INFO - DAG(s) 'example_xcom' retrieved from /home/airflow/.local/lib/python3.12/site-packages/airflow/example_dags/example_xcom.py
[2026-05-10T07:44:56.701+0000] {logging_mixin.py:188} INFO - [2026-05-10T07:44:56.701+0000] {dag.py:3096} INFO - Sync 1 DAGs
[2026-05-10T07:44:56.718+0000] {logging_mixin.py:188} INFO - [2026-05-10T07:44:56.718+0000] {dag.py:3954} INFO - Setting next_dagrun for example_xcom to 2021-01-01 00:00:00+00:00, run_after=2021-01-01 00:00:00+00:00
[2026-05-10T07:44:56.739+0000] {processor.py:183} INFO - Processing /home/airflow/.local/lib/python3.12/site-packages/airflow/example_dags/example_xcom.py took 0.072 seconds
[2026-05-10T07:45:26.958+0000] {processor.py:161} INFO - Started process (PID=28637) to work on /home/airflow/.local/lib/python3.12/site-packages/airflow/example_dags/example_xcom.py
[2026-05-10T07:45:26.959+0000] {processor.py:830} INFO - Processing file /home/airflow/.local/lib/python3.12/site-packages/airflow/example_dags/example_xcom.py for tasks to queue
[2026-05-10T07:45:26.961+0000] {logging_mixin.py:188} INFO - [2026-05-10T07:45:26.961+0000] {dagbag.py:545} INFO - Filling up the DagBag from /home/airflow/.local/lib/python3.12/site-packages/airflow/example_dags/example_xcom.py
[2026-05-10T07:45:26.969+0000] {processor.py:840} INFO - DAG(s) 'example_xcom' retrieved from /home/airflow/.local/lib/python3.12/site-packages/airflow/example_dags/example_xcom.py
[2026-05-10T07:45:26.989+0000] {logging_mixin.py:188} INFO - [2026-05-10T07:45:26.989+0000] {dag.py:3096} INFO - Sync 1 DAGs
[2026-05-10T07:45:27.011+0000] {logging_mixin.py:188} INFO - [2026-05-10T07:45:27.011+0000] {dag.py:3954} INFO - Setting next_dagrun for example_xcom to 2021-01-01 00:00:00+00:00, run_after=2021-01-01 00:00:00+00:00
[2026-05-10T07:45:27.034+0000] {processor.py:183} INFO - Processing /home/airflow/.local/lib/python3.12/site-packages/airflow/example_dags/example_xcom.py took 0.081 seconds
[2026-05-10T07:45:57.157+0000] {processor.py:161} INFO - Started process (PID=28697) to work on /home/airflow/.local/lib/python3.12/site-packages/airflow/example_dags/example_xcom.py
[2026-05-10T07:45:57.159+0000] {processor.py:830} INFO - Processing file /home/airflow/.local/lib/python3.12/site-packages/airflow/example_dags/example_xcom.py for tasks to queue
[2026-05-10T07:45:57.161+0000] {logging_mixin.py:188} INFO - [2026-05-10T07:45:57.160+0000] {dagbag.py:545} INFO - Filling up the DagBag from /home/airflow/.local/lib/python3.12/site-packages/airflow/example_dags/example_xcom.py
[2026-05-10T07:45:57.167+0000] {processor.py:840} INFO - DAG(s) 'example_xcom' retrieved from /home/airflow/.local/lib/python3.12/site-packages/airflow/example_dags/example_xcom.py
[2026-05-10T07:45:57.187+0000] {logging_mixin.py:188} INFO - [2026-05-10T07:45:57.187+0000] {dag.py:3096} INFO - Sync 1 DAGs
[2026-05-10T07:45:57.206+0000] {logging_mixin.py:188} INFO - [2026-05-10T07:45:57.205+0000] {dag.py:3954} INFO - Setting next_dagrun for example_xcom to 2021-01-01 00:00:00+00:00, run_after=2021-01-01 00:00:00+00:00
[2026-05-10T07:45:57.227+0000] {processor.py:183} INFO - Processing /home/airflow/.local/lib/python3.12/site-packages/airflow/example_dags/example_xcom.py took 0.074 seconds
[2026-05-10T07:46:27.477+0000] {processor.py:161} INFO - Started process (PID=28757) to work on /home/airflow/.local/lib/python3.12/site-packages/airflow/example_dags/example_xcom.py
[2026-05-10T07:46:27.478+0000] {processor.py:830} INFO - Processing file /home/airflow/.local/lib/python3.12/site-packages/airflow/example_dags/example_xcom.py for tasks to queue
[2026-05-10T07:46:27.480+0000] {logging_mixin.py:188} INFO - [2026-05-10T07:46:27.480+0000] {dagbag.py:545} INFO - Filling up the DagBag from /home/airflow/.local/lib/python3.12/site-packages/airflow/example_dags/example_xcom.py
[2026-05-10T07:46:27.486+0000] {processor.py:840} INFO - DAG(s) 'example_xcom' retrieved from /home/airflow/.local/lib/python3.12/site-packages/airflow/example_dags/example_xcom.py
[2026-05-10T07:46:27.503+0000] {logging_mixin.py:188} INFO - [2026-05-10T07:46:27.503+0000] {dag.py:3096} INFO - Sync 1 DAGs
[2026-05-10T07:46:27.521+0000] {logging_mixin.py:188} INFO - [2026-05-10T07:46:27.520+0000] {dag.py:3954} INFO - Setting next_dagrun for example_xcom to 2021-01-01 00:00:00+00:00, run_after=2021-01-01 00:00:00+00:00
[2026-05-10T07:46:27.538+0000] {processor.py:183} INFO - Processing /home/airflow/.local/lib/python3.12/site-packages/airflow/example_dags/example_xcom.py took 0.065 seconds
[2026-05-10T07:46:57.916+0000] {processor.py:161} INFO - Started process (PID=28817) to work on /home/airflow/.local/lib/python3.12/site-packages/airflow/example_dags/example_xcom.py
[2026-05-10T07:46:57.918+0000] {processor.py:830} INFO - Processing file /home/airflow/.local/lib/python3.12/site-packages/airflow/example_dags/example_xcom.py for tasks to queue
[2026-05-10T07:46:57.920+0000] {logging_mixin.py:188} INFO - [2026-05-10T07:46:57.920+0000] {dagbag.py:545} INFO - Filling up the DagBag from /home/airflow/.local/lib/python3.12/site-packages/airflow/example_dags/example_xcom.py
[2026-05-10T07:46:57.926+0000] {processor.py:840} INFO - DAG(s) 'example_xcom' retrieved from /home/airflow/.local/lib/python3.12/site-packages/airflow/example_dags/example_xcom.py
[2026-05-10T07:46:57.944+0000] {logging_mixin.py:188} INFO - [2026-05-10T07:46:57.944+0000] {dag.py:3096} INFO - Sync 1 DAGs
[2026-05-10T07:46:57.959+0000] {logging_mixin.py:188} INFO - [2026-05-10T07:46:57.959+0000] {dag.py:3954} INFO - Setting next_dagrun for example_xcom to 2021-01-01 00:00:00+00:00, run_after=2021-01-01 00:00:00+00:00
[2026-05-10T07:46:57.977+0000] {processor.py:183} INFO - Processing /home/airflow/.local/lib/python3.12/site-packages/airflow/example_dags/example_xcom.py took 0.065 seconds
[2026-05-10T07:47:28.065+0000] {processor.py:161} INFO - Started process (PID=28877) to work on /home/airflow/.local/lib/python3.12/site-packages/airflow/example_dags/example_xcom.py
[2026-05-10T07:47:28.068+0000] {processor.py:830} INFO - Processing file /home/airflow/.local/lib/python3.12/site-packages/airflow/example_dags/example_xcom.py for tasks to queue
[2026-05-10T07:47:28.070+0000] {logging_mixin.py:188} INFO - [2026-05-10T07:47:28.069+0000] {dagbag.py:545} INFO - Filling up the DagBag from /home/airflow/.local/lib/python3.12/site-packages/airflow/example_dags/example_xcom.py
[2026-05-10T07:47:28.076+0000] {processor.py:840} INFO - DAG(s) 'example_xcom' retrieved from /home/airflow/.local/lib/python3.12/site-packages/airflow/example_dags/example_xcom.py
[2026-05-10T07:47:28.094+0000] {logging_mixin.py:188} INFO - [2026-05-10T07:47:28.094+0000] {dag.py:3096} INFO - Sync 1 DAGs
[2026-05-10T07:47:28.111+0000] {logging_mixin.py:188} INFO - [2026-05-10T07:47:28.111+0000] {dag.py:3954} INFO - Setting next_dagrun for example_xcom to 2021-01-01 00:00:00+00:00, run_after=2021-01-01 00:00:00+00:00
[2026-05-10T07:47:28.126+0000] {processor.py:183} INFO - Processing /home/airflow/.local/lib/python3.12/site-packages/airflow/example_dags/example_xcom.py took 0.066 seconds
[2026-05-10T07:47:58.294+0000] {processor.py:161} INFO - Started process (PID=28937) to work on /home/airflow/.local/lib/python3.12/site-packages/airflow/example_dags/example_xcom.py
[2026-05-10T07:47:58.295+0000] {processor.py:830} INFO - Processing file /home/airflow/.local/lib/python3.12/site-packages/airflow/example_dags/example_xcom.py for tasks to queue
[2026-05-10T07:47:58.298+0000] {logging_mixin.py:188} INFO - [2026-05-10T07:47:58.297+0000] {dagbag.py:545} INFO - Filling up the DagBag from /home/airflow/.local/lib/python3.12/site-packages/airflow/example_dags/example_xcom.py
[2026-05-10T07:47:58.305+0000] {processor.py:840} INFO - DAG(s) 'example_xcom' retrieved from /home/airflow/.local/lib/python3.12/site-packages/airflow/example_dags/example_xcom.py
[2026-05-10T07:47:58.321+0000] {logging_mixin.py:188} INFO - [2026-05-10T07:47:58.321+0000] {dag.py:3096} INFO - Sync 1 DAGs
[2026-05-10T07:47:58.338+0000] {logging_mixin.py:188} INFO - [2026-05-10T07:47:58.338+0000] {dag.py:3954} INFO - Setting next_dagrun for example_xcom to 2021-01-01 00:00:00+00:00, run_after=2021-01-01 00:00:00+00:00
[2026-05-10T07:47:58.356+0000] {processor.py:183} INFO - Processing /home/airflow/.local/lib/python3.12/site-packages/airflow/example_dags/example_xcom.py took 0.067 seconds
[2026-05-10T07:48:28.525+0000] {processor.py:161} INFO - Started process (PID=28997) to work on /home/airflow/.local/lib/python3.12/site-packages/airflow/example_dags/example_xcom.py
[2026-05-10T07:48:28.530+0000] {processor.py:830} INFO - Processing file /home/airflow/.local/lib/python3.12/site-packages/airflow/example_dags/example_xcom.py for tasks to queue
[2026-05-10T07:48:28.532+0000] {logging_mixin.py:188} INFO - [2026-05-10T07:48:28.532+0000] {dagbag.py:545} INFO - Filling up the DagBag from /home/airflow/.local/lib/python3.12/site-packages/airflow/example_dags/example_xcom.py
[2026-05-10T07:48:28.540+0000] {processor.py:840} INFO - DAG(s) 'example_xcom' retrieved from /home/airflow/.local/lib/python3.12/site-packages/airflow/example_dags/example_xcom.py
[2026-05-10T07:48:28.561+0000] {logging_mixin.py:188} INFO - [2026-05-10T07:48:28.561+0000] {dag.py:3096} INFO - Sync 1 DAGs
[2026-05-10T07:48:28.584+0000] {logging_mixin.py:188} INFO - [2026-05-10T07:48:28.584+0000] {dag.py:3954} INFO - Setting next_dagrun for example_xcom to 2021-01-01 00:00:00+00:00, run_after=2021-01-01 00:00:00+00:00
[2026-05-10T07:48:28.605+0000] {processor.py:183} INFO - Processing /home/airflow/.local/lib/python3.12/site-packages/airflow/example_dags/example_xcom.py took 0.086 seconds
[2026-05-10T12:23:59.643+0000] {processor.py:161} INFO - Started process (PID=53) to work on /home/airflow/.local/lib/python3.12/site-packages/airflow/example_dags/example_xcom.py
[2026-05-10T12:23:59.644+0000] {processor.py:830} INFO - Processing file /home/airflow/.local/lib/python3.12/site-packages/airflow/example_dags/example_xcom.py for tasks to queue
[2026-05-10T12:23:59.647+0000] {logging_mixin.py:188} INFO - [2026-05-10T12:23:59.646+0000] {dagbag.py:545} INFO - Filling up the DagBag from /home/airflow/.local/lib/python3.12/site-packages/airflow/example_dags/example_xcom.py
[2026-05-10T12:23:59.656+0000] {processor.py:840} INFO - DAG(s) 'example_xcom' retrieved from /home/airflow/.local/lib/python3.12/site-packages/airflow/example_dags/example_xcom.py
[2026-05-10T12:23:59.682+0000] {logging_mixin.py:188} INFO - [2026-05-10T12:23:59.682+0000] {dag.py:3096} INFO - Sync 1 DAGs
[2026-05-10T12:23:59.703+0000] {logging_mixin.py:188} INFO - [2026-05-10T12:23:59.703+0000] {dag.py:3954} INFO - Setting next_dagrun for example_xcom to 2021-01-01 00:00:00+00:00, run_after=2021-01-01 00:00:00+00:00
[2026-05-10T12:23:59.722+0000] {processor.py:183} INFO - Processing /home/airflow/.local/lib/python3.12/site-packages/airflow/example_dags/example_xcom.py took 0.083 seconds
