[2026-05-09T04:36:30.439+0000] {processor.py:161} INFO - Started process (PID=108) to work on /home/airflow/.local/lib/python3.12/site-packages/airflow/example_dags/subdags/subdag.py
[2026-05-09T04:36:30.440+0000] {processor.py:830} INFO - Processing file /home/airflow/.local/lib/python3.12/site-packages/airflow/example_dags/subdags/subdag.py for tasks to queue
[2026-05-09T04:36:30.443+0000] {logging_mixin.py:188} INFO - [2026-05-09T04:36:30.442+0000] {dagbag.py:545} INFO - Filling up the DagBag from /home/airflow/.local/lib/python3.12/site-packages/airflow/example_dags/subdags/subdag.py
[2026-05-09T04:36:30.444+0000] {processor.py:842} WARNING - No viable dags retrieved from /home/airflow/.local/lib/python3.12/site-packages/airflow/example_dags/subdags/subdag.py
[2026-05-09T04:36:30.456+0000] {processor.py:183} INFO - Processing /home/airflow/.local/lib/python3.12/site-packages/airflow/example_dags/subdags/subdag.py took 0.022 seconds
[2026-05-09T04:37:00.581+0000] {processor.py:161} INFO - Started process (PID=166) to work on /home/airflow/.local/lib/python3.12/site-packages/airflow/example_dags/subdags/subdag.py
[2026-05-09T04:37:00.582+0000] {processor.py:830} INFO - Processing file /home/airflow/.local/lib/python3.12/site-packages/airflow/example_dags/subdags/subdag.py for tasks to queue
[2026-05-09T04:37:00.584+0000] {logging_mixin.py:188} INFO - [2026-05-09T04:37:00.584+0000] {dagbag.py:545} INFO - Filling up the DagBag from /home/airflow/.local/lib/python3.12/site-packages/airflow/example_dags/subdags/subdag.py
[2026-05-09T04:37:00.586+0000] {processor.py:842} WARNING - No viable dags retrieved from /home/airflow/.local/lib/python3.12/site-packages/airflow/example_dags/subdags/subdag.py
[2026-05-09T04:37:00.597+0000] {processor.py:183} INFO - Processing /home/airflow/.local/lib/python3.12/site-packages/airflow/example_dags/subdags/subdag.py took 0.021 seconds
[2026-05-09T04:37:30.964+0000] {processor.py:161} INFO - Started process (PID=226) to work on /home/airflow/.local/lib/python3.12/site-packages/airflow/example_dags/subdags/subdag.py
[2026-05-09T04:37:30.965+0000] {processor.py:830} INFO - Processing file /home/airflow/.local/lib/python3.12/site-packages/airflow/example_dags/subdags/subdag.py for tasks to queue
[2026-05-09T04:37:30.967+0000] {logging_mixin.py:188} INFO - [2026-05-09T04:37:30.967+0000] {dagbag.py:545} INFO - Filling up the DagBag from /home/airflow/.local/lib/python3.12/site-packages/airflow/example_dags/subdags/subdag.py
[2026-05-09T04:37:30.968+0000] {processor.py:842} WARNING - No viable dags retrieved from /home/airflow/.local/lib/python3.12/site-packages/airflow/example_dags/subdags/subdag.py
[2026-05-09T04:37:30.979+0000] {processor.py:183} INFO - Processing /home/airflow/.local/lib/python3.12/site-packages/airflow/example_dags/subdags/subdag.py took 0.019 seconds
[2026-05-09T04:38:02.411+0000] {processor.py:161} INFO - Started process (PID=286) to work on /home/airflow/.local/lib/python3.12/site-packages/airflow/example_dags/subdags/subdag.py
[2026-05-09T04:38:02.412+0000] {processor.py:830} INFO - Processing file /home/airflow/.local/lib/python3.12/site-packages/airflow/example_dags/subdags/subdag.py for tasks to queue
[2026-05-09T04:38:02.414+0000] {logging_mixin.py:188} INFO - [2026-05-09T04:38:02.414+0000] {dagbag.py:545} INFO - Filling up the DagBag from /home/airflow/.local/lib/python3.12/site-packages/airflow/example_dags/subdags/subdag.py
[2026-05-09T04:38:02.416+0000] {processor.py:842} WARNING - No viable dags retrieved from /home/airflow/.local/lib/python3.12/site-packages/airflow/example_dags/subdags/subdag.py
[2026-05-09T04:38:02.427+0000] {processor.py:183} INFO - Processing /home/airflow/.local/lib/python3.12/site-packages/airflow/example_dags/subdags/subdag.py took 0.020 seconds
[2026-05-09T04:38:33.027+0000] {processor.py:161} INFO - Started process (PID=346) to work on /home/airflow/.local/lib/python3.12/site-packages/airflow/example_dags/subdags/subdag.py
[2026-05-09T04:38:33.028+0000] {processor.py:830} INFO - Processing file /home/airflow/.local/lib/python3.12/site-packages/airflow/example_dags/subdags/subdag.py for tasks to queue
[2026-05-09T04:38:33.030+0000] {logging_mixin.py:188} INFO - [2026-05-09T04:38:33.029+0000] {dagbag.py:545} INFO - Filling up the DagBag from /home/airflow/.local/lib/python3.12/site-packages/airflow/example_dags/subdags/subdag.py
[2026-05-09T04:38:33.031+0000] {processor.py:842} WARNING - No viable dags retrieved from /home/airflow/.local/lib/python3.12/site-packages/airflow/example_dags/subdags/subdag.py
[2026-05-09T04:38:33.044+0000] {processor.py:183} INFO - Processing /home/airflow/.local/lib/python3.12/site-packages/airflow/example_dags/subdags/subdag.py took 0.023 seconds
[2026-05-09T04:39:03.538+0000] {processor.py:161} INFO - Started process (PID=406) to work on /home/airflow/.local/lib/python3.12/site-packages/airflow/example_dags/subdags/subdag.py
[2026-05-09T04:39:03.539+0000] {processor.py:830} INFO - Processing file /home/airflow/.local/lib/python3.12/site-packages/airflow/example_dags/subdags/subdag.py for tasks to queue
[2026-05-09T04:39:03.541+0000] {logging_mixin.py:188} INFO - [2026-05-09T04:39:03.540+0000] {dagbag.py:545} INFO - Filling up the DagBag from /home/airflow/.local/lib/python3.12/site-packages/airflow/example_dags/subdags/subdag.py
[2026-05-09T04:39:03.543+0000] {processor.py:842} WARNING - No viable dags retrieved from /home/airflow/.local/lib/python3.12/site-packages/airflow/example_dags/subdags/subdag.py
[2026-05-09T04:39:03.557+0000] {processor.py:183} INFO - Processing /home/airflow/.local/lib/python3.12/site-packages/airflow/example_dags/subdags/subdag.py took 0.025 seconds
[2026-05-09T04:39:33.738+0000] {processor.py:161} INFO - Started process (PID=466) to work on /home/airflow/.local/lib/python3.12/site-packages/airflow/example_dags/subdags/subdag.py
[2026-05-09T04:39:33.739+0000] {processor.py:830} INFO - Processing file /home/airflow/.local/lib/python3.12/site-packages/airflow/example_dags/subdags/subdag.py for tasks to queue
[2026-05-09T04:39:33.741+0000] {logging_mixin.py:188} INFO - [2026-05-09T04:39:33.740+0000] {dagbag.py:545} INFO - Filling up the DagBag from /home/airflow/.local/lib/python3.12/site-packages/airflow/example_dags/subdags/subdag.py
[2026-05-09T04:39:33.742+0000] {processor.py:842} WARNING - No viable dags retrieved from /home/airflow/.local/lib/python3.12/site-packages/airflow/example_dags/subdags/subdag.py
[2026-05-09T04:39:33.755+0000] {processor.py:183} INFO - Processing /home/airflow/.local/lib/python3.12/site-packages/airflow/example_dags/subdags/subdag.py took 0.022 seconds
[2026-05-09T04:40:04.025+0000] {processor.py:161} INFO - Started process (PID=526) to work on /home/airflow/.local/lib/python3.12/site-packages/airflow/example_dags/subdags/subdag.py
[2026-05-09T04:40:04.027+0000] {processor.py:830} INFO - Processing file /home/airflow/.local/lib/python3.12/site-packages/airflow/example_dags/subdags/subdag.py for tasks to queue
[2026-05-09T04:40:04.028+0000] {logging_mixin.py:188} INFO - [2026-05-09T04:40:04.028+0000] {dagbag.py:545} INFO - Filling up the DagBag from /home/airflow/.local/lib/python3.12/site-packages/airflow/example_dags/subdags/subdag.py
[2026-05-09T04:40:04.030+0000] {processor.py:842} WARNING - No viable dags retrieved from /home/airflow/.local/lib/python3.12/site-packages/airflow/example_dags/subdags/subdag.py
[2026-05-09T04:40:04.045+0000] {processor.py:183} INFO - Processing /home/airflow/.local/lib/python3.12/site-packages/airflow/example_dags/subdags/subdag.py took 0.023 seconds
[2026-05-09T04:40:35.124+0000] {processor.py:161} INFO - Started process (PID=586) to work on /home/airflow/.local/lib/python3.12/site-packages/airflow/example_dags/subdags/subdag.py
[2026-05-09T04:40:35.127+0000] {processor.py:830} INFO - Processing file /home/airflow/.local/lib/python3.12/site-packages/airflow/example_dags/subdags/subdag.py for tasks to queue
[2026-05-09T04:40:35.130+0000] {logging_mixin.py:188} INFO - [2026-05-09T04:40:35.130+0000] {dagbag.py:545} INFO - Filling up the DagBag from /home/airflow/.local/lib/python3.12/site-packages/airflow/example_dags/subdags/subdag.py
[2026-05-09T04:40:35.136+0000] {processor.py:842} WARNING - No viable dags retrieved from /home/airflow/.local/lib/python3.12/site-packages/airflow/example_dags/subdags/subdag.py
[2026-05-09T04:40:35.150+0000] {processor.py:183} INFO - Processing /home/airflow/.local/lib/python3.12/site-packages/airflow/example_dags/subdags/subdag.py took 0.032 seconds
[2026-05-09T04:41:05.554+0000] {processor.py:161} INFO - Started process (PID=646) to work on /home/airflow/.local/lib/python3.12/site-packages/airflow/example_dags/subdags/subdag.py
[2026-05-09T04:41:05.555+0000] {processor.py:830} INFO - Processing file /home/airflow/.local/lib/python3.12/site-packages/airflow/example_dags/subdags/subdag.py for tasks to queue
[2026-05-09T04:41:05.558+0000] {logging_mixin.py:188} INFO - [2026-05-09T04:41:05.557+0000] {dagbag.py:545} INFO - Filling up the DagBag from /home/airflow/.local/lib/python3.12/site-packages/airflow/example_dags/subdags/subdag.py
[2026-05-09T04:41:05.560+0000] {processor.py:842} WARNING - No viable dags retrieved from /home/airflow/.local/lib/python3.12/site-packages/airflow/example_dags/subdags/subdag.py
[2026-05-09T04:41:05.575+0000] {processor.py:183} INFO - Processing /home/airflow/.local/lib/python3.12/site-packages/airflow/example_dags/subdags/subdag.py took 0.025 seconds
[2026-05-09T04:41:36.971+0000] {processor.py:161} INFO - Started process (PID=706) to work on /home/airflow/.local/lib/python3.12/site-packages/airflow/example_dags/subdags/subdag.py
[2026-05-09T04:41:36.972+0000] {processor.py:830} INFO - Processing file /home/airflow/.local/lib/python3.12/site-packages/airflow/example_dags/subdags/subdag.py for tasks to queue
[2026-05-09T04:41:36.974+0000] {logging_mixin.py:188} INFO - [2026-05-09T04:41:36.974+0000] {dagbag.py:545} INFO - Filling up the DagBag from /home/airflow/.local/lib/python3.12/site-packages/airflow/example_dags/subdags/subdag.py
[2026-05-09T04:41:36.976+0000] {processor.py:842} WARNING - No viable dags retrieved from /home/airflow/.local/lib/python3.12/site-packages/airflow/example_dags/subdags/subdag.py
[2026-05-09T04:41:36.986+0000] {processor.py:183} INFO - Processing /home/airflow/.local/lib/python3.12/site-packages/airflow/example_dags/subdags/subdag.py took 0.020 seconds
[2026-05-09T04:42:07.377+0000] {processor.py:161} INFO - Started process (PID=766) to work on /home/airflow/.local/lib/python3.12/site-packages/airflow/example_dags/subdags/subdag.py
[2026-05-09T04:42:07.378+0000] {processor.py:830} INFO - Processing file /home/airflow/.local/lib/python3.12/site-packages/airflow/example_dags/subdags/subdag.py for tasks to queue
[2026-05-09T04:42:07.380+0000] {logging_mixin.py:188} INFO - [2026-05-09T04:42:07.379+0000] {dagbag.py:545} INFO - Filling up the DagBag from /home/airflow/.local/lib/python3.12/site-packages/airflow/example_dags/subdags/subdag.py
[2026-05-09T04:42:07.382+0000] {processor.py:842} WARNING - No viable dags retrieved from /home/airflow/.local/lib/python3.12/site-packages/airflow/example_dags/subdags/subdag.py
[2026-05-09T04:42:07.395+0000] {processor.py:183} INFO - Processing /home/airflow/.local/lib/python3.12/site-packages/airflow/example_dags/subdags/subdag.py took 0.022 seconds
[2026-05-09T04:42:37.671+0000] {processor.py:161} INFO - Started process (PID=826) to work on /home/airflow/.local/lib/python3.12/site-packages/airflow/example_dags/subdags/subdag.py
[2026-05-09T04:42:37.673+0000] {processor.py:830} INFO - Processing file /home/airflow/.local/lib/python3.12/site-packages/airflow/example_dags/subdags/subdag.py for tasks to queue
[2026-05-09T04:42:37.674+0000] {logging_mixin.py:188} INFO - [2026-05-09T04:42:37.674+0000] {dagbag.py:545} INFO - Filling up the DagBag from /home/airflow/.local/lib/python3.12/site-packages/airflow/example_dags/subdags/subdag.py
[2026-05-09T04:42:37.676+0000] {processor.py:842} WARNING - No viable dags retrieved from /home/airflow/.local/lib/python3.12/site-packages/airflow/example_dags/subdags/subdag.py
[2026-05-09T04:42:37.687+0000] {processor.py:183} INFO - Processing /home/airflow/.local/lib/python3.12/site-packages/airflow/example_dags/subdags/subdag.py took 0.020 seconds
[2026-05-09T04:43:08.583+0000] {processor.py:161} INFO - Started process (PID=886) to work on /home/airflow/.local/lib/python3.12/site-packages/airflow/example_dags/subdags/subdag.py
[2026-05-09T04:43:08.585+0000] {processor.py:830} INFO - Processing file /home/airflow/.local/lib/python3.12/site-packages/airflow/example_dags/subdags/subdag.py for tasks to queue
[2026-05-09T04:43:08.586+0000] {logging_mixin.py:188} INFO - [2026-05-09T04:43:08.586+0000] {dagbag.py:545} INFO - Filling up the DagBag from /home/airflow/.local/lib/python3.12/site-packages/airflow/example_dags/subdags/subdag.py
[2026-05-09T04:43:08.588+0000] {processor.py:842} WARNING - No viable dags retrieved from /home/airflow/.local/lib/python3.12/site-packages/airflow/example_dags/subdags/subdag.py
[2026-05-09T04:43:08.599+0000] {processor.py:183} INFO - Processing /home/airflow/.local/lib/python3.12/site-packages/airflow/example_dags/subdags/subdag.py took 0.020 seconds
[2026-05-09T04:43:39.499+0000] {processor.py:161} INFO - Started process (PID=946) to work on /home/airflow/.local/lib/python3.12/site-packages/airflow/example_dags/subdags/subdag.py
[2026-05-09T04:43:39.500+0000] {processor.py:830} INFO - Processing file /home/airflow/.local/lib/python3.12/site-packages/airflow/example_dags/subdags/subdag.py for tasks to queue
[2026-05-09T04:43:39.504+0000] {logging_mixin.py:188} INFO - [2026-05-09T04:43:39.503+0000] {dagbag.py:545} INFO - Filling up the DagBag from /home/airflow/.local/lib/python3.12/site-packages/airflow/example_dags/subdags/subdag.py
[2026-05-09T04:43:39.508+0000] {processor.py:842} WARNING - No viable dags retrieved from /home/airflow/.local/lib/python3.12/site-packages/airflow/example_dags/subdags/subdag.py
[2026-05-09T04:43:39.528+0000] {processor.py:183} INFO - Processing /home/airflow/.local/lib/python3.12/site-packages/airflow/example_dags/subdags/subdag.py took 0.036 seconds
[2026-05-09T04:44:09.820+0000] {processor.py:161} INFO - Started process (PID=1006) to work on /home/airflow/.local/lib/python3.12/site-packages/airflow/example_dags/subdags/subdag.py
[2026-05-09T04:44:09.821+0000] {processor.py:830} INFO - Processing file /home/airflow/.local/lib/python3.12/site-packages/airflow/example_dags/subdags/subdag.py for tasks to queue
[2026-05-09T04:44:09.823+0000] {logging_mixin.py:188} INFO - [2026-05-09T04:44:09.822+0000] {dagbag.py:545} INFO - Filling up the DagBag from /home/airflow/.local/lib/python3.12/site-packages/airflow/example_dags/subdags/subdag.py
[2026-05-09T04:44:09.825+0000] {processor.py:842} WARNING - No viable dags retrieved from /home/airflow/.local/lib/python3.12/site-packages/airflow/example_dags/subdags/subdag.py
[2026-05-09T04:44:09.835+0000] {processor.py:183} INFO - Processing /home/airflow/.local/lib/python3.12/site-packages/airflow/example_dags/subdags/subdag.py took 0.020 seconds
[2026-05-09T04:44:40.326+0000] {processor.py:161} INFO - Started process (PID=1066) to work on /home/airflow/.local/lib/python3.12/site-packages/airflow/example_dags/subdags/subdag.py
[2026-05-09T04:44:40.327+0000] {processor.py:830} INFO - Processing file /home/airflow/.local/lib/python3.12/site-packages/airflow/example_dags/subdags/subdag.py for tasks to queue
[2026-05-09T04:44:40.329+0000] {logging_mixin.py:188} INFO - [2026-05-09T04:44:40.329+0000] {dagbag.py:545} INFO - Filling up the DagBag from /home/airflow/.local/lib/python3.12/site-packages/airflow/example_dags/subdags/subdag.py
[2026-05-09T04:44:40.331+0000] {processor.py:842} WARNING - No viable dags retrieved from /home/airflow/.local/lib/python3.12/site-packages/airflow/example_dags/subdags/subdag.py
[2026-05-09T04:44:40.342+0000] {processor.py:183} INFO - Processing /home/airflow/.local/lib/python3.12/site-packages/airflow/example_dags/subdags/subdag.py took 0.019 seconds
[2026-05-09T04:45:10.924+0000] {processor.py:161} INFO - Started process (PID=1126) to work on /home/airflow/.local/lib/python3.12/site-packages/airflow/example_dags/subdags/subdag.py
[2026-05-09T04:45:10.926+0000] {processor.py:830} INFO - Processing file /home/airflow/.local/lib/python3.12/site-packages/airflow/example_dags/subdags/subdag.py for tasks to queue
[2026-05-09T04:45:10.929+0000] {logging_mixin.py:188} INFO - [2026-05-09T04:45:10.929+0000] {dagbag.py:545} INFO - Filling up the DagBag from /home/airflow/.local/lib/python3.12/site-packages/airflow/example_dags/subdags/subdag.py
[2026-05-09T04:45:10.932+0000] {processor.py:842} WARNING - No viable dags retrieved from /home/airflow/.local/lib/python3.12/site-packages/airflow/example_dags/subdags/subdag.py
[2026-05-09T04:45:10.947+0000] {processor.py:183} INFO - Processing /home/airflow/.local/lib/python3.12/site-packages/airflow/example_dags/subdags/subdag.py took 0.029 seconds
[2026-05-09T04:45:46.848+0000] {processor.py:161} INFO - Started process (PID=1186) to work on /home/airflow/.local/lib/python3.12/site-packages/airflow/example_dags/subdags/subdag.py
[2026-05-09T04:45:46.849+0000] {processor.py:830} INFO - Processing file /home/airflow/.local/lib/python3.12/site-packages/airflow/example_dags/subdags/subdag.py for tasks to queue
[2026-05-09T04:45:46.852+0000] {logging_mixin.py:188} INFO - [2026-05-09T04:45:46.852+0000] {dagbag.py:545} INFO - Filling up the DagBag from /home/airflow/.local/lib/python3.12/site-packages/airflow/example_dags/subdags/subdag.py
[2026-05-09T04:45:46.855+0000] {processor.py:842} WARNING - No viable dags retrieved from /home/airflow/.local/lib/python3.12/site-packages/airflow/example_dags/subdags/subdag.py
[2026-05-09T04:45:46.870+0000] {processor.py:183} INFO - Processing /home/airflow/.local/lib/python3.12/site-packages/airflow/example_dags/subdags/subdag.py took 0.029 seconds
[2026-05-09T04:46:17.895+0000] {processor.py:161} INFO - Started process (PID=1246) to work on /home/airflow/.local/lib/python3.12/site-packages/airflow/example_dags/subdags/subdag.py
[2026-05-09T04:46:17.897+0000] {processor.py:830} INFO - Processing file /home/airflow/.local/lib/python3.12/site-packages/airflow/example_dags/subdags/subdag.py for tasks to queue
[2026-05-09T04:46:17.899+0000] {logging_mixin.py:188} INFO - [2026-05-09T04:46:17.899+0000] {dagbag.py:545} INFO - Filling up the DagBag from /home/airflow/.local/lib/python3.12/site-packages/airflow/example_dags/subdags/subdag.py
[2026-05-09T04:46:17.901+0000] {processor.py:842} WARNING - No viable dags retrieved from /home/airflow/.local/lib/python3.12/site-packages/airflow/example_dags/subdags/subdag.py
[2026-05-09T04:46:17.913+0000] {processor.py:183} INFO - Processing /home/airflow/.local/lib/python3.12/site-packages/airflow/example_dags/subdags/subdag.py took 0.022 seconds
[2026-05-09T04:46:49.257+0000] {processor.py:161} INFO - Started process (PID=1308) to work on /home/airflow/.local/lib/python3.12/site-packages/airflow/example_dags/subdags/subdag.py
[2026-05-09T04:46:49.259+0000] {processor.py:830} INFO - Processing file /home/airflow/.local/lib/python3.12/site-packages/airflow/example_dags/subdags/subdag.py for tasks to queue
[2026-05-09T04:46:49.264+0000] {logging_mixin.py:188} INFO - [2026-05-09T04:46:49.263+0000] {dagbag.py:545} INFO - Filling up the DagBag from /home/airflow/.local/lib/python3.12/site-packages/airflow/example_dags/subdags/subdag.py
[2026-05-09T04:46:49.267+0000] {processor.py:842} WARNING - No viable dags retrieved from /home/airflow/.local/lib/python3.12/site-packages/airflow/example_dags/subdags/subdag.py
[2026-05-09T04:46:49.280+0000] {processor.py:183} INFO - Processing /home/airflow/.local/lib/python3.12/site-packages/airflow/example_dags/subdags/subdag.py took 0.028 seconds
[2026-05-09T04:47:19.685+0000] {processor.py:161} INFO - Started process (PID=1368) to work on /home/airflow/.local/lib/python3.12/site-packages/airflow/example_dags/subdags/subdag.py
[2026-05-09T04:47:19.686+0000] {processor.py:830} INFO - Processing file /home/airflow/.local/lib/python3.12/site-packages/airflow/example_dags/subdags/subdag.py for tasks to queue
[2026-05-09T04:47:19.688+0000] {logging_mixin.py:188} INFO - [2026-05-09T04:47:19.688+0000] {dagbag.py:545} INFO - Filling up the DagBag from /home/airflow/.local/lib/python3.12/site-packages/airflow/example_dags/subdags/subdag.py
[2026-05-09T04:47:19.690+0000] {processor.py:842} WARNING - No viable dags retrieved from /home/airflow/.local/lib/python3.12/site-packages/airflow/example_dags/subdags/subdag.py
[2026-05-09T04:47:19.701+0000] {processor.py:183} INFO - Processing /home/airflow/.local/lib/python3.12/site-packages/airflow/example_dags/subdags/subdag.py took 0.020 seconds
[2026-05-09T04:47:50.160+0000] {processor.py:161} INFO - Started process (PID=1428) to work on /home/airflow/.local/lib/python3.12/site-packages/airflow/example_dags/subdags/subdag.py
[2026-05-09T04:47:50.161+0000] {processor.py:830} INFO - Processing file /home/airflow/.local/lib/python3.12/site-packages/airflow/example_dags/subdags/subdag.py for tasks to queue
[2026-05-09T04:47:50.163+0000] {logging_mixin.py:188} INFO - [2026-05-09T04:47:50.163+0000] {dagbag.py:545} INFO - Filling up the DagBag from /home/airflow/.local/lib/python3.12/site-packages/airflow/example_dags/subdags/subdag.py
[2026-05-09T04:47:50.165+0000] {processor.py:842} WARNING - No viable dags retrieved from /home/airflow/.local/lib/python3.12/site-packages/airflow/example_dags/subdags/subdag.py
[2026-05-09T04:47:50.178+0000] {processor.py:183} INFO - Processing /home/airflow/.local/lib/python3.12/site-packages/airflow/example_dags/subdags/subdag.py took 0.023 seconds
[2026-05-09T04:48:20.669+0000] {processor.py:161} INFO - Started process (PID=1486) to work on /home/airflow/.local/lib/python3.12/site-packages/airflow/example_dags/subdags/subdag.py
[2026-05-09T04:48:20.671+0000] {processor.py:830} INFO - Processing file /home/airflow/.local/lib/python3.12/site-packages/airflow/example_dags/subdags/subdag.py for tasks to queue
[2026-05-09T04:48:20.673+0000] {logging_mixin.py:188} INFO - [2026-05-09T04:48:20.672+0000] {dagbag.py:545} INFO - Filling up the DagBag from /home/airflow/.local/lib/python3.12/site-packages/airflow/example_dags/subdags/subdag.py
[2026-05-09T04:48:20.675+0000] {processor.py:842} WARNING - No viable dags retrieved from /home/airflow/.local/lib/python3.12/site-packages/airflow/example_dags/subdags/subdag.py
[2026-05-09T04:48:20.686+0000] {processor.py:183} INFO - Processing /home/airflow/.local/lib/python3.12/site-packages/airflow/example_dags/subdags/subdag.py took 0.020 seconds
[2026-05-09T04:48:51.108+0000] {processor.py:161} INFO - Started process (PID=1546) to work on /home/airflow/.local/lib/python3.12/site-packages/airflow/example_dags/subdags/subdag.py
[2026-05-09T04:48:51.110+0000] {processor.py:830} INFO - Processing file /home/airflow/.local/lib/python3.12/site-packages/airflow/example_dags/subdags/subdag.py for tasks to queue
[2026-05-09T04:48:51.112+0000] {logging_mixin.py:188} INFO - [2026-05-09T04:48:51.112+0000] {dagbag.py:545} INFO - Filling up the DagBag from /home/airflow/.local/lib/python3.12/site-packages/airflow/example_dags/subdags/subdag.py
[2026-05-09T04:48:51.114+0000] {processor.py:842} WARNING - No viable dags retrieved from /home/airflow/.local/lib/python3.12/site-packages/airflow/example_dags/subdags/subdag.py
[2026-05-09T04:48:51.129+0000] {processor.py:183} INFO - Processing /home/airflow/.local/lib/python3.12/site-packages/airflow/example_dags/subdags/subdag.py took 0.026 seconds
[2026-05-09T04:49:21.957+0000] {processor.py:161} INFO - Started process (PID=1608) to work on /home/airflow/.local/lib/python3.12/site-packages/airflow/example_dags/subdags/subdag.py
[2026-05-09T04:49:21.958+0000] {processor.py:830} INFO - Processing file /home/airflow/.local/lib/python3.12/site-packages/airflow/example_dags/subdags/subdag.py for tasks to queue
[2026-05-09T04:49:21.960+0000] {logging_mixin.py:188} INFO - [2026-05-09T04:49:21.960+0000] {dagbag.py:545} INFO - Filling up the DagBag from /home/airflow/.local/lib/python3.12/site-packages/airflow/example_dags/subdags/subdag.py
[2026-05-09T04:49:21.962+0000] {processor.py:842} WARNING - No viable dags retrieved from /home/airflow/.local/lib/python3.12/site-packages/airflow/example_dags/subdags/subdag.py
[2026-05-09T04:49:21.977+0000] {processor.py:183} INFO - Processing /home/airflow/.local/lib/python3.12/site-packages/airflow/example_dags/subdags/subdag.py took 0.025 seconds
[2026-05-09T04:49:53.408+0000] {processor.py:161} INFO - Started process (PID=1668) to work on /home/airflow/.local/lib/python3.12/site-packages/airflow/example_dags/subdags/subdag.py
[2026-05-09T04:49:53.410+0000] {processor.py:830} INFO - Processing file /home/airflow/.local/lib/python3.12/site-packages/airflow/example_dags/subdags/subdag.py for tasks to queue
[2026-05-09T04:49:53.412+0000] {logging_mixin.py:188} INFO - [2026-05-09T04:49:53.412+0000] {dagbag.py:545} INFO - Filling up the DagBag from /home/airflow/.local/lib/python3.12/site-packages/airflow/example_dags/subdags/subdag.py
[2026-05-09T04:49:53.414+0000] {processor.py:842} WARNING - No viable dags retrieved from /home/airflow/.local/lib/python3.12/site-packages/airflow/example_dags/subdags/subdag.py
[2026-05-09T04:49:53.426+0000] {processor.py:183} INFO - Processing /home/airflow/.local/lib/python3.12/site-packages/airflow/example_dags/subdags/subdag.py took 0.022 seconds
[2026-05-09T04:50:24.085+0000] {processor.py:161} INFO - Started process (PID=1728) to work on /home/airflow/.local/lib/python3.12/site-packages/airflow/example_dags/subdags/subdag.py
[2026-05-09T04:50:24.086+0000] {processor.py:830} INFO - Processing file /home/airflow/.local/lib/python3.12/site-packages/airflow/example_dags/subdags/subdag.py for tasks to queue
[2026-05-09T04:50:24.088+0000] {logging_mixin.py:188} INFO - [2026-05-09T04:50:24.088+0000] {dagbag.py:545} INFO - Filling up the DagBag from /home/airflow/.local/lib/python3.12/site-packages/airflow/example_dags/subdags/subdag.py
[2026-05-09T04:50:24.090+0000] {processor.py:842} WARNING - No viable dags retrieved from /home/airflow/.local/lib/python3.12/site-packages/airflow/example_dags/subdags/subdag.py
[2026-05-09T04:50:24.102+0000] {processor.py:183} INFO - Processing /home/airflow/.local/lib/python3.12/site-packages/airflow/example_dags/subdags/subdag.py took 0.021 seconds
[2026-05-09T04:50:54.997+0000] {processor.py:161} INFO - Started process (PID=1786) to work on /home/airflow/.local/lib/python3.12/site-packages/airflow/example_dags/subdags/subdag.py
[2026-05-09T04:50:54.998+0000] {processor.py:830} INFO - Processing file /home/airflow/.local/lib/python3.12/site-packages/airflow/example_dags/subdags/subdag.py for tasks to queue
[2026-05-09T04:50:55.000+0000] {logging_mixin.py:188} INFO - [2026-05-09T04:50:55.000+0000] {dagbag.py:545} INFO - Filling up the DagBag from /home/airflow/.local/lib/python3.12/site-packages/airflow/example_dags/subdags/subdag.py
[2026-05-09T04:50:55.002+0000] {processor.py:842} WARNING - No viable dags retrieved from /home/airflow/.local/lib/python3.12/site-packages/airflow/example_dags/subdags/subdag.py
[2026-05-09T04:50:55.017+0000] {processor.py:183} INFO - Processing /home/airflow/.local/lib/python3.12/site-packages/airflow/example_dags/subdags/subdag.py took 0.025 seconds
[2026-05-09T04:51:25.862+0000] {processor.py:161} INFO - Started process (PID=1846) to work on /home/airflow/.local/lib/python3.12/site-packages/airflow/example_dags/subdags/subdag.py
[2026-05-09T04:51:25.863+0000] {processor.py:830} INFO - Processing file /home/airflow/.local/lib/python3.12/site-packages/airflow/example_dags/subdags/subdag.py for tasks to queue
[2026-05-09T04:51:25.865+0000] {logging_mixin.py:188} INFO - [2026-05-09T04:51:25.865+0000] {dagbag.py:545} INFO - Filling up the DagBag from /home/airflow/.local/lib/python3.12/site-packages/airflow/example_dags/subdags/subdag.py
[2026-05-09T04:51:25.867+0000] {processor.py:842} WARNING - No viable dags retrieved from /home/airflow/.local/lib/python3.12/site-packages/airflow/example_dags/subdags/subdag.py
[2026-05-09T04:51:25.876+0000] {processor.py:183} INFO - Processing /home/airflow/.local/lib/python3.12/site-packages/airflow/example_dags/subdags/subdag.py took 0.019 seconds
[2026-05-09T04:51:56.221+0000] {processor.py:161} INFO - Started process (PID=1906) to work on /home/airflow/.local/lib/python3.12/site-packages/airflow/example_dags/subdags/subdag.py
[2026-05-09T04:51:56.222+0000] {processor.py:830} INFO - Processing file /home/airflow/.local/lib/python3.12/site-packages/airflow/example_dags/subdags/subdag.py for tasks to queue
[2026-05-09T04:51:56.224+0000] {logging_mixin.py:188} INFO - [2026-05-09T04:51:56.223+0000] {dagbag.py:545} INFO - Filling up the DagBag from /home/airflow/.local/lib/python3.12/site-packages/airflow/example_dags/subdags/subdag.py
[2026-05-09T04:51:56.225+0000] {processor.py:842} WARNING - No viable dags retrieved from /home/airflow/.local/lib/python3.12/site-packages/airflow/example_dags/subdags/subdag.py
[2026-05-09T04:51:56.236+0000] {processor.py:183} INFO - Processing /home/airflow/.local/lib/python3.12/site-packages/airflow/example_dags/subdags/subdag.py took 0.020 seconds
[2026-05-09T04:52:26.867+0000] {processor.py:161} INFO - Started process (PID=1966) to work on /home/airflow/.local/lib/python3.12/site-packages/airflow/example_dags/subdags/subdag.py
[2026-05-09T04:52:26.875+0000] {processor.py:830} INFO - Processing file /home/airflow/.local/lib/python3.12/site-packages/airflow/example_dags/subdags/subdag.py for tasks to queue
[2026-05-09T04:52:26.882+0000] {logging_mixin.py:188} INFO - [2026-05-09T04:52:26.882+0000] {dagbag.py:545} INFO - Filling up the DagBag from /home/airflow/.local/lib/python3.12/site-packages/airflow/example_dags/subdags/subdag.py
[2026-05-09T04:52:26.892+0000] {processor.py:842} WARNING - No viable dags retrieved from /home/airflow/.local/lib/python3.12/site-packages/airflow/example_dags/subdags/subdag.py
[2026-05-09T04:52:26.908+0000] {processor.py:183} INFO - Processing /home/airflow/.local/lib/python3.12/site-packages/airflow/example_dags/subdags/subdag.py took 0.046 seconds
[2026-05-09T04:52:57.693+0000] {processor.py:161} INFO - Started process (PID=2026) to work on /home/airflow/.local/lib/python3.12/site-packages/airflow/example_dags/subdags/subdag.py
[2026-05-09T04:52:57.694+0000] {processor.py:830} INFO - Processing file /home/airflow/.local/lib/python3.12/site-packages/airflow/example_dags/subdags/subdag.py for tasks to queue
[2026-05-09T04:52:57.696+0000] {logging_mixin.py:188} INFO - [2026-05-09T04:52:57.695+0000] {dagbag.py:545} INFO - Filling up the DagBag from /home/airflow/.local/lib/python3.12/site-packages/airflow/example_dags/subdags/subdag.py
[2026-05-09T04:52:57.698+0000] {processor.py:842} WARNING - No viable dags retrieved from /home/airflow/.local/lib/python3.12/site-packages/airflow/example_dags/subdags/subdag.py
[2026-05-09T04:52:57.710+0000] {processor.py:183} INFO - Processing /home/airflow/.local/lib/python3.12/site-packages/airflow/example_dags/subdags/subdag.py took 0.023 seconds
[2026-05-09T04:53:28.790+0000] {processor.py:161} INFO - Started process (PID=2086) to work on /home/airflow/.local/lib/python3.12/site-packages/airflow/example_dags/subdags/subdag.py
[2026-05-09T04:53:28.791+0000] {processor.py:830} INFO - Processing file /home/airflow/.local/lib/python3.12/site-packages/airflow/example_dags/subdags/subdag.py for tasks to queue
[2026-05-09T04:53:28.793+0000] {logging_mixin.py:188} INFO - [2026-05-09T04:53:28.793+0000] {dagbag.py:545} INFO - Filling up the DagBag from /home/airflow/.local/lib/python3.12/site-packages/airflow/example_dags/subdags/subdag.py
[2026-05-09T04:53:28.795+0000] {processor.py:842} WARNING - No viable dags retrieved from /home/airflow/.local/lib/python3.12/site-packages/airflow/example_dags/subdags/subdag.py
[2026-05-09T04:53:28.807+0000] {processor.py:183} INFO - Processing /home/airflow/.local/lib/python3.12/site-packages/airflow/example_dags/subdags/subdag.py took 0.023 seconds
[2026-05-09T04:53:59.870+0000] {processor.py:161} INFO - Started process (PID=2146) to work on /home/airflow/.local/lib/python3.12/site-packages/airflow/example_dags/subdags/subdag.py
[2026-05-09T04:53:59.871+0000] {processor.py:830} INFO - Processing file /home/airflow/.local/lib/python3.12/site-packages/airflow/example_dags/subdags/subdag.py for tasks to queue
[2026-05-09T04:53:59.873+0000] {logging_mixin.py:188} INFO - [2026-05-09T04:53:59.873+0000] {dagbag.py:545} INFO - Filling up the DagBag from /home/airflow/.local/lib/python3.12/site-packages/airflow/example_dags/subdags/subdag.py
[2026-05-09T04:53:59.875+0000] {processor.py:842} WARNING - No viable dags retrieved from /home/airflow/.local/lib/python3.12/site-packages/airflow/example_dags/subdags/subdag.py
[2026-05-09T04:53:59.888+0000] {processor.py:183} INFO - Processing /home/airflow/.local/lib/python3.12/site-packages/airflow/example_dags/subdags/subdag.py took 0.023 seconds
[2026-05-09T04:54:30.282+0000] {processor.py:161} INFO - Started process (PID=2205) to work on /home/airflow/.local/lib/python3.12/site-packages/airflow/example_dags/subdags/subdag.py
[2026-05-09T04:54:30.285+0000] {processor.py:830} INFO - Processing file /home/airflow/.local/lib/python3.12/site-packages/airflow/example_dags/subdags/subdag.py for tasks to queue
[2026-05-09T04:54:30.288+0000] {logging_mixin.py:188} INFO - [2026-05-09T04:54:30.288+0000] {dagbag.py:545} INFO - Filling up the DagBag from /home/airflow/.local/lib/python3.12/site-packages/airflow/example_dags/subdags/subdag.py
[2026-05-09T04:54:30.291+0000] {processor.py:842} WARNING - No viable dags retrieved from /home/airflow/.local/lib/python3.12/site-packages/airflow/example_dags/subdags/subdag.py
[2026-05-09T04:54:30.306+0000] {processor.py:183} INFO - Processing /home/airflow/.local/lib/python3.12/site-packages/airflow/example_dags/subdags/subdag.py took 0.030 seconds
[2026-05-09T04:55:00.684+0000] {processor.py:161} INFO - Started process (PID=2265) to work on /home/airflow/.local/lib/python3.12/site-packages/airflow/example_dags/subdags/subdag.py
[2026-05-09T04:55:00.688+0000] {processor.py:830} INFO - Processing file /home/airflow/.local/lib/python3.12/site-packages/airflow/example_dags/subdags/subdag.py for tasks to queue
[2026-05-09T04:55:00.691+0000] {logging_mixin.py:188} INFO - [2026-05-09T04:55:00.691+0000] {dagbag.py:545} INFO - Filling up the DagBag from /home/airflow/.local/lib/python3.12/site-packages/airflow/example_dags/subdags/subdag.py
[2026-05-09T04:55:00.693+0000] {processor.py:842} WARNING - No viable dags retrieved from /home/airflow/.local/lib/python3.12/site-packages/airflow/example_dags/subdags/subdag.py
[2026-05-09T04:55:00.707+0000] {processor.py:183} INFO - Processing /home/airflow/.local/lib/python3.12/site-packages/airflow/example_dags/subdags/subdag.py took 0.027 seconds
[2026-05-09T04:55:31.543+0000] {processor.py:161} INFO - Started process (PID=2325) to work on /home/airflow/.local/lib/python3.12/site-packages/airflow/example_dags/subdags/subdag.py
[2026-05-09T04:55:31.544+0000] {processor.py:830} INFO - Processing file /home/airflow/.local/lib/python3.12/site-packages/airflow/example_dags/subdags/subdag.py for tasks to queue
[2026-05-09T04:55:31.546+0000] {logging_mixin.py:188} INFO - [2026-05-09T04:55:31.546+0000] {dagbag.py:545} INFO - Filling up the DagBag from /home/airflow/.local/lib/python3.12/site-packages/airflow/example_dags/subdags/subdag.py
[2026-05-09T04:55:31.548+0000] {processor.py:842} WARNING - No viable dags retrieved from /home/airflow/.local/lib/python3.12/site-packages/airflow/example_dags/subdags/subdag.py
[2026-05-09T04:55:31.559+0000] {processor.py:183} INFO - Processing /home/airflow/.local/lib/python3.12/site-packages/airflow/example_dags/subdags/subdag.py took 0.022 seconds
[2026-05-09T04:56:01.951+0000] {processor.py:161} INFO - Started process (PID=2391) to work on /home/airflow/.local/lib/python3.12/site-packages/airflow/example_dags/subdags/subdag.py
[2026-05-09T04:56:01.952+0000] {processor.py:830} INFO - Processing file /home/airflow/.local/lib/python3.12/site-packages/airflow/example_dags/subdags/subdag.py for tasks to queue
[2026-05-09T04:56:01.954+0000] {logging_mixin.py:188} INFO - [2026-05-09T04:56:01.954+0000] {dagbag.py:545} INFO - Filling up the DagBag from /home/airflow/.local/lib/python3.12/site-packages/airflow/example_dags/subdags/subdag.py
[2026-05-09T04:56:01.956+0000] {processor.py:842} WARNING - No viable dags retrieved from /home/airflow/.local/lib/python3.12/site-packages/airflow/example_dags/subdags/subdag.py
[2026-05-09T04:56:01.966+0000] {processor.py:183} INFO - Processing /home/airflow/.local/lib/python3.12/site-packages/airflow/example_dags/subdags/subdag.py took 0.020 seconds
[2026-05-09T04:56:32.318+0000] {processor.py:161} INFO - Started process (PID=2450) to work on /home/airflow/.local/lib/python3.12/site-packages/airflow/example_dags/subdags/subdag.py
[2026-05-09T04:56:32.319+0000] {processor.py:830} INFO - Processing file /home/airflow/.local/lib/python3.12/site-packages/airflow/example_dags/subdags/subdag.py for tasks to queue
[2026-05-09T04:56:32.321+0000] {logging_mixin.py:188} INFO - [2026-05-09T04:56:32.321+0000] {dagbag.py:545} INFO - Filling up the DagBag from /home/airflow/.local/lib/python3.12/site-packages/airflow/example_dags/subdags/subdag.py
[2026-05-09T04:56:32.323+0000] {processor.py:842} WARNING - No viable dags retrieved from /home/airflow/.local/lib/python3.12/site-packages/airflow/example_dags/subdags/subdag.py
[2026-05-09T04:56:32.335+0000] {processor.py:183} INFO - Processing /home/airflow/.local/lib/python3.12/site-packages/airflow/example_dags/subdags/subdag.py took 0.022 seconds
[2026-05-09T04:57:03.612+0000] {processor.py:161} INFO - Started process (PID=109) to work on /home/airflow/.local/lib/python3.12/site-packages/airflow/example_dags/subdags/subdag.py
[2026-05-09T04:57:03.613+0000] {processor.py:830} INFO - Processing file /home/airflow/.local/lib/python3.12/site-packages/airflow/example_dags/subdags/subdag.py for tasks to queue
[2026-05-09T04:57:03.615+0000] {logging_mixin.py:188} INFO - [2026-05-09T04:57:03.615+0000] {dagbag.py:545} INFO - Filling up the DagBag from /home/airflow/.local/lib/python3.12/site-packages/airflow/example_dags/subdags/subdag.py
[2026-05-09T04:57:03.617+0000] {processor.py:842} WARNING - No viable dags retrieved from /home/airflow/.local/lib/python3.12/site-packages/airflow/example_dags/subdags/subdag.py
[2026-05-09T04:57:03.630+0000] {processor.py:183} INFO - Processing /home/airflow/.local/lib/python3.12/site-packages/airflow/example_dags/subdags/subdag.py took 0.023 seconds
[2026-05-09T04:57:45.583+0000] {processor.py:161} INFO - Started process (PID=109) to work on /home/airflow/.local/lib/python3.12/site-packages/airflow/example_dags/subdags/subdag.py
[2026-05-09T04:57:45.585+0000] {processor.py:830} INFO - Processing file /home/airflow/.local/lib/python3.12/site-packages/airflow/example_dags/subdags/subdag.py for tasks to queue
[2026-05-09T04:57:45.588+0000] {logging_mixin.py:188} INFO - [2026-05-09T04:57:45.587+0000] {dagbag.py:545} INFO - Filling up the DagBag from /home/airflow/.local/lib/python3.12/site-packages/airflow/example_dags/subdags/subdag.py
[2026-05-09T04:57:45.590+0000] {processor.py:842} WARNING - No viable dags retrieved from /home/airflow/.local/lib/python3.12/site-packages/airflow/example_dags/subdags/subdag.py
[2026-05-09T04:57:45.606+0000] {processor.py:183} INFO - Processing /home/airflow/.local/lib/python3.12/site-packages/airflow/example_dags/subdags/subdag.py took 0.029 seconds
[2026-05-09T04:58:17.413+0000] {processor.py:161} INFO - Started process (PID=169) to work on /home/airflow/.local/lib/python3.12/site-packages/airflow/example_dags/subdags/subdag.py
[2026-05-09T04:58:17.415+0000] {processor.py:830} INFO - Processing file /home/airflow/.local/lib/python3.12/site-packages/airflow/example_dags/subdags/subdag.py for tasks to queue
[2026-05-09T04:58:17.417+0000] {logging_mixin.py:188} INFO - [2026-05-09T04:58:17.417+0000] {dagbag.py:545} INFO - Filling up the DagBag from /home/airflow/.local/lib/python3.12/site-packages/airflow/example_dags/subdags/subdag.py
[2026-05-09T04:58:17.419+0000] {processor.py:842} WARNING - No viable dags retrieved from /home/airflow/.local/lib/python3.12/site-packages/airflow/example_dags/subdags/subdag.py
[2026-05-09T04:58:17.434+0000] {processor.py:183} INFO - Processing /home/airflow/.local/lib/python3.12/site-packages/airflow/example_dags/subdags/subdag.py took 0.027 seconds
[2026-05-09T04:58:48.166+0000] {processor.py:161} INFO - Started process (PID=227) to work on /home/airflow/.local/lib/python3.12/site-packages/airflow/example_dags/subdags/subdag.py
[2026-05-09T04:58:48.167+0000] {processor.py:830} INFO - Processing file /home/airflow/.local/lib/python3.12/site-packages/airflow/example_dags/subdags/subdag.py for tasks to queue
[2026-05-09T04:58:48.170+0000] {logging_mixin.py:188} INFO - [2026-05-09T04:58:48.170+0000] {dagbag.py:545} INFO - Filling up the DagBag from /home/airflow/.local/lib/python3.12/site-packages/airflow/example_dags/subdags/subdag.py
[2026-05-09T04:58:48.172+0000] {processor.py:842} WARNING - No viable dags retrieved from /home/airflow/.local/lib/python3.12/site-packages/airflow/example_dags/subdags/subdag.py
[2026-05-09T04:58:48.190+0000] {processor.py:183} INFO - Processing /home/airflow/.local/lib/python3.12/site-packages/airflow/example_dags/subdags/subdag.py took 0.029 seconds
[2026-05-09T04:59:18.406+0000] {processor.py:161} INFO - Started process (PID=287) to work on /home/airflow/.local/lib/python3.12/site-packages/airflow/example_dags/subdags/subdag.py
[2026-05-09T04:59:18.407+0000] {processor.py:830} INFO - Processing file /home/airflow/.local/lib/python3.12/site-packages/airflow/example_dags/subdags/subdag.py for tasks to queue
[2026-05-09T04:59:18.409+0000] {logging_mixin.py:188} INFO - [2026-05-09T04:59:18.409+0000] {dagbag.py:545} INFO - Filling up the DagBag from /home/airflow/.local/lib/python3.12/site-packages/airflow/example_dags/subdags/subdag.py
[2026-05-09T04:59:18.411+0000] {processor.py:842} WARNING - No viable dags retrieved from /home/airflow/.local/lib/python3.12/site-packages/airflow/example_dags/subdags/subdag.py
[2026-05-09T04:59:18.423+0000] {processor.py:183} INFO - Processing /home/airflow/.local/lib/python3.12/site-packages/airflow/example_dags/subdags/subdag.py took 0.021 seconds
[2026-05-09T04:59:48.551+0000] {processor.py:161} INFO - Started process (PID=347) to work on /home/airflow/.local/lib/python3.12/site-packages/airflow/example_dags/subdags/subdag.py
[2026-05-09T04:59:48.552+0000] {processor.py:830} INFO - Processing file /home/airflow/.local/lib/python3.12/site-packages/airflow/example_dags/subdags/subdag.py for tasks to queue
[2026-05-09T04:59:48.554+0000] {logging_mixin.py:188} INFO - [2026-05-09T04:59:48.554+0000] {dagbag.py:545} INFO - Filling up the DagBag from /home/airflow/.local/lib/python3.12/site-packages/airflow/example_dags/subdags/subdag.py
[2026-05-09T04:59:48.556+0000] {processor.py:842} WARNING - No viable dags retrieved from /home/airflow/.local/lib/python3.12/site-packages/airflow/example_dags/subdags/subdag.py
[2026-05-09T04:59:48.566+0000] {processor.py:183} INFO - Processing /home/airflow/.local/lib/python3.12/site-packages/airflow/example_dags/subdags/subdag.py took 0.020 seconds
[2026-05-09T05:00:18.872+0000] {processor.py:161} INFO - Started process (PID=407) to work on /home/airflow/.local/lib/python3.12/site-packages/airflow/example_dags/subdags/subdag.py
[2026-05-09T05:00:18.874+0000] {processor.py:830} INFO - Processing file /home/airflow/.local/lib/python3.12/site-packages/airflow/example_dags/subdags/subdag.py for tasks to queue
[2026-05-09T05:00:18.875+0000] {logging_mixin.py:188} INFO - [2026-05-09T05:00:18.875+0000] {dagbag.py:545} INFO - Filling up the DagBag from /home/airflow/.local/lib/python3.12/site-packages/airflow/example_dags/subdags/subdag.py
[2026-05-09T05:00:18.877+0000] {processor.py:842} WARNING - No viable dags retrieved from /home/airflow/.local/lib/python3.12/site-packages/airflow/example_dags/subdags/subdag.py
[2026-05-09T05:00:18.887+0000] {processor.py:183} INFO - Processing /home/airflow/.local/lib/python3.12/site-packages/airflow/example_dags/subdags/subdag.py took 0.019 seconds
[2026-05-09T05:00:49.974+0000] {processor.py:161} INFO - Started process (PID=467) to work on /home/airflow/.local/lib/python3.12/site-packages/airflow/example_dags/subdags/subdag.py
[2026-05-09T05:00:49.975+0000] {processor.py:830} INFO - Processing file /home/airflow/.local/lib/python3.12/site-packages/airflow/example_dags/subdags/subdag.py for tasks to queue
[2026-05-09T05:00:49.977+0000] {logging_mixin.py:188} INFO - [2026-05-09T05:00:49.977+0000] {dagbag.py:545} INFO - Filling up the DagBag from /home/airflow/.local/lib/python3.12/site-packages/airflow/example_dags/subdags/subdag.py
[2026-05-09T05:00:49.982+0000] {processor.py:842} WARNING - No viable dags retrieved from /home/airflow/.local/lib/python3.12/site-packages/airflow/example_dags/subdags/subdag.py
[2026-05-09T05:00:49.994+0000] {processor.py:183} INFO - Processing /home/airflow/.local/lib/python3.12/site-packages/airflow/example_dags/subdags/subdag.py took 0.025 seconds
[2026-05-09T05:01:20.864+0000] {processor.py:161} INFO - Started process (PID=527) to work on /home/airflow/.local/lib/python3.12/site-packages/airflow/example_dags/subdags/subdag.py
[2026-05-09T05:01:20.865+0000] {processor.py:830} INFO - Processing file /home/airflow/.local/lib/python3.12/site-packages/airflow/example_dags/subdags/subdag.py for tasks to queue
[2026-05-09T05:01:20.867+0000] {logging_mixin.py:188} INFO - [2026-05-09T05:01:20.867+0000] {dagbag.py:545} INFO - Filling up the DagBag from /home/airflow/.local/lib/python3.12/site-packages/airflow/example_dags/subdags/subdag.py
[2026-05-09T05:01:20.870+0000] {processor.py:842} WARNING - No viable dags retrieved from /home/airflow/.local/lib/python3.12/site-packages/airflow/example_dags/subdags/subdag.py
[2026-05-09T05:01:20.880+0000] {processor.py:183} INFO - Processing /home/airflow/.local/lib/python3.12/site-packages/airflow/example_dags/subdags/subdag.py took 0.021 seconds
[2026-05-09T05:01:51.160+0000] {processor.py:161} INFO - Started process (PID=587) to work on /home/airflow/.local/lib/python3.12/site-packages/airflow/example_dags/subdags/subdag.py
[2026-05-09T05:01:51.161+0000] {processor.py:830} INFO - Processing file /home/airflow/.local/lib/python3.12/site-packages/airflow/example_dags/subdags/subdag.py for tasks to queue
[2026-05-09T05:01:51.163+0000] {logging_mixin.py:188} INFO - [2026-05-09T05:01:51.163+0000] {dagbag.py:545} INFO - Filling up the DagBag from /home/airflow/.local/lib/python3.12/site-packages/airflow/example_dags/subdags/subdag.py
[2026-05-09T05:01:51.165+0000] {processor.py:842} WARNING - No viable dags retrieved from /home/airflow/.local/lib/python3.12/site-packages/airflow/example_dags/subdags/subdag.py
[2026-05-09T05:01:51.177+0000] {processor.py:183} INFO - Processing /home/airflow/.local/lib/python3.12/site-packages/airflow/example_dags/subdags/subdag.py took 0.022 seconds
[2026-05-09T05:02:21.846+0000] {processor.py:161} INFO - Started process (PID=647) to work on /home/airflow/.local/lib/python3.12/site-packages/airflow/example_dags/subdags/subdag.py
[2026-05-09T05:02:21.847+0000] {processor.py:830} INFO - Processing file /home/airflow/.local/lib/python3.12/site-packages/airflow/example_dags/subdags/subdag.py for tasks to queue
[2026-05-09T05:02:21.849+0000] {logging_mixin.py:188} INFO - [2026-05-09T05:02:21.849+0000] {dagbag.py:545} INFO - Filling up the DagBag from /home/airflow/.local/lib/python3.12/site-packages/airflow/example_dags/subdags/subdag.py
[2026-05-09T05:02:21.851+0000] {processor.py:842} WARNING - No viable dags retrieved from /home/airflow/.local/lib/python3.12/site-packages/airflow/example_dags/subdags/subdag.py
[2026-05-09T05:02:21.862+0000] {processor.py:183} INFO - Processing /home/airflow/.local/lib/python3.12/site-packages/airflow/example_dags/subdags/subdag.py took 0.021 seconds
[2026-05-09T05:02:52.256+0000] {processor.py:161} INFO - Started process (PID=707) to work on /home/airflow/.local/lib/python3.12/site-packages/airflow/example_dags/subdags/subdag.py
[2026-05-09T05:02:52.257+0000] {processor.py:830} INFO - Processing file /home/airflow/.local/lib/python3.12/site-packages/airflow/example_dags/subdags/subdag.py for tasks to queue
[2026-05-09T05:02:52.259+0000] {logging_mixin.py:188} INFO - [2026-05-09T05:02:52.258+0000] {dagbag.py:545} INFO - Filling up the DagBag from /home/airflow/.local/lib/python3.12/site-packages/airflow/example_dags/subdags/subdag.py
[2026-05-09T05:02:52.261+0000] {processor.py:842} WARNING - No viable dags retrieved from /home/airflow/.local/lib/python3.12/site-packages/airflow/example_dags/subdags/subdag.py
[2026-05-09T05:02:52.274+0000] {processor.py:183} INFO - Processing /home/airflow/.local/lib/python3.12/site-packages/airflow/example_dags/subdags/subdag.py took 0.024 seconds
[2026-05-09T05:03:23.419+0000] {processor.py:161} INFO - Started process (PID=767) to work on /home/airflow/.local/lib/python3.12/site-packages/airflow/example_dags/subdags/subdag.py
[2026-05-09T05:03:23.420+0000] {processor.py:830} INFO - Processing file /home/airflow/.local/lib/python3.12/site-packages/airflow/example_dags/subdags/subdag.py for tasks to queue
[2026-05-09T05:03:23.422+0000] {logging_mixin.py:188} INFO - [2026-05-09T05:03:23.422+0000] {dagbag.py:545} INFO - Filling up the DagBag from /home/airflow/.local/lib/python3.12/site-packages/airflow/example_dags/subdags/subdag.py
[2026-05-09T05:03:23.424+0000] {processor.py:842} WARNING - No viable dags retrieved from /home/airflow/.local/lib/python3.12/site-packages/airflow/example_dags/subdags/subdag.py
[2026-05-09T05:03:23.437+0000] {processor.py:183} INFO - Processing /home/airflow/.local/lib/python3.12/site-packages/airflow/example_dags/subdags/subdag.py took 0.022 seconds
[2026-05-09T05:03:59.039+0000] {processor.py:161} INFO - Started process (PID=829) to work on /home/airflow/.local/lib/python3.12/site-packages/airflow/example_dags/subdags/subdag.py
[2026-05-09T05:03:59.040+0000] {processor.py:830} INFO - Processing file /home/airflow/.local/lib/python3.12/site-packages/airflow/example_dags/subdags/subdag.py for tasks to queue
[2026-05-09T05:03:59.043+0000] {logging_mixin.py:188} INFO - [2026-05-09T05:03:59.042+0000] {dagbag.py:545} INFO - Filling up the DagBag from /home/airflow/.local/lib/python3.12/site-packages/airflow/example_dags/subdags/subdag.py
[2026-05-09T05:03:59.046+0000] {processor.py:842} WARNING - No viable dags retrieved from /home/airflow/.local/lib/python3.12/site-packages/airflow/example_dags/subdags/subdag.py
[2026-05-09T05:03:59.060+0000] {processor.py:183} INFO - Processing /home/airflow/.local/lib/python3.12/site-packages/airflow/example_dags/subdags/subdag.py took 0.026 seconds
[2026-05-09T05:04:29.355+0000] {processor.py:161} INFO - Started process (PID=887) to work on /home/airflow/.local/lib/python3.12/site-packages/airflow/example_dags/subdags/subdag.py
[2026-05-09T05:04:29.356+0000] {processor.py:830} INFO - Processing file /home/airflow/.local/lib/python3.12/site-packages/airflow/example_dags/subdags/subdag.py for tasks to queue
[2026-05-09T05:04:29.358+0000] {logging_mixin.py:188} INFO - [2026-05-09T05:04:29.358+0000] {dagbag.py:545} INFO - Filling up the DagBag from /home/airflow/.local/lib/python3.12/site-packages/airflow/example_dags/subdags/subdag.py
[2026-05-09T05:04:29.360+0000] {processor.py:842} WARNING - No viable dags retrieved from /home/airflow/.local/lib/python3.12/site-packages/airflow/example_dags/subdags/subdag.py
[2026-05-09T05:04:29.371+0000] {processor.py:183} INFO - Processing /home/airflow/.local/lib/python3.12/site-packages/airflow/example_dags/subdags/subdag.py took 0.022 seconds
[2026-05-09T05:04:59.573+0000] {processor.py:161} INFO - Started process (PID=947) to work on /home/airflow/.local/lib/python3.12/site-packages/airflow/example_dags/subdags/subdag.py
[2026-05-09T05:04:59.574+0000] {processor.py:830} INFO - Processing file /home/airflow/.local/lib/python3.12/site-packages/airflow/example_dags/subdags/subdag.py for tasks to queue
[2026-05-09T05:04:59.576+0000] {logging_mixin.py:188} INFO - [2026-05-09T05:04:59.576+0000] {dagbag.py:545} INFO - Filling up the DagBag from /home/airflow/.local/lib/python3.12/site-packages/airflow/example_dags/subdags/subdag.py
[2026-05-09T05:04:59.577+0000] {processor.py:842} WARNING - No viable dags retrieved from /home/airflow/.local/lib/python3.12/site-packages/airflow/example_dags/subdags/subdag.py
[2026-05-09T05:04:59.587+0000] {processor.py:183} INFO - Processing /home/airflow/.local/lib/python3.12/site-packages/airflow/example_dags/subdags/subdag.py took 0.018 seconds
[2026-05-09T05:05:29.770+0000] {processor.py:161} INFO - Started process (PID=1007) to work on /home/airflow/.local/lib/python3.12/site-packages/airflow/example_dags/subdags/subdag.py
[2026-05-09T05:05:29.771+0000] {processor.py:830} INFO - Processing file /home/airflow/.local/lib/python3.12/site-packages/airflow/example_dags/subdags/subdag.py for tasks to queue
[2026-05-09T05:05:29.773+0000] {logging_mixin.py:188} INFO - [2026-05-09T05:05:29.773+0000] {dagbag.py:545} INFO - Filling up the DagBag from /home/airflow/.local/lib/python3.12/site-packages/airflow/example_dags/subdags/subdag.py
[2026-05-09T05:05:29.776+0000] {processor.py:842} WARNING - No viable dags retrieved from /home/airflow/.local/lib/python3.12/site-packages/airflow/example_dags/subdags/subdag.py
[2026-05-09T05:05:29.788+0000] {processor.py:183} INFO - Processing /home/airflow/.local/lib/python3.12/site-packages/airflow/example_dags/subdags/subdag.py took 0.023 seconds
[2026-05-09T05:05:59.902+0000] {processor.py:161} INFO - Started process (PID=1066) to work on /home/airflow/.local/lib/python3.12/site-packages/airflow/example_dags/subdags/subdag.py
[2026-05-09T05:05:59.903+0000] {processor.py:830} INFO - Processing file /home/airflow/.local/lib/python3.12/site-packages/airflow/example_dags/subdags/subdag.py for tasks to queue
[2026-05-09T05:05:59.905+0000] {logging_mixin.py:188} INFO - [2026-05-09T05:05:59.905+0000] {dagbag.py:545} INFO - Filling up the DagBag from /home/airflow/.local/lib/python3.12/site-packages/airflow/example_dags/subdags/subdag.py
[2026-05-09T05:05:59.907+0000] {processor.py:842} WARNING - No viable dags retrieved from /home/airflow/.local/lib/python3.12/site-packages/airflow/example_dags/subdags/subdag.py
[2026-05-09T05:05:59.918+0000] {processor.py:183} INFO - Processing /home/airflow/.local/lib/python3.12/site-packages/airflow/example_dags/subdags/subdag.py took 0.021 seconds
[2026-05-09T05:06:30.998+0000] {processor.py:161} INFO - Started process (PID=1126) to work on /home/airflow/.local/lib/python3.12/site-packages/airflow/example_dags/subdags/subdag.py
[2026-05-09T05:06:30.999+0000] {processor.py:830} INFO - Processing file /home/airflow/.local/lib/python3.12/site-packages/airflow/example_dags/subdags/subdag.py for tasks to queue
[2026-05-09T05:06:31.002+0000] {logging_mixin.py:188} INFO - [2026-05-09T05:06:31.002+0000] {dagbag.py:545} INFO - Filling up the DagBag from /home/airflow/.local/lib/python3.12/site-packages/airflow/example_dags/subdags/subdag.py
[2026-05-09T05:06:31.004+0000] {processor.py:842} WARNING - No viable dags retrieved from /home/airflow/.local/lib/python3.12/site-packages/airflow/example_dags/subdags/subdag.py
[2026-05-09T05:06:31.018+0000] {processor.py:183} INFO - Processing /home/airflow/.local/lib/python3.12/site-packages/airflow/example_dags/subdags/subdag.py took 0.027 seconds
[2026-05-09T05:07:01.385+0000] {processor.py:161} INFO - Started process (PID=1186) to work on /home/airflow/.local/lib/python3.12/site-packages/airflow/example_dags/subdags/subdag.py
[2026-05-09T05:07:01.386+0000] {processor.py:830} INFO - Processing file /home/airflow/.local/lib/python3.12/site-packages/airflow/example_dags/subdags/subdag.py for tasks to queue
[2026-05-09T05:07:01.388+0000] {logging_mixin.py:188} INFO - [2026-05-09T05:07:01.388+0000] {dagbag.py:545} INFO - Filling up the DagBag from /home/airflow/.local/lib/python3.12/site-packages/airflow/example_dags/subdags/subdag.py
[2026-05-09T05:07:01.390+0000] {processor.py:842} WARNING - No viable dags retrieved from /home/airflow/.local/lib/python3.12/site-packages/airflow/example_dags/subdags/subdag.py
[2026-05-09T05:07:01.402+0000] {processor.py:183} INFO - Processing /home/airflow/.local/lib/python3.12/site-packages/airflow/example_dags/subdags/subdag.py took 0.021 seconds
[2026-05-09T05:07:31.859+0000] {processor.py:161} INFO - Started process (PID=1246) to work on /home/airflow/.local/lib/python3.12/site-packages/airflow/example_dags/subdags/subdag.py
[2026-05-09T05:07:31.860+0000] {processor.py:830} INFO - Processing file /home/airflow/.local/lib/python3.12/site-packages/airflow/example_dags/subdags/subdag.py for tasks to queue
[2026-05-09T05:07:31.862+0000] {logging_mixin.py:188} INFO - [2026-05-09T05:07:31.862+0000] {dagbag.py:545} INFO - Filling up the DagBag from /home/airflow/.local/lib/python3.12/site-packages/airflow/example_dags/subdags/subdag.py
[2026-05-09T05:07:31.864+0000] {processor.py:842} WARNING - No viable dags retrieved from /home/airflow/.local/lib/python3.12/site-packages/airflow/example_dags/subdags/subdag.py
[2026-05-09T05:07:31.876+0000] {processor.py:183} INFO - Processing /home/airflow/.local/lib/python3.12/site-packages/airflow/example_dags/subdags/subdag.py took 0.022 seconds
[2026-05-09T05:08:02.304+0000] {processor.py:161} INFO - Started process (PID=1306) to work on /home/airflow/.local/lib/python3.12/site-packages/airflow/example_dags/subdags/subdag.py
[2026-05-09T05:08:02.305+0000] {processor.py:830} INFO - Processing file /home/airflow/.local/lib/python3.12/site-packages/airflow/example_dags/subdags/subdag.py for tasks to queue
[2026-05-09T05:08:02.307+0000] {logging_mixin.py:188} INFO - [2026-05-09T05:08:02.306+0000] {dagbag.py:545} INFO - Filling up the DagBag from /home/airflow/.local/lib/python3.12/site-packages/airflow/example_dags/subdags/subdag.py
[2026-05-09T05:08:02.308+0000] {processor.py:842} WARNING - No viable dags retrieved from /home/airflow/.local/lib/python3.12/site-packages/airflow/example_dags/subdags/subdag.py
[2026-05-09T05:08:02.321+0000] {processor.py:183} INFO - Processing /home/airflow/.local/lib/python3.12/site-packages/airflow/example_dags/subdags/subdag.py took 0.021 seconds
[2026-05-09T05:08:32.540+0000] {processor.py:161} INFO - Started process (PID=1366) to work on /home/airflow/.local/lib/python3.12/site-packages/airflow/example_dags/subdags/subdag.py
[2026-05-09T05:08:32.541+0000] {processor.py:830} INFO - Processing file /home/airflow/.local/lib/python3.12/site-packages/airflow/example_dags/subdags/subdag.py for tasks to queue
[2026-05-09T05:08:32.542+0000] {logging_mixin.py:188} INFO - [2026-05-09T05:08:32.542+0000] {dagbag.py:545} INFO - Filling up the DagBag from /home/airflow/.local/lib/python3.12/site-packages/airflow/example_dags/subdags/subdag.py
[2026-05-09T05:08:32.544+0000] {processor.py:842} WARNING - No viable dags retrieved from /home/airflow/.local/lib/python3.12/site-packages/airflow/example_dags/subdags/subdag.py
[2026-05-09T05:08:32.555+0000] {processor.py:183} INFO - Processing /home/airflow/.local/lib/python3.12/site-packages/airflow/example_dags/subdags/subdag.py took 0.020 seconds
[2026-05-09T05:09:03.412+0000] {processor.py:161} INFO - Started process (PID=1426) to work on /home/airflow/.local/lib/python3.12/site-packages/airflow/example_dags/subdags/subdag.py
[2026-05-09T05:09:03.413+0000] {processor.py:830} INFO - Processing file /home/airflow/.local/lib/python3.12/site-packages/airflow/example_dags/subdags/subdag.py for tasks to queue
[2026-05-09T05:09:03.415+0000] {logging_mixin.py:188} INFO - [2026-05-09T05:09:03.414+0000] {dagbag.py:545} INFO - Filling up the DagBag from /home/airflow/.local/lib/python3.12/site-packages/airflow/example_dags/subdags/subdag.py
[2026-05-09T05:09:03.417+0000] {processor.py:842} WARNING - No viable dags retrieved from /home/airflow/.local/lib/python3.12/site-packages/airflow/example_dags/subdags/subdag.py
[2026-05-09T05:09:03.427+0000] {processor.py:183} INFO - Processing /home/airflow/.local/lib/python3.12/site-packages/airflow/example_dags/subdags/subdag.py took 0.019 seconds
[2026-05-09T05:09:34.175+0000] {processor.py:161} INFO - Started process (PID=1486) to work on /home/airflow/.local/lib/python3.12/site-packages/airflow/example_dags/subdags/subdag.py
[2026-05-09T05:09:34.176+0000] {processor.py:830} INFO - Processing file /home/airflow/.local/lib/python3.12/site-packages/airflow/example_dags/subdags/subdag.py for tasks to queue
[2026-05-09T05:09:34.178+0000] {logging_mixin.py:188} INFO - [2026-05-09T05:09:34.178+0000] {dagbag.py:545} INFO - Filling up the DagBag from /home/airflow/.local/lib/python3.12/site-packages/airflow/example_dags/subdags/subdag.py
[2026-05-09T05:09:34.180+0000] {processor.py:842} WARNING - No viable dags retrieved from /home/airflow/.local/lib/python3.12/site-packages/airflow/example_dags/subdags/subdag.py
[2026-05-09T05:09:34.191+0000] {processor.py:183} INFO - Processing /home/airflow/.local/lib/python3.12/site-packages/airflow/example_dags/subdags/subdag.py took 0.020 seconds
[2026-05-09T05:10:04.318+0000] {processor.py:161} INFO - Started process (PID=1546) to work on /home/airflow/.local/lib/python3.12/site-packages/airflow/example_dags/subdags/subdag.py
[2026-05-09T05:10:04.319+0000] {processor.py:830} INFO - Processing file /home/airflow/.local/lib/python3.12/site-packages/airflow/example_dags/subdags/subdag.py for tasks to queue
[2026-05-09T05:10:04.320+0000] {logging_mixin.py:188} INFO - [2026-05-09T05:10:04.320+0000] {dagbag.py:545} INFO - Filling up the DagBag from /home/airflow/.local/lib/python3.12/site-packages/airflow/example_dags/subdags/subdag.py
[2026-05-09T05:10:04.322+0000] {processor.py:842} WARNING - No viable dags retrieved from /home/airflow/.local/lib/python3.12/site-packages/airflow/example_dags/subdags/subdag.py
[2026-05-09T05:10:04.334+0000] {processor.py:183} INFO - Processing /home/airflow/.local/lib/python3.12/site-packages/airflow/example_dags/subdags/subdag.py took 0.022 seconds
[2026-05-09T05:10:35.231+0000] {processor.py:161} INFO - Started process (PID=1606) to work on /home/airflow/.local/lib/python3.12/site-packages/airflow/example_dags/subdags/subdag.py
[2026-05-09T05:10:35.232+0000] {processor.py:830} INFO - Processing file /home/airflow/.local/lib/python3.12/site-packages/airflow/example_dags/subdags/subdag.py for tasks to queue
[2026-05-09T05:10:35.235+0000] {logging_mixin.py:188} INFO - [2026-05-09T05:10:35.234+0000] {dagbag.py:545} INFO - Filling up the DagBag from /home/airflow/.local/lib/python3.12/site-packages/airflow/example_dags/subdags/subdag.py
[2026-05-09T05:10:35.237+0000] {processor.py:842} WARNING - No viable dags retrieved from /home/airflow/.local/lib/python3.12/site-packages/airflow/example_dags/subdags/subdag.py
[2026-05-09T05:10:35.250+0000] {processor.py:183} INFO - Processing /home/airflow/.local/lib/python3.12/site-packages/airflow/example_dags/subdags/subdag.py took 0.029 seconds
[2026-05-09T05:11:05.822+0000] {processor.py:161} INFO - Started process (PID=1666) to work on /home/airflow/.local/lib/python3.12/site-packages/airflow/example_dags/subdags/subdag.py
[2026-05-09T05:11:05.825+0000] {processor.py:830} INFO - Processing file /home/airflow/.local/lib/python3.12/site-packages/airflow/example_dags/subdags/subdag.py for tasks to queue
[2026-05-09T05:11:05.828+0000] {logging_mixin.py:188} INFO - [2026-05-09T05:11:05.827+0000] {dagbag.py:545} INFO - Filling up the DagBag from /home/airflow/.local/lib/python3.12/site-packages/airflow/example_dags/subdags/subdag.py
[2026-05-09T05:11:05.830+0000] {processor.py:842} WARNING - No viable dags retrieved from /home/airflow/.local/lib/python3.12/site-packages/airflow/example_dags/subdags/subdag.py
[2026-05-09T05:11:05.842+0000] {processor.py:183} INFO - Processing /home/airflow/.local/lib/python3.12/site-packages/airflow/example_dags/subdags/subdag.py took 0.028 seconds
[2026-05-09T05:11:36.260+0000] {processor.py:161} INFO - Started process (PID=1726) to work on /home/airflow/.local/lib/python3.12/site-packages/airflow/example_dags/subdags/subdag.py
[2026-05-09T05:11:36.262+0000] {processor.py:830} INFO - Processing file /home/airflow/.local/lib/python3.12/site-packages/airflow/example_dags/subdags/subdag.py for tasks to queue
[2026-05-09T05:11:36.264+0000] {logging_mixin.py:188} INFO - [2026-05-09T05:11:36.263+0000] {dagbag.py:545} INFO - Filling up the DagBag from /home/airflow/.local/lib/python3.12/site-packages/airflow/example_dags/subdags/subdag.py
[2026-05-09T05:11:36.266+0000] {processor.py:842} WARNING - No viable dags retrieved from /home/airflow/.local/lib/python3.12/site-packages/airflow/example_dags/subdags/subdag.py
[2026-05-09T05:11:36.277+0000] {processor.py:183} INFO - Processing /home/airflow/.local/lib/python3.12/site-packages/airflow/example_dags/subdags/subdag.py took 0.022 seconds
[2026-05-09T05:12:07.396+0000] {processor.py:161} INFO - Started process (PID=1786) to work on /home/airflow/.local/lib/python3.12/site-packages/airflow/example_dags/subdags/subdag.py
[2026-05-09T05:12:07.398+0000] {processor.py:830} INFO - Processing file /home/airflow/.local/lib/python3.12/site-packages/airflow/example_dags/subdags/subdag.py for tasks to queue
[2026-05-09T05:12:07.400+0000] {logging_mixin.py:188} INFO - [2026-05-09T05:12:07.399+0000] {dagbag.py:545} INFO - Filling up the DagBag from /home/airflow/.local/lib/python3.12/site-packages/airflow/example_dags/subdags/subdag.py
[2026-05-09T05:12:07.401+0000] {processor.py:842} WARNING - No viable dags retrieved from /home/airflow/.local/lib/python3.12/site-packages/airflow/example_dags/subdags/subdag.py
[2026-05-09T05:12:07.415+0000] {processor.py:183} INFO - Processing /home/airflow/.local/lib/python3.12/site-packages/airflow/example_dags/subdags/subdag.py took 0.024 seconds
[2026-05-09T05:12:38.029+0000] {processor.py:161} INFO - Started process (PID=1846) to work on /home/airflow/.local/lib/python3.12/site-packages/airflow/example_dags/subdags/subdag.py
[2026-05-09T05:12:38.031+0000] {processor.py:830} INFO - Processing file /home/airflow/.local/lib/python3.12/site-packages/airflow/example_dags/subdags/subdag.py for tasks to queue
[2026-05-09T05:12:38.033+0000] {logging_mixin.py:188} INFO - [2026-05-09T05:12:38.032+0000] {dagbag.py:545} INFO - Filling up the DagBag from /home/airflow/.local/lib/python3.12/site-packages/airflow/example_dags/subdags/subdag.py
[2026-05-09T05:12:38.034+0000] {processor.py:842} WARNING - No viable dags retrieved from /home/airflow/.local/lib/python3.12/site-packages/airflow/example_dags/subdags/subdag.py
[2026-05-09T05:12:38.048+0000] {processor.py:183} INFO - Processing /home/airflow/.local/lib/python3.12/site-packages/airflow/example_dags/subdags/subdag.py took 0.023 seconds
[2026-05-09T05:13:08.334+0000] {processor.py:161} INFO - Started process (PID=1906) to work on /home/airflow/.local/lib/python3.12/site-packages/airflow/example_dags/subdags/subdag.py
[2026-05-09T05:13:08.335+0000] {processor.py:830} INFO - Processing file /home/airflow/.local/lib/python3.12/site-packages/airflow/example_dags/subdags/subdag.py for tasks to queue
[2026-05-09T05:13:08.337+0000] {logging_mixin.py:188} INFO - [2026-05-09T05:13:08.336+0000] {dagbag.py:545} INFO - Filling up the DagBag from /home/airflow/.local/lib/python3.12/site-packages/airflow/example_dags/subdags/subdag.py
[2026-05-09T05:13:08.338+0000] {processor.py:842} WARNING - No viable dags retrieved from /home/airflow/.local/lib/python3.12/site-packages/airflow/example_dags/subdags/subdag.py
[2026-05-09T05:13:08.351+0000] {processor.py:183} INFO - Processing /home/airflow/.local/lib/python3.12/site-packages/airflow/example_dags/subdags/subdag.py took 0.022 seconds
[2026-05-09T05:13:39.209+0000] {processor.py:161} INFO - Started process (PID=1966) to work on /home/airflow/.local/lib/python3.12/site-packages/airflow/example_dags/subdags/subdag.py
[2026-05-09T05:13:39.210+0000] {processor.py:830} INFO - Processing file /home/airflow/.local/lib/python3.12/site-packages/airflow/example_dags/subdags/subdag.py for tasks to queue
[2026-05-09T05:13:39.213+0000] {logging_mixin.py:188} INFO - [2026-05-09T05:13:39.212+0000] {dagbag.py:545} INFO - Filling up the DagBag from /home/airflow/.local/lib/python3.12/site-packages/airflow/example_dags/subdags/subdag.py
[2026-05-09T05:13:39.216+0000] {processor.py:842} WARNING - No viable dags retrieved from /home/airflow/.local/lib/python3.12/site-packages/airflow/example_dags/subdags/subdag.py
[2026-05-09T05:13:39.229+0000] {processor.py:183} INFO - Processing /home/airflow/.local/lib/python3.12/site-packages/airflow/example_dags/subdags/subdag.py took 0.025 seconds
[2026-05-09T05:14:10.135+0000] {processor.py:161} INFO - Started process (PID=2026) to work on /home/airflow/.local/lib/python3.12/site-packages/airflow/example_dags/subdags/subdag.py
[2026-05-09T05:14:10.136+0000] {processor.py:830} INFO - Processing file /home/airflow/.local/lib/python3.12/site-packages/airflow/example_dags/subdags/subdag.py for tasks to queue
[2026-05-09T05:14:10.138+0000] {logging_mixin.py:188} INFO - [2026-05-09T05:14:10.138+0000] {dagbag.py:545} INFO - Filling up the DagBag from /home/airflow/.local/lib/python3.12/site-packages/airflow/example_dags/subdags/subdag.py
[2026-05-09T05:14:10.140+0000] {processor.py:842} WARNING - No viable dags retrieved from /home/airflow/.local/lib/python3.12/site-packages/airflow/example_dags/subdags/subdag.py
[2026-05-09T05:14:10.152+0000] {processor.py:183} INFO - Processing /home/airflow/.local/lib/python3.12/site-packages/airflow/example_dags/subdags/subdag.py took 0.021 seconds
[2026-05-09T05:14:40.894+0000] {processor.py:161} INFO - Started process (PID=2086) to work on /home/airflow/.local/lib/python3.12/site-packages/airflow/example_dags/subdags/subdag.py
[2026-05-09T05:14:40.895+0000] {processor.py:830} INFO - Processing file /home/airflow/.local/lib/python3.12/site-packages/airflow/example_dags/subdags/subdag.py for tasks to queue
[2026-05-09T05:14:40.896+0000] {logging_mixin.py:188} INFO - [2026-05-09T05:14:40.896+0000] {dagbag.py:545} INFO - Filling up the DagBag from /home/airflow/.local/lib/python3.12/site-packages/airflow/example_dags/subdags/subdag.py
[2026-05-09T05:14:40.898+0000] {processor.py:842} WARNING - No viable dags retrieved from /home/airflow/.local/lib/python3.12/site-packages/airflow/example_dags/subdags/subdag.py
[2026-05-09T05:14:40.908+0000] {processor.py:183} INFO - Processing /home/airflow/.local/lib/python3.12/site-packages/airflow/example_dags/subdags/subdag.py took 0.019 seconds
[2026-05-09T05:15:11.725+0000] {processor.py:161} INFO - Started process (PID=2146) to work on /home/airflow/.local/lib/python3.12/site-packages/airflow/example_dags/subdags/subdag.py
[2026-05-09T05:15:11.726+0000] {processor.py:830} INFO - Processing file /home/airflow/.local/lib/python3.12/site-packages/airflow/example_dags/subdags/subdag.py for tasks to queue
[2026-05-09T05:15:11.728+0000] {logging_mixin.py:188} INFO - [2026-05-09T05:15:11.728+0000] {dagbag.py:545} INFO - Filling up the DagBag from /home/airflow/.local/lib/python3.12/site-packages/airflow/example_dags/subdags/subdag.py
[2026-05-09T05:15:11.730+0000] {processor.py:842} WARNING - No viable dags retrieved from /home/airflow/.local/lib/python3.12/site-packages/airflow/example_dags/subdags/subdag.py
[2026-05-09T05:15:11.740+0000] {processor.py:183} INFO - Processing /home/airflow/.local/lib/python3.12/site-packages/airflow/example_dags/subdags/subdag.py took 0.019 seconds
[2026-05-09T05:15:43.082+0000] {processor.py:161} INFO - Started process (PID=2206) to work on /home/airflow/.local/lib/python3.12/site-packages/airflow/example_dags/subdags/subdag.py
[2026-05-09T05:15:43.085+0000] {processor.py:830} INFO - Processing file /home/airflow/.local/lib/python3.12/site-packages/airflow/example_dags/subdags/subdag.py for tasks to queue
[2026-05-09T05:15:43.087+0000] {logging_mixin.py:188} INFO - [2026-05-09T05:15:43.086+0000] {dagbag.py:545} INFO - Filling up the DagBag from /home/airflow/.local/lib/python3.12/site-packages/airflow/example_dags/subdags/subdag.py
[2026-05-09T05:15:43.089+0000] {processor.py:842} WARNING - No viable dags retrieved from /home/airflow/.local/lib/python3.12/site-packages/airflow/example_dags/subdags/subdag.py
[2026-05-09T05:15:43.103+0000] {processor.py:183} INFO - Processing /home/airflow/.local/lib/python3.12/site-packages/airflow/example_dags/subdags/subdag.py took 0.025 seconds
[2026-05-09T05:16:13.644+0000] {processor.py:161} INFO - Started process (PID=2266) to work on /home/airflow/.local/lib/python3.12/site-packages/airflow/example_dags/subdags/subdag.py
[2026-05-09T05:16:13.645+0000] {processor.py:830} INFO - Processing file /home/airflow/.local/lib/python3.12/site-packages/airflow/example_dags/subdags/subdag.py for tasks to queue
[2026-05-09T05:16:13.647+0000] {logging_mixin.py:188} INFO - [2026-05-09T05:16:13.646+0000] {dagbag.py:545} INFO - Filling up the DagBag from /home/airflow/.local/lib/python3.12/site-packages/airflow/example_dags/subdags/subdag.py
[2026-05-09T05:16:13.648+0000] {processor.py:842} WARNING - No viable dags retrieved from /home/airflow/.local/lib/python3.12/site-packages/airflow/example_dags/subdags/subdag.py
[2026-05-09T05:16:13.658+0000] {processor.py:183} INFO - Processing /home/airflow/.local/lib/python3.12/site-packages/airflow/example_dags/subdags/subdag.py took 0.019 seconds
[2026-05-09T05:16:43.819+0000] {processor.py:161} INFO - Started process (PID=2326) to work on /home/airflow/.local/lib/python3.12/site-packages/airflow/example_dags/subdags/subdag.py
[2026-05-09T05:16:43.821+0000] {processor.py:830} INFO - Processing file /home/airflow/.local/lib/python3.12/site-packages/airflow/example_dags/subdags/subdag.py for tasks to queue
[2026-05-09T05:16:43.824+0000] {logging_mixin.py:188} INFO - [2026-05-09T05:16:43.823+0000] {dagbag.py:545} INFO - Filling up the DagBag from /home/airflow/.local/lib/python3.12/site-packages/airflow/example_dags/subdags/subdag.py
[2026-05-09T05:16:43.827+0000] {processor.py:842} WARNING - No viable dags retrieved from /home/airflow/.local/lib/python3.12/site-packages/airflow/example_dags/subdags/subdag.py
[2026-05-09T05:16:43.842+0000] {processor.py:183} INFO - Processing /home/airflow/.local/lib/python3.12/site-packages/airflow/example_dags/subdags/subdag.py took 0.029 seconds
[2026-05-09T05:17:15.039+0000] {processor.py:161} INFO - Started process (PID=2386) to work on /home/airflow/.local/lib/python3.12/site-packages/airflow/example_dags/subdags/subdag.py
[2026-05-09T05:17:15.042+0000] {processor.py:830} INFO - Processing file /home/airflow/.local/lib/python3.12/site-packages/airflow/example_dags/subdags/subdag.py for tasks to queue
[2026-05-09T05:17:15.045+0000] {logging_mixin.py:188} INFO - [2026-05-09T05:17:15.044+0000] {dagbag.py:545} INFO - Filling up the DagBag from /home/airflow/.local/lib/python3.12/site-packages/airflow/example_dags/subdags/subdag.py
[2026-05-09T05:17:15.047+0000] {processor.py:842} WARNING - No viable dags retrieved from /home/airflow/.local/lib/python3.12/site-packages/airflow/example_dags/subdags/subdag.py
[2026-05-09T05:17:15.065+0000] {processor.py:183} INFO - Processing /home/airflow/.local/lib/python3.12/site-packages/airflow/example_dags/subdags/subdag.py took 0.036 seconds
[2026-05-09T05:17:45.796+0000] {processor.py:161} INFO - Started process (PID=2446) to work on /home/airflow/.local/lib/python3.12/site-packages/airflow/example_dags/subdags/subdag.py
[2026-05-09T05:17:45.797+0000] {processor.py:830} INFO - Processing file /home/airflow/.local/lib/python3.12/site-packages/airflow/example_dags/subdags/subdag.py for tasks to queue
[2026-05-09T05:17:45.799+0000] {logging_mixin.py:188} INFO - [2026-05-09T05:17:45.799+0000] {dagbag.py:545} INFO - Filling up the DagBag from /home/airflow/.local/lib/python3.12/site-packages/airflow/example_dags/subdags/subdag.py
[2026-05-09T05:17:45.801+0000] {processor.py:842} WARNING - No viable dags retrieved from /home/airflow/.local/lib/python3.12/site-packages/airflow/example_dags/subdags/subdag.py
[2026-05-09T05:17:45.812+0000] {processor.py:183} INFO - Processing /home/airflow/.local/lib/python3.12/site-packages/airflow/example_dags/subdags/subdag.py took 0.020 seconds
[2026-05-09T05:18:16.370+0000] {processor.py:161} INFO - Started process (PID=2506) to work on /home/airflow/.local/lib/python3.12/site-packages/airflow/example_dags/subdags/subdag.py
[2026-05-09T05:18:16.371+0000] {processor.py:830} INFO - Processing file /home/airflow/.local/lib/python3.12/site-packages/airflow/example_dags/subdags/subdag.py for tasks to queue
[2026-05-09T05:18:16.374+0000] {logging_mixin.py:188} INFO - [2026-05-09T05:18:16.374+0000] {dagbag.py:545} INFO - Filling up the DagBag from /home/airflow/.local/lib/python3.12/site-packages/airflow/example_dags/subdags/subdag.py
[2026-05-09T05:18:16.377+0000] {processor.py:842} WARNING - No viable dags retrieved from /home/airflow/.local/lib/python3.12/site-packages/airflow/example_dags/subdags/subdag.py
[2026-05-09T05:18:16.401+0000] {processor.py:183} INFO - Processing /home/airflow/.local/lib/python3.12/site-packages/airflow/example_dags/subdags/subdag.py took 0.038 seconds
[2026-05-09T05:18:47.154+0000] {processor.py:161} INFO - Started process (PID=2566) to work on /home/airflow/.local/lib/python3.12/site-packages/airflow/example_dags/subdags/subdag.py
[2026-05-09T05:18:47.155+0000] {processor.py:830} INFO - Processing file /home/airflow/.local/lib/python3.12/site-packages/airflow/example_dags/subdags/subdag.py for tasks to queue
[2026-05-09T05:18:47.159+0000] {logging_mixin.py:188} INFO - [2026-05-09T05:18:47.158+0000] {dagbag.py:545} INFO - Filling up the DagBag from /home/airflow/.local/lib/python3.12/site-packages/airflow/example_dags/subdags/subdag.py
[2026-05-09T05:18:47.162+0000] {processor.py:842} WARNING - No viable dags retrieved from /home/airflow/.local/lib/python3.12/site-packages/airflow/example_dags/subdags/subdag.py
[2026-05-09T05:18:47.181+0000] {processor.py:183} INFO - Processing /home/airflow/.local/lib/python3.12/site-packages/airflow/example_dags/subdags/subdag.py took 0.036 seconds
[2026-05-09T05:19:18.183+0000] {processor.py:161} INFO - Started process (PID=2626) to work on /home/airflow/.local/lib/python3.12/site-packages/airflow/example_dags/subdags/subdag.py
[2026-05-09T05:19:18.184+0000] {processor.py:830} INFO - Processing file /home/airflow/.local/lib/python3.12/site-packages/airflow/example_dags/subdags/subdag.py for tasks to queue
[2026-05-09T05:19:18.187+0000] {logging_mixin.py:188} INFO - [2026-05-09T05:19:18.186+0000] {dagbag.py:545} INFO - Filling up the DagBag from /home/airflow/.local/lib/python3.12/site-packages/airflow/example_dags/subdags/subdag.py
[2026-05-09T05:19:18.188+0000] {processor.py:842} WARNING - No viable dags retrieved from /home/airflow/.local/lib/python3.12/site-packages/airflow/example_dags/subdags/subdag.py
[2026-05-09T05:19:18.202+0000] {processor.py:183} INFO - Processing /home/airflow/.local/lib/python3.12/site-packages/airflow/example_dags/subdags/subdag.py took 0.024 seconds
[2026-05-09T05:19:48.355+0000] {processor.py:161} INFO - Started process (PID=2686) to work on /home/airflow/.local/lib/python3.12/site-packages/airflow/example_dags/subdags/subdag.py
[2026-05-09T05:19:48.357+0000] {processor.py:830} INFO - Processing file /home/airflow/.local/lib/python3.12/site-packages/airflow/example_dags/subdags/subdag.py for tasks to queue
[2026-05-09T05:19:48.359+0000] {logging_mixin.py:188} INFO - [2026-05-09T05:19:48.359+0000] {dagbag.py:545} INFO - Filling up the DagBag from /home/airflow/.local/lib/python3.12/site-packages/airflow/example_dags/subdags/subdag.py
[2026-05-09T05:19:48.362+0000] {processor.py:842} WARNING - No viable dags retrieved from /home/airflow/.local/lib/python3.12/site-packages/airflow/example_dags/subdags/subdag.py
[2026-05-09T05:19:48.378+0000] {processor.py:183} INFO - Processing /home/airflow/.local/lib/python3.12/site-packages/airflow/example_dags/subdags/subdag.py took 0.029 seconds
[2026-05-09T05:20:18.476+0000] {processor.py:161} INFO - Started process (PID=2752) to work on /home/airflow/.local/lib/python3.12/site-packages/airflow/example_dags/subdags/subdag.py
[2026-05-09T05:20:18.477+0000] {processor.py:830} INFO - Processing file /home/airflow/.local/lib/python3.12/site-packages/airflow/example_dags/subdags/subdag.py for tasks to queue
[2026-05-09T05:20:18.479+0000] {logging_mixin.py:188} INFO - [2026-05-09T05:20:18.479+0000] {dagbag.py:545} INFO - Filling up the DagBag from /home/airflow/.local/lib/python3.12/site-packages/airflow/example_dags/subdags/subdag.py
[2026-05-09T05:20:18.481+0000] {processor.py:842} WARNING - No viable dags retrieved from /home/airflow/.local/lib/python3.12/site-packages/airflow/example_dags/subdags/subdag.py
[2026-05-09T05:20:18.493+0000] {processor.py:183} INFO - Processing /home/airflow/.local/lib/python3.12/site-packages/airflow/example_dags/subdags/subdag.py took 0.022 seconds
[2026-05-09T05:20:50.051+0000] {processor.py:161} INFO - Started process (PID=2813) to work on /home/airflow/.local/lib/python3.12/site-packages/airflow/example_dags/subdags/subdag.py
[2026-05-09T05:20:50.054+0000] {processor.py:830} INFO - Processing file /home/airflow/.local/lib/python3.12/site-packages/airflow/example_dags/subdags/subdag.py for tasks to queue
[2026-05-09T05:20:50.057+0000] {logging_mixin.py:188} INFO - [2026-05-09T05:20:50.057+0000] {dagbag.py:545} INFO - Filling up the DagBag from /home/airflow/.local/lib/python3.12/site-packages/airflow/example_dags/subdags/subdag.py
[2026-05-09T05:20:50.060+0000] {processor.py:842} WARNING - No viable dags retrieved from /home/airflow/.local/lib/python3.12/site-packages/airflow/example_dags/subdags/subdag.py
[2026-05-09T05:20:50.080+0000] {processor.py:183} INFO - Processing /home/airflow/.local/lib/python3.12/site-packages/airflow/example_dags/subdags/subdag.py took 0.036 seconds
[2026-05-09T05:21:20.159+0000] {processor.py:161} INFO - Started process (PID=2873) to work on /home/airflow/.local/lib/python3.12/site-packages/airflow/example_dags/subdags/subdag.py
[2026-05-09T05:21:20.161+0000] {processor.py:830} INFO - Processing file /home/airflow/.local/lib/python3.12/site-packages/airflow/example_dags/subdags/subdag.py for tasks to queue
[2026-05-09T05:21:20.164+0000] {logging_mixin.py:188} INFO - [2026-05-09T05:21:20.163+0000] {dagbag.py:545} INFO - Filling up the DagBag from /home/airflow/.local/lib/python3.12/site-packages/airflow/example_dags/subdags/subdag.py
[2026-05-09T05:21:20.166+0000] {processor.py:842} WARNING - No viable dags retrieved from /home/airflow/.local/lib/python3.12/site-packages/airflow/example_dags/subdags/subdag.py
[2026-05-09T05:21:20.176+0000] {processor.py:183} INFO - Processing /home/airflow/.local/lib/python3.12/site-packages/airflow/example_dags/subdags/subdag.py took 0.022 seconds
[2026-05-09T05:21:50.797+0000] {processor.py:161} INFO - Started process (PID=2933) to work on /home/airflow/.local/lib/python3.12/site-packages/airflow/example_dags/subdags/subdag.py
[2026-05-09T05:21:50.798+0000] {processor.py:830} INFO - Processing file /home/airflow/.local/lib/python3.12/site-packages/airflow/example_dags/subdags/subdag.py for tasks to queue
[2026-05-09T05:21:50.800+0000] {logging_mixin.py:188} INFO - [2026-05-09T05:21:50.800+0000] {dagbag.py:545} INFO - Filling up the DagBag from /home/airflow/.local/lib/python3.12/site-packages/airflow/example_dags/subdags/subdag.py
[2026-05-09T05:21:50.802+0000] {processor.py:842} WARNING - No viable dags retrieved from /home/airflow/.local/lib/python3.12/site-packages/airflow/example_dags/subdags/subdag.py
[2026-05-09T05:21:50.813+0000] {processor.py:183} INFO - Processing /home/airflow/.local/lib/python3.12/site-packages/airflow/example_dags/subdags/subdag.py took 0.021 seconds
[2026-05-09T05:22:21.792+0000] {processor.py:161} INFO - Started process (PID=2993) to work on /home/airflow/.local/lib/python3.12/site-packages/airflow/example_dags/subdags/subdag.py
[2026-05-09T05:22:21.793+0000] {processor.py:830} INFO - Processing file /home/airflow/.local/lib/python3.12/site-packages/airflow/example_dags/subdags/subdag.py for tasks to queue
[2026-05-09T05:22:21.795+0000] {logging_mixin.py:188} INFO - [2026-05-09T05:22:21.795+0000] {dagbag.py:545} INFO - Filling up the DagBag from /home/airflow/.local/lib/python3.12/site-packages/airflow/example_dags/subdags/subdag.py
[2026-05-09T05:22:21.797+0000] {processor.py:842} WARNING - No viable dags retrieved from /home/airflow/.local/lib/python3.12/site-packages/airflow/example_dags/subdags/subdag.py
[2026-05-09T05:22:21.809+0000] {processor.py:183} INFO - Processing /home/airflow/.local/lib/python3.12/site-packages/airflow/example_dags/subdags/subdag.py took 0.022 seconds
[2026-05-09T05:22:52.032+0000] {processor.py:161} INFO - Started process (PID=3053) to work on /home/airflow/.local/lib/python3.12/site-packages/airflow/example_dags/subdags/subdag.py
[2026-05-09T05:22:52.033+0000] {processor.py:830} INFO - Processing file /home/airflow/.local/lib/python3.12/site-packages/airflow/example_dags/subdags/subdag.py for tasks to queue
[2026-05-09T05:22:52.035+0000] {logging_mixin.py:188} INFO - [2026-05-09T05:22:52.035+0000] {dagbag.py:545} INFO - Filling up the DagBag from /home/airflow/.local/lib/python3.12/site-packages/airflow/example_dags/subdags/subdag.py
[2026-05-09T05:22:52.037+0000] {processor.py:842} WARNING - No viable dags retrieved from /home/airflow/.local/lib/python3.12/site-packages/airflow/example_dags/subdags/subdag.py
[2026-05-09T05:22:52.047+0000] {processor.py:183} INFO - Processing /home/airflow/.local/lib/python3.12/site-packages/airflow/example_dags/subdags/subdag.py took 0.021 seconds
[2026-05-09T05:23:22.812+0000] {processor.py:161} INFO - Started process (PID=3113) to work on /home/airflow/.local/lib/python3.12/site-packages/airflow/example_dags/subdags/subdag.py
[2026-05-09T05:23:22.813+0000] {processor.py:830} INFO - Processing file /home/airflow/.local/lib/python3.12/site-packages/airflow/example_dags/subdags/subdag.py for tasks to queue
[2026-05-09T05:23:22.816+0000] {logging_mixin.py:188} INFO - [2026-05-09T05:23:22.815+0000] {dagbag.py:545} INFO - Filling up the DagBag from /home/airflow/.local/lib/python3.12/site-packages/airflow/example_dags/subdags/subdag.py
[2026-05-09T05:23:22.818+0000] {processor.py:842} WARNING - No viable dags retrieved from /home/airflow/.local/lib/python3.12/site-packages/airflow/example_dags/subdags/subdag.py
[2026-05-09T05:23:22.832+0000] {processor.py:183} INFO - Processing /home/airflow/.local/lib/python3.12/site-packages/airflow/example_dags/subdags/subdag.py took 0.027 seconds
[2026-05-09T05:23:53.809+0000] {processor.py:161} INFO - Started process (PID=3173) to work on /home/airflow/.local/lib/python3.12/site-packages/airflow/example_dags/subdags/subdag.py
[2026-05-09T05:23:53.810+0000] {processor.py:830} INFO - Processing file /home/airflow/.local/lib/python3.12/site-packages/airflow/example_dags/subdags/subdag.py for tasks to queue
[2026-05-09T05:23:53.812+0000] {logging_mixin.py:188} INFO - [2026-05-09T05:23:53.812+0000] {dagbag.py:545} INFO - Filling up the DagBag from /home/airflow/.local/lib/python3.12/site-packages/airflow/example_dags/subdags/subdag.py
[2026-05-09T05:23:53.814+0000] {processor.py:842} WARNING - No viable dags retrieved from /home/airflow/.local/lib/python3.12/site-packages/airflow/example_dags/subdags/subdag.py
[2026-05-09T05:23:53.823+0000] {processor.py:183} INFO - Processing /home/airflow/.local/lib/python3.12/site-packages/airflow/example_dags/subdags/subdag.py took 0.019 seconds
[2026-05-09T05:24:25.040+0000] {processor.py:161} INFO - Started process (PID=3233) to work on /home/airflow/.local/lib/python3.12/site-packages/airflow/example_dags/subdags/subdag.py
[2026-05-09T05:24:25.041+0000] {processor.py:830} INFO - Processing file /home/airflow/.local/lib/python3.12/site-packages/airflow/example_dags/subdags/subdag.py for tasks to queue
[2026-05-09T05:24:25.042+0000] {logging_mixin.py:188} INFO - [2026-05-09T05:24:25.042+0000] {dagbag.py:545} INFO - Filling up the DagBag from /home/airflow/.local/lib/python3.12/site-packages/airflow/example_dags/subdags/subdag.py
[2026-05-09T05:24:25.044+0000] {processor.py:842} WARNING - No viable dags retrieved from /home/airflow/.local/lib/python3.12/site-packages/airflow/example_dags/subdags/subdag.py
[2026-05-09T05:24:25.054+0000] {processor.py:183} INFO - Processing /home/airflow/.local/lib/python3.12/site-packages/airflow/example_dags/subdags/subdag.py took 0.020 seconds
[2026-05-09T05:24:55.285+0000] {processor.py:161} INFO - Started process (PID=3293) to work on /home/airflow/.local/lib/python3.12/site-packages/airflow/example_dags/subdags/subdag.py
[2026-05-09T05:24:55.286+0000] {processor.py:830} INFO - Processing file /home/airflow/.local/lib/python3.12/site-packages/airflow/example_dags/subdags/subdag.py for tasks to queue
[2026-05-09T05:24:55.289+0000] {logging_mixin.py:188} INFO - [2026-05-09T05:24:55.289+0000] {dagbag.py:545} INFO - Filling up the DagBag from /home/airflow/.local/lib/python3.12/site-packages/airflow/example_dags/subdags/subdag.py
[2026-05-09T05:24:55.291+0000] {processor.py:842} WARNING - No viable dags retrieved from /home/airflow/.local/lib/python3.12/site-packages/airflow/example_dags/subdags/subdag.py
[2026-05-09T05:24:55.304+0000] {processor.py:183} INFO - Processing /home/airflow/.local/lib/python3.12/site-packages/airflow/example_dags/subdags/subdag.py took 0.026 seconds
[2026-05-09T05:25:26.189+0000] {processor.py:161} INFO - Started process (PID=3353) to work on /home/airflow/.local/lib/python3.12/site-packages/airflow/example_dags/subdags/subdag.py
[2026-05-09T05:25:26.190+0000] {processor.py:830} INFO - Processing file /home/airflow/.local/lib/python3.12/site-packages/airflow/example_dags/subdags/subdag.py for tasks to queue
[2026-05-09T05:25:26.192+0000] {logging_mixin.py:188} INFO - [2026-05-09T05:25:26.192+0000] {dagbag.py:545} INFO - Filling up the DagBag from /home/airflow/.local/lib/python3.12/site-packages/airflow/example_dags/subdags/subdag.py
[2026-05-09T05:25:26.195+0000] {processor.py:842} WARNING - No viable dags retrieved from /home/airflow/.local/lib/python3.12/site-packages/airflow/example_dags/subdags/subdag.py
[2026-05-09T05:25:26.206+0000] {processor.py:183} INFO - Processing /home/airflow/.local/lib/python3.12/site-packages/airflow/example_dags/subdags/subdag.py took 0.022 seconds
[2026-05-09T05:25:57.447+0000] {processor.py:161} INFO - Started process (PID=3413) to work on /home/airflow/.local/lib/python3.12/site-packages/airflow/example_dags/subdags/subdag.py
[2026-05-09T05:25:57.449+0000] {processor.py:830} INFO - Processing file /home/airflow/.local/lib/python3.12/site-packages/airflow/example_dags/subdags/subdag.py for tasks to queue
[2026-05-09T05:25:57.452+0000] {logging_mixin.py:188} INFO - [2026-05-09T05:25:57.452+0000] {dagbag.py:545} INFO - Filling up the DagBag from /home/airflow/.local/lib/python3.12/site-packages/airflow/example_dags/subdags/subdag.py
[2026-05-09T05:25:57.455+0000] {processor.py:842} WARNING - No viable dags retrieved from /home/airflow/.local/lib/python3.12/site-packages/airflow/example_dags/subdags/subdag.py
[2026-05-09T05:25:57.482+0000] {processor.py:183} INFO - Processing /home/airflow/.local/lib/python3.12/site-packages/airflow/example_dags/subdags/subdag.py took 0.045 seconds
[2026-05-09T05:26:28.117+0000] {processor.py:161} INFO - Started process (PID=3473) to work on /home/airflow/.local/lib/python3.12/site-packages/airflow/example_dags/subdags/subdag.py
[2026-05-09T05:26:28.118+0000] {processor.py:830} INFO - Processing file /home/airflow/.local/lib/python3.12/site-packages/airflow/example_dags/subdags/subdag.py for tasks to queue
[2026-05-09T05:26:28.119+0000] {logging_mixin.py:188} INFO - [2026-05-09T05:26:28.119+0000] {dagbag.py:545} INFO - Filling up the DagBag from /home/airflow/.local/lib/python3.12/site-packages/airflow/example_dags/subdags/subdag.py
[2026-05-09T05:26:28.121+0000] {processor.py:842} WARNING - No viable dags retrieved from /home/airflow/.local/lib/python3.12/site-packages/airflow/example_dags/subdags/subdag.py
[2026-05-09T05:26:28.131+0000] {processor.py:183} INFO - Processing /home/airflow/.local/lib/python3.12/site-packages/airflow/example_dags/subdags/subdag.py took 0.019 seconds
[2026-05-09T05:26:58.649+0000] {processor.py:161} INFO - Started process (PID=3533) to work on /home/airflow/.local/lib/python3.12/site-packages/airflow/example_dags/subdags/subdag.py
[2026-05-09T05:26:58.650+0000] {processor.py:830} INFO - Processing file /home/airflow/.local/lib/python3.12/site-packages/airflow/example_dags/subdags/subdag.py for tasks to queue
[2026-05-09T05:26:58.652+0000] {logging_mixin.py:188} INFO - [2026-05-09T05:26:58.651+0000] {dagbag.py:545} INFO - Filling up the DagBag from /home/airflow/.local/lib/python3.12/site-packages/airflow/example_dags/subdags/subdag.py
[2026-05-09T05:26:58.654+0000] {processor.py:842} WARNING - No viable dags retrieved from /home/airflow/.local/lib/python3.12/site-packages/airflow/example_dags/subdags/subdag.py
[2026-05-09T05:26:58.665+0000] {processor.py:183} INFO - Processing /home/airflow/.local/lib/python3.12/site-packages/airflow/example_dags/subdags/subdag.py took 0.021 seconds
[2026-05-09T05:27:29.506+0000] {processor.py:161} INFO - Started process (PID=3593) to work on /home/airflow/.local/lib/python3.12/site-packages/airflow/example_dags/subdags/subdag.py
[2026-05-09T05:27:29.507+0000] {processor.py:830} INFO - Processing file /home/airflow/.local/lib/python3.12/site-packages/airflow/example_dags/subdags/subdag.py for tasks to queue
[2026-05-09T05:27:29.508+0000] {logging_mixin.py:188} INFO - [2026-05-09T05:27:29.508+0000] {dagbag.py:545} INFO - Filling up the DagBag from /home/airflow/.local/lib/python3.12/site-packages/airflow/example_dags/subdags/subdag.py
[2026-05-09T05:27:29.510+0000] {processor.py:842} WARNING - No viable dags retrieved from /home/airflow/.local/lib/python3.12/site-packages/airflow/example_dags/subdags/subdag.py
[2026-05-09T05:27:29.520+0000] {processor.py:183} INFO - Processing /home/airflow/.local/lib/python3.12/site-packages/airflow/example_dags/subdags/subdag.py took 0.019 seconds
[2026-05-09T05:27:59.885+0000] {processor.py:161} INFO - Started process (PID=3653) to work on /home/airflow/.local/lib/python3.12/site-packages/airflow/example_dags/subdags/subdag.py
[2026-05-09T05:27:59.886+0000] {processor.py:830} INFO - Processing file /home/airflow/.local/lib/python3.12/site-packages/airflow/example_dags/subdags/subdag.py for tasks to queue
[2026-05-09T05:27:59.888+0000] {logging_mixin.py:188} INFO - [2026-05-09T05:27:59.888+0000] {dagbag.py:545} INFO - Filling up the DagBag from /home/airflow/.local/lib/python3.12/site-packages/airflow/example_dags/subdags/subdag.py
[2026-05-09T05:27:59.890+0000] {processor.py:842} WARNING - No viable dags retrieved from /home/airflow/.local/lib/python3.12/site-packages/airflow/example_dags/subdags/subdag.py
[2026-05-09T05:27:59.902+0000] {processor.py:183} INFO - Processing /home/airflow/.local/lib/python3.12/site-packages/airflow/example_dags/subdags/subdag.py took 0.021 seconds
[2026-05-09T05:28:30.087+0000] {processor.py:161} INFO - Started process (PID=3713) to work on /home/airflow/.local/lib/python3.12/site-packages/airflow/example_dags/subdags/subdag.py
[2026-05-09T05:28:30.088+0000] {processor.py:830} INFO - Processing file /home/airflow/.local/lib/python3.12/site-packages/airflow/example_dags/subdags/subdag.py for tasks to queue
[2026-05-09T05:28:30.089+0000] {logging_mixin.py:188} INFO - [2026-05-09T05:28:30.089+0000] {dagbag.py:545} INFO - Filling up the DagBag from /home/airflow/.local/lib/python3.12/site-packages/airflow/example_dags/subdags/subdag.py
[2026-05-09T05:28:30.091+0000] {processor.py:842} WARNING - No viable dags retrieved from /home/airflow/.local/lib/python3.12/site-packages/airflow/example_dags/subdags/subdag.py
[2026-05-09T05:28:30.101+0000] {processor.py:183} INFO - Processing /home/airflow/.local/lib/python3.12/site-packages/airflow/example_dags/subdags/subdag.py took 0.018 seconds
[2026-05-09T05:29:00.406+0000] {processor.py:161} INFO - Started process (PID=3773) to work on /home/airflow/.local/lib/python3.12/site-packages/airflow/example_dags/subdags/subdag.py
[2026-05-09T05:29:00.407+0000] {processor.py:830} INFO - Processing file /home/airflow/.local/lib/python3.12/site-packages/airflow/example_dags/subdags/subdag.py for tasks to queue
[2026-05-09T05:29:00.409+0000] {logging_mixin.py:188} INFO - [2026-05-09T05:29:00.409+0000] {dagbag.py:545} INFO - Filling up the DagBag from /home/airflow/.local/lib/python3.12/site-packages/airflow/example_dags/subdags/subdag.py
[2026-05-09T05:29:00.411+0000] {processor.py:842} WARNING - No viable dags retrieved from /home/airflow/.local/lib/python3.12/site-packages/airflow/example_dags/subdags/subdag.py
[2026-05-09T05:29:00.421+0000] {processor.py:183} INFO - Processing /home/airflow/.local/lib/python3.12/site-packages/airflow/example_dags/subdags/subdag.py took 0.021 seconds
[2026-05-09T05:29:31.373+0000] {processor.py:161} INFO - Started process (PID=3833) to work on /home/airflow/.local/lib/python3.12/site-packages/airflow/example_dags/subdags/subdag.py
[2026-05-09T05:29:31.374+0000] {processor.py:830} INFO - Processing file /home/airflow/.local/lib/python3.12/site-packages/airflow/example_dags/subdags/subdag.py for tasks to queue
[2026-05-09T05:29:31.375+0000] {logging_mixin.py:188} INFO - [2026-05-09T05:29:31.375+0000] {dagbag.py:545} INFO - Filling up the DagBag from /home/airflow/.local/lib/python3.12/site-packages/airflow/example_dags/subdags/subdag.py
[2026-05-09T05:29:31.377+0000] {processor.py:842} WARNING - No viable dags retrieved from /home/airflow/.local/lib/python3.12/site-packages/airflow/example_dags/subdags/subdag.py
[2026-05-09T05:29:31.387+0000] {processor.py:183} INFO - Processing /home/airflow/.local/lib/python3.12/site-packages/airflow/example_dags/subdags/subdag.py took 0.019 seconds
[2026-05-09T05:30:01.729+0000] {processor.py:161} INFO - Started process (PID=3893) to work on /home/airflow/.local/lib/python3.12/site-packages/airflow/example_dags/subdags/subdag.py
[2026-05-09T05:30:01.731+0000] {processor.py:830} INFO - Processing file /home/airflow/.local/lib/python3.12/site-packages/airflow/example_dags/subdags/subdag.py for tasks to queue
[2026-05-09T05:30:01.733+0000] {logging_mixin.py:188} INFO - [2026-05-09T05:30:01.732+0000] {dagbag.py:545} INFO - Filling up the DagBag from /home/airflow/.local/lib/python3.12/site-packages/airflow/example_dags/subdags/subdag.py
[2026-05-09T05:30:01.735+0000] {processor.py:842} WARNING - No viable dags retrieved from /home/airflow/.local/lib/python3.12/site-packages/airflow/example_dags/subdags/subdag.py
[2026-05-09T05:30:01.745+0000] {processor.py:183} INFO - Processing /home/airflow/.local/lib/python3.12/site-packages/airflow/example_dags/subdags/subdag.py took 0.020 seconds
[2026-05-09T05:30:31.828+0000] {processor.py:161} INFO - Started process (PID=3952) to work on /home/airflow/.local/lib/python3.12/site-packages/airflow/example_dags/subdags/subdag.py
[2026-05-09T05:30:31.829+0000] {processor.py:830} INFO - Processing file /home/airflow/.local/lib/python3.12/site-packages/airflow/example_dags/subdags/subdag.py for tasks to queue
[2026-05-09T05:30:31.831+0000] {logging_mixin.py:188} INFO - [2026-05-09T05:30:31.831+0000] {dagbag.py:545} INFO - Filling up the DagBag from /home/airflow/.local/lib/python3.12/site-packages/airflow/example_dags/subdags/subdag.py
[2026-05-09T05:30:31.833+0000] {processor.py:842} WARNING - No viable dags retrieved from /home/airflow/.local/lib/python3.12/site-packages/airflow/example_dags/subdags/subdag.py
[2026-05-09T05:30:31.843+0000] {processor.py:183} INFO - Processing /home/airflow/.local/lib/python3.12/site-packages/airflow/example_dags/subdags/subdag.py took 0.020 seconds
[2026-05-09T05:31:02.325+0000] {processor.py:161} INFO - Started process (PID=4012) to work on /home/airflow/.local/lib/python3.12/site-packages/airflow/example_dags/subdags/subdag.py
[2026-05-09T05:31:02.327+0000] {processor.py:830} INFO - Processing file /home/airflow/.local/lib/python3.12/site-packages/airflow/example_dags/subdags/subdag.py for tasks to queue
[2026-05-09T05:31:02.330+0000] {logging_mixin.py:188} INFO - [2026-05-09T05:31:02.329+0000] {dagbag.py:545} INFO - Filling up the DagBag from /home/airflow/.local/lib/python3.12/site-packages/airflow/example_dags/subdags/subdag.py
[2026-05-09T05:31:02.332+0000] {processor.py:842} WARNING - No viable dags retrieved from /home/airflow/.local/lib/python3.12/site-packages/airflow/example_dags/subdags/subdag.py
[2026-05-09T05:31:02.343+0000] {processor.py:183} INFO - Processing /home/airflow/.local/lib/python3.12/site-packages/airflow/example_dags/subdags/subdag.py took 0.023 seconds
[2026-05-09T05:31:32.869+0000] {processor.py:161} INFO - Started process (PID=4072) to work on /home/airflow/.local/lib/python3.12/site-packages/airflow/example_dags/subdags/subdag.py
[2026-05-09T05:31:32.870+0000] {processor.py:830} INFO - Processing file /home/airflow/.local/lib/python3.12/site-packages/airflow/example_dags/subdags/subdag.py for tasks to queue
[2026-05-09T05:31:32.872+0000] {logging_mixin.py:188} INFO - [2026-05-09T05:31:32.872+0000] {dagbag.py:545} INFO - Filling up the DagBag from /home/airflow/.local/lib/python3.12/site-packages/airflow/example_dags/subdags/subdag.py
[2026-05-09T05:31:32.874+0000] {processor.py:842} WARNING - No viable dags retrieved from /home/airflow/.local/lib/python3.12/site-packages/airflow/example_dags/subdags/subdag.py
[2026-05-09T05:31:32.888+0000] {processor.py:183} INFO - Processing /home/airflow/.local/lib/python3.12/site-packages/airflow/example_dags/subdags/subdag.py took 0.023 seconds
[2026-05-09T05:32:03.272+0000] {processor.py:161} INFO - Started process (PID=4132) to work on /home/airflow/.local/lib/python3.12/site-packages/airflow/example_dags/subdags/subdag.py
[2026-05-09T05:32:03.273+0000] {processor.py:830} INFO - Processing file /home/airflow/.local/lib/python3.12/site-packages/airflow/example_dags/subdags/subdag.py for tasks to queue
[2026-05-09T05:32:03.275+0000] {logging_mixin.py:188} INFO - [2026-05-09T05:32:03.274+0000] {dagbag.py:545} INFO - Filling up the DagBag from /home/airflow/.local/lib/python3.12/site-packages/airflow/example_dags/subdags/subdag.py
[2026-05-09T05:32:03.277+0000] {processor.py:842} WARNING - No viable dags retrieved from /home/airflow/.local/lib/python3.12/site-packages/airflow/example_dags/subdags/subdag.py
[2026-05-09T05:32:03.287+0000] {processor.py:183} INFO - Processing /home/airflow/.local/lib/python3.12/site-packages/airflow/example_dags/subdags/subdag.py took 0.020 seconds
[2026-05-09T05:32:33.660+0000] {processor.py:161} INFO - Started process (PID=4192) to work on /home/airflow/.local/lib/python3.12/site-packages/airflow/example_dags/subdags/subdag.py
[2026-05-09T05:32:33.661+0000] {processor.py:830} INFO - Processing file /home/airflow/.local/lib/python3.12/site-packages/airflow/example_dags/subdags/subdag.py for tasks to queue
[2026-05-09T05:32:33.663+0000] {logging_mixin.py:188} INFO - [2026-05-09T05:32:33.663+0000] {dagbag.py:545} INFO - Filling up the DagBag from /home/airflow/.local/lib/python3.12/site-packages/airflow/example_dags/subdags/subdag.py
[2026-05-09T05:32:33.665+0000] {processor.py:842} WARNING - No viable dags retrieved from /home/airflow/.local/lib/python3.12/site-packages/airflow/example_dags/subdags/subdag.py
[2026-05-09T05:32:33.681+0000] {processor.py:183} INFO - Processing /home/airflow/.local/lib/python3.12/site-packages/airflow/example_dags/subdags/subdag.py took 0.028 seconds
[2026-05-09T05:33:03.964+0000] {processor.py:161} INFO - Started process (PID=4252) to work on /home/airflow/.local/lib/python3.12/site-packages/airflow/example_dags/subdags/subdag.py
[2026-05-09T05:33:03.965+0000] {processor.py:830} INFO - Processing file /home/airflow/.local/lib/python3.12/site-packages/airflow/example_dags/subdags/subdag.py for tasks to queue
[2026-05-09T05:33:03.967+0000] {logging_mixin.py:188} INFO - [2026-05-09T05:33:03.966+0000] {dagbag.py:545} INFO - Filling up the DagBag from /home/airflow/.local/lib/python3.12/site-packages/airflow/example_dags/subdags/subdag.py
[2026-05-09T05:33:03.969+0000] {processor.py:842} WARNING - No viable dags retrieved from /home/airflow/.local/lib/python3.12/site-packages/airflow/example_dags/subdags/subdag.py
[2026-05-09T05:33:03.980+0000] {processor.py:183} INFO - Processing /home/airflow/.local/lib/python3.12/site-packages/airflow/example_dags/subdags/subdag.py took 0.021 seconds
[2026-05-09T05:33:34.584+0000] {processor.py:161} INFO - Started process (PID=4312) to work on /home/airflow/.local/lib/python3.12/site-packages/airflow/example_dags/subdags/subdag.py
[2026-05-09T05:33:34.585+0000] {processor.py:830} INFO - Processing file /home/airflow/.local/lib/python3.12/site-packages/airflow/example_dags/subdags/subdag.py for tasks to queue
[2026-05-09T05:33:34.587+0000] {logging_mixin.py:188} INFO - [2026-05-09T05:33:34.587+0000] {dagbag.py:545} INFO - Filling up the DagBag from /home/airflow/.local/lib/python3.12/site-packages/airflow/example_dags/subdags/subdag.py
[2026-05-09T05:33:34.589+0000] {processor.py:842} WARNING - No viable dags retrieved from /home/airflow/.local/lib/python3.12/site-packages/airflow/example_dags/subdags/subdag.py
[2026-05-09T05:33:34.601+0000] {processor.py:183} INFO - Processing /home/airflow/.local/lib/python3.12/site-packages/airflow/example_dags/subdags/subdag.py took 0.022 seconds
[2026-05-09T05:34:05.178+0000] {processor.py:161} INFO - Started process (PID=4372) to work on /home/airflow/.local/lib/python3.12/site-packages/airflow/example_dags/subdags/subdag.py
[2026-05-09T05:34:05.179+0000] {processor.py:830} INFO - Processing file /home/airflow/.local/lib/python3.12/site-packages/airflow/example_dags/subdags/subdag.py for tasks to queue
[2026-05-09T05:34:05.182+0000] {logging_mixin.py:188} INFO - [2026-05-09T05:34:05.181+0000] {dagbag.py:545} INFO - Filling up the DagBag from /home/airflow/.local/lib/python3.12/site-packages/airflow/example_dags/subdags/subdag.py
[2026-05-09T05:34:05.184+0000] {processor.py:842} WARNING - No viable dags retrieved from /home/airflow/.local/lib/python3.12/site-packages/airflow/example_dags/subdags/subdag.py
[2026-05-09T05:34:05.198+0000] {processor.py:183} INFO - Processing /home/airflow/.local/lib/python3.12/site-packages/airflow/example_dags/subdags/subdag.py took 0.025 seconds
[2026-05-09T05:34:35.730+0000] {processor.py:161} INFO - Started process (PID=4432) to work on /home/airflow/.local/lib/python3.12/site-packages/airflow/example_dags/subdags/subdag.py
[2026-05-09T05:34:35.731+0000] {processor.py:830} INFO - Processing file /home/airflow/.local/lib/python3.12/site-packages/airflow/example_dags/subdags/subdag.py for tasks to queue
[2026-05-09T05:34:35.733+0000] {logging_mixin.py:188} INFO - [2026-05-09T05:34:35.733+0000] {dagbag.py:545} INFO - Filling up the DagBag from /home/airflow/.local/lib/python3.12/site-packages/airflow/example_dags/subdags/subdag.py
[2026-05-09T05:34:35.736+0000] {processor.py:842} WARNING - No viable dags retrieved from /home/airflow/.local/lib/python3.12/site-packages/airflow/example_dags/subdags/subdag.py
[2026-05-09T05:34:35.746+0000] {processor.py:183} INFO - Processing /home/airflow/.local/lib/python3.12/site-packages/airflow/example_dags/subdags/subdag.py took 0.021 seconds
[2026-05-09T05:35:05.969+0000] {processor.py:161} INFO - Started process (PID=4492) to work on /home/airflow/.local/lib/python3.12/site-packages/airflow/example_dags/subdags/subdag.py
[2026-05-09T05:35:05.971+0000] {processor.py:830} INFO - Processing file /home/airflow/.local/lib/python3.12/site-packages/airflow/example_dags/subdags/subdag.py for tasks to queue
[2026-05-09T05:35:05.973+0000] {logging_mixin.py:188} INFO - [2026-05-09T05:35:05.973+0000] {dagbag.py:545} INFO - Filling up the DagBag from /home/airflow/.local/lib/python3.12/site-packages/airflow/example_dags/subdags/subdag.py
[2026-05-09T05:35:05.975+0000] {processor.py:842} WARNING - No viable dags retrieved from /home/airflow/.local/lib/python3.12/site-packages/airflow/example_dags/subdags/subdag.py
[2026-05-09T05:35:05.990+0000] {processor.py:183} INFO - Processing /home/airflow/.local/lib/python3.12/site-packages/airflow/example_dags/subdags/subdag.py took 0.026 seconds
[2026-05-09T05:35:37.634+0000] {processor.py:161} INFO - Started process (PID=4552) to work on /home/airflow/.local/lib/python3.12/site-packages/airflow/example_dags/subdags/subdag.py
[2026-05-09T05:35:37.635+0000] {processor.py:830} INFO - Processing file /home/airflow/.local/lib/python3.12/site-packages/airflow/example_dags/subdags/subdag.py for tasks to queue
[2026-05-09T05:35:37.638+0000] {logging_mixin.py:188} INFO - [2026-05-09T05:35:37.638+0000] {dagbag.py:545} INFO - Filling up the DagBag from /home/airflow/.local/lib/python3.12/site-packages/airflow/example_dags/subdags/subdag.py
[2026-05-09T05:35:37.640+0000] {processor.py:842} WARNING - No viable dags retrieved from /home/airflow/.local/lib/python3.12/site-packages/airflow/example_dags/subdags/subdag.py
[2026-05-09T05:35:37.654+0000] {processor.py:183} INFO - Processing /home/airflow/.local/lib/python3.12/site-packages/airflow/example_dags/subdags/subdag.py took 0.025 seconds
[2026-05-09T05:36:08.081+0000] {processor.py:161} INFO - Started process (PID=4612) to work on /home/airflow/.local/lib/python3.12/site-packages/airflow/example_dags/subdags/subdag.py
[2026-05-09T05:36:08.082+0000] {processor.py:830} INFO - Processing file /home/airflow/.local/lib/python3.12/site-packages/airflow/example_dags/subdags/subdag.py for tasks to queue
[2026-05-09T05:36:08.084+0000] {logging_mixin.py:188} INFO - [2026-05-09T05:36:08.084+0000] {dagbag.py:545} INFO - Filling up the DagBag from /home/airflow/.local/lib/python3.12/site-packages/airflow/example_dags/subdags/subdag.py
[2026-05-09T05:36:08.086+0000] {processor.py:842} WARNING - No viable dags retrieved from /home/airflow/.local/lib/python3.12/site-packages/airflow/example_dags/subdags/subdag.py
[2026-05-09T05:36:08.097+0000] {processor.py:183} INFO - Processing /home/airflow/.local/lib/python3.12/site-packages/airflow/example_dags/subdags/subdag.py took 0.021 seconds
[2026-05-09T05:36:39.087+0000] {processor.py:161} INFO - Started process (PID=4672) to work on /home/airflow/.local/lib/python3.12/site-packages/airflow/example_dags/subdags/subdag.py
[2026-05-09T05:36:39.088+0000] {processor.py:830} INFO - Processing file /home/airflow/.local/lib/python3.12/site-packages/airflow/example_dags/subdags/subdag.py for tasks to queue
[2026-05-09T05:36:39.090+0000] {logging_mixin.py:188} INFO - [2026-05-09T05:36:39.089+0000] {dagbag.py:545} INFO - Filling up the DagBag from /home/airflow/.local/lib/python3.12/site-packages/airflow/example_dags/subdags/subdag.py
[2026-05-09T05:36:39.091+0000] {processor.py:842} WARNING - No viable dags retrieved from /home/airflow/.local/lib/python3.12/site-packages/airflow/example_dags/subdags/subdag.py
[2026-05-09T05:36:39.103+0000] {processor.py:183} INFO - Processing /home/airflow/.local/lib/python3.12/site-packages/airflow/example_dags/subdags/subdag.py took 0.021 seconds
[2026-05-09T05:37:09.222+0000] {processor.py:161} INFO - Started process (PID=4732) to work on /home/airflow/.local/lib/python3.12/site-packages/airflow/example_dags/subdags/subdag.py
[2026-05-09T05:37:09.223+0000] {processor.py:830} INFO - Processing file /home/airflow/.local/lib/python3.12/site-packages/airflow/example_dags/subdags/subdag.py for tasks to queue
[2026-05-09T05:37:09.225+0000] {logging_mixin.py:188} INFO - [2026-05-09T05:37:09.225+0000] {dagbag.py:545} INFO - Filling up the DagBag from /home/airflow/.local/lib/python3.12/site-packages/airflow/example_dags/subdags/subdag.py
[2026-05-09T05:37:09.227+0000] {processor.py:842} WARNING - No viable dags retrieved from /home/airflow/.local/lib/python3.12/site-packages/airflow/example_dags/subdags/subdag.py
[2026-05-09T05:37:09.238+0000] {processor.py:183} INFO - Processing /home/airflow/.local/lib/python3.12/site-packages/airflow/example_dags/subdags/subdag.py took 0.020 seconds
[2026-05-09T05:37:39.354+0000] {processor.py:161} INFO - Started process (PID=4792) to work on /home/airflow/.local/lib/python3.12/site-packages/airflow/example_dags/subdags/subdag.py
[2026-05-09T05:37:39.356+0000] {processor.py:830} INFO - Processing file /home/airflow/.local/lib/python3.12/site-packages/airflow/example_dags/subdags/subdag.py for tasks to queue
[2026-05-09T05:37:39.358+0000] {logging_mixin.py:188} INFO - [2026-05-09T05:37:39.357+0000] {dagbag.py:545} INFO - Filling up the DagBag from /home/airflow/.local/lib/python3.12/site-packages/airflow/example_dags/subdags/subdag.py
[2026-05-09T05:37:39.360+0000] {processor.py:842} WARNING - No viable dags retrieved from /home/airflow/.local/lib/python3.12/site-packages/airflow/example_dags/subdags/subdag.py
[2026-05-09T05:37:39.370+0000] {processor.py:183} INFO - Processing /home/airflow/.local/lib/python3.12/site-packages/airflow/example_dags/subdags/subdag.py took 0.021 seconds
[2026-05-09T05:38:09.708+0000] {processor.py:161} INFO - Started process (PID=4852) to work on /home/airflow/.local/lib/python3.12/site-packages/airflow/example_dags/subdags/subdag.py
[2026-05-09T05:38:09.709+0000] {processor.py:830} INFO - Processing file /home/airflow/.local/lib/python3.12/site-packages/airflow/example_dags/subdags/subdag.py for tasks to queue
[2026-05-09T05:38:09.711+0000] {logging_mixin.py:188} INFO - [2026-05-09T05:38:09.711+0000] {dagbag.py:545} INFO - Filling up the DagBag from /home/airflow/.local/lib/python3.12/site-packages/airflow/example_dags/subdags/subdag.py
[2026-05-09T05:38:09.713+0000] {processor.py:842} WARNING - No viable dags retrieved from /home/airflow/.local/lib/python3.12/site-packages/airflow/example_dags/subdags/subdag.py
[2026-05-09T05:38:09.727+0000] {processor.py:183} INFO - Processing /home/airflow/.local/lib/python3.12/site-packages/airflow/example_dags/subdags/subdag.py took 0.024 seconds
[2026-05-09T05:38:39.905+0000] {processor.py:161} INFO - Started process (PID=4912) to work on /home/airflow/.local/lib/python3.12/site-packages/airflow/example_dags/subdags/subdag.py
[2026-05-09T05:38:39.906+0000] {processor.py:830} INFO - Processing file /home/airflow/.local/lib/python3.12/site-packages/airflow/example_dags/subdags/subdag.py for tasks to queue
[2026-05-09T05:38:39.907+0000] {logging_mixin.py:188} INFO - [2026-05-09T05:38:39.907+0000] {dagbag.py:545} INFO - Filling up the DagBag from /home/airflow/.local/lib/python3.12/site-packages/airflow/example_dags/subdags/subdag.py
[2026-05-09T05:38:39.909+0000] {processor.py:842} WARNING - No viable dags retrieved from /home/airflow/.local/lib/python3.12/site-packages/airflow/example_dags/subdags/subdag.py
[2026-05-09T05:38:39.919+0000] {processor.py:183} INFO - Processing /home/airflow/.local/lib/python3.12/site-packages/airflow/example_dags/subdags/subdag.py took 0.020 seconds
[2026-05-09T05:39:10.529+0000] {processor.py:161} INFO - Started process (PID=4972) to work on /home/airflow/.local/lib/python3.12/site-packages/airflow/example_dags/subdags/subdag.py
[2026-05-09T05:39:10.530+0000] {processor.py:830} INFO - Processing file /home/airflow/.local/lib/python3.12/site-packages/airflow/example_dags/subdags/subdag.py for tasks to queue
[2026-05-09T05:39:10.531+0000] {logging_mixin.py:188} INFO - [2026-05-09T05:39:10.531+0000] {dagbag.py:545} INFO - Filling up the DagBag from /home/airflow/.local/lib/python3.12/site-packages/airflow/example_dags/subdags/subdag.py
[2026-05-09T05:39:10.533+0000] {processor.py:842} WARNING - No viable dags retrieved from /home/airflow/.local/lib/python3.12/site-packages/airflow/example_dags/subdags/subdag.py
[2026-05-09T05:39:10.543+0000] {processor.py:183} INFO - Processing /home/airflow/.local/lib/python3.12/site-packages/airflow/example_dags/subdags/subdag.py took 0.019 seconds
[2026-05-09T05:39:41.537+0000] {processor.py:161} INFO - Started process (PID=5033) to work on /home/airflow/.local/lib/python3.12/site-packages/airflow/example_dags/subdags/subdag.py
[2026-05-09T05:39:41.538+0000] {processor.py:830} INFO - Processing file /home/airflow/.local/lib/python3.12/site-packages/airflow/example_dags/subdags/subdag.py for tasks to queue
[2026-05-09T05:39:41.540+0000] {logging_mixin.py:188} INFO - [2026-05-09T05:39:41.540+0000] {dagbag.py:545} INFO - Filling up the DagBag from /home/airflow/.local/lib/python3.12/site-packages/airflow/example_dags/subdags/subdag.py
[2026-05-09T05:39:41.542+0000] {processor.py:842} WARNING - No viable dags retrieved from /home/airflow/.local/lib/python3.12/site-packages/airflow/example_dags/subdags/subdag.py
[2026-05-09T05:39:41.552+0000] {processor.py:183} INFO - Processing /home/airflow/.local/lib/python3.12/site-packages/airflow/example_dags/subdags/subdag.py took 0.019 seconds
[2026-05-09T05:40:11.812+0000] {processor.py:161} INFO - Started process (PID=5093) to work on /home/airflow/.local/lib/python3.12/site-packages/airflow/example_dags/subdags/subdag.py
[2026-05-09T05:40:11.813+0000] {processor.py:830} INFO - Processing file /home/airflow/.local/lib/python3.12/site-packages/airflow/example_dags/subdags/subdag.py for tasks to queue
[2026-05-09T05:40:11.815+0000] {logging_mixin.py:188} INFO - [2026-05-09T05:40:11.814+0000] {dagbag.py:545} INFO - Filling up the DagBag from /home/airflow/.local/lib/python3.12/site-packages/airflow/example_dags/subdags/subdag.py
[2026-05-09T05:40:11.816+0000] {processor.py:842} WARNING - No viable dags retrieved from /home/airflow/.local/lib/python3.12/site-packages/airflow/example_dags/subdags/subdag.py
[2026-05-09T05:40:11.830+0000] {processor.py:183} INFO - Processing /home/airflow/.local/lib/python3.12/site-packages/airflow/example_dags/subdags/subdag.py took 0.023 seconds
[2026-05-09T05:40:42.365+0000] {processor.py:161} INFO - Started process (PID=5153) to work on /home/airflow/.local/lib/python3.12/site-packages/airflow/example_dags/subdags/subdag.py
[2026-05-09T05:40:42.366+0000] {processor.py:830} INFO - Processing file /home/airflow/.local/lib/python3.12/site-packages/airflow/example_dags/subdags/subdag.py for tasks to queue
[2026-05-09T05:40:42.368+0000] {logging_mixin.py:188} INFO - [2026-05-09T05:40:42.368+0000] {dagbag.py:545} INFO - Filling up the DagBag from /home/airflow/.local/lib/python3.12/site-packages/airflow/example_dags/subdags/subdag.py
[2026-05-09T05:40:42.370+0000] {processor.py:842} WARNING - No viable dags retrieved from /home/airflow/.local/lib/python3.12/site-packages/airflow/example_dags/subdags/subdag.py
[2026-05-09T05:40:42.381+0000] {processor.py:183} INFO - Processing /home/airflow/.local/lib/python3.12/site-packages/airflow/example_dags/subdags/subdag.py took 0.021 seconds
[2026-05-09T05:41:12.590+0000] {processor.py:161} INFO - Started process (PID=5213) to work on /home/airflow/.local/lib/python3.12/site-packages/airflow/example_dags/subdags/subdag.py
[2026-05-09T05:41:12.591+0000] {processor.py:830} INFO - Processing file /home/airflow/.local/lib/python3.12/site-packages/airflow/example_dags/subdags/subdag.py for tasks to queue
[2026-05-09T05:41:12.593+0000] {logging_mixin.py:188} INFO - [2026-05-09T05:41:12.593+0000] {dagbag.py:545} INFO - Filling up the DagBag from /home/airflow/.local/lib/python3.12/site-packages/airflow/example_dags/subdags/subdag.py
[2026-05-09T05:41:12.595+0000] {processor.py:842} WARNING - No viable dags retrieved from /home/airflow/.local/lib/python3.12/site-packages/airflow/example_dags/subdags/subdag.py
[2026-05-09T05:41:12.606+0000] {processor.py:183} INFO - Processing /home/airflow/.local/lib/python3.12/site-packages/airflow/example_dags/subdags/subdag.py took 0.021 seconds
[2026-05-09T05:41:42.719+0000] {processor.py:161} INFO - Started process (PID=5273) to work on /home/airflow/.local/lib/python3.12/site-packages/airflow/example_dags/subdags/subdag.py
[2026-05-09T05:41:42.720+0000] {processor.py:830} INFO - Processing file /home/airflow/.local/lib/python3.12/site-packages/airflow/example_dags/subdags/subdag.py for tasks to queue
[2026-05-09T05:41:42.722+0000] {logging_mixin.py:188} INFO - [2026-05-09T05:41:42.722+0000] {dagbag.py:545} INFO - Filling up the DagBag from /home/airflow/.local/lib/python3.12/site-packages/airflow/example_dags/subdags/subdag.py
[2026-05-09T05:41:42.724+0000] {processor.py:842} WARNING - No viable dags retrieved from /home/airflow/.local/lib/python3.12/site-packages/airflow/example_dags/subdags/subdag.py
[2026-05-09T05:41:42.735+0000] {processor.py:183} INFO - Processing /home/airflow/.local/lib/python3.12/site-packages/airflow/example_dags/subdags/subdag.py took 0.021 seconds
[2026-05-09T05:42:12.921+0000] {processor.py:161} INFO - Started process (PID=5333) to work on /home/airflow/.local/lib/python3.12/site-packages/airflow/example_dags/subdags/subdag.py
[2026-05-09T05:42:12.922+0000] {processor.py:830} INFO - Processing file /home/airflow/.local/lib/python3.12/site-packages/airflow/example_dags/subdags/subdag.py for tasks to queue
[2026-05-09T05:42:12.924+0000] {logging_mixin.py:188} INFO - [2026-05-09T05:42:12.924+0000] {dagbag.py:545} INFO - Filling up the DagBag from /home/airflow/.local/lib/python3.12/site-packages/airflow/example_dags/subdags/subdag.py
[2026-05-09T05:42:12.926+0000] {processor.py:842} WARNING - No viable dags retrieved from /home/airflow/.local/lib/python3.12/site-packages/airflow/example_dags/subdags/subdag.py
[2026-05-09T05:42:12.937+0000] {processor.py:183} INFO - Processing /home/airflow/.local/lib/python3.12/site-packages/airflow/example_dags/subdags/subdag.py took 0.020 seconds
[2026-05-09T05:42:43.082+0000] {processor.py:161} INFO - Started process (PID=5393) to work on /home/airflow/.local/lib/python3.12/site-packages/airflow/example_dags/subdags/subdag.py
[2026-05-09T05:42:43.083+0000] {processor.py:830} INFO - Processing file /home/airflow/.local/lib/python3.12/site-packages/airflow/example_dags/subdags/subdag.py for tasks to queue
[2026-05-09T05:42:43.085+0000] {logging_mixin.py:188} INFO - [2026-05-09T05:42:43.085+0000] {dagbag.py:545} INFO - Filling up the DagBag from /home/airflow/.local/lib/python3.12/site-packages/airflow/example_dags/subdags/subdag.py
[2026-05-09T05:42:43.087+0000] {processor.py:842} WARNING - No viable dags retrieved from /home/airflow/.local/lib/python3.12/site-packages/airflow/example_dags/subdags/subdag.py
[2026-05-09T05:42:43.099+0000] {processor.py:183} INFO - Processing /home/airflow/.local/lib/python3.12/site-packages/airflow/example_dags/subdags/subdag.py took 0.022 seconds
[2026-05-09T05:43:14.004+0000] {processor.py:161} INFO - Started process (PID=5453) to work on /home/airflow/.local/lib/python3.12/site-packages/airflow/example_dags/subdags/subdag.py
[2026-05-09T05:43:14.005+0000] {processor.py:830} INFO - Processing file /home/airflow/.local/lib/python3.12/site-packages/airflow/example_dags/subdags/subdag.py for tasks to queue
[2026-05-09T05:43:14.008+0000] {logging_mixin.py:188} INFO - [2026-05-09T05:43:14.007+0000] {dagbag.py:545} INFO - Filling up the DagBag from /home/airflow/.local/lib/python3.12/site-packages/airflow/example_dags/subdags/subdag.py
[2026-05-09T05:43:14.010+0000] {processor.py:842} WARNING - No viable dags retrieved from /home/airflow/.local/lib/python3.12/site-packages/airflow/example_dags/subdags/subdag.py
[2026-05-09T05:43:14.021+0000] {processor.py:183} INFO - Processing /home/airflow/.local/lib/python3.12/site-packages/airflow/example_dags/subdags/subdag.py took 0.021 seconds
[2026-05-09T05:43:45.040+0000] {processor.py:161} INFO - Started process (PID=5513) to work on /home/airflow/.local/lib/python3.12/site-packages/airflow/example_dags/subdags/subdag.py
[2026-05-09T05:43:45.043+0000] {processor.py:830} INFO - Processing file /home/airflow/.local/lib/python3.12/site-packages/airflow/example_dags/subdags/subdag.py for tasks to queue
[2026-05-09T05:43:45.045+0000] {logging_mixin.py:188} INFO - [2026-05-09T05:43:45.045+0000] {dagbag.py:545} INFO - Filling up the DagBag from /home/airflow/.local/lib/python3.12/site-packages/airflow/example_dags/subdags/subdag.py
[2026-05-09T05:43:45.052+0000] {processor.py:842} WARNING - No viable dags retrieved from /home/airflow/.local/lib/python3.12/site-packages/airflow/example_dags/subdags/subdag.py
[2026-05-09T05:43:45.078+0000] {processor.py:183} INFO - Processing /home/airflow/.local/lib/python3.12/site-packages/airflow/example_dags/subdags/subdag.py took 0.056 seconds
[2026-05-09T05:44:15.743+0000] {processor.py:161} INFO - Started process (PID=5573) to work on /home/airflow/.local/lib/python3.12/site-packages/airflow/example_dags/subdags/subdag.py
[2026-05-09T05:44:15.744+0000] {processor.py:830} INFO - Processing file /home/airflow/.local/lib/python3.12/site-packages/airflow/example_dags/subdags/subdag.py for tasks to queue
[2026-05-09T05:44:15.746+0000] {logging_mixin.py:188} INFO - [2026-05-09T05:44:15.746+0000] {dagbag.py:545} INFO - Filling up the DagBag from /home/airflow/.local/lib/python3.12/site-packages/airflow/example_dags/subdags/subdag.py
[2026-05-09T05:44:15.748+0000] {processor.py:842} WARNING - No viable dags retrieved from /home/airflow/.local/lib/python3.12/site-packages/airflow/example_dags/subdags/subdag.py
[2026-05-09T05:44:15.758+0000] {processor.py:183} INFO - Processing /home/airflow/.local/lib/python3.12/site-packages/airflow/example_dags/subdags/subdag.py took 0.020 seconds
[2026-05-09T05:44:45.847+0000] {processor.py:161} INFO - Started process (PID=5633) to work on /home/airflow/.local/lib/python3.12/site-packages/airflow/example_dags/subdags/subdag.py
[2026-05-09T05:44:45.848+0000] {processor.py:830} INFO - Processing file /home/airflow/.local/lib/python3.12/site-packages/airflow/example_dags/subdags/subdag.py for tasks to queue
[2026-05-09T05:44:45.850+0000] {logging_mixin.py:188} INFO - [2026-05-09T05:44:45.850+0000] {dagbag.py:545} INFO - Filling up the DagBag from /home/airflow/.local/lib/python3.12/site-packages/airflow/example_dags/subdags/subdag.py
[2026-05-09T05:44:45.852+0000] {processor.py:842} WARNING - No viable dags retrieved from /home/airflow/.local/lib/python3.12/site-packages/airflow/example_dags/subdags/subdag.py
[2026-05-09T05:44:45.863+0000] {processor.py:183} INFO - Processing /home/airflow/.local/lib/python3.12/site-packages/airflow/example_dags/subdags/subdag.py took 0.021 seconds
[2026-05-09T05:45:16.635+0000] {processor.py:161} INFO - Started process (PID=5693) to work on /home/airflow/.local/lib/python3.12/site-packages/airflow/example_dags/subdags/subdag.py
[2026-05-09T05:45:16.637+0000] {processor.py:830} INFO - Processing file /home/airflow/.local/lib/python3.12/site-packages/airflow/example_dags/subdags/subdag.py for tasks to queue
[2026-05-09T05:45:16.639+0000] {logging_mixin.py:188} INFO - [2026-05-09T05:45:16.639+0000] {dagbag.py:545} INFO - Filling up the DagBag from /home/airflow/.local/lib/python3.12/site-packages/airflow/example_dags/subdags/subdag.py
[2026-05-09T05:45:16.641+0000] {processor.py:842} WARNING - No viable dags retrieved from /home/airflow/.local/lib/python3.12/site-packages/airflow/example_dags/subdags/subdag.py
[2026-05-09T05:45:16.652+0000] {processor.py:183} INFO - Processing /home/airflow/.local/lib/python3.12/site-packages/airflow/example_dags/subdags/subdag.py took 0.021 seconds
[2026-05-09T05:45:47.502+0000] {processor.py:161} INFO - Started process (PID=5753) to work on /home/airflow/.local/lib/python3.12/site-packages/airflow/example_dags/subdags/subdag.py
[2026-05-09T05:45:47.504+0000] {processor.py:830} INFO - Processing file /home/airflow/.local/lib/python3.12/site-packages/airflow/example_dags/subdags/subdag.py for tasks to queue
[2026-05-09T05:45:47.505+0000] {logging_mixin.py:188} INFO - [2026-05-09T05:45:47.505+0000] {dagbag.py:545} INFO - Filling up the DagBag from /home/airflow/.local/lib/python3.12/site-packages/airflow/example_dags/subdags/subdag.py
[2026-05-09T05:45:47.507+0000] {processor.py:842} WARNING - No viable dags retrieved from /home/airflow/.local/lib/python3.12/site-packages/airflow/example_dags/subdags/subdag.py
[2026-05-09T05:45:47.517+0000] {processor.py:183} INFO - Processing /home/airflow/.local/lib/python3.12/site-packages/airflow/example_dags/subdags/subdag.py took 0.020 seconds
[2026-05-09T05:46:18.219+0000] {processor.py:161} INFO - Started process (PID=5813) to work on /home/airflow/.local/lib/python3.12/site-packages/airflow/example_dags/subdags/subdag.py
[2026-05-09T05:46:18.220+0000] {processor.py:830} INFO - Processing file /home/airflow/.local/lib/python3.12/site-packages/airflow/example_dags/subdags/subdag.py for tasks to queue
[2026-05-09T05:46:18.222+0000] {logging_mixin.py:188} INFO - [2026-05-09T05:46:18.222+0000] {dagbag.py:545} INFO - Filling up the DagBag from /home/airflow/.local/lib/python3.12/site-packages/airflow/example_dags/subdags/subdag.py
[2026-05-09T05:46:18.224+0000] {processor.py:842} WARNING - No viable dags retrieved from /home/airflow/.local/lib/python3.12/site-packages/airflow/example_dags/subdags/subdag.py
[2026-05-09T05:46:18.233+0000] {processor.py:183} INFO - Processing /home/airflow/.local/lib/python3.12/site-packages/airflow/example_dags/subdags/subdag.py took 0.019 seconds
[2026-05-09T05:46:48.630+0000] {processor.py:161} INFO - Started process (PID=5873) to work on /home/airflow/.local/lib/python3.12/site-packages/airflow/example_dags/subdags/subdag.py
[2026-05-09T05:46:48.632+0000] {processor.py:830} INFO - Processing file /home/airflow/.local/lib/python3.12/site-packages/airflow/example_dags/subdags/subdag.py for tasks to queue
[2026-05-09T05:46:48.635+0000] {logging_mixin.py:188} INFO - [2026-05-09T05:46:48.634+0000] {dagbag.py:545} INFO - Filling up the DagBag from /home/airflow/.local/lib/python3.12/site-packages/airflow/example_dags/subdags/subdag.py
[2026-05-09T05:46:48.638+0000] {processor.py:842} WARNING - No viable dags retrieved from /home/airflow/.local/lib/python3.12/site-packages/airflow/example_dags/subdags/subdag.py
[2026-05-09T05:46:48.650+0000] {processor.py:183} INFO - Processing /home/airflow/.local/lib/python3.12/site-packages/airflow/example_dags/subdags/subdag.py took 0.026 seconds
[2026-05-09T05:47:19.531+0000] {processor.py:161} INFO - Started process (PID=5933) to work on /home/airflow/.local/lib/python3.12/site-packages/airflow/example_dags/subdags/subdag.py
[2026-05-09T05:47:19.532+0000] {processor.py:830} INFO - Processing file /home/airflow/.local/lib/python3.12/site-packages/airflow/example_dags/subdags/subdag.py for tasks to queue
[2026-05-09T05:47:19.534+0000] {logging_mixin.py:188} INFO - [2026-05-09T05:47:19.534+0000] {dagbag.py:545} INFO - Filling up the DagBag from /home/airflow/.local/lib/python3.12/site-packages/airflow/example_dags/subdags/subdag.py
[2026-05-09T05:47:19.536+0000] {processor.py:842} WARNING - No viable dags retrieved from /home/airflow/.local/lib/python3.12/site-packages/airflow/example_dags/subdags/subdag.py
[2026-05-09T05:47:19.546+0000] {processor.py:183} INFO - Processing /home/airflow/.local/lib/python3.12/site-packages/airflow/example_dags/subdags/subdag.py took 0.019 seconds
[2026-05-09T05:47:50.436+0000] {processor.py:161} INFO - Started process (PID=5993) to work on /home/airflow/.local/lib/python3.12/site-packages/airflow/example_dags/subdags/subdag.py
[2026-05-09T05:47:50.437+0000] {processor.py:830} INFO - Processing file /home/airflow/.local/lib/python3.12/site-packages/airflow/example_dags/subdags/subdag.py for tasks to queue
[2026-05-09T05:47:50.440+0000] {logging_mixin.py:188} INFO - [2026-05-09T05:47:50.439+0000] {dagbag.py:545} INFO - Filling up the DagBag from /home/airflow/.local/lib/python3.12/site-packages/airflow/example_dags/subdags/subdag.py
[2026-05-09T05:47:50.442+0000] {processor.py:842} WARNING - No viable dags retrieved from /home/airflow/.local/lib/python3.12/site-packages/airflow/example_dags/subdags/subdag.py
[2026-05-09T05:47:50.455+0000] {processor.py:183} INFO - Processing /home/airflow/.local/lib/python3.12/site-packages/airflow/example_dags/subdags/subdag.py took 0.023 seconds
[2026-05-09T05:48:21.335+0000] {processor.py:161} INFO - Started process (PID=6053) to work on /home/airflow/.local/lib/python3.12/site-packages/airflow/example_dags/subdags/subdag.py
[2026-05-09T05:48:21.336+0000] {processor.py:830} INFO - Processing file /home/airflow/.local/lib/python3.12/site-packages/airflow/example_dags/subdags/subdag.py for tasks to queue
[2026-05-09T05:48:21.337+0000] {logging_mixin.py:188} INFO - [2026-05-09T05:48:21.337+0000] {dagbag.py:545} INFO - Filling up the DagBag from /home/airflow/.local/lib/python3.12/site-packages/airflow/example_dags/subdags/subdag.py
[2026-05-09T05:48:21.339+0000] {processor.py:842} WARNING - No viable dags retrieved from /home/airflow/.local/lib/python3.12/site-packages/airflow/example_dags/subdags/subdag.py
[2026-05-09T05:48:21.351+0000] {processor.py:183} INFO - Processing /home/airflow/.local/lib/python3.12/site-packages/airflow/example_dags/subdags/subdag.py took 0.022 seconds
[2026-05-09T05:48:52.140+0000] {processor.py:161} INFO - Started process (PID=6113) to work on /home/airflow/.local/lib/python3.12/site-packages/airflow/example_dags/subdags/subdag.py
[2026-05-09T05:48:52.141+0000] {processor.py:830} INFO - Processing file /home/airflow/.local/lib/python3.12/site-packages/airflow/example_dags/subdags/subdag.py for tasks to queue
[2026-05-09T05:48:52.143+0000] {logging_mixin.py:188} INFO - [2026-05-09T05:48:52.143+0000] {dagbag.py:545} INFO - Filling up the DagBag from /home/airflow/.local/lib/python3.12/site-packages/airflow/example_dags/subdags/subdag.py
[2026-05-09T05:48:52.146+0000] {processor.py:842} WARNING - No viable dags retrieved from /home/airflow/.local/lib/python3.12/site-packages/airflow/example_dags/subdags/subdag.py
[2026-05-09T05:48:52.157+0000] {processor.py:183} INFO - Processing /home/airflow/.local/lib/python3.12/site-packages/airflow/example_dags/subdags/subdag.py took 0.023 seconds
[2026-05-09T05:49:22.550+0000] {processor.py:161} INFO - Started process (PID=6179) to work on /home/airflow/.local/lib/python3.12/site-packages/airflow/example_dags/subdags/subdag.py
[2026-05-09T05:49:22.551+0000] {processor.py:830} INFO - Processing file /home/airflow/.local/lib/python3.12/site-packages/airflow/example_dags/subdags/subdag.py for tasks to queue
[2026-05-09T05:49:22.554+0000] {logging_mixin.py:188} INFO - [2026-05-09T05:49:22.553+0000] {dagbag.py:545} INFO - Filling up the DagBag from /home/airflow/.local/lib/python3.12/site-packages/airflow/example_dags/subdags/subdag.py
[2026-05-09T05:49:22.556+0000] {processor.py:842} WARNING - No viable dags retrieved from /home/airflow/.local/lib/python3.12/site-packages/airflow/example_dags/subdags/subdag.py
[2026-05-09T05:49:22.570+0000] {processor.py:183} INFO - Processing /home/airflow/.local/lib/python3.12/site-packages/airflow/example_dags/subdags/subdag.py took 0.026 seconds
[2026-05-09T05:49:53.308+0000] {processor.py:161} INFO - Started process (PID=6239) to work on /home/airflow/.local/lib/python3.12/site-packages/airflow/example_dags/subdags/subdag.py
[2026-05-09T05:49:53.310+0000] {processor.py:830} INFO - Processing file /home/airflow/.local/lib/python3.12/site-packages/airflow/example_dags/subdags/subdag.py for tasks to queue
[2026-05-09T05:49:53.314+0000] {logging_mixin.py:188} INFO - [2026-05-09T05:49:53.313+0000] {dagbag.py:545} INFO - Filling up the DagBag from /home/airflow/.local/lib/python3.12/site-packages/airflow/example_dags/subdags/subdag.py
[2026-05-09T05:49:53.317+0000] {processor.py:842} WARNING - No viable dags retrieved from /home/airflow/.local/lib/python3.12/site-packages/airflow/example_dags/subdags/subdag.py
[2026-05-09T05:49:53.339+0000] {processor.py:183} INFO - Processing /home/airflow/.local/lib/python3.12/site-packages/airflow/example_dags/subdags/subdag.py took 0.043 seconds
[2026-05-09T05:50:23.647+0000] {processor.py:161} INFO - Started process (PID=6299) to work on /home/airflow/.local/lib/python3.12/site-packages/airflow/example_dags/subdags/subdag.py
[2026-05-09T05:50:23.649+0000] {processor.py:830} INFO - Processing file /home/airflow/.local/lib/python3.12/site-packages/airflow/example_dags/subdags/subdag.py for tasks to queue
[2026-05-09T05:50:23.653+0000] {logging_mixin.py:188} INFO - [2026-05-09T05:50:23.652+0000] {dagbag.py:545} INFO - Filling up the DagBag from /home/airflow/.local/lib/python3.12/site-packages/airflow/example_dags/subdags/subdag.py
[2026-05-09T05:50:23.656+0000] {processor.py:842} WARNING - No viable dags retrieved from /home/airflow/.local/lib/python3.12/site-packages/airflow/example_dags/subdags/subdag.py
[2026-05-09T05:50:23.679+0000] {processor.py:183} INFO - Processing /home/airflow/.local/lib/python3.12/site-packages/airflow/example_dags/subdags/subdag.py took 0.044 seconds
[2026-05-09T05:50:53.917+0000] {processor.py:161} INFO - Started process (PID=6359) to work on /home/airflow/.local/lib/python3.12/site-packages/airflow/example_dags/subdags/subdag.py
[2026-05-09T05:50:53.921+0000] {processor.py:830} INFO - Processing file /home/airflow/.local/lib/python3.12/site-packages/airflow/example_dags/subdags/subdag.py for tasks to queue
[2026-05-09T05:50:53.925+0000] {logging_mixin.py:188} INFO - [2026-05-09T05:50:53.924+0000] {dagbag.py:545} INFO - Filling up the DagBag from /home/airflow/.local/lib/python3.12/site-packages/airflow/example_dags/subdags/subdag.py
[2026-05-09T05:50:53.929+0000] {processor.py:842} WARNING - No viable dags retrieved from /home/airflow/.local/lib/python3.12/site-packages/airflow/example_dags/subdags/subdag.py
[2026-05-09T05:50:53.953+0000] {processor.py:183} INFO - Processing /home/airflow/.local/lib/python3.12/site-packages/airflow/example_dags/subdags/subdag.py took 0.046 seconds
[2026-05-09T05:51:24.662+0000] {processor.py:161} INFO - Started process (PID=6418) to work on /home/airflow/.local/lib/python3.12/site-packages/airflow/example_dags/subdags/subdag.py
[2026-05-09T05:51:24.663+0000] {processor.py:830} INFO - Processing file /home/airflow/.local/lib/python3.12/site-packages/airflow/example_dags/subdags/subdag.py for tasks to queue
[2026-05-09T05:51:24.665+0000] {logging_mixin.py:188} INFO - [2026-05-09T05:51:24.665+0000] {dagbag.py:545} INFO - Filling up the DagBag from /home/airflow/.local/lib/python3.12/site-packages/airflow/example_dags/subdags/subdag.py
[2026-05-09T05:51:24.668+0000] {processor.py:842} WARNING - No viable dags retrieved from /home/airflow/.local/lib/python3.12/site-packages/airflow/example_dags/subdags/subdag.py
[2026-05-09T05:51:24.679+0000] {processor.py:183} INFO - Processing /home/airflow/.local/lib/python3.12/site-packages/airflow/example_dags/subdags/subdag.py took 0.022 seconds
[2026-05-09T05:51:55.587+0000] {processor.py:161} INFO - Started process (PID=6478) to work on /home/airflow/.local/lib/python3.12/site-packages/airflow/example_dags/subdags/subdag.py
[2026-05-09T05:51:55.588+0000] {processor.py:830} INFO - Processing file /home/airflow/.local/lib/python3.12/site-packages/airflow/example_dags/subdags/subdag.py for tasks to queue
[2026-05-09T05:51:55.590+0000] {logging_mixin.py:188} INFO - [2026-05-09T05:51:55.590+0000] {dagbag.py:545} INFO - Filling up the DagBag from /home/airflow/.local/lib/python3.12/site-packages/airflow/example_dags/subdags/subdag.py
[2026-05-09T05:51:55.592+0000] {processor.py:842} WARNING - No viable dags retrieved from /home/airflow/.local/lib/python3.12/site-packages/airflow/example_dags/subdags/subdag.py
[2026-05-09T05:51:55.602+0000] {processor.py:183} INFO - Processing /home/airflow/.local/lib/python3.12/site-packages/airflow/example_dags/subdags/subdag.py took 0.020 seconds
[2026-05-09T05:52:25.801+0000] {processor.py:161} INFO - Started process (PID=6538) to work on /home/airflow/.local/lib/python3.12/site-packages/airflow/example_dags/subdags/subdag.py
[2026-05-09T05:52:25.803+0000] {processor.py:830} INFO - Processing file /home/airflow/.local/lib/python3.12/site-packages/airflow/example_dags/subdags/subdag.py for tasks to queue
[2026-05-09T05:52:25.805+0000] {logging_mixin.py:188} INFO - [2026-05-09T05:52:25.804+0000] {dagbag.py:545} INFO - Filling up the DagBag from /home/airflow/.local/lib/python3.12/site-packages/airflow/example_dags/subdags/subdag.py
[2026-05-09T05:52:25.807+0000] {processor.py:842} WARNING - No viable dags retrieved from /home/airflow/.local/lib/python3.12/site-packages/airflow/example_dags/subdags/subdag.py
[2026-05-09T05:52:25.817+0000] {processor.py:183} INFO - Processing /home/airflow/.local/lib/python3.12/site-packages/airflow/example_dags/subdags/subdag.py took 0.021 seconds
[2026-05-09T05:52:56.591+0000] {processor.py:161} INFO - Started process (PID=6598) to work on /home/airflow/.local/lib/python3.12/site-packages/airflow/example_dags/subdags/subdag.py
[2026-05-09T05:52:56.593+0000] {processor.py:830} INFO - Processing file /home/airflow/.local/lib/python3.12/site-packages/airflow/example_dags/subdags/subdag.py for tasks to queue
[2026-05-09T05:52:56.595+0000] {logging_mixin.py:188} INFO - [2026-05-09T05:52:56.594+0000] {dagbag.py:545} INFO - Filling up the DagBag from /home/airflow/.local/lib/python3.12/site-packages/airflow/example_dags/subdags/subdag.py
[2026-05-09T05:52:56.599+0000] {processor.py:842} WARNING - No viable dags retrieved from /home/airflow/.local/lib/python3.12/site-packages/airflow/example_dags/subdags/subdag.py
[2026-05-09T05:52:56.613+0000] {processor.py:183} INFO - Processing /home/airflow/.local/lib/python3.12/site-packages/airflow/example_dags/subdags/subdag.py took 0.028 seconds
[2026-05-09T05:53:26.671+0000] {processor.py:161} INFO - Started process (PID=6658) to work on /home/airflow/.local/lib/python3.12/site-packages/airflow/example_dags/subdags/subdag.py
[2026-05-09T05:53:26.672+0000] {processor.py:830} INFO - Processing file /home/airflow/.local/lib/python3.12/site-packages/airflow/example_dags/subdags/subdag.py for tasks to queue
[2026-05-09T05:53:26.675+0000] {logging_mixin.py:188} INFO - [2026-05-09T05:53:26.675+0000] {dagbag.py:545} INFO - Filling up the DagBag from /home/airflow/.local/lib/python3.12/site-packages/airflow/example_dags/subdags/subdag.py
[2026-05-09T05:53:26.678+0000] {processor.py:842} WARNING - No viable dags retrieved from /home/airflow/.local/lib/python3.12/site-packages/airflow/example_dags/subdags/subdag.py
[2026-05-09T05:53:26.692+0000] {processor.py:183} INFO - Processing /home/airflow/.local/lib/python3.12/site-packages/airflow/example_dags/subdags/subdag.py took 0.028 seconds
[2026-05-09T05:53:56.893+0000] {processor.py:161} INFO - Started process (PID=6718) to work on /home/airflow/.local/lib/python3.12/site-packages/airflow/example_dags/subdags/subdag.py
[2026-05-09T05:53:56.894+0000] {processor.py:830} INFO - Processing file /home/airflow/.local/lib/python3.12/site-packages/airflow/example_dags/subdags/subdag.py for tasks to queue
[2026-05-09T05:53:56.896+0000] {logging_mixin.py:188} INFO - [2026-05-09T05:53:56.896+0000] {dagbag.py:545} INFO - Filling up the DagBag from /home/airflow/.local/lib/python3.12/site-packages/airflow/example_dags/subdags/subdag.py
[2026-05-09T05:53:56.898+0000] {processor.py:842} WARNING - No viable dags retrieved from /home/airflow/.local/lib/python3.12/site-packages/airflow/example_dags/subdags/subdag.py
[2026-05-09T05:53:56.909+0000] {processor.py:183} INFO - Processing /home/airflow/.local/lib/python3.12/site-packages/airflow/example_dags/subdags/subdag.py took 0.021 seconds
[2026-05-09T05:54:27.204+0000] {processor.py:161} INFO - Started process (PID=6778) to work on /home/airflow/.local/lib/python3.12/site-packages/airflow/example_dags/subdags/subdag.py
[2026-05-09T05:54:27.206+0000] {processor.py:830} INFO - Processing file /home/airflow/.local/lib/python3.12/site-packages/airflow/example_dags/subdags/subdag.py for tasks to queue
[2026-05-09T05:54:27.208+0000] {logging_mixin.py:188} INFO - [2026-05-09T05:54:27.207+0000] {dagbag.py:545} INFO - Filling up the DagBag from /home/airflow/.local/lib/python3.12/site-packages/airflow/example_dags/subdags/subdag.py
[2026-05-09T05:54:27.209+0000] {processor.py:842} WARNING - No viable dags retrieved from /home/airflow/.local/lib/python3.12/site-packages/airflow/example_dags/subdags/subdag.py
[2026-05-09T05:54:27.220+0000] {processor.py:183} INFO - Processing /home/airflow/.local/lib/python3.12/site-packages/airflow/example_dags/subdags/subdag.py took 0.021 seconds
[2026-05-09T05:54:57.295+0000] {processor.py:161} INFO - Started process (PID=6838) to work on /home/airflow/.local/lib/python3.12/site-packages/airflow/example_dags/subdags/subdag.py
[2026-05-09T05:54:57.296+0000] {processor.py:830} INFO - Processing file /home/airflow/.local/lib/python3.12/site-packages/airflow/example_dags/subdags/subdag.py for tasks to queue
[2026-05-09T05:54:57.298+0000] {logging_mixin.py:188} INFO - [2026-05-09T05:54:57.297+0000] {dagbag.py:545} INFO - Filling up the DagBag from /home/airflow/.local/lib/python3.12/site-packages/airflow/example_dags/subdags/subdag.py
[2026-05-09T05:54:57.300+0000] {processor.py:842} WARNING - No viable dags retrieved from /home/airflow/.local/lib/python3.12/site-packages/airflow/example_dags/subdags/subdag.py
[2026-05-09T05:54:57.312+0000] {processor.py:183} INFO - Processing /home/airflow/.local/lib/python3.12/site-packages/airflow/example_dags/subdags/subdag.py took 0.022 seconds
[2026-05-09T05:55:27.801+0000] {processor.py:161} INFO - Started process (PID=6898) to work on /home/airflow/.local/lib/python3.12/site-packages/airflow/example_dags/subdags/subdag.py
[2026-05-09T05:55:27.802+0000] {processor.py:830} INFO - Processing file /home/airflow/.local/lib/python3.12/site-packages/airflow/example_dags/subdags/subdag.py for tasks to queue
[2026-05-09T05:55:27.804+0000] {logging_mixin.py:188} INFO - [2026-05-09T05:55:27.804+0000] {dagbag.py:545} INFO - Filling up the DagBag from /home/airflow/.local/lib/python3.12/site-packages/airflow/example_dags/subdags/subdag.py
[2026-05-09T05:55:27.806+0000] {processor.py:842} WARNING - No viable dags retrieved from /home/airflow/.local/lib/python3.12/site-packages/airflow/example_dags/subdags/subdag.py
[2026-05-09T05:55:27.819+0000] {processor.py:183} INFO - Processing /home/airflow/.local/lib/python3.12/site-packages/airflow/example_dags/subdags/subdag.py took 0.024 seconds
[2026-05-09T05:55:58.954+0000] {processor.py:161} INFO - Started process (PID=6958) to work on /home/airflow/.local/lib/python3.12/site-packages/airflow/example_dags/subdags/subdag.py
[2026-05-09T05:55:58.956+0000] {processor.py:830} INFO - Processing file /home/airflow/.local/lib/python3.12/site-packages/airflow/example_dags/subdags/subdag.py for tasks to queue
[2026-05-09T05:55:58.959+0000] {logging_mixin.py:188} INFO - [2026-05-09T05:55:58.958+0000] {dagbag.py:545} INFO - Filling up the DagBag from /home/airflow/.local/lib/python3.12/site-packages/airflow/example_dags/subdags/subdag.py
[2026-05-09T05:55:58.962+0000] {processor.py:842} WARNING - No viable dags retrieved from /home/airflow/.local/lib/python3.12/site-packages/airflow/example_dags/subdags/subdag.py
[2026-05-09T05:55:58.979+0000] {processor.py:183} INFO - Processing /home/airflow/.local/lib/python3.12/site-packages/airflow/example_dags/subdags/subdag.py took 0.032 seconds
[2026-05-09T05:56:29.247+0000] {processor.py:161} INFO - Started process (PID=7018) to work on /home/airflow/.local/lib/python3.12/site-packages/airflow/example_dags/subdags/subdag.py
[2026-05-09T05:56:29.249+0000] {processor.py:830} INFO - Processing file /home/airflow/.local/lib/python3.12/site-packages/airflow/example_dags/subdags/subdag.py for tasks to queue
[2026-05-09T05:56:29.255+0000] {logging_mixin.py:188} INFO - [2026-05-09T05:56:29.254+0000] {dagbag.py:545} INFO - Filling up the DagBag from /home/airflow/.local/lib/python3.12/site-packages/airflow/example_dags/subdags/subdag.py
[2026-05-09T05:56:29.259+0000] {processor.py:842} WARNING - No viable dags retrieved from /home/airflow/.local/lib/python3.12/site-packages/airflow/example_dags/subdags/subdag.py
[2026-05-09T05:56:29.279+0000] {processor.py:183} INFO - Processing /home/airflow/.local/lib/python3.12/site-packages/airflow/example_dags/subdags/subdag.py took 0.041 seconds
[2026-05-09T05:56:59.874+0000] {processor.py:161} INFO - Started process (PID=7078) to work on /home/airflow/.local/lib/python3.12/site-packages/airflow/example_dags/subdags/subdag.py
[2026-05-09T05:56:59.876+0000] {processor.py:830} INFO - Processing file /home/airflow/.local/lib/python3.12/site-packages/airflow/example_dags/subdags/subdag.py for tasks to queue
[2026-05-09T05:56:59.879+0000] {logging_mixin.py:188} INFO - [2026-05-09T05:56:59.878+0000] {dagbag.py:545} INFO - Filling up the DagBag from /home/airflow/.local/lib/python3.12/site-packages/airflow/example_dags/subdags/subdag.py
[2026-05-09T05:56:59.882+0000] {processor.py:842} WARNING - No viable dags retrieved from /home/airflow/.local/lib/python3.12/site-packages/airflow/example_dags/subdags/subdag.py
[2026-05-09T05:56:59.904+0000] {processor.py:183} INFO - Processing /home/airflow/.local/lib/python3.12/site-packages/airflow/example_dags/subdags/subdag.py took 0.039 seconds
[2026-05-09T05:57:30.228+0000] {processor.py:161} INFO - Started process (PID=7138) to work on /home/airflow/.local/lib/python3.12/site-packages/airflow/example_dags/subdags/subdag.py
[2026-05-09T05:57:30.230+0000] {processor.py:830} INFO - Processing file /home/airflow/.local/lib/python3.12/site-packages/airflow/example_dags/subdags/subdag.py for tasks to queue
[2026-05-09T05:57:30.233+0000] {logging_mixin.py:188} INFO - [2026-05-09T05:57:30.232+0000] {dagbag.py:545} INFO - Filling up the DagBag from /home/airflow/.local/lib/python3.12/site-packages/airflow/example_dags/subdags/subdag.py
[2026-05-09T05:57:30.237+0000] {processor.py:842} WARNING - No viable dags retrieved from /home/airflow/.local/lib/python3.12/site-packages/airflow/example_dags/subdags/subdag.py
[2026-05-09T05:57:30.251+0000] {processor.py:183} INFO - Processing /home/airflow/.local/lib/python3.12/site-packages/airflow/example_dags/subdags/subdag.py took 0.028 seconds
[2026-05-09T05:58:01.278+0000] {processor.py:161} INFO - Started process (PID=7198) to work on /home/airflow/.local/lib/python3.12/site-packages/airflow/example_dags/subdags/subdag.py
[2026-05-09T05:58:01.279+0000] {processor.py:830} INFO - Processing file /home/airflow/.local/lib/python3.12/site-packages/airflow/example_dags/subdags/subdag.py for tasks to queue
[2026-05-09T05:58:01.281+0000] {logging_mixin.py:188} INFO - [2026-05-09T05:58:01.281+0000] {dagbag.py:545} INFO - Filling up the DagBag from /home/airflow/.local/lib/python3.12/site-packages/airflow/example_dags/subdags/subdag.py
[2026-05-09T05:58:01.283+0000] {processor.py:842} WARNING - No viable dags retrieved from /home/airflow/.local/lib/python3.12/site-packages/airflow/example_dags/subdags/subdag.py
[2026-05-09T05:58:01.293+0000] {processor.py:183} INFO - Processing /home/airflow/.local/lib/python3.12/site-packages/airflow/example_dags/subdags/subdag.py took 0.020 seconds
[2026-05-09T05:58:31.506+0000] {processor.py:161} INFO - Started process (PID=7258) to work on /home/airflow/.local/lib/python3.12/site-packages/airflow/example_dags/subdags/subdag.py
[2026-05-09T05:58:31.507+0000] {processor.py:830} INFO - Processing file /home/airflow/.local/lib/python3.12/site-packages/airflow/example_dags/subdags/subdag.py for tasks to queue
[2026-05-09T05:58:31.509+0000] {logging_mixin.py:188} INFO - [2026-05-09T05:58:31.509+0000] {dagbag.py:545} INFO - Filling up the DagBag from /home/airflow/.local/lib/python3.12/site-packages/airflow/example_dags/subdags/subdag.py
[2026-05-09T05:58:31.511+0000] {processor.py:842} WARNING - No viable dags retrieved from /home/airflow/.local/lib/python3.12/site-packages/airflow/example_dags/subdags/subdag.py
[2026-05-09T05:58:31.523+0000] {processor.py:183} INFO - Processing /home/airflow/.local/lib/python3.12/site-packages/airflow/example_dags/subdags/subdag.py took 0.022 seconds
[2026-05-09T05:59:02.034+0000] {processor.py:161} INFO - Started process (PID=7318) to work on /home/airflow/.local/lib/python3.12/site-packages/airflow/example_dags/subdags/subdag.py
[2026-05-09T05:59:02.035+0000] {processor.py:830} INFO - Processing file /home/airflow/.local/lib/python3.12/site-packages/airflow/example_dags/subdags/subdag.py for tasks to queue
[2026-05-09T05:59:02.038+0000] {logging_mixin.py:188} INFO - [2026-05-09T05:59:02.037+0000] {dagbag.py:545} INFO - Filling up the DagBag from /home/airflow/.local/lib/python3.12/site-packages/airflow/example_dags/subdags/subdag.py
[2026-05-09T05:59:02.040+0000] {processor.py:842} WARNING - No viable dags retrieved from /home/airflow/.local/lib/python3.12/site-packages/airflow/example_dags/subdags/subdag.py
[2026-05-09T05:59:02.053+0000] {processor.py:183} INFO - Processing /home/airflow/.local/lib/python3.12/site-packages/airflow/example_dags/subdags/subdag.py took 0.024 seconds
[2026-05-09T05:59:32.733+0000] {processor.py:161} INFO - Started process (PID=7378) to work on /home/airflow/.local/lib/python3.12/site-packages/airflow/example_dags/subdags/subdag.py
[2026-05-09T05:59:32.735+0000] {processor.py:830} INFO - Processing file /home/airflow/.local/lib/python3.12/site-packages/airflow/example_dags/subdags/subdag.py for tasks to queue
[2026-05-09T05:59:32.737+0000] {logging_mixin.py:188} INFO - [2026-05-09T05:59:32.737+0000] {dagbag.py:545} INFO - Filling up the DagBag from /home/airflow/.local/lib/python3.12/site-packages/airflow/example_dags/subdags/subdag.py
[2026-05-09T05:59:32.739+0000] {processor.py:842} WARNING - No viable dags retrieved from /home/airflow/.local/lib/python3.12/site-packages/airflow/example_dags/subdags/subdag.py
[2026-05-09T05:59:32.751+0000] {processor.py:183} INFO - Processing /home/airflow/.local/lib/python3.12/site-packages/airflow/example_dags/subdags/subdag.py took 0.023 seconds
[2026-05-09T06:00:03.184+0000] {processor.py:161} INFO - Started process (PID=7438) to work on /home/airflow/.local/lib/python3.12/site-packages/airflow/example_dags/subdags/subdag.py
[2026-05-09T06:00:03.185+0000] {processor.py:830} INFO - Processing file /home/airflow/.local/lib/python3.12/site-packages/airflow/example_dags/subdags/subdag.py for tasks to queue
[2026-05-09T06:00:03.187+0000] {logging_mixin.py:188} INFO - [2026-05-09T06:00:03.187+0000] {dagbag.py:545} INFO - Filling up the DagBag from /home/airflow/.local/lib/python3.12/site-packages/airflow/example_dags/subdags/subdag.py
[2026-05-09T06:00:03.190+0000] {processor.py:842} WARNING - No viable dags retrieved from /home/airflow/.local/lib/python3.12/site-packages/airflow/example_dags/subdags/subdag.py
[2026-05-09T06:00:03.204+0000] {processor.py:183} INFO - Processing /home/airflow/.local/lib/python3.12/site-packages/airflow/example_dags/subdags/subdag.py took 0.026 seconds
[2026-05-09T06:00:34.151+0000] {processor.py:161} INFO - Started process (PID=7498) to work on /home/airflow/.local/lib/python3.12/site-packages/airflow/example_dags/subdags/subdag.py
[2026-05-09T06:00:34.153+0000] {processor.py:830} INFO - Processing file /home/airflow/.local/lib/python3.12/site-packages/airflow/example_dags/subdags/subdag.py for tasks to queue
[2026-05-09T06:00:34.155+0000] {logging_mixin.py:188} INFO - [2026-05-09T06:00:34.155+0000] {dagbag.py:545} INFO - Filling up the DagBag from /home/airflow/.local/lib/python3.12/site-packages/airflow/example_dags/subdags/subdag.py
[2026-05-09T06:00:34.158+0000] {processor.py:842} WARNING - No viable dags retrieved from /home/airflow/.local/lib/python3.12/site-packages/airflow/example_dags/subdags/subdag.py
[2026-05-09T06:00:34.171+0000] {processor.py:183} INFO - Processing /home/airflow/.local/lib/python3.12/site-packages/airflow/example_dags/subdags/subdag.py took 0.026 seconds
[2026-05-09T06:01:04.229+0000] {processor.py:161} INFO - Started process (PID=7558) to work on /home/airflow/.local/lib/python3.12/site-packages/airflow/example_dags/subdags/subdag.py
[2026-05-09T06:01:04.230+0000] {processor.py:830} INFO - Processing file /home/airflow/.local/lib/python3.12/site-packages/airflow/example_dags/subdags/subdag.py for tasks to queue
[2026-05-09T06:01:04.232+0000] {logging_mixin.py:188} INFO - [2026-05-09T06:01:04.231+0000] {dagbag.py:545} INFO - Filling up the DagBag from /home/airflow/.local/lib/python3.12/site-packages/airflow/example_dags/subdags/subdag.py
[2026-05-09T06:01:04.234+0000] {processor.py:842} WARNING - No viable dags retrieved from /home/airflow/.local/lib/python3.12/site-packages/airflow/example_dags/subdags/subdag.py
[2026-05-09T06:01:04.243+0000] {processor.py:183} INFO - Processing /home/airflow/.local/lib/python3.12/site-packages/airflow/example_dags/subdags/subdag.py took 0.018 seconds
[2026-05-09T06:01:34.904+0000] {processor.py:161} INFO - Started process (PID=7618) to work on /home/airflow/.local/lib/python3.12/site-packages/airflow/example_dags/subdags/subdag.py
[2026-05-09T06:01:34.905+0000] {processor.py:830} INFO - Processing file /home/airflow/.local/lib/python3.12/site-packages/airflow/example_dags/subdags/subdag.py for tasks to queue
[2026-05-09T06:01:34.908+0000] {logging_mixin.py:188} INFO - [2026-05-09T06:01:34.908+0000] {dagbag.py:545} INFO - Filling up the DagBag from /home/airflow/.local/lib/python3.12/site-packages/airflow/example_dags/subdags/subdag.py
[2026-05-09T06:01:34.912+0000] {processor.py:842} WARNING - No viable dags retrieved from /home/airflow/.local/lib/python3.12/site-packages/airflow/example_dags/subdags/subdag.py
[2026-05-09T06:01:34.933+0000] {processor.py:183} INFO - Processing /home/airflow/.local/lib/python3.12/site-packages/airflow/example_dags/subdags/subdag.py took 0.039 seconds
[2026-05-09T06:02:05.500+0000] {processor.py:161} INFO - Started process (PID=7678) to work on /home/airflow/.local/lib/python3.12/site-packages/airflow/example_dags/subdags/subdag.py
[2026-05-09T06:02:05.501+0000] {processor.py:830} INFO - Processing file /home/airflow/.local/lib/python3.12/site-packages/airflow/example_dags/subdags/subdag.py for tasks to queue
[2026-05-09T06:02:05.504+0000] {logging_mixin.py:188} INFO - [2026-05-09T06:02:05.504+0000] {dagbag.py:545} INFO - Filling up the DagBag from /home/airflow/.local/lib/python3.12/site-packages/airflow/example_dags/subdags/subdag.py
[2026-05-09T06:02:05.507+0000] {processor.py:842} WARNING - No viable dags retrieved from /home/airflow/.local/lib/python3.12/site-packages/airflow/example_dags/subdags/subdag.py
[2026-05-09T06:02:05.524+0000] {processor.py:183} INFO - Processing /home/airflow/.local/lib/python3.12/site-packages/airflow/example_dags/subdags/subdag.py took 0.031 seconds
[2026-05-09T06:02:35.968+0000] {processor.py:161} INFO - Started process (PID=7738) to work on /home/airflow/.local/lib/python3.12/site-packages/airflow/example_dags/subdags/subdag.py
[2026-05-09T06:02:35.970+0000] {processor.py:830} INFO - Processing file /home/airflow/.local/lib/python3.12/site-packages/airflow/example_dags/subdags/subdag.py for tasks to queue
[2026-05-09T06:02:35.975+0000] {logging_mixin.py:188} INFO - [2026-05-09T06:02:35.974+0000] {dagbag.py:545} INFO - Filling up the DagBag from /home/airflow/.local/lib/python3.12/site-packages/airflow/example_dags/subdags/subdag.py
[2026-05-09T06:02:35.979+0000] {processor.py:842} WARNING - No viable dags retrieved from /home/airflow/.local/lib/python3.12/site-packages/airflow/example_dags/subdags/subdag.py
[2026-05-09T06:02:35.998+0000] {processor.py:183} INFO - Processing /home/airflow/.local/lib/python3.12/site-packages/airflow/example_dags/subdags/subdag.py took 0.037 seconds
[2026-05-09T06:03:06.588+0000] {processor.py:161} INFO - Started process (PID=7798) to work on /home/airflow/.local/lib/python3.12/site-packages/airflow/example_dags/subdags/subdag.py
[2026-05-09T06:03:06.590+0000] {processor.py:830} INFO - Processing file /home/airflow/.local/lib/python3.12/site-packages/airflow/example_dags/subdags/subdag.py for tasks to queue
[2026-05-09T06:03:06.593+0000] {logging_mixin.py:188} INFO - [2026-05-09T06:03:06.592+0000] {dagbag.py:545} INFO - Filling up the DagBag from /home/airflow/.local/lib/python3.12/site-packages/airflow/example_dags/subdags/subdag.py
[2026-05-09T06:03:06.596+0000] {processor.py:842} WARNING - No viable dags retrieved from /home/airflow/.local/lib/python3.12/site-packages/airflow/example_dags/subdags/subdag.py
[2026-05-09T06:03:06.619+0000] {processor.py:183} INFO - Processing /home/airflow/.local/lib/python3.12/site-packages/airflow/example_dags/subdags/subdag.py took 0.043 seconds
[2026-05-09T06:03:36.918+0000] {processor.py:161} INFO - Started process (PID=7857) to work on /home/airflow/.local/lib/python3.12/site-packages/airflow/example_dags/subdags/subdag.py
[2026-05-09T06:03:36.919+0000] {processor.py:830} INFO - Processing file /home/airflow/.local/lib/python3.12/site-packages/airflow/example_dags/subdags/subdag.py for tasks to queue
[2026-05-09T06:03:36.921+0000] {logging_mixin.py:188} INFO - [2026-05-09T06:03:36.921+0000] {dagbag.py:545} INFO - Filling up the DagBag from /home/airflow/.local/lib/python3.12/site-packages/airflow/example_dags/subdags/subdag.py
[2026-05-09T06:03:36.924+0000] {processor.py:842} WARNING - No viable dags retrieved from /home/airflow/.local/lib/python3.12/site-packages/airflow/example_dags/subdags/subdag.py
[2026-05-09T06:03:36.938+0000] {processor.py:183} INFO - Processing /home/airflow/.local/lib/python3.12/site-packages/airflow/example_dags/subdags/subdag.py took 0.026 seconds
[2026-05-09T06:04:07.830+0000] {processor.py:161} INFO - Started process (PID=7917) to work on /home/airflow/.local/lib/python3.12/site-packages/airflow/example_dags/subdags/subdag.py
[2026-05-09T06:04:07.831+0000] {processor.py:830} INFO - Processing file /home/airflow/.local/lib/python3.12/site-packages/airflow/example_dags/subdags/subdag.py for tasks to queue
[2026-05-09T06:04:07.833+0000] {logging_mixin.py:188} INFO - [2026-05-09T06:04:07.833+0000] {dagbag.py:545} INFO - Filling up the DagBag from /home/airflow/.local/lib/python3.12/site-packages/airflow/example_dags/subdags/subdag.py
[2026-05-09T06:04:07.836+0000] {processor.py:842} WARNING - No viable dags retrieved from /home/airflow/.local/lib/python3.12/site-packages/airflow/example_dags/subdags/subdag.py
[2026-05-09T06:04:07.847+0000] {processor.py:183} INFO - Processing /home/airflow/.local/lib/python3.12/site-packages/airflow/example_dags/subdags/subdag.py took 0.022 seconds
[2026-05-09T06:04:39.192+0000] {processor.py:161} INFO - Started process (PID=7977) to work on /home/airflow/.local/lib/python3.12/site-packages/airflow/example_dags/subdags/subdag.py
[2026-05-09T06:04:39.193+0000] {processor.py:830} INFO - Processing file /home/airflow/.local/lib/python3.12/site-packages/airflow/example_dags/subdags/subdag.py for tasks to queue
[2026-05-09T06:04:39.197+0000] {logging_mixin.py:188} INFO - [2026-05-09T06:04:39.197+0000] {dagbag.py:545} INFO - Filling up the DagBag from /home/airflow/.local/lib/python3.12/site-packages/airflow/example_dags/subdags/subdag.py
[2026-05-09T06:04:39.201+0000] {processor.py:842} WARNING - No viable dags retrieved from /home/airflow/.local/lib/python3.12/site-packages/airflow/example_dags/subdags/subdag.py
[2026-05-09T06:04:39.228+0000] {processor.py:183} INFO - Processing /home/airflow/.local/lib/python3.12/site-packages/airflow/example_dags/subdags/subdag.py took 0.044 seconds
[2026-05-09T06:05:09.971+0000] {processor.py:161} INFO - Started process (PID=8037) to work on /home/airflow/.local/lib/python3.12/site-packages/airflow/example_dags/subdags/subdag.py
[2026-05-09T06:05:09.973+0000] {processor.py:830} INFO - Processing file /home/airflow/.local/lib/python3.12/site-packages/airflow/example_dags/subdags/subdag.py for tasks to queue
[2026-05-09T06:05:09.976+0000] {logging_mixin.py:188} INFO - [2026-05-09T06:05:09.975+0000] {dagbag.py:545} INFO - Filling up the DagBag from /home/airflow/.local/lib/python3.12/site-packages/airflow/example_dags/subdags/subdag.py
[2026-05-09T06:05:09.979+0000] {processor.py:842} WARNING - No viable dags retrieved from /home/airflow/.local/lib/python3.12/site-packages/airflow/example_dags/subdags/subdag.py
[2026-05-09T06:05:09.999+0000] {processor.py:183} INFO - Processing /home/airflow/.local/lib/python3.12/site-packages/airflow/example_dags/subdags/subdag.py took 0.036 seconds
[2026-05-09T06:05:40.615+0000] {processor.py:161} INFO - Started process (PID=8097) to work on /home/airflow/.local/lib/python3.12/site-packages/airflow/example_dags/subdags/subdag.py
[2026-05-09T06:05:40.616+0000] {processor.py:830} INFO - Processing file /home/airflow/.local/lib/python3.12/site-packages/airflow/example_dags/subdags/subdag.py for tasks to queue
[2026-05-09T06:05:40.618+0000] {logging_mixin.py:188} INFO - [2026-05-09T06:05:40.618+0000] {dagbag.py:545} INFO - Filling up the DagBag from /home/airflow/.local/lib/python3.12/site-packages/airflow/example_dags/subdags/subdag.py
[2026-05-09T06:05:40.620+0000] {processor.py:842} WARNING - No viable dags retrieved from /home/airflow/.local/lib/python3.12/site-packages/airflow/example_dags/subdags/subdag.py
[2026-05-09T06:05:40.632+0000] {processor.py:183} INFO - Processing /home/airflow/.local/lib/python3.12/site-packages/airflow/example_dags/subdags/subdag.py took 0.023 seconds
[2026-05-09T06:06:11.142+0000] {processor.py:161} INFO - Started process (PID=8157) to work on /home/airflow/.local/lib/python3.12/site-packages/airflow/example_dags/subdags/subdag.py
[2026-05-09T06:06:11.144+0000] {processor.py:830} INFO - Processing file /home/airflow/.local/lib/python3.12/site-packages/airflow/example_dags/subdags/subdag.py for tasks to queue
[2026-05-09T06:06:11.145+0000] {logging_mixin.py:188} INFO - [2026-05-09T06:06:11.145+0000] {dagbag.py:545} INFO - Filling up the DagBag from /home/airflow/.local/lib/python3.12/site-packages/airflow/example_dags/subdags/subdag.py
[2026-05-09T06:06:11.147+0000] {processor.py:842} WARNING - No viable dags retrieved from /home/airflow/.local/lib/python3.12/site-packages/airflow/example_dags/subdags/subdag.py
[2026-05-09T06:06:11.157+0000] {processor.py:183} INFO - Processing /home/airflow/.local/lib/python3.12/site-packages/airflow/example_dags/subdags/subdag.py took 0.019 seconds
[2026-05-09T06:06:41.771+0000] {processor.py:161} INFO - Started process (PID=8216) to work on /home/airflow/.local/lib/python3.12/site-packages/airflow/example_dags/subdags/subdag.py
[2026-05-09T06:06:41.773+0000] {processor.py:830} INFO - Processing file /home/airflow/.local/lib/python3.12/site-packages/airflow/example_dags/subdags/subdag.py for tasks to queue
[2026-05-09T06:06:41.775+0000] {logging_mixin.py:188} INFO - [2026-05-09T06:06:41.775+0000] {dagbag.py:545} INFO - Filling up the DagBag from /home/airflow/.local/lib/python3.12/site-packages/airflow/example_dags/subdags/subdag.py
[2026-05-09T06:06:41.777+0000] {processor.py:842} WARNING - No viable dags retrieved from /home/airflow/.local/lib/python3.12/site-packages/airflow/example_dags/subdags/subdag.py
[2026-05-09T06:06:41.787+0000] {processor.py:183} INFO - Processing /home/airflow/.local/lib/python3.12/site-packages/airflow/example_dags/subdags/subdag.py took 0.021 seconds
[2026-05-09T06:07:12.517+0000] {processor.py:161} INFO - Started process (PID=8276) to work on /home/airflow/.local/lib/python3.12/site-packages/airflow/example_dags/subdags/subdag.py
[2026-05-09T06:07:12.519+0000] {processor.py:830} INFO - Processing file /home/airflow/.local/lib/python3.12/site-packages/airflow/example_dags/subdags/subdag.py for tasks to queue
[2026-05-09T06:07:12.520+0000] {logging_mixin.py:188} INFO - [2026-05-09T06:07:12.520+0000] {dagbag.py:545} INFO - Filling up the DagBag from /home/airflow/.local/lib/python3.12/site-packages/airflow/example_dags/subdags/subdag.py
[2026-05-09T06:07:12.522+0000] {processor.py:842} WARNING - No viable dags retrieved from /home/airflow/.local/lib/python3.12/site-packages/airflow/example_dags/subdags/subdag.py
[2026-05-09T06:07:12.533+0000] {processor.py:183} INFO - Processing /home/airflow/.local/lib/python3.12/site-packages/airflow/example_dags/subdags/subdag.py took 0.020 seconds
[2026-05-09T06:07:43.306+0000] {processor.py:161} INFO - Started process (PID=8336) to work on /home/airflow/.local/lib/python3.12/site-packages/airflow/example_dags/subdags/subdag.py
[2026-05-09T06:07:43.307+0000] {processor.py:830} INFO - Processing file /home/airflow/.local/lib/python3.12/site-packages/airflow/example_dags/subdags/subdag.py for tasks to queue
[2026-05-09T06:07:43.309+0000] {logging_mixin.py:188} INFO - [2026-05-09T06:07:43.309+0000] {dagbag.py:545} INFO - Filling up the DagBag from /home/airflow/.local/lib/python3.12/site-packages/airflow/example_dags/subdags/subdag.py
[2026-05-09T06:07:43.312+0000] {processor.py:842} WARNING - No viable dags retrieved from /home/airflow/.local/lib/python3.12/site-packages/airflow/example_dags/subdags/subdag.py
[2026-05-09T06:07:43.329+0000] {processor.py:183} INFO - Processing /home/airflow/.local/lib/python3.12/site-packages/airflow/example_dags/subdags/subdag.py took 0.032 seconds
[2026-05-09T06:08:14.219+0000] {processor.py:161} INFO - Started process (PID=8396) to work on /home/airflow/.local/lib/python3.12/site-packages/airflow/example_dags/subdags/subdag.py
[2026-05-09T06:08:14.223+0000] {processor.py:830} INFO - Processing file /home/airflow/.local/lib/python3.12/site-packages/airflow/example_dags/subdags/subdag.py for tasks to queue
[2026-05-09T06:08:14.226+0000] {logging_mixin.py:188} INFO - [2026-05-09T06:08:14.225+0000] {dagbag.py:545} INFO - Filling up the DagBag from /home/airflow/.local/lib/python3.12/site-packages/airflow/example_dags/subdags/subdag.py
[2026-05-09T06:08:14.229+0000] {processor.py:842} WARNING - No viable dags retrieved from /home/airflow/.local/lib/python3.12/site-packages/airflow/example_dags/subdags/subdag.py
[2026-05-09T06:08:14.252+0000] {processor.py:183} INFO - Processing /home/airflow/.local/lib/python3.12/site-packages/airflow/example_dags/subdags/subdag.py took 0.040 seconds
[2026-05-09T06:08:44.397+0000] {processor.py:161} INFO - Started process (PID=8456) to work on /home/airflow/.local/lib/python3.12/site-packages/airflow/example_dags/subdags/subdag.py
[2026-05-09T06:08:44.399+0000] {processor.py:830} INFO - Processing file /home/airflow/.local/lib/python3.12/site-packages/airflow/example_dags/subdags/subdag.py for tasks to queue
[2026-05-09T06:08:44.402+0000] {logging_mixin.py:188} INFO - [2026-05-09T06:08:44.402+0000] {dagbag.py:545} INFO - Filling up the DagBag from /home/airflow/.local/lib/python3.12/site-packages/airflow/example_dags/subdags/subdag.py
[2026-05-09T06:08:44.406+0000] {processor.py:842} WARNING - No viable dags retrieved from /home/airflow/.local/lib/python3.12/site-packages/airflow/example_dags/subdags/subdag.py
[2026-05-09T06:08:44.427+0000] {processor.py:183} INFO - Processing /home/airflow/.local/lib/python3.12/site-packages/airflow/example_dags/subdags/subdag.py took 0.039 seconds
[2026-05-09T06:09:15.424+0000] {processor.py:161} INFO - Started process (PID=8515) to work on /home/airflow/.local/lib/python3.12/site-packages/airflow/example_dags/subdags/subdag.py
[2026-05-09T06:09:15.425+0000] {processor.py:830} INFO - Processing file /home/airflow/.local/lib/python3.12/site-packages/airflow/example_dags/subdags/subdag.py for tasks to queue
[2026-05-09T06:09:15.427+0000] {logging_mixin.py:188} INFO - [2026-05-09T06:09:15.427+0000] {dagbag.py:545} INFO - Filling up the DagBag from /home/airflow/.local/lib/python3.12/site-packages/airflow/example_dags/subdags/subdag.py
[2026-05-09T06:09:15.429+0000] {processor.py:842} WARNING - No viable dags retrieved from /home/airflow/.local/lib/python3.12/site-packages/airflow/example_dags/subdags/subdag.py
[2026-05-09T06:09:15.440+0000] {processor.py:183} INFO - Processing /home/airflow/.local/lib/python3.12/site-packages/airflow/example_dags/subdags/subdag.py took 0.021 seconds
[2026-05-09T06:09:46.247+0000] {processor.py:161} INFO - Started process (PID=8575) to work on /home/airflow/.local/lib/python3.12/site-packages/airflow/example_dags/subdags/subdag.py
[2026-05-09T06:09:46.249+0000] {processor.py:830} INFO - Processing file /home/airflow/.local/lib/python3.12/site-packages/airflow/example_dags/subdags/subdag.py for tasks to queue
[2026-05-09T06:09:46.251+0000] {logging_mixin.py:188} INFO - [2026-05-09T06:09:46.250+0000] {dagbag.py:545} INFO - Filling up the DagBag from /home/airflow/.local/lib/python3.12/site-packages/airflow/example_dags/subdags/subdag.py
[2026-05-09T06:09:46.253+0000] {processor.py:842} WARNING - No viable dags retrieved from /home/airflow/.local/lib/python3.12/site-packages/airflow/example_dags/subdags/subdag.py
[2026-05-09T06:09:46.265+0000] {processor.py:183} INFO - Processing /home/airflow/.local/lib/python3.12/site-packages/airflow/example_dags/subdags/subdag.py took 0.023 seconds
[2026-05-09T06:10:16.936+0000] {processor.py:161} INFO - Started process (PID=8635) to work on /home/airflow/.local/lib/python3.12/site-packages/airflow/example_dags/subdags/subdag.py
[2026-05-09T06:10:16.937+0000] {processor.py:830} INFO - Processing file /home/airflow/.local/lib/python3.12/site-packages/airflow/example_dags/subdags/subdag.py for tasks to queue
[2026-05-09T06:10:16.940+0000] {logging_mixin.py:188} INFO - [2026-05-09T06:10:16.939+0000] {dagbag.py:545} INFO - Filling up the DagBag from /home/airflow/.local/lib/python3.12/site-packages/airflow/example_dags/subdags/subdag.py
[2026-05-09T06:10:16.942+0000] {processor.py:842} WARNING - No viable dags retrieved from /home/airflow/.local/lib/python3.12/site-packages/airflow/example_dags/subdags/subdag.py
[2026-05-09T06:10:16.954+0000] {processor.py:183} INFO - Processing /home/airflow/.local/lib/python3.12/site-packages/airflow/example_dags/subdags/subdag.py took 0.023 seconds
[2026-05-09T06:10:47.922+0000] {processor.py:161} INFO - Started process (PID=8695) to work on /home/airflow/.local/lib/python3.12/site-packages/airflow/example_dags/subdags/subdag.py
[2026-05-09T06:10:47.923+0000] {processor.py:830} INFO - Processing file /home/airflow/.local/lib/python3.12/site-packages/airflow/example_dags/subdags/subdag.py for tasks to queue
[2026-05-09T06:10:47.925+0000] {logging_mixin.py:188} INFO - [2026-05-09T06:10:47.924+0000] {dagbag.py:545} INFO - Filling up the DagBag from /home/airflow/.local/lib/python3.12/site-packages/airflow/example_dags/subdags/subdag.py
[2026-05-09T06:10:47.927+0000] {processor.py:842} WARNING - No viable dags retrieved from /home/airflow/.local/lib/python3.12/site-packages/airflow/example_dags/subdags/subdag.py
[2026-05-09T06:10:47.939+0000] {processor.py:183} INFO - Processing /home/airflow/.local/lib/python3.12/site-packages/airflow/example_dags/subdags/subdag.py took 0.022 seconds
[2026-05-09T06:11:18.448+0000] {processor.py:161} INFO - Started process (PID=8755) to work on /home/airflow/.local/lib/python3.12/site-packages/airflow/example_dags/subdags/subdag.py
[2026-05-09T06:11:18.449+0000] {processor.py:830} INFO - Processing file /home/airflow/.local/lib/python3.12/site-packages/airflow/example_dags/subdags/subdag.py for tasks to queue
[2026-05-09T06:11:18.451+0000] {logging_mixin.py:188} INFO - [2026-05-09T06:11:18.451+0000] {dagbag.py:545} INFO - Filling up the DagBag from /home/airflow/.local/lib/python3.12/site-packages/airflow/example_dags/subdags/subdag.py
[2026-05-09T06:11:18.453+0000] {processor.py:842} WARNING - No viable dags retrieved from /home/airflow/.local/lib/python3.12/site-packages/airflow/example_dags/subdags/subdag.py
[2026-05-09T06:11:18.468+0000] {processor.py:183} INFO - Processing /home/airflow/.local/lib/python3.12/site-packages/airflow/example_dags/subdags/subdag.py took 0.029 seconds
[2026-05-09T06:11:49.184+0000] {processor.py:161} INFO - Started process (PID=8815) to work on /home/airflow/.local/lib/python3.12/site-packages/airflow/example_dags/subdags/subdag.py
[2026-05-09T06:11:49.186+0000] {processor.py:830} INFO - Processing file /home/airflow/.local/lib/python3.12/site-packages/airflow/example_dags/subdags/subdag.py for tasks to queue
[2026-05-09T06:11:49.189+0000] {logging_mixin.py:188} INFO - [2026-05-09T06:11:49.189+0000] {dagbag.py:545} INFO - Filling up the DagBag from /home/airflow/.local/lib/python3.12/site-packages/airflow/example_dags/subdags/subdag.py
[2026-05-09T06:11:49.192+0000] {processor.py:842} WARNING - No viable dags retrieved from /home/airflow/.local/lib/python3.12/site-packages/airflow/example_dags/subdags/subdag.py
[2026-05-09T06:11:49.213+0000] {processor.py:183} INFO - Processing /home/airflow/.local/lib/python3.12/site-packages/airflow/example_dags/subdags/subdag.py took 0.037 seconds
[2026-05-09T06:12:19.527+0000] {processor.py:161} INFO - Started process (PID=8876) to work on /home/airflow/.local/lib/python3.12/site-packages/airflow/example_dags/subdags/subdag.py
[2026-05-09T06:12:19.528+0000] {processor.py:830} INFO - Processing file /home/airflow/.local/lib/python3.12/site-packages/airflow/example_dags/subdags/subdag.py for tasks to queue
[2026-05-09T06:12:19.531+0000] {logging_mixin.py:188} INFO - [2026-05-09T06:12:19.531+0000] {dagbag.py:545} INFO - Filling up the DagBag from /home/airflow/.local/lib/python3.12/site-packages/airflow/example_dags/subdags/subdag.py
[2026-05-09T06:12:19.534+0000] {processor.py:842} WARNING - No viable dags retrieved from /home/airflow/.local/lib/python3.12/site-packages/airflow/example_dags/subdags/subdag.py
[2026-05-09T06:12:19.553+0000] {processor.py:183} INFO - Processing /home/airflow/.local/lib/python3.12/site-packages/airflow/example_dags/subdags/subdag.py took 0.035 seconds
[2026-05-09T06:12:50.217+0000] {processor.py:161} INFO - Started process (PID=8936) to work on /home/airflow/.local/lib/python3.12/site-packages/airflow/example_dags/subdags/subdag.py
[2026-05-09T06:12:50.219+0000] {processor.py:830} INFO - Processing file /home/airflow/.local/lib/python3.12/site-packages/airflow/example_dags/subdags/subdag.py for tasks to queue
[2026-05-09T06:12:50.222+0000] {logging_mixin.py:188} INFO - [2026-05-09T06:12:50.221+0000] {dagbag.py:545} INFO - Filling up the DagBag from /home/airflow/.local/lib/python3.12/site-packages/airflow/example_dags/subdags/subdag.py
[2026-05-09T06:12:50.225+0000] {processor.py:842} WARNING - No viable dags retrieved from /home/airflow/.local/lib/python3.12/site-packages/airflow/example_dags/subdags/subdag.py
[2026-05-09T06:12:50.245+0000] {processor.py:183} INFO - Processing /home/airflow/.local/lib/python3.12/site-packages/airflow/example_dags/subdags/subdag.py took 0.037 seconds
[2026-05-09T06:13:20.503+0000] {processor.py:161} INFO - Started process (PID=8996) to work on /home/airflow/.local/lib/python3.12/site-packages/airflow/example_dags/subdags/subdag.py
[2026-05-09T06:13:20.505+0000] {processor.py:830} INFO - Processing file /home/airflow/.local/lib/python3.12/site-packages/airflow/example_dags/subdags/subdag.py for tasks to queue
[2026-05-09T06:13:20.508+0000] {logging_mixin.py:188} INFO - [2026-05-09T06:13:20.508+0000] {dagbag.py:545} INFO - Filling up the DagBag from /home/airflow/.local/lib/python3.12/site-packages/airflow/example_dags/subdags/subdag.py
[2026-05-09T06:13:20.512+0000] {processor.py:842} WARNING - No viable dags retrieved from /home/airflow/.local/lib/python3.12/site-packages/airflow/example_dags/subdags/subdag.py
[2026-05-09T06:13:20.534+0000] {processor.py:183} INFO - Processing /home/airflow/.local/lib/python3.12/site-packages/airflow/example_dags/subdags/subdag.py took 0.042 seconds
[2026-05-09T06:13:51.167+0000] {processor.py:161} INFO - Started process (PID=9056) to work on /home/airflow/.local/lib/python3.12/site-packages/airflow/example_dags/subdags/subdag.py
[2026-05-09T06:13:51.169+0000] {processor.py:830} INFO - Processing file /home/airflow/.local/lib/python3.12/site-packages/airflow/example_dags/subdags/subdag.py for tasks to queue
[2026-05-09T06:13:51.172+0000] {logging_mixin.py:188} INFO - [2026-05-09T06:13:51.172+0000] {dagbag.py:545} INFO - Filling up the DagBag from /home/airflow/.local/lib/python3.12/site-packages/airflow/example_dags/subdags/subdag.py
[2026-05-09T06:13:51.176+0000] {processor.py:842} WARNING - No viable dags retrieved from /home/airflow/.local/lib/python3.12/site-packages/airflow/example_dags/subdags/subdag.py
[2026-05-09T06:13:51.197+0000] {processor.py:183} INFO - Processing /home/airflow/.local/lib/python3.12/site-packages/airflow/example_dags/subdags/subdag.py took 0.040 seconds
[2026-05-09T06:14:21.544+0000] {processor.py:161} INFO - Started process (PID=9116) to work on /home/airflow/.local/lib/python3.12/site-packages/airflow/example_dags/subdags/subdag.py
[2026-05-09T06:14:21.545+0000] {processor.py:830} INFO - Processing file /home/airflow/.local/lib/python3.12/site-packages/airflow/example_dags/subdags/subdag.py for tasks to queue
[2026-05-09T06:14:21.548+0000] {logging_mixin.py:188} INFO - [2026-05-09T06:14:21.547+0000] {dagbag.py:545} INFO - Filling up the DagBag from /home/airflow/.local/lib/python3.12/site-packages/airflow/example_dags/subdags/subdag.py
[2026-05-09T06:14:21.551+0000] {processor.py:842} WARNING - No viable dags retrieved from /home/airflow/.local/lib/python3.12/site-packages/airflow/example_dags/subdags/subdag.py
[2026-05-09T06:14:21.570+0000] {processor.py:183} INFO - Processing /home/airflow/.local/lib/python3.12/site-packages/airflow/example_dags/subdags/subdag.py took 0.033 seconds
[2026-05-09T06:14:52.376+0000] {processor.py:161} INFO - Started process (PID=9176) to work on /home/airflow/.local/lib/python3.12/site-packages/airflow/example_dags/subdags/subdag.py
[2026-05-09T06:14:52.377+0000] {processor.py:830} INFO - Processing file /home/airflow/.local/lib/python3.12/site-packages/airflow/example_dags/subdags/subdag.py for tasks to queue
[2026-05-09T06:14:52.380+0000] {logging_mixin.py:188} INFO - [2026-05-09T06:14:52.379+0000] {dagbag.py:545} INFO - Filling up the DagBag from /home/airflow/.local/lib/python3.12/site-packages/airflow/example_dags/subdags/subdag.py
[2026-05-09T06:14:52.382+0000] {processor.py:842} WARNING - No viable dags retrieved from /home/airflow/.local/lib/python3.12/site-packages/airflow/example_dags/subdags/subdag.py
[2026-05-09T06:14:52.395+0000] {processor.py:183} INFO - Processing /home/airflow/.local/lib/python3.12/site-packages/airflow/example_dags/subdags/subdag.py took 0.024 seconds
[2026-05-09T06:15:23.063+0000] {processor.py:161} INFO - Started process (PID=9236) to work on /home/airflow/.local/lib/python3.12/site-packages/airflow/example_dags/subdags/subdag.py
[2026-05-09T06:15:23.064+0000] {processor.py:830} INFO - Processing file /home/airflow/.local/lib/python3.12/site-packages/airflow/example_dags/subdags/subdag.py for tasks to queue
[2026-05-09T06:15:23.066+0000] {logging_mixin.py:188} INFO - [2026-05-09T06:15:23.066+0000] {dagbag.py:545} INFO - Filling up the DagBag from /home/airflow/.local/lib/python3.12/site-packages/airflow/example_dags/subdags/subdag.py
[2026-05-09T06:15:23.068+0000] {processor.py:842} WARNING - No viable dags retrieved from /home/airflow/.local/lib/python3.12/site-packages/airflow/example_dags/subdags/subdag.py
[2026-05-09T06:15:23.080+0000] {processor.py:183} INFO - Processing /home/airflow/.local/lib/python3.12/site-packages/airflow/example_dags/subdags/subdag.py took 0.022 seconds
[2026-05-09T06:15:53.869+0000] {processor.py:161} INFO - Started process (PID=9296) to work on /home/airflow/.local/lib/python3.12/site-packages/airflow/example_dags/subdags/subdag.py
[2026-05-09T06:15:53.870+0000] {processor.py:830} INFO - Processing file /home/airflow/.local/lib/python3.12/site-packages/airflow/example_dags/subdags/subdag.py for tasks to queue
[2026-05-09T06:15:53.872+0000] {logging_mixin.py:188} INFO - [2026-05-09T06:15:53.872+0000] {dagbag.py:545} INFO - Filling up the DagBag from /home/airflow/.local/lib/python3.12/site-packages/airflow/example_dags/subdags/subdag.py
[2026-05-09T06:15:53.875+0000] {processor.py:842} WARNING - No viable dags retrieved from /home/airflow/.local/lib/python3.12/site-packages/airflow/example_dags/subdags/subdag.py
[2026-05-09T06:15:53.888+0000] {processor.py:183} INFO - Processing /home/airflow/.local/lib/python3.12/site-packages/airflow/example_dags/subdags/subdag.py took 0.024 seconds
[2026-05-09T06:16:24.652+0000] {processor.py:161} INFO - Started process (PID=9357) to work on /home/airflow/.local/lib/python3.12/site-packages/airflow/example_dags/subdags/subdag.py
[2026-05-09T06:16:24.653+0000] {processor.py:830} INFO - Processing file /home/airflow/.local/lib/python3.12/site-packages/airflow/example_dags/subdags/subdag.py for tasks to queue
[2026-05-09T06:16:24.655+0000] {logging_mixin.py:188} INFO - [2026-05-09T06:16:24.655+0000] {dagbag.py:545} INFO - Filling up the DagBag from /home/airflow/.local/lib/python3.12/site-packages/airflow/example_dags/subdags/subdag.py
[2026-05-09T06:16:24.657+0000] {processor.py:842} WARNING - No viable dags retrieved from /home/airflow/.local/lib/python3.12/site-packages/airflow/example_dags/subdags/subdag.py
[2026-05-09T06:16:24.667+0000] {processor.py:183} INFO - Processing /home/airflow/.local/lib/python3.12/site-packages/airflow/example_dags/subdags/subdag.py took 0.020 seconds
[2026-05-09T06:16:55.347+0000] {processor.py:161} INFO - Started process (PID=9417) to work on /home/airflow/.local/lib/python3.12/site-packages/airflow/example_dags/subdags/subdag.py
[2026-05-09T06:16:55.349+0000] {processor.py:830} INFO - Processing file /home/airflow/.local/lib/python3.12/site-packages/airflow/example_dags/subdags/subdag.py for tasks to queue
[2026-05-09T06:16:55.353+0000] {logging_mixin.py:188} INFO - [2026-05-09T06:16:55.352+0000] {dagbag.py:545} INFO - Filling up the DagBag from /home/airflow/.local/lib/python3.12/site-packages/airflow/example_dags/subdags/subdag.py
[2026-05-09T06:16:55.356+0000] {processor.py:842} WARNING - No viable dags retrieved from /home/airflow/.local/lib/python3.12/site-packages/airflow/example_dags/subdags/subdag.py
[2026-05-09T06:16:55.366+0000] {processor.py:183} INFO - Processing /home/airflow/.local/lib/python3.12/site-packages/airflow/example_dags/subdags/subdag.py took 0.024 seconds
[2026-05-09T06:17:25.832+0000] {processor.py:161} INFO - Started process (PID=9477) to work on /home/airflow/.local/lib/python3.12/site-packages/airflow/example_dags/subdags/subdag.py
[2026-05-09T06:17:25.833+0000] {processor.py:830} INFO - Processing file /home/airflow/.local/lib/python3.12/site-packages/airflow/example_dags/subdags/subdag.py for tasks to queue
[2026-05-09T06:17:25.835+0000] {logging_mixin.py:188} INFO - [2026-05-09T06:17:25.835+0000] {dagbag.py:545} INFO - Filling up the DagBag from /home/airflow/.local/lib/python3.12/site-packages/airflow/example_dags/subdags/subdag.py
[2026-05-09T06:17:25.837+0000] {processor.py:842} WARNING - No viable dags retrieved from /home/airflow/.local/lib/python3.12/site-packages/airflow/example_dags/subdags/subdag.py
[2026-05-09T06:17:25.850+0000] {processor.py:183} INFO - Processing /home/airflow/.local/lib/python3.12/site-packages/airflow/example_dags/subdags/subdag.py took 0.025 seconds
[2026-05-09T06:17:56.708+0000] {processor.py:161} INFO - Started process (PID=9537) to work on /home/airflow/.local/lib/python3.12/site-packages/airflow/example_dags/subdags/subdag.py
[2026-05-09T06:17:56.710+0000] {processor.py:830} INFO - Processing file /home/airflow/.local/lib/python3.12/site-packages/airflow/example_dags/subdags/subdag.py for tasks to queue
[2026-05-09T06:17:56.712+0000] {logging_mixin.py:188} INFO - [2026-05-09T06:17:56.711+0000] {dagbag.py:545} INFO - Filling up the DagBag from /home/airflow/.local/lib/python3.12/site-packages/airflow/example_dags/subdags/subdag.py
[2026-05-09T06:17:56.716+0000] {processor.py:842} WARNING - No viable dags retrieved from /home/airflow/.local/lib/python3.12/site-packages/airflow/example_dags/subdags/subdag.py
[2026-05-09T06:17:56.732+0000] {processor.py:183} INFO - Processing /home/airflow/.local/lib/python3.12/site-packages/airflow/example_dags/subdags/subdag.py took 0.029 seconds
[2026-05-09T06:18:26.874+0000] {processor.py:161} INFO - Started process (PID=9598) to work on /home/airflow/.local/lib/python3.12/site-packages/airflow/example_dags/subdags/subdag.py
[2026-05-09T06:18:26.875+0000] {processor.py:830} INFO - Processing file /home/airflow/.local/lib/python3.12/site-packages/airflow/example_dags/subdags/subdag.py for tasks to queue
[2026-05-09T06:18:26.877+0000] {logging_mixin.py:188} INFO - [2026-05-09T06:18:26.877+0000] {dagbag.py:545} INFO - Filling up the DagBag from /home/airflow/.local/lib/python3.12/site-packages/airflow/example_dags/subdags/subdag.py
[2026-05-09T06:18:26.879+0000] {processor.py:842} WARNING - No viable dags retrieved from /home/airflow/.local/lib/python3.12/site-packages/airflow/example_dags/subdags/subdag.py
[2026-05-09T06:18:26.890+0000] {processor.py:183} INFO - Processing /home/airflow/.local/lib/python3.12/site-packages/airflow/example_dags/subdags/subdag.py took 0.022 seconds
[2026-05-09T06:18:57.472+0000] {processor.py:161} INFO - Started process (PID=9663) to work on /home/airflow/.local/lib/python3.12/site-packages/airflow/example_dags/subdags/subdag.py
[2026-05-09T06:18:57.473+0000] {processor.py:830} INFO - Processing file /home/airflow/.local/lib/python3.12/site-packages/airflow/example_dags/subdags/subdag.py for tasks to queue
[2026-05-09T06:18:57.476+0000] {logging_mixin.py:188} INFO - [2026-05-09T06:18:57.476+0000] {dagbag.py:545} INFO - Filling up the DagBag from /home/airflow/.local/lib/python3.12/site-packages/airflow/example_dags/subdags/subdag.py
[2026-05-09T06:18:57.479+0000] {processor.py:842} WARNING - No viable dags retrieved from /home/airflow/.local/lib/python3.12/site-packages/airflow/example_dags/subdags/subdag.py
[2026-05-09T06:18:57.493+0000] {processor.py:183} INFO - Processing /home/airflow/.local/lib/python3.12/site-packages/airflow/example_dags/subdags/subdag.py took 0.027 seconds
[2026-05-09T06:19:27.916+0000] {processor.py:161} INFO - Started process (PID=9723) to work on /home/airflow/.local/lib/python3.12/site-packages/airflow/example_dags/subdags/subdag.py
[2026-05-09T06:19:27.918+0000] {processor.py:830} INFO - Processing file /home/airflow/.local/lib/python3.12/site-packages/airflow/example_dags/subdags/subdag.py for tasks to queue
[2026-05-09T06:19:27.920+0000] {logging_mixin.py:188} INFO - [2026-05-09T06:19:27.919+0000] {dagbag.py:545} INFO - Filling up the DagBag from /home/airflow/.local/lib/python3.12/site-packages/airflow/example_dags/subdags/subdag.py
[2026-05-09T06:19:27.921+0000] {processor.py:842} WARNING - No viable dags retrieved from /home/airflow/.local/lib/python3.12/site-packages/airflow/example_dags/subdags/subdag.py
[2026-05-09T06:19:27.933+0000] {processor.py:183} INFO - Processing /home/airflow/.local/lib/python3.12/site-packages/airflow/example_dags/subdags/subdag.py took 0.021 seconds
[2026-05-09T06:19:58.574+0000] {processor.py:161} INFO - Started process (PID=9783) to work on /home/airflow/.local/lib/python3.12/site-packages/airflow/example_dags/subdags/subdag.py
[2026-05-09T06:19:58.575+0000] {processor.py:830} INFO - Processing file /home/airflow/.local/lib/python3.12/site-packages/airflow/example_dags/subdags/subdag.py for tasks to queue
[2026-05-09T06:19:58.578+0000] {logging_mixin.py:188} INFO - [2026-05-09T06:19:58.577+0000] {dagbag.py:545} INFO - Filling up the DagBag from /home/airflow/.local/lib/python3.12/site-packages/airflow/example_dags/subdags/subdag.py
[2026-05-09T06:19:58.580+0000] {processor.py:842} WARNING - No viable dags retrieved from /home/airflow/.local/lib/python3.12/site-packages/airflow/example_dags/subdags/subdag.py
[2026-05-09T06:19:58.592+0000] {processor.py:183} INFO - Processing /home/airflow/.local/lib/python3.12/site-packages/airflow/example_dags/subdags/subdag.py took 0.022 seconds
[2026-05-09T06:20:29.348+0000] {processor.py:161} INFO - Started process (PID=9843) to work on /home/airflow/.local/lib/python3.12/site-packages/airflow/example_dags/subdags/subdag.py
[2026-05-09T06:20:29.349+0000] {processor.py:830} INFO - Processing file /home/airflow/.local/lib/python3.12/site-packages/airflow/example_dags/subdags/subdag.py for tasks to queue
[2026-05-09T06:20:29.351+0000] {logging_mixin.py:188} INFO - [2026-05-09T06:20:29.351+0000] {dagbag.py:545} INFO - Filling up the DagBag from /home/airflow/.local/lib/python3.12/site-packages/airflow/example_dags/subdags/subdag.py
[2026-05-09T06:20:29.354+0000] {processor.py:842} WARNING - No viable dags retrieved from /home/airflow/.local/lib/python3.12/site-packages/airflow/example_dags/subdags/subdag.py
[2026-05-09T06:20:29.366+0000] {processor.py:183} INFO - Processing /home/airflow/.local/lib/python3.12/site-packages/airflow/example_dags/subdags/subdag.py took 0.023 seconds
[2026-05-09T06:20:59.717+0000] {processor.py:161} INFO - Started process (PID=9903) to work on /home/airflow/.local/lib/python3.12/site-packages/airflow/example_dags/subdags/subdag.py
[2026-05-09T06:20:59.718+0000] {processor.py:830} INFO - Processing file /home/airflow/.local/lib/python3.12/site-packages/airflow/example_dags/subdags/subdag.py for tasks to queue
[2026-05-09T06:20:59.720+0000] {logging_mixin.py:188} INFO - [2026-05-09T06:20:59.720+0000] {dagbag.py:545} INFO - Filling up the DagBag from /home/airflow/.local/lib/python3.12/site-packages/airflow/example_dags/subdags/subdag.py
[2026-05-09T06:20:59.722+0000] {processor.py:842} WARNING - No viable dags retrieved from /home/airflow/.local/lib/python3.12/site-packages/airflow/example_dags/subdags/subdag.py
[2026-05-09T06:20:59.732+0000] {processor.py:183} INFO - Processing /home/airflow/.local/lib/python3.12/site-packages/airflow/example_dags/subdags/subdag.py took 0.021 seconds
[2026-05-09T06:21:30.274+0000] {processor.py:161} INFO - Started process (PID=9963) to work on /home/airflow/.local/lib/python3.12/site-packages/airflow/example_dags/subdags/subdag.py
[2026-05-09T06:21:30.277+0000] {processor.py:830} INFO - Processing file /home/airflow/.local/lib/python3.12/site-packages/airflow/example_dags/subdags/subdag.py for tasks to queue
[2026-05-09T06:21:30.279+0000] {logging_mixin.py:188} INFO - [2026-05-09T06:21:30.279+0000] {dagbag.py:545} INFO - Filling up the DagBag from /home/airflow/.local/lib/python3.12/site-packages/airflow/example_dags/subdags/subdag.py
[2026-05-09T06:21:30.281+0000] {processor.py:842} WARNING - No viable dags retrieved from /home/airflow/.local/lib/python3.12/site-packages/airflow/example_dags/subdags/subdag.py
[2026-05-09T06:21:30.295+0000] {processor.py:183} INFO - Processing /home/airflow/.local/lib/python3.12/site-packages/airflow/example_dags/subdags/subdag.py took 0.025 seconds
[2026-05-09T06:22:00.561+0000] {processor.py:161} INFO - Started process (PID=10023) to work on /home/airflow/.local/lib/python3.12/site-packages/airflow/example_dags/subdags/subdag.py
[2026-05-09T06:22:00.563+0000] {processor.py:830} INFO - Processing file /home/airflow/.local/lib/python3.12/site-packages/airflow/example_dags/subdags/subdag.py for tasks to queue
[2026-05-09T06:22:00.564+0000] {logging_mixin.py:188} INFO - [2026-05-09T06:22:00.564+0000] {dagbag.py:545} INFO - Filling up the DagBag from /home/airflow/.local/lib/python3.12/site-packages/airflow/example_dags/subdags/subdag.py
[2026-05-09T06:22:00.566+0000] {processor.py:842} WARNING - No viable dags retrieved from /home/airflow/.local/lib/python3.12/site-packages/airflow/example_dags/subdags/subdag.py
[2026-05-09T06:22:00.580+0000] {processor.py:183} INFO - Processing /home/airflow/.local/lib/python3.12/site-packages/airflow/example_dags/subdags/subdag.py took 0.023 seconds
[2026-05-09T06:22:30.786+0000] {processor.py:161} INFO - Started process (PID=10083) to work on /home/airflow/.local/lib/python3.12/site-packages/airflow/example_dags/subdags/subdag.py
[2026-05-09T06:22:30.788+0000] {processor.py:830} INFO - Processing file /home/airflow/.local/lib/python3.12/site-packages/airflow/example_dags/subdags/subdag.py for tasks to queue
[2026-05-09T06:22:30.791+0000] {logging_mixin.py:188} INFO - [2026-05-09T06:22:30.790+0000] {dagbag.py:545} INFO - Filling up the DagBag from /home/airflow/.local/lib/python3.12/site-packages/airflow/example_dags/subdags/subdag.py
[2026-05-09T06:22:30.793+0000] {processor.py:842} WARNING - No viable dags retrieved from /home/airflow/.local/lib/python3.12/site-packages/airflow/example_dags/subdags/subdag.py
[2026-05-09T06:22:30.803+0000] {processor.py:183} INFO - Processing /home/airflow/.local/lib/python3.12/site-packages/airflow/example_dags/subdags/subdag.py took 0.021 seconds
[2026-05-09T06:23:01.608+0000] {processor.py:161} INFO - Started process (PID=10143) to work on /home/airflow/.local/lib/python3.12/site-packages/airflow/example_dags/subdags/subdag.py
[2026-05-09T06:23:01.611+0000] {processor.py:830} INFO - Processing file /home/airflow/.local/lib/python3.12/site-packages/airflow/example_dags/subdags/subdag.py for tasks to queue
[2026-05-09T06:23:01.614+0000] {logging_mixin.py:188} INFO - [2026-05-09T06:23:01.613+0000] {dagbag.py:545} INFO - Filling up the DagBag from /home/airflow/.local/lib/python3.12/site-packages/airflow/example_dags/subdags/subdag.py
[2026-05-09T06:23:01.617+0000] {processor.py:842} WARNING - No viable dags retrieved from /home/airflow/.local/lib/python3.12/site-packages/airflow/example_dags/subdags/subdag.py
[2026-05-09T06:23:01.632+0000] {processor.py:183} INFO - Processing /home/airflow/.local/lib/python3.12/site-packages/airflow/example_dags/subdags/subdag.py took 0.028 seconds
[2026-05-09T06:23:32.538+0000] {processor.py:161} INFO - Started process (PID=10203) to work on /home/airflow/.local/lib/python3.12/site-packages/airflow/example_dags/subdags/subdag.py
[2026-05-09T06:23:32.540+0000] {processor.py:830} INFO - Processing file /home/airflow/.local/lib/python3.12/site-packages/airflow/example_dags/subdags/subdag.py for tasks to queue
[2026-05-09T06:23:32.542+0000] {logging_mixin.py:188} INFO - [2026-05-09T06:23:32.542+0000] {dagbag.py:545} INFO - Filling up the DagBag from /home/airflow/.local/lib/python3.12/site-packages/airflow/example_dags/subdags/subdag.py
[2026-05-09T06:23:32.544+0000] {processor.py:842} WARNING - No viable dags retrieved from /home/airflow/.local/lib/python3.12/site-packages/airflow/example_dags/subdags/subdag.py
[2026-05-09T06:23:32.557+0000] {processor.py:183} INFO - Processing /home/airflow/.local/lib/python3.12/site-packages/airflow/example_dags/subdags/subdag.py took 0.023 seconds
[2026-05-09T06:24:02.982+0000] {processor.py:161} INFO - Started process (PID=10263) to work on /home/airflow/.local/lib/python3.12/site-packages/airflow/example_dags/subdags/subdag.py
[2026-05-09T06:24:02.984+0000] {processor.py:830} INFO - Processing file /home/airflow/.local/lib/python3.12/site-packages/airflow/example_dags/subdags/subdag.py for tasks to queue
[2026-05-09T06:24:02.987+0000] {logging_mixin.py:188} INFO - [2026-05-09T06:24:02.987+0000] {dagbag.py:545} INFO - Filling up the DagBag from /home/airflow/.local/lib/python3.12/site-packages/airflow/example_dags/subdags/subdag.py
[2026-05-09T06:24:02.990+0000] {processor.py:842} WARNING - No viable dags retrieved from /home/airflow/.local/lib/python3.12/site-packages/airflow/example_dags/subdags/subdag.py
[2026-05-09T06:24:03.005+0000] {processor.py:183} INFO - Processing /home/airflow/.local/lib/python3.12/site-packages/airflow/example_dags/subdags/subdag.py took 0.029 seconds
[2026-05-09T06:24:33.689+0000] {processor.py:161} INFO - Started process (PID=10323) to work on /home/airflow/.local/lib/python3.12/site-packages/airflow/example_dags/subdags/subdag.py
[2026-05-09T06:24:33.690+0000] {processor.py:830} INFO - Processing file /home/airflow/.local/lib/python3.12/site-packages/airflow/example_dags/subdags/subdag.py for tasks to queue
[2026-05-09T06:24:33.692+0000] {logging_mixin.py:188} INFO - [2026-05-09T06:24:33.692+0000] {dagbag.py:545} INFO - Filling up the DagBag from /home/airflow/.local/lib/python3.12/site-packages/airflow/example_dags/subdags/subdag.py
[2026-05-09T06:24:33.694+0000] {processor.py:842} WARNING - No viable dags retrieved from /home/airflow/.local/lib/python3.12/site-packages/airflow/example_dags/subdags/subdag.py
[2026-05-09T06:24:33.705+0000] {processor.py:183} INFO - Processing /home/airflow/.local/lib/python3.12/site-packages/airflow/example_dags/subdags/subdag.py took 0.021 seconds
[2026-05-09T06:25:04.179+0000] {processor.py:161} INFO - Started process (PID=10383) to work on /home/airflow/.local/lib/python3.12/site-packages/airflow/example_dags/subdags/subdag.py
[2026-05-09T06:25:04.181+0000] {processor.py:830} INFO - Processing file /home/airflow/.local/lib/python3.12/site-packages/airflow/example_dags/subdags/subdag.py for tasks to queue
[2026-05-09T06:25:04.183+0000] {logging_mixin.py:188} INFO - [2026-05-09T06:25:04.182+0000] {dagbag.py:545} INFO - Filling up the DagBag from /home/airflow/.local/lib/python3.12/site-packages/airflow/example_dags/subdags/subdag.py
[2026-05-09T06:25:04.185+0000] {processor.py:842} WARNING - No viable dags retrieved from /home/airflow/.local/lib/python3.12/site-packages/airflow/example_dags/subdags/subdag.py
[2026-05-09T06:25:04.196+0000] {processor.py:183} INFO - Processing /home/airflow/.local/lib/python3.12/site-packages/airflow/example_dags/subdags/subdag.py took 0.021 seconds
[2026-05-09T06:25:34.487+0000] {processor.py:161} INFO - Started process (PID=10444) to work on /home/airflow/.local/lib/python3.12/site-packages/airflow/example_dags/subdags/subdag.py
[2026-05-09T06:25:34.489+0000] {processor.py:830} INFO - Processing file /home/airflow/.local/lib/python3.12/site-packages/airflow/example_dags/subdags/subdag.py for tasks to queue
[2026-05-09T06:25:34.491+0000] {logging_mixin.py:188} INFO - [2026-05-09T06:25:34.491+0000] {dagbag.py:545} INFO - Filling up the DagBag from /home/airflow/.local/lib/python3.12/site-packages/airflow/example_dags/subdags/subdag.py
[2026-05-09T06:25:34.494+0000] {processor.py:842} WARNING - No viable dags retrieved from /home/airflow/.local/lib/python3.12/site-packages/airflow/example_dags/subdags/subdag.py
[2026-05-09T06:25:34.507+0000] {processor.py:183} INFO - Processing /home/airflow/.local/lib/python3.12/site-packages/airflow/example_dags/subdags/subdag.py took 0.026 seconds
[2026-05-09T06:26:05.110+0000] {processor.py:161} INFO - Started process (PID=10504) to work on /home/airflow/.local/lib/python3.12/site-packages/airflow/example_dags/subdags/subdag.py
[2026-05-09T06:26:05.113+0000] {processor.py:830} INFO - Processing file /home/airflow/.local/lib/python3.12/site-packages/airflow/example_dags/subdags/subdag.py for tasks to queue
[2026-05-09T06:26:05.117+0000] {logging_mixin.py:188} INFO - [2026-05-09T06:26:05.117+0000] {dagbag.py:545} INFO - Filling up the DagBag from /home/airflow/.local/lib/python3.12/site-packages/airflow/example_dags/subdags/subdag.py
[2026-05-09T06:26:05.123+0000] {processor.py:842} WARNING - No viable dags retrieved from /home/airflow/.local/lib/python3.12/site-packages/airflow/example_dags/subdags/subdag.py
[2026-05-09T06:26:05.137+0000] {processor.py:183} INFO - Processing /home/airflow/.local/lib/python3.12/site-packages/airflow/example_dags/subdags/subdag.py took 0.032 seconds
[2026-05-09T06:26:35.731+0000] {processor.py:161} INFO - Started process (PID=10565) to work on /home/airflow/.local/lib/python3.12/site-packages/airflow/example_dags/subdags/subdag.py
[2026-05-09T06:26:35.732+0000] {processor.py:830} INFO - Processing file /home/airflow/.local/lib/python3.12/site-packages/airflow/example_dags/subdags/subdag.py for tasks to queue
[2026-05-09T06:26:35.735+0000] {logging_mixin.py:188} INFO - [2026-05-09T06:26:35.734+0000] {dagbag.py:545} INFO - Filling up the DagBag from /home/airflow/.local/lib/python3.12/site-packages/airflow/example_dags/subdags/subdag.py
[2026-05-09T06:26:35.741+0000] {processor.py:842} WARNING - No viable dags retrieved from /home/airflow/.local/lib/python3.12/site-packages/airflow/example_dags/subdags/subdag.py
[2026-05-09T06:26:35.753+0000] {processor.py:183} INFO - Processing /home/airflow/.local/lib/python3.12/site-packages/airflow/example_dags/subdags/subdag.py took 0.027 seconds
[2026-05-09T06:27:06.227+0000] {processor.py:161} INFO - Started process (PID=10625) to work on /home/airflow/.local/lib/python3.12/site-packages/airflow/example_dags/subdags/subdag.py
[2026-05-09T06:27:06.228+0000] {processor.py:830} INFO - Processing file /home/airflow/.local/lib/python3.12/site-packages/airflow/example_dags/subdags/subdag.py for tasks to queue
[2026-05-09T06:27:06.230+0000] {logging_mixin.py:188} INFO - [2026-05-09T06:27:06.230+0000] {dagbag.py:545} INFO - Filling up the DagBag from /home/airflow/.local/lib/python3.12/site-packages/airflow/example_dags/subdags/subdag.py
[2026-05-09T06:27:06.232+0000] {processor.py:842} WARNING - No viable dags retrieved from /home/airflow/.local/lib/python3.12/site-packages/airflow/example_dags/subdags/subdag.py
[2026-05-09T06:27:06.246+0000] {processor.py:183} INFO - Processing /home/airflow/.local/lib/python3.12/site-packages/airflow/example_dags/subdags/subdag.py took 0.024 seconds
[2026-05-09T06:27:36.587+0000] {processor.py:161} INFO - Started process (PID=10686) to work on /home/airflow/.local/lib/python3.12/site-packages/airflow/example_dags/subdags/subdag.py
[2026-05-09T06:27:36.589+0000] {processor.py:830} INFO - Processing file /home/airflow/.local/lib/python3.12/site-packages/airflow/example_dags/subdags/subdag.py for tasks to queue
[2026-05-09T06:27:36.591+0000] {logging_mixin.py:188} INFO - [2026-05-09T06:27:36.591+0000] {dagbag.py:545} INFO - Filling up the DagBag from /home/airflow/.local/lib/python3.12/site-packages/airflow/example_dags/subdags/subdag.py
[2026-05-09T06:27:36.593+0000] {processor.py:842} WARNING - No viable dags retrieved from /home/airflow/.local/lib/python3.12/site-packages/airflow/example_dags/subdags/subdag.py
[2026-05-09T06:27:36.608+0000] {processor.py:183} INFO - Processing /home/airflow/.local/lib/python3.12/site-packages/airflow/example_dags/subdags/subdag.py took 0.026 seconds
[2026-05-09T06:28:07.204+0000] {processor.py:161} INFO - Started process (PID=10746) to work on /home/airflow/.local/lib/python3.12/site-packages/airflow/example_dags/subdags/subdag.py
[2026-05-09T06:28:07.215+0000] {processor.py:830} INFO - Processing file /home/airflow/.local/lib/python3.12/site-packages/airflow/example_dags/subdags/subdag.py for tasks to queue
[2026-05-09T06:28:07.217+0000] {logging_mixin.py:188} INFO - [2026-05-09T06:28:07.216+0000] {dagbag.py:545} INFO - Filling up the DagBag from /home/airflow/.local/lib/python3.12/site-packages/airflow/example_dags/subdags/subdag.py
[2026-05-09T06:28:07.218+0000] {processor.py:842} WARNING - No viable dags retrieved from /home/airflow/.local/lib/python3.12/site-packages/airflow/example_dags/subdags/subdag.py
[2026-05-09T06:28:07.230+0000] {processor.py:183} INFO - Processing /home/airflow/.local/lib/python3.12/site-packages/airflow/example_dags/subdags/subdag.py took 0.031 seconds
[2026-05-09T06:28:37.464+0000] {processor.py:161} INFO - Started process (PID=10806) to work on /home/airflow/.local/lib/python3.12/site-packages/airflow/example_dags/subdags/subdag.py
[2026-05-09T06:28:37.466+0000] {processor.py:830} INFO - Processing file /home/airflow/.local/lib/python3.12/site-packages/airflow/example_dags/subdags/subdag.py for tasks to queue
[2026-05-09T06:28:37.468+0000] {logging_mixin.py:188} INFO - [2026-05-09T06:28:37.468+0000] {dagbag.py:545} INFO - Filling up the DagBag from /home/airflow/.local/lib/python3.12/site-packages/airflow/example_dags/subdags/subdag.py
[2026-05-09T06:28:37.470+0000] {processor.py:842} WARNING - No viable dags retrieved from /home/airflow/.local/lib/python3.12/site-packages/airflow/example_dags/subdags/subdag.py
[2026-05-09T06:28:37.483+0000] {processor.py:183} INFO - Processing /home/airflow/.local/lib/python3.12/site-packages/airflow/example_dags/subdags/subdag.py took 0.025 seconds
[2026-05-09T06:29:08.148+0000] {processor.py:161} INFO - Started process (PID=10866) to work on /home/airflow/.local/lib/python3.12/site-packages/airflow/example_dags/subdags/subdag.py
[2026-05-09T06:29:08.149+0000] {processor.py:830} INFO - Processing file /home/airflow/.local/lib/python3.12/site-packages/airflow/example_dags/subdags/subdag.py for tasks to queue
[2026-05-09T06:29:08.152+0000] {logging_mixin.py:188} INFO - [2026-05-09T06:29:08.151+0000] {dagbag.py:545} INFO - Filling up the DagBag from /home/airflow/.local/lib/python3.12/site-packages/airflow/example_dags/subdags/subdag.py
[2026-05-09T06:29:08.154+0000] {processor.py:842} WARNING - No viable dags retrieved from /home/airflow/.local/lib/python3.12/site-packages/airflow/example_dags/subdags/subdag.py
[2026-05-09T06:29:08.170+0000] {processor.py:183} INFO - Processing /home/airflow/.local/lib/python3.12/site-packages/airflow/example_dags/subdags/subdag.py took 0.030 seconds
[2026-05-09T06:29:38.442+0000] {processor.py:161} INFO - Started process (PID=10926) to work on /home/airflow/.local/lib/python3.12/site-packages/airflow/example_dags/subdags/subdag.py
[2026-05-09T06:29:38.443+0000] {processor.py:830} INFO - Processing file /home/airflow/.local/lib/python3.12/site-packages/airflow/example_dags/subdags/subdag.py for tasks to queue
[2026-05-09T06:29:38.446+0000] {logging_mixin.py:188} INFO - [2026-05-09T06:29:38.445+0000] {dagbag.py:545} INFO - Filling up the DagBag from /home/airflow/.local/lib/python3.12/site-packages/airflow/example_dags/subdags/subdag.py
[2026-05-09T06:29:38.448+0000] {processor.py:842} WARNING - No viable dags retrieved from /home/airflow/.local/lib/python3.12/site-packages/airflow/example_dags/subdags/subdag.py
[2026-05-09T06:29:38.462+0000] {processor.py:183} INFO - Processing /home/airflow/.local/lib/python3.12/site-packages/airflow/example_dags/subdags/subdag.py took 0.025 seconds
[2026-05-09T06:30:08.603+0000] {processor.py:161} INFO - Started process (PID=10986) to work on /home/airflow/.local/lib/python3.12/site-packages/airflow/example_dags/subdags/subdag.py
[2026-05-09T06:30:08.605+0000] {processor.py:830} INFO - Processing file /home/airflow/.local/lib/python3.12/site-packages/airflow/example_dags/subdags/subdag.py for tasks to queue
[2026-05-09T06:30:08.608+0000] {logging_mixin.py:188} INFO - [2026-05-09T06:30:08.608+0000] {dagbag.py:545} INFO - Filling up the DagBag from /home/airflow/.local/lib/python3.12/site-packages/airflow/example_dags/subdags/subdag.py
[2026-05-09T06:30:08.612+0000] {processor.py:842} WARNING - No viable dags retrieved from /home/airflow/.local/lib/python3.12/site-packages/airflow/example_dags/subdags/subdag.py
[2026-05-09T06:30:08.628+0000] {processor.py:183} INFO - Processing /home/airflow/.local/lib/python3.12/site-packages/airflow/example_dags/subdags/subdag.py took 0.029 seconds
[2026-05-09T06:30:39.161+0000] {processor.py:161} INFO - Started process (PID=11046) to work on /home/airflow/.local/lib/python3.12/site-packages/airflow/example_dags/subdags/subdag.py
[2026-05-09T06:30:39.162+0000] {processor.py:830} INFO - Processing file /home/airflow/.local/lib/python3.12/site-packages/airflow/example_dags/subdags/subdag.py for tasks to queue
[2026-05-09T06:30:39.164+0000] {logging_mixin.py:188} INFO - [2026-05-09T06:30:39.164+0000] {dagbag.py:545} INFO - Filling up the DagBag from /home/airflow/.local/lib/python3.12/site-packages/airflow/example_dags/subdags/subdag.py
[2026-05-09T06:30:39.166+0000] {processor.py:842} WARNING - No viable dags retrieved from /home/airflow/.local/lib/python3.12/site-packages/airflow/example_dags/subdags/subdag.py
[2026-05-09T06:30:39.178+0000] {processor.py:183} INFO - Processing /home/airflow/.local/lib/python3.12/site-packages/airflow/example_dags/subdags/subdag.py took 0.022 seconds
[2026-05-09T06:31:09.600+0000] {processor.py:161} INFO - Started process (PID=11106) to work on /home/airflow/.local/lib/python3.12/site-packages/airflow/example_dags/subdags/subdag.py
[2026-05-09T06:31:09.601+0000] {processor.py:830} INFO - Processing file /home/airflow/.local/lib/python3.12/site-packages/airflow/example_dags/subdags/subdag.py for tasks to queue
[2026-05-09T06:31:09.603+0000] {logging_mixin.py:188} INFO - [2026-05-09T06:31:09.603+0000] {dagbag.py:545} INFO - Filling up the DagBag from /home/airflow/.local/lib/python3.12/site-packages/airflow/example_dags/subdags/subdag.py
[2026-05-09T06:31:09.605+0000] {processor.py:842} WARNING - No viable dags retrieved from /home/airflow/.local/lib/python3.12/site-packages/airflow/example_dags/subdags/subdag.py
[2026-05-09T06:31:09.616+0000] {processor.py:183} INFO - Processing /home/airflow/.local/lib/python3.12/site-packages/airflow/example_dags/subdags/subdag.py took 0.021 seconds
[2026-05-09T06:31:39.873+0000] {processor.py:161} INFO - Started process (PID=11164) to work on /home/airflow/.local/lib/python3.12/site-packages/airflow/example_dags/subdags/subdag.py
[2026-05-09T06:31:39.874+0000] {processor.py:830} INFO - Processing file /home/airflow/.local/lib/python3.12/site-packages/airflow/example_dags/subdags/subdag.py for tasks to queue
[2026-05-09T06:31:39.876+0000] {logging_mixin.py:188} INFO - [2026-05-09T06:31:39.876+0000] {dagbag.py:545} INFO - Filling up the DagBag from /home/airflow/.local/lib/python3.12/site-packages/airflow/example_dags/subdags/subdag.py
[2026-05-09T06:31:39.878+0000] {processor.py:842} WARNING - No viable dags retrieved from /home/airflow/.local/lib/python3.12/site-packages/airflow/example_dags/subdags/subdag.py
[2026-05-09T06:31:39.889+0000] {processor.py:183} INFO - Processing /home/airflow/.local/lib/python3.12/site-packages/airflow/example_dags/subdags/subdag.py took 0.020 seconds
[2026-05-09T06:32:10.159+0000] {processor.py:161} INFO - Started process (PID=11224) to work on /home/airflow/.local/lib/python3.12/site-packages/airflow/example_dags/subdags/subdag.py
[2026-05-09T06:32:10.160+0000] {processor.py:830} INFO - Processing file /home/airflow/.local/lib/python3.12/site-packages/airflow/example_dags/subdags/subdag.py for tasks to queue
[2026-05-09T06:32:10.163+0000] {logging_mixin.py:188} INFO - [2026-05-09T06:32:10.162+0000] {dagbag.py:545} INFO - Filling up the DagBag from /home/airflow/.local/lib/python3.12/site-packages/airflow/example_dags/subdags/subdag.py
[2026-05-09T06:32:10.165+0000] {processor.py:842} WARNING - No viable dags retrieved from /home/airflow/.local/lib/python3.12/site-packages/airflow/example_dags/subdags/subdag.py
[2026-05-09T06:32:10.176+0000] {processor.py:183} INFO - Processing /home/airflow/.local/lib/python3.12/site-packages/airflow/example_dags/subdags/subdag.py took 0.022 seconds
[2026-05-09T06:32:41.198+0000] {processor.py:161} INFO - Started process (PID=11285) to work on /home/airflow/.local/lib/python3.12/site-packages/airflow/example_dags/subdags/subdag.py
[2026-05-09T06:32:41.199+0000] {processor.py:830} INFO - Processing file /home/airflow/.local/lib/python3.12/site-packages/airflow/example_dags/subdags/subdag.py for tasks to queue
[2026-05-09T06:32:41.201+0000] {logging_mixin.py:188} INFO - [2026-05-09T06:32:41.201+0000] {dagbag.py:545} INFO - Filling up the DagBag from /home/airflow/.local/lib/python3.12/site-packages/airflow/example_dags/subdags/subdag.py
[2026-05-09T06:32:41.203+0000] {processor.py:842} WARNING - No viable dags retrieved from /home/airflow/.local/lib/python3.12/site-packages/airflow/example_dags/subdags/subdag.py
[2026-05-09T06:32:41.216+0000] {processor.py:183} INFO - Processing /home/airflow/.local/lib/python3.12/site-packages/airflow/example_dags/subdags/subdag.py took 0.024 seconds
[2026-05-09T06:33:11.497+0000] {processor.py:161} INFO - Started process (PID=11345) to work on /home/airflow/.local/lib/python3.12/site-packages/airflow/example_dags/subdags/subdag.py
[2026-05-09T06:33:11.498+0000] {processor.py:830} INFO - Processing file /home/airflow/.local/lib/python3.12/site-packages/airflow/example_dags/subdags/subdag.py for tasks to queue
[2026-05-09T06:33:11.500+0000] {logging_mixin.py:188} INFO - [2026-05-09T06:33:11.500+0000] {dagbag.py:545} INFO - Filling up the DagBag from /home/airflow/.local/lib/python3.12/site-packages/airflow/example_dags/subdags/subdag.py
[2026-05-09T06:33:11.504+0000] {processor.py:842} WARNING - No viable dags retrieved from /home/airflow/.local/lib/python3.12/site-packages/airflow/example_dags/subdags/subdag.py
[2026-05-09T06:33:11.515+0000] {processor.py:183} INFO - Processing /home/airflow/.local/lib/python3.12/site-packages/airflow/example_dags/subdags/subdag.py took 0.023 seconds
[2026-05-09T06:33:42.261+0000] {processor.py:161} INFO - Started process (PID=11405) to work on /home/airflow/.local/lib/python3.12/site-packages/airflow/example_dags/subdags/subdag.py
[2026-05-09T06:33:42.263+0000] {processor.py:830} INFO - Processing file /home/airflow/.local/lib/python3.12/site-packages/airflow/example_dags/subdags/subdag.py for tasks to queue
[2026-05-09T06:33:42.266+0000] {logging_mixin.py:188} INFO - [2026-05-09T06:33:42.265+0000] {dagbag.py:545} INFO - Filling up the DagBag from /home/airflow/.local/lib/python3.12/site-packages/airflow/example_dags/subdags/subdag.py
[2026-05-09T06:33:42.269+0000] {processor.py:842} WARNING - No viable dags retrieved from /home/airflow/.local/lib/python3.12/site-packages/airflow/example_dags/subdags/subdag.py
[2026-05-09T06:33:42.289+0000] {processor.py:183} INFO - Processing /home/airflow/.local/lib/python3.12/site-packages/airflow/example_dags/subdags/subdag.py took 0.036 seconds
[2026-05-09T06:34:12.576+0000] {processor.py:161} INFO - Started process (PID=11465) to work on /home/airflow/.local/lib/python3.12/site-packages/airflow/example_dags/subdags/subdag.py
[2026-05-09T06:34:12.577+0000] {processor.py:830} INFO - Processing file /home/airflow/.local/lib/python3.12/site-packages/airflow/example_dags/subdags/subdag.py for tasks to queue
[2026-05-09T06:34:12.582+0000] {logging_mixin.py:188} INFO - [2026-05-09T06:34:12.581+0000] {dagbag.py:545} INFO - Filling up the DagBag from /home/airflow/.local/lib/python3.12/site-packages/airflow/example_dags/subdags/subdag.py
[2026-05-09T06:34:12.586+0000] {processor.py:842} WARNING - No viable dags retrieved from /home/airflow/.local/lib/python3.12/site-packages/airflow/example_dags/subdags/subdag.py
[2026-05-09T06:34:12.602+0000] {processor.py:183} INFO - Processing /home/airflow/.local/lib/python3.12/site-packages/airflow/example_dags/subdags/subdag.py took 0.034 seconds
[2026-05-09T06:34:43.516+0000] {processor.py:161} INFO - Started process (PID=11525) to work on /home/airflow/.local/lib/python3.12/site-packages/airflow/example_dags/subdags/subdag.py
[2026-05-09T06:34:43.518+0000] {processor.py:830} INFO - Processing file /home/airflow/.local/lib/python3.12/site-packages/airflow/example_dags/subdags/subdag.py for tasks to queue
[2026-05-09T06:34:43.522+0000] {logging_mixin.py:188} INFO - [2026-05-09T06:34:43.522+0000] {dagbag.py:545} INFO - Filling up the DagBag from /home/airflow/.local/lib/python3.12/site-packages/airflow/example_dags/subdags/subdag.py
[2026-05-09T06:34:43.526+0000] {processor.py:842} WARNING - No viable dags retrieved from /home/airflow/.local/lib/python3.12/site-packages/airflow/example_dags/subdags/subdag.py
[2026-05-09T06:34:43.547+0000] {processor.py:183} INFO - Processing /home/airflow/.local/lib/python3.12/site-packages/airflow/example_dags/subdags/subdag.py took 0.045 seconds
[2026-05-09T06:35:14.752+0000] {processor.py:161} INFO - Started process (PID=11585) to work on /home/airflow/.local/lib/python3.12/site-packages/airflow/example_dags/subdags/subdag.py
[2026-05-09T06:35:14.754+0000] {processor.py:830} INFO - Processing file /home/airflow/.local/lib/python3.12/site-packages/airflow/example_dags/subdags/subdag.py for tasks to queue
[2026-05-09T06:35:14.757+0000] {logging_mixin.py:188} INFO - [2026-05-09T06:35:14.757+0000] {dagbag.py:545} INFO - Filling up the DagBag from /home/airflow/.local/lib/python3.12/site-packages/airflow/example_dags/subdags/subdag.py
[2026-05-09T06:35:14.760+0000] {processor.py:842} WARNING - No viable dags retrieved from /home/airflow/.local/lib/python3.12/site-packages/airflow/example_dags/subdags/subdag.py
[2026-05-09T06:35:14.779+0000] {processor.py:183} INFO - Processing /home/airflow/.local/lib/python3.12/site-packages/airflow/example_dags/subdags/subdag.py took 0.035 seconds
[2026-05-09T06:35:45.061+0000] {processor.py:161} INFO - Started process (PID=11644) to work on /home/airflow/.local/lib/python3.12/site-packages/airflow/example_dags/subdags/subdag.py
[2026-05-09T06:35:45.065+0000] {processor.py:830} INFO - Processing file /home/airflow/.local/lib/python3.12/site-packages/airflow/example_dags/subdags/subdag.py for tasks to queue
[2026-05-09T06:35:45.070+0000] {logging_mixin.py:188} INFO - [2026-05-09T06:35:45.069+0000] {dagbag.py:545} INFO - Filling up the DagBag from /home/airflow/.local/lib/python3.12/site-packages/airflow/example_dags/subdags/subdag.py
[2026-05-09T06:35:45.075+0000] {processor.py:842} WARNING - No viable dags retrieved from /home/airflow/.local/lib/python3.12/site-packages/airflow/example_dags/subdags/subdag.py
[2026-05-09T06:35:45.104+0000] {processor.py:183} INFO - Processing /home/airflow/.local/lib/python3.12/site-packages/airflow/example_dags/subdags/subdag.py took 0.054 seconds
[2026-05-09T06:36:15.196+0000] {processor.py:161} INFO - Started process (PID=11703) to work on /home/airflow/.local/lib/python3.12/site-packages/airflow/example_dags/subdags/subdag.py
[2026-05-09T06:36:15.198+0000] {processor.py:830} INFO - Processing file /home/airflow/.local/lib/python3.12/site-packages/airflow/example_dags/subdags/subdag.py for tasks to queue
[2026-05-09T06:36:15.201+0000] {logging_mixin.py:188} INFO - [2026-05-09T06:36:15.200+0000] {dagbag.py:545} INFO - Filling up the DagBag from /home/airflow/.local/lib/python3.12/site-packages/airflow/example_dags/subdags/subdag.py
[2026-05-09T06:36:15.205+0000] {processor.py:842} WARNING - No viable dags retrieved from /home/airflow/.local/lib/python3.12/site-packages/airflow/example_dags/subdags/subdag.py
[2026-05-09T06:36:15.226+0000] {processor.py:183} INFO - Processing /home/airflow/.local/lib/python3.12/site-packages/airflow/example_dags/subdags/subdag.py took 0.038 seconds
[2026-05-09T06:36:45.473+0000] {processor.py:161} INFO - Started process (PID=11763) to work on /home/airflow/.local/lib/python3.12/site-packages/airflow/example_dags/subdags/subdag.py
[2026-05-09T06:36:45.474+0000] {processor.py:830} INFO - Processing file /home/airflow/.local/lib/python3.12/site-packages/airflow/example_dags/subdags/subdag.py for tasks to queue
[2026-05-09T06:36:45.477+0000] {logging_mixin.py:188} INFO - [2026-05-09T06:36:45.476+0000] {dagbag.py:545} INFO - Filling up the DagBag from /home/airflow/.local/lib/python3.12/site-packages/airflow/example_dags/subdags/subdag.py
[2026-05-09T06:36:45.479+0000] {processor.py:842} WARNING - No viable dags retrieved from /home/airflow/.local/lib/python3.12/site-packages/airflow/example_dags/subdags/subdag.py
[2026-05-09T06:36:45.495+0000] {processor.py:183} INFO - Processing /home/airflow/.local/lib/python3.12/site-packages/airflow/example_dags/subdags/subdag.py took 0.030 seconds
[2026-05-09T06:37:16.132+0000] {processor.py:161} INFO - Started process (PID=11823) to work on /home/airflow/.local/lib/python3.12/site-packages/airflow/example_dags/subdags/subdag.py
[2026-05-09T06:37:16.134+0000] {processor.py:830} INFO - Processing file /home/airflow/.local/lib/python3.12/site-packages/airflow/example_dags/subdags/subdag.py for tasks to queue
[2026-05-09T06:37:16.137+0000] {logging_mixin.py:188} INFO - [2026-05-09T06:37:16.137+0000] {dagbag.py:545} INFO - Filling up the DagBag from /home/airflow/.local/lib/python3.12/site-packages/airflow/example_dags/subdags/subdag.py
[2026-05-09T06:37:16.141+0000] {processor.py:842} WARNING - No viable dags retrieved from /home/airflow/.local/lib/python3.12/site-packages/airflow/example_dags/subdags/subdag.py
[2026-05-09T06:37:16.159+0000] {processor.py:183} INFO - Processing /home/airflow/.local/lib/python3.12/site-packages/airflow/example_dags/subdags/subdag.py took 0.037 seconds
[2026-05-09T06:37:46.882+0000] {processor.py:161} INFO - Started process (PID=11883) to work on /home/airflow/.local/lib/python3.12/site-packages/airflow/example_dags/subdags/subdag.py
[2026-05-09T06:37:46.884+0000] {processor.py:830} INFO - Processing file /home/airflow/.local/lib/python3.12/site-packages/airflow/example_dags/subdags/subdag.py for tasks to queue
[2026-05-09T06:37:46.888+0000] {logging_mixin.py:188} INFO - [2026-05-09T06:37:46.887+0000] {dagbag.py:545} INFO - Filling up the DagBag from /home/airflow/.local/lib/python3.12/site-packages/airflow/example_dags/subdags/subdag.py
[2026-05-09T06:37:46.891+0000] {processor.py:842} WARNING - No viable dags retrieved from /home/airflow/.local/lib/python3.12/site-packages/airflow/example_dags/subdags/subdag.py
[2026-05-09T06:37:46.914+0000] {processor.py:183} INFO - Processing /home/airflow/.local/lib/python3.12/site-packages/airflow/example_dags/subdags/subdag.py took 0.041 seconds
[2026-05-09T06:38:17.487+0000] {processor.py:161} INFO - Started process (PID=11943) to work on /home/airflow/.local/lib/python3.12/site-packages/airflow/example_dags/subdags/subdag.py
[2026-05-09T06:38:17.488+0000] {processor.py:830} INFO - Processing file /home/airflow/.local/lib/python3.12/site-packages/airflow/example_dags/subdags/subdag.py for tasks to queue
[2026-05-09T06:38:17.492+0000] {logging_mixin.py:188} INFO - [2026-05-09T06:38:17.491+0000] {dagbag.py:545} INFO - Filling up the DagBag from /home/airflow/.local/lib/python3.12/site-packages/airflow/example_dags/subdags/subdag.py
[2026-05-09T06:38:17.496+0000] {processor.py:842} WARNING - No viable dags retrieved from /home/airflow/.local/lib/python3.12/site-packages/airflow/example_dags/subdags/subdag.py
[2026-05-09T06:38:17.514+0000] {processor.py:183} INFO - Processing /home/airflow/.local/lib/python3.12/site-packages/airflow/example_dags/subdags/subdag.py took 0.036 seconds
[2026-05-09T06:38:48.161+0000] {processor.py:161} INFO - Started process (PID=12003) to work on /home/airflow/.local/lib/python3.12/site-packages/airflow/example_dags/subdags/subdag.py
[2026-05-09T06:38:48.163+0000] {processor.py:830} INFO - Processing file /home/airflow/.local/lib/python3.12/site-packages/airflow/example_dags/subdags/subdag.py for tasks to queue
[2026-05-09T06:38:48.166+0000] {logging_mixin.py:188} INFO - [2026-05-09T06:38:48.166+0000] {dagbag.py:545} INFO - Filling up the DagBag from /home/airflow/.local/lib/python3.12/site-packages/airflow/example_dags/subdags/subdag.py
[2026-05-09T06:38:48.170+0000] {processor.py:842} WARNING - No viable dags retrieved from /home/airflow/.local/lib/python3.12/site-packages/airflow/example_dags/subdags/subdag.py
[2026-05-09T06:38:48.188+0000] {processor.py:183} INFO - Processing /home/airflow/.local/lib/python3.12/site-packages/airflow/example_dags/subdags/subdag.py took 0.035 seconds
[2026-05-09T06:39:19.210+0000] {processor.py:161} INFO - Started process (PID=12063) to work on /home/airflow/.local/lib/python3.12/site-packages/airflow/example_dags/subdags/subdag.py
[2026-05-09T06:39:19.212+0000] {processor.py:830} INFO - Processing file /home/airflow/.local/lib/python3.12/site-packages/airflow/example_dags/subdags/subdag.py for tasks to queue
[2026-05-09T06:39:19.215+0000] {logging_mixin.py:188} INFO - [2026-05-09T06:39:19.215+0000] {dagbag.py:545} INFO - Filling up the DagBag from /home/airflow/.local/lib/python3.12/site-packages/airflow/example_dags/subdags/subdag.py
[2026-05-09T06:39:19.219+0000] {processor.py:842} WARNING - No viable dags retrieved from /home/airflow/.local/lib/python3.12/site-packages/airflow/example_dags/subdags/subdag.py
[2026-05-09T06:39:19.239+0000] {processor.py:183} INFO - Processing /home/airflow/.local/lib/python3.12/site-packages/airflow/example_dags/subdags/subdag.py took 0.038 seconds
[2026-05-09T06:39:49.574+0000] {processor.py:161} INFO - Started process (PID=12123) to work on /home/airflow/.local/lib/python3.12/site-packages/airflow/example_dags/subdags/subdag.py
[2026-05-09T06:39:49.576+0000] {processor.py:830} INFO - Processing file /home/airflow/.local/lib/python3.12/site-packages/airflow/example_dags/subdags/subdag.py for tasks to queue
[2026-05-09T06:39:49.580+0000] {logging_mixin.py:188} INFO - [2026-05-09T06:39:49.579+0000] {dagbag.py:545} INFO - Filling up the DagBag from /home/airflow/.local/lib/python3.12/site-packages/airflow/example_dags/subdags/subdag.py
[2026-05-09T06:39:49.583+0000] {processor.py:842} WARNING - No viable dags retrieved from /home/airflow/.local/lib/python3.12/site-packages/airflow/example_dags/subdags/subdag.py
[2026-05-09T06:39:49.602+0000] {processor.py:183} INFO - Processing /home/airflow/.local/lib/python3.12/site-packages/airflow/example_dags/subdags/subdag.py took 0.035 seconds
[2026-05-09T06:40:20.692+0000] {processor.py:161} INFO - Started process (PID=12183) to work on /home/airflow/.local/lib/python3.12/site-packages/airflow/example_dags/subdags/subdag.py
[2026-05-09T06:40:20.694+0000] {processor.py:830} INFO - Processing file /home/airflow/.local/lib/python3.12/site-packages/airflow/example_dags/subdags/subdag.py for tasks to queue
[2026-05-09T06:40:20.698+0000] {logging_mixin.py:188} INFO - [2026-05-09T06:40:20.698+0000] {dagbag.py:545} INFO - Filling up the DagBag from /home/airflow/.local/lib/python3.12/site-packages/airflow/example_dags/subdags/subdag.py
[2026-05-09T06:40:20.702+0000] {processor.py:842} WARNING - No viable dags retrieved from /home/airflow/.local/lib/python3.12/site-packages/airflow/example_dags/subdags/subdag.py
[2026-05-09T06:40:20.722+0000] {processor.py:183} INFO - Processing /home/airflow/.local/lib/python3.12/site-packages/airflow/example_dags/subdags/subdag.py took 0.039 seconds
[2026-05-09T06:40:51.323+0000] {processor.py:161} INFO - Started process (PID=12243) to work on /home/airflow/.local/lib/python3.12/site-packages/airflow/example_dags/subdags/subdag.py
[2026-05-09T06:40:51.326+0000] {processor.py:830} INFO - Processing file /home/airflow/.local/lib/python3.12/site-packages/airflow/example_dags/subdags/subdag.py for tasks to queue
[2026-05-09T06:40:51.329+0000] {logging_mixin.py:188} INFO - [2026-05-09T06:40:51.329+0000] {dagbag.py:545} INFO - Filling up the DagBag from /home/airflow/.local/lib/python3.12/site-packages/airflow/example_dags/subdags/subdag.py
[2026-05-09T06:40:51.332+0000] {processor.py:842} WARNING - No viable dags retrieved from /home/airflow/.local/lib/python3.12/site-packages/airflow/example_dags/subdags/subdag.py
[2026-05-09T06:40:51.352+0000] {processor.py:183} INFO - Processing /home/airflow/.local/lib/python3.12/site-packages/airflow/example_dags/subdags/subdag.py took 0.037 seconds
[2026-05-09T06:41:21.909+0000] {processor.py:161} INFO - Started process (PID=12303) to work on /home/airflow/.local/lib/python3.12/site-packages/airflow/example_dags/subdags/subdag.py
[2026-05-09T06:41:21.911+0000] {processor.py:830} INFO - Processing file /home/airflow/.local/lib/python3.12/site-packages/airflow/example_dags/subdags/subdag.py for tasks to queue
[2026-05-09T06:41:21.914+0000] {logging_mixin.py:188} INFO - [2026-05-09T06:41:21.914+0000] {dagbag.py:545} INFO - Filling up the DagBag from /home/airflow/.local/lib/python3.12/site-packages/airflow/example_dags/subdags/subdag.py
[2026-05-09T06:41:21.918+0000] {processor.py:842} WARNING - No viable dags retrieved from /home/airflow/.local/lib/python3.12/site-packages/airflow/example_dags/subdags/subdag.py
[2026-05-09T06:41:21.939+0000] {processor.py:183} INFO - Processing /home/airflow/.local/lib/python3.12/site-packages/airflow/example_dags/subdags/subdag.py took 0.038 seconds
[2026-05-09T06:41:52.877+0000] {processor.py:161} INFO - Started process (PID=12363) to work on /home/airflow/.local/lib/python3.12/site-packages/airflow/example_dags/subdags/subdag.py
[2026-05-09T06:41:52.879+0000] {processor.py:830} INFO - Processing file /home/airflow/.local/lib/python3.12/site-packages/airflow/example_dags/subdags/subdag.py for tasks to queue
[2026-05-09T06:41:52.882+0000] {logging_mixin.py:188} INFO - [2026-05-09T06:41:52.882+0000] {dagbag.py:545} INFO - Filling up the DagBag from /home/airflow/.local/lib/python3.12/site-packages/airflow/example_dags/subdags/subdag.py
[2026-05-09T06:41:52.885+0000] {processor.py:842} WARNING - No viable dags retrieved from /home/airflow/.local/lib/python3.12/site-packages/airflow/example_dags/subdags/subdag.py
[2026-05-09T06:41:52.902+0000] {processor.py:183} INFO - Processing /home/airflow/.local/lib/python3.12/site-packages/airflow/example_dags/subdags/subdag.py took 0.033 seconds
[2026-05-09T06:42:23.874+0000] {processor.py:161} INFO - Started process (PID=12423) to work on /home/airflow/.local/lib/python3.12/site-packages/airflow/example_dags/subdags/subdag.py
[2026-05-09T06:42:23.877+0000] {processor.py:830} INFO - Processing file /home/airflow/.local/lib/python3.12/site-packages/airflow/example_dags/subdags/subdag.py for tasks to queue
[2026-05-09T06:42:23.883+0000] {logging_mixin.py:188} INFO - [2026-05-09T06:42:23.882+0000] {dagbag.py:545} INFO - Filling up the DagBag from /home/airflow/.local/lib/python3.12/site-packages/airflow/example_dags/subdags/subdag.py
[2026-05-09T06:42:23.889+0000] {processor.py:842} WARNING - No viable dags retrieved from /home/airflow/.local/lib/python3.12/site-packages/airflow/example_dags/subdags/subdag.py
[2026-05-09T06:42:23.910+0000] {processor.py:183} INFO - Processing /home/airflow/.local/lib/python3.12/site-packages/airflow/example_dags/subdags/subdag.py took 0.051 seconds
[2026-05-09T06:42:54.171+0000] {processor.py:161} INFO - Started process (PID=12483) to work on /home/airflow/.local/lib/python3.12/site-packages/airflow/example_dags/subdags/subdag.py
[2026-05-09T06:42:54.173+0000] {processor.py:830} INFO - Processing file /home/airflow/.local/lib/python3.12/site-packages/airflow/example_dags/subdags/subdag.py for tasks to queue
[2026-05-09T06:42:54.176+0000] {logging_mixin.py:188} INFO - [2026-05-09T06:42:54.176+0000] {dagbag.py:545} INFO - Filling up the DagBag from /home/airflow/.local/lib/python3.12/site-packages/airflow/example_dags/subdags/subdag.py
[2026-05-09T06:42:54.181+0000] {processor.py:842} WARNING - No viable dags retrieved from /home/airflow/.local/lib/python3.12/site-packages/airflow/example_dags/subdags/subdag.py
[2026-05-09T06:42:54.209+0000] {processor.py:183} INFO - Processing /home/airflow/.local/lib/python3.12/site-packages/airflow/example_dags/subdags/subdag.py took 0.052 seconds
[2026-05-09T06:43:24.538+0000] {processor.py:161} INFO - Started process (PID=12543) to work on /home/airflow/.local/lib/python3.12/site-packages/airflow/example_dags/subdags/subdag.py
[2026-05-09T06:43:24.540+0000] {processor.py:830} INFO - Processing file /home/airflow/.local/lib/python3.12/site-packages/airflow/example_dags/subdags/subdag.py for tasks to queue
[2026-05-09T06:43:24.543+0000] {logging_mixin.py:188} INFO - [2026-05-09T06:43:24.542+0000] {dagbag.py:545} INFO - Filling up the DagBag from /home/airflow/.local/lib/python3.12/site-packages/airflow/example_dags/subdags/subdag.py
[2026-05-09T06:43:24.546+0000] {processor.py:842} WARNING - No viable dags retrieved from /home/airflow/.local/lib/python3.12/site-packages/airflow/example_dags/subdags/subdag.py
[2026-05-09T06:43:24.562+0000] {processor.py:183} INFO - Processing /home/airflow/.local/lib/python3.12/site-packages/airflow/example_dags/subdags/subdag.py took 0.038 seconds
[2026-05-09T06:43:54.976+0000] {processor.py:161} INFO - Started process (PID=12603) to work on /home/airflow/.local/lib/python3.12/site-packages/airflow/example_dags/subdags/subdag.py
[2026-05-09T06:43:54.981+0000] {processor.py:830} INFO - Processing file /home/airflow/.local/lib/python3.12/site-packages/airflow/example_dags/subdags/subdag.py for tasks to queue
[2026-05-09T06:43:54.985+0000] {logging_mixin.py:188} INFO - [2026-05-09T06:43:54.985+0000] {dagbag.py:545} INFO - Filling up the DagBag from /home/airflow/.local/lib/python3.12/site-packages/airflow/example_dags/subdags/subdag.py
[2026-05-09T06:43:54.990+0000] {processor.py:842} WARNING - No viable dags retrieved from /home/airflow/.local/lib/python3.12/site-packages/airflow/example_dags/subdags/subdag.py
[2026-05-09T06:43:55.009+0000] {processor.py:183} INFO - Processing /home/airflow/.local/lib/python3.12/site-packages/airflow/example_dags/subdags/subdag.py took 0.040 seconds
[2026-05-09T06:44:25.769+0000] {processor.py:161} INFO - Started process (PID=12663) to work on /home/airflow/.local/lib/python3.12/site-packages/airflow/example_dags/subdags/subdag.py
[2026-05-09T06:44:25.771+0000] {processor.py:830} INFO - Processing file /home/airflow/.local/lib/python3.12/site-packages/airflow/example_dags/subdags/subdag.py for tasks to queue
[2026-05-09T06:44:25.775+0000] {logging_mixin.py:188} INFO - [2026-05-09T06:44:25.774+0000] {dagbag.py:545} INFO - Filling up the DagBag from /home/airflow/.local/lib/python3.12/site-packages/airflow/example_dags/subdags/subdag.py
[2026-05-09T06:44:25.778+0000] {processor.py:842} WARNING - No viable dags retrieved from /home/airflow/.local/lib/python3.12/site-packages/airflow/example_dags/subdags/subdag.py
[2026-05-09T06:44:25.796+0000] {processor.py:183} INFO - Processing /home/airflow/.local/lib/python3.12/site-packages/airflow/example_dags/subdags/subdag.py took 0.036 seconds
[2026-05-09T06:44:56.155+0000] {processor.py:161} INFO - Started process (PID=12723) to work on /home/airflow/.local/lib/python3.12/site-packages/airflow/example_dags/subdags/subdag.py
[2026-05-09T06:44:56.162+0000] {processor.py:830} INFO - Processing file /home/airflow/.local/lib/python3.12/site-packages/airflow/example_dags/subdags/subdag.py for tasks to queue
[2026-05-09T06:44:56.171+0000] {logging_mixin.py:188} INFO - [2026-05-09T06:44:56.170+0000] {dagbag.py:545} INFO - Filling up the DagBag from /home/airflow/.local/lib/python3.12/site-packages/airflow/example_dags/subdags/subdag.py
[2026-05-09T06:44:56.178+0000] {processor.py:842} WARNING - No viable dags retrieved from /home/airflow/.local/lib/python3.12/site-packages/airflow/example_dags/subdags/subdag.py
[2026-05-09T06:44:56.221+0000] {processor.py:183} INFO - Processing /home/airflow/.local/lib/python3.12/site-packages/airflow/example_dags/subdags/subdag.py took 0.082 seconds
[2026-05-09T06:45:26.458+0000] {processor.py:161} INFO - Started process (PID=12783) to work on /home/airflow/.local/lib/python3.12/site-packages/airflow/example_dags/subdags/subdag.py
[2026-05-09T06:45:26.460+0000] {processor.py:830} INFO - Processing file /home/airflow/.local/lib/python3.12/site-packages/airflow/example_dags/subdags/subdag.py for tasks to queue
[2026-05-09T06:45:26.464+0000] {logging_mixin.py:188} INFO - [2026-05-09T06:45:26.463+0000] {dagbag.py:545} INFO - Filling up the DagBag from /home/airflow/.local/lib/python3.12/site-packages/airflow/example_dags/subdags/subdag.py
[2026-05-09T06:45:26.467+0000] {processor.py:842} WARNING - No viable dags retrieved from /home/airflow/.local/lib/python3.12/site-packages/airflow/example_dags/subdags/subdag.py
[2026-05-09T06:45:26.485+0000] {processor.py:183} INFO - Processing /home/airflow/.local/lib/python3.12/site-packages/airflow/example_dags/subdags/subdag.py took 0.036 seconds
[2026-05-09T06:45:56.706+0000] {processor.py:161} INFO - Started process (PID=12843) to work on /home/airflow/.local/lib/python3.12/site-packages/airflow/example_dags/subdags/subdag.py
[2026-05-09T06:45:56.708+0000] {processor.py:830} INFO - Processing file /home/airflow/.local/lib/python3.12/site-packages/airflow/example_dags/subdags/subdag.py for tasks to queue
[2026-05-09T06:45:56.712+0000] {logging_mixin.py:188} INFO - [2026-05-09T06:45:56.711+0000] {dagbag.py:545} INFO - Filling up the DagBag from /home/airflow/.local/lib/python3.12/site-packages/airflow/example_dags/subdags/subdag.py
[2026-05-09T06:45:56.715+0000] {processor.py:842} WARNING - No viable dags retrieved from /home/airflow/.local/lib/python3.12/site-packages/airflow/example_dags/subdags/subdag.py
[2026-05-09T06:45:56.733+0000] {processor.py:183} INFO - Processing /home/airflow/.local/lib/python3.12/site-packages/airflow/example_dags/subdags/subdag.py took 0.037 seconds
[2026-05-09T06:46:27.550+0000] {processor.py:161} INFO - Started process (PID=12903) to work on /home/airflow/.local/lib/python3.12/site-packages/airflow/example_dags/subdags/subdag.py
[2026-05-09T06:46:27.552+0000] {processor.py:830} INFO - Processing file /home/airflow/.local/lib/python3.12/site-packages/airflow/example_dags/subdags/subdag.py for tasks to queue
[2026-05-09T06:46:27.556+0000] {logging_mixin.py:188} INFO - [2026-05-09T06:46:27.556+0000] {dagbag.py:545} INFO - Filling up the DagBag from /home/airflow/.local/lib/python3.12/site-packages/airflow/example_dags/subdags/subdag.py
[2026-05-09T06:46:27.560+0000] {processor.py:842} WARNING - No viable dags retrieved from /home/airflow/.local/lib/python3.12/site-packages/airflow/example_dags/subdags/subdag.py
[2026-05-09T06:46:27.577+0000] {processor.py:183} INFO - Processing /home/airflow/.local/lib/python3.12/site-packages/airflow/example_dags/subdags/subdag.py took 0.034 seconds
[2026-05-09T06:46:58.245+0000] {processor.py:161} INFO - Started process (PID=12963) to work on /home/airflow/.local/lib/python3.12/site-packages/airflow/example_dags/subdags/subdag.py
[2026-05-09T06:46:58.247+0000] {processor.py:830} INFO - Processing file /home/airflow/.local/lib/python3.12/site-packages/airflow/example_dags/subdags/subdag.py for tasks to queue
[2026-05-09T06:46:58.250+0000] {logging_mixin.py:188} INFO - [2026-05-09T06:46:58.249+0000] {dagbag.py:545} INFO - Filling up the DagBag from /home/airflow/.local/lib/python3.12/site-packages/airflow/example_dags/subdags/subdag.py
[2026-05-09T06:46:58.253+0000] {processor.py:842} WARNING - No viable dags retrieved from /home/airflow/.local/lib/python3.12/site-packages/airflow/example_dags/subdags/subdag.py
[2026-05-09T06:46:58.268+0000] {processor.py:183} INFO - Processing /home/airflow/.local/lib/python3.12/site-packages/airflow/example_dags/subdags/subdag.py took 0.031 seconds
[2026-05-09T06:47:28.885+0000] {processor.py:161} INFO - Started process (PID=13023) to work on /home/airflow/.local/lib/python3.12/site-packages/airflow/example_dags/subdags/subdag.py
[2026-05-09T06:47:28.886+0000] {processor.py:830} INFO - Processing file /home/airflow/.local/lib/python3.12/site-packages/airflow/example_dags/subdags/subdag.py for tasks to queue
[2026-05-09T06:47:28.890+0000] {logging_mixin.py:188} INFO - [2026-05-09T06:47:28.889+0000] {dagbag.py:545} INFO - Filling up the DagBag from /home/airflow/.local/lib/python3.12/site-packages/airflow/example_dags/subdags/subdag.py
[2026-05-09T06:47:28.894+0000] {processor.py:842} WARNING - No viable dags retrieved from /home/airflow/.local/lib/python3.12/site-packages/airflow/example_dags/subdags/subdag.py
[2026-05-09T06:47:28.915+0000] {processor.py:183} INFO - Processing /home/airflow/.local/lib/python3.12/site-packages/airflow/example_dags/subdags/subdag.py took 0.038 seconds
[2026-05-09T06:47:59.387+0000] {processor.py:161} INFO - Started process (PID=13083) to work on /home/airflow/.local/lib/python3.12/site-packages/airflow/example_dags/subdags/subdag.py
[2026-05-09T06:47:59.389+0000] {processor.py:830} INFO - Processing file /home/airflow/.local/lib/python3.12/site-packages/airflow/example_dags/subdags/subdag.py for tasks to queue
[2026-05-09T06:47:59.392+0000] {logging_mixin.py:188} INFO - [2026-05-09T06:47:59.391+0000] {dagbag.py:545} INFO - Filling up the DagBag from /home/airflow/.local/lib/python3.12/site-packages/airflow/example_dags/subdags/subdag.py
[2026-05-09T06:47:59.395+0000] {processor.py:842} WARNING - No viable dags retrieved from /home/airflow/.local/lib/python3.12/site-packages/airflow/example_dags/subdags/subdag.py
[2026-05-09T06:47:59.412+0000] {processor.py:183} INFO - Processing /home/airflow/.local/lib/python3.12/site-packages/airflow/example_dags/subdags/subdag.py took 0.036 seconds
[2026-05-09T06:48:29.748+0000] {processor.py:161} INFO - Started process (PID=13143) to work on /home/airflow/.local/lib/python3.12/site-packages/airflow/example_dags/subdags/subdag.py
[2026-05-09T06:48:29.751+0000] {processor.py:830} INFO - Processing file /home/airflow/.local/lib/python3.12/site-packages/airflow/example_dags/subdags/subdag.py for tasks to queue
[2026-05-09T06:48:29.754+0000] {logging_mixin.py:188} INFO - [2026-05-09T06:48:29.754+0000] {dagbag.py:545} INFO - Filling up the DagBag from /home/airflow/.local/lib/python3.12/site-packages/airflow/example_dags/subdags/subdag.py
[2026-05-09T06:48:29.758+0000] {processor.py:842} WARNING - No viable dags retrieved from /home/airflow/.local/lib/python3.12/site-packages/airflow/example_dags/subdags/subdag.py
[2026-05-09T06:48:29.778+0000] {processor.py:183} INFO - Processing /home/airflow/.local/lib/python3.12/site-packages/airflow/example_dags/subdags/subdag.py took 0.037 seconds
[2026-05-09T06:49:00.075+0000] {processor.py:161} INFO - Started process (PID=13203) to work on /home/airflow/.local/lib/python3.12/site-packages/airflow/example_dags/subdags/subdag.py
[2026-05-09T06:49:00.077+0000] {processor.py:830} INFO - Processing file /home/airflow/.local/lib/python3.12/site-packages/airflow/example_dags/subdags/subdag.py for tasks to queue
[2026-05-09T06:49:00.081+0000] {logging_mixin.py:188} INFO - [2026-05-09T06:49:00.081+0000] {dagbag.py:545} INFO - Filling up the DagBag from /home/airflow/.local/lib/python3.12/site-packages/airflow/example_dags/subdags/subdag.py
[2026-05-09T06:49:00.085+0000] {processor.py:842} WARNING - No viable dags retrieved from /home/airflow/.local/lib/python3.12/site-packages/airflow/example_dags/subdags/subdag.py
[2026-05-09T06:49:00.107+0000] {processor.py:183} INFO - Processing /home/airflow/.local/lib/python3.12/site-packages/airflow/example_dags/subdags/subdag.py took 0.040 seconds
[2026-05-09T06:49:31.279+0000] {processor.py:161} INFO - Started process (PID=13264) to work on /home/airflow/.local/lib/python3.12/site-packages/airflow/example_dags/subdags/subdag.py
[2026-05-09T06:49:31.281+0000] {processor.py:830} INFO - Processing file /home/airflow/.local/lib/python3.12/site-packages/airflow/example_dags/subdags/subdag.py for tasks to queue
[2026-05-09T06:49:31.286+0000] {logging_mixin.py:188} INFO - [2026-05-09T06:49:31.285+0000] {dagbag.py:545} INFO - Filling up the DagBag from /home/airflow/.local/lib/python3.12/site-packages/airflow/example_dags/subdags/subdag.py
[2026-05-09T06:49:31.290+0000] {processor.py:842} WARNING - No viable dags retrieved from /home/airflow/.local/lib/python3.12/site-packages/airflow/example_dags/subdags/subdag.py
[2026-05-09T06:49:31.310+0000] {processor.py:183} INFO - Processing /home/airflow/.local/lib/python3.12/site-packages/airflow/example_dags/subdags/subdag.py took 0.038 seconds
[2026-05-09T06:50:02.106+0000] {processor.py:161} INFO - Started process (PID=13324) to work on /home/airflow/.local/lib/python3.12/site-packages/airflow/example_dags/subdags/subdag.py
[2026-05-09T06:50:02.109+0000] {processor.py:830} INFO - Processing file /home/airflow/.local/lib/python3.12/site-packages/airflow/example_dags/subdags/subdag.py for tasks to queue
[2026-05-09T06:50:02.114+0000] {logging_mixin.py:188} INFO - [2026-05-09T06:50:02.113+0000] {dagbag.py:545} INFO - Filling up the DagBag from /home/airflow/.local/lib/python3.12/site-packages/airflow/example_dags/subdags/subdag.py
[2026-05-09T06:50:02.121+0000] {processor.py:842} WARNING - No viable dags retrieved from /home/airflow/.local/lib/python3.12/site-packages/airflow/example_dags/subdags/subdag.py
[2026-05-09T06:50:02.158+0000] {processor.py:183} INFO - Processing /home/airflow/.local/lib/python3.12/site-packages/airflow/example_dags/subdags/subdag.py took 0.064 seconds
[2026-05-09T06:50:32.600+0000] {processor.py:161} INFO - Started process (PID=13390) to work on /home/airflow/.local/lib/python3.12/site-packages/airflow/example_dags/subdags/subdag.py
[2026-05-09T06:50:32.602+0000] {processor.py:830} INFO - Processing file /home/airflow/.local/lib/python3.12/site-packages/airflow/example_dags/subdags/subdag.py for tasks to queue
[2026-05-09T06:50:32.606+0000] {logging_mixin.py:188} INFO - [2026-05-09T06:50:32.606+0000] {dagbag.py:545} INFO - Filling up the DagBag from /home/airflow/.local/lib/python3.12/site-packages/airflow/example_dags/subdags/subdag.py
[2026-05-09T06:50:32.611+0000] {processor.py:842} WARNING - No viable dags retrieved from /home/airflow/.local/lib/python3.12/site-packages/airflow/example_dags/subdags/subdag.py
[2026-05-09T06:50:32.640+0000] {processor.py:183} INFO - Processing /home/airflow/.local/lib/python3.12/site-packages/airflow/example_dags/subdags/subdag.py took 0.051 seconds
[2026-05-09T06:51:02.984+0000] {processor.py:161} INFO - Started process (PID=13450) to work on /home/airflow/.local/lib/python3.12/site-packages/airflow/example_dags/subdags/subdag.py
[2026-05-09T06:51:02.986+0000] {processor.py:830} INFO - Processing file /home/airflow/.local/lib/python3.12/site-packages/airflow/example_dags/subdags/subdag.py for tasks to queue
[2026-05-09T06:51:02.989+0000] {logging_mixin.py:188} INFO - [2026-05-09T06:51:02.989+0000] {dagbag.py:545} INFO - Filling up the DagBag from /home/airflow/.local/lib/python3.12/site-packages/airflow/example_dags/subdags/subdag.py
[2026-05-09T06:51:02.993+0000] {processor.py:842} WARNING - No viable dags retrieved from /home/airflow/.local/lib/python3.12/site-packages/airflow/example_dags/subdags/subdag.py
[2026-05-09T06:51:03.014+0000] {processor.py:183} INFO - Processing /home/airflow/.local/lib/python3.12/site-packages/airflow/example_dags/subdags/subdag.py took 0.039 seconds
[2026-05-09T06:51:33.420+0000] {processor.py:161} INFO - Started process (PID=13510) to work on /home/airflow/.local/lib/python3.12/site-packages/airflow/example_dags/subdags/subdag.py
[2026-05-09T06:51:33.422+0000] {processor.py:830} INFO - Processing file /home/airflow/.local/lib/python3.12/site-packages/airflow/example_dags/subdags/subdag.py for tasks to queue
[2026-05-09T06:51:33.426+0000] {logging_mixin.py:188} INFO - [2026-05-09T06:51:33.426+0000] {dagbag.py:545} INFO - Filling up the DagBag from /home/airflow/.local/lib/python3.12/site-packages/airflow/example_dags/subdags/subdag.py
[2026-05-09T06:51:33.430+0000] {processor.py:842} WARNING - No viable dags retrieved from /home/airflow/.local/lib/python3.12/site-packages/airflow/example_dags/subdags/subdag.py
[2026-05-09T06:51:33.452+0000] {processor.py:183} INFO - Processing /home/airflow/.local/lib/python3.12/site-packages/airflow/example_dags/subdags/subdag.py took 0.043 seconds
[2026-05-09T06:52:04.385+0000] {processor.py:161} INFO - Started process (PID=13570) to work on /home/airflow/.local/lib/python3.12/site-packages/airflow/example_dags/subdags/subdag.py
[2026-05-09T06:52:04.386+0000] {processor.py:830} INFO - Processing file /home/airflow/.local/lib/python3.12/site-packages/airflow/example_dags/subdags/subdag.py for tasks to queue
[2026-05-09T06:52:04.390+0000] {logging_mixin.py:188} INFO - [2026-05-09T06:52:04.389+0000] {dagbag.py:545} INFO - Filling up the DagBag from /home/airflow/.local/lib/python3.12/site-packages/airflow/example_dags/subdags/subdag.py
[2026-05-09T06:52:04.393+0000] {processor.py:842} WARNING - No viable dags retrieved from /home/airflow/.local/lib/python3.12/site-packages/airflow/example_dags/subdags/subdag.py
[2026-05-09T06:52:04.410+0000] {processor.py:183} INFO - Processing /home/airflow/.local/lib/python3.12/site-packages/airflow/example_dags/subdags/subdag.py took 0.034 seconds
[2026-05-09T06:52:34.630+0000] {processor.py:161} INFO - Started process (PID=13630) to work on /home/airflow/.local/lib/python3.12/site-packages/airflow/example_dags/subdags/subdag.py
[2026-05-09T06:52:34.631+0000] {processor.py:830} INFO - Processing file /home/airflow/.local/lib/python3.12/site-packages/airflow/example_dags/subdags/subdag.py for tasks to queue
[2026-05-09T06:52:34.634+0000] {logging_mixin.py:188} INFO - [2026-05-09T06:52:34.634+0000] {dagbag.py:545} INFO - Filling up the DagBag from /home/airflow/.local/lib/python3.12/site-packages/airflow/example_dags/subdags/subdag.py
[2026-05-09T06:52:34.638+0000] {processor.py:842} WARNING - No viable dags retrieved from /home/airflow/.local/lib/python3.12/site-packages/airflow/example_dags/subdags/subdag.py
[2026-05-09T06:52:34.660+0000] {processor.py:183} INFO - Processing /home/airflow/.local/lib/python3.12/site-packages/airflow/example_dags/subdags/subdag.py took 0.038 seconds
[2026-05-09T06:53:05.065+0000] {processor.py:161} INFO - Started process (PID=13689) to work on /home/airflow/.local/lib/python3.12/site-packages/airflow/example_dags/subdags/subdag.py
[2026-05-09T06:53:05.067+0000] {processor.py:830} INFO - Processing file /home/airflow/.local/lib/python3.12/site-packages/airflow/example_dags/subdags/subdag.py for tasks to queue
[2026-05-09T06:53:05.071+0000] {logging_mixin.py:188} INFO - [2026-05-09T06:53:05.070+0000] {dagbag.py:545} INFO - Filling up the DagBag from /home/airflow/.local/lib/python3.12/site-packages/airflow/example_dags/subdags/subdag.py
[2026-05-09T06:53:05.074+0000] {processor.py:842} WARNING - No viable dags retrieved from /home/airflow/.local/lib/python3.12/site-packages/airflow/example_dags/subdags/subdag.py
[2026-05-09T06:53:05.092+0000] {processor.py:183} INFO - Processing /home/airflow/.local/lib/python3.12/site-packages/airflow/example_dags/subdags/subdag.py took 0.035 seconds
[2026-05-09T06:53:35.667+0000] {processor.py:161} INFO - Started process (PID=13749) to work on /home/airflow/.local/lib/python3.12/site-packages/airflow/example_dags/subdags/subdag.py
[2026-05-09T06:53:35.669+0000] {processor.py:830} INFO - Processing file /home/airflow/.local/lib/python3.12/site-packages/airflow/example_dags/subdags/subdag.py for tasks to queue
[2026-05-09T06:53:35.673+0000] {logging_mixin.py:188} INFO - [2026-05-09T06:53:35.673+0000] {dagbag.py:545} INFO - Filling up the DagBag from /home/airflow/.local/lib/python3.12/site-packages/airflow/example_dags/subdags/subdag.py
[2026-05-09T06:53:35.676+0000] {processor.py:842} WARNING - No viable dags retrieved from /home/airflow/.local/lib/python3.12/site-packages/airflow/example_dags/subdags/subdag.py
[2026-05-09T06:53:35.697+0000] {processor.py:183} INFO - Processing /home/airflow/.local/lib/python3.12/site-packages/airflow/example_dags/subdags/subdag.py took 0.039 seconds
[2026-05-09T06:54:06.220+0000] {processor.py:161} INFO - Started process (PID=13809) to work on /home/airflow/.local/lib/python3.12/site-packages/airflow/example_dags/subdags/subdag.py
[2026-05-09T06:54:06.222+0000] {processor.py:830} INFO - Processing file /home/airflow/.local/lib/python3.12/site-packages/airflow/example_dags/subdags/subdag.py for tasks to queue
[2026-05-09T06:54:06.225+0000] {logging_mixin.py:188} INFO - [2026-05-09T06:54:06.224+0000] {dagbag.py:545} INFO - Filling up the DagBag from /home/airflow/.local/lib/python3.12/site-packages/airflow/example_dags/subdags/subdag.py
[2026-05-09T06:54:06.228+0000] {processor.py:842} WARNING - No viable dags retrieved from /home/airflow/.local/lib/python3.12/site-packages/airflow/example_dags/subdags/subdag.py
[2026-05-09T06:54:06.249+0000] {processor.py:183} INFO - Processing /home/airflow/.local/lib/python3.12/site-packages/airflow/example_dags/subdags/subdag.py took 0.038 seconds
[2026-05-09T06:54:37.072+0000] {processor.py:161} INFO - Started process (PID=13869) to work on /home/airflow/.local/lib/python3.12/site-packages/airflow/example_dags/subdags/subdag.py
[2026-05-09T06:54:37.074+0000] {processor.py:830} INFO - Processing file /home/airflow/.local/lib/python3.12/site-packages/airflow/example_dags/subdags/subdag.py for tasks to queue
[2026-05-09T06:54:37.077+0000] {logging_mixin.py:188} INFO - [2026-05-09T06:54:37.076+0000] {dagbag.py:545} INFO - Filling up the DagBag from /home/airflow/.local/lib/python3.12/site-packages/airflow/example_dags/subdags/subdag.py
[2026-05-09T06:54:37.080+0000] {processor.py:842} WARNING - No viable dags retrieved from /home/airflow/.local/lib/python3.12/site-packages/airflow/example_dags/subdags/subdag.py
[2026-05-09T06:54:37.099+0000] {processor.py:183} INFO - Processing /home/airflow/.local/lib/python3.12/site-packages/airflow/example_dags/subdags/subdag.py took 0.036 seconds
[2026-05-09T06:55:07.410+0000] {processor.py:161} INFO - Started process (PID=13929) to work on /home/airflow/.local/lib/python3.12/site-packages/airflow/example_dags/subdags/subdag.py
[2026-05-09T06:55:07.412+0000] {processor.py:830} INFO - Processing file /home/airflow/.local/lib/python3.12/site-packages/airflow/example_dags/subdags/subdag.py for tasks to queue
[2026-05-09T06:55:07.416+0000] {logging_mixin.py:188} INFO - [2026-05-09T06:55:07.415+0000] {dagbag.py:545} INFO - Filling up the DagBag from /home/airflow/.local/lib/python3.12/site-packages/airflow/example_dags/subdags/subdag.py
[2026-05-09T06:55:07.419+0000] {processor.py:842} WARNING - No viable dags retrieved from /home/airflow/.local/lib/python3.12/site-packages/airflow/example_dags/subdags/subdag.py
[2026-05-09T06:55:07.446+0000] {processor.py:183} INFO - Processing /home/airflow/.local/lib/python3.12/site-packages/airflow/example_dags/subdags/subdag.py took 0.045 seconds
[2026-05-09T06:55:37.741+0000] {processor.py:161} INFO - Started process (PID=13989) to work on /home/airflow/.local/lib/python3.12/site-packages/airflow/example_dags/subdags/subdag.py
[2026-05-09T06:55:37.743+0000] {processor.py:830} INFO - Processing file /home/airflow/.local/lib/python3.12/site-packages/airflow/example_dags/subdags/subdag.py for tasks to queue
[2026-05-09T06:55:37.746+0000] {logging_mixin.py:188} INFO - [2026-05-09T06:55:37.746+0000] {dagbag.py:545} INFO - Filling up the DagBag from /home/airflow/.local/lib/python3.12/site-packages/airflow/example_dags/subdags/subdag.py
[2026-05-09T06:55:37.750+0000] {processor.py:842} WARNING - No viable dags retrieved from /home/airflow/.local/lib/python3.12/site-packages/airflow/example_dags/subdags/subdag.py
[2026-05-09T06:55:37.770+0000] {processor.py:183} INFO - Processing /home/airflow/.local/lib/python3.12/site-packages/airflow/example_dags/subdags/subdag.py took 0.036 seconds
[2026-05-09T06:56:08.067+0000] {processor.py:161} INFO - Started process (PID=14050) to work on /home/airflow/.local/lib/python3.12/site-packages/airflow/example_dags/subdags/subdag.py
[2026-05-09T06:56:08.068+0000] {processor.py:830} INFO - Processing file /home/airflow/.local/lib/python3.12/site-packages/airflow/example_dags/subdags/subdag.py for tasks to queue
[2026-05-09T06:56:08.071+0000] {logging_mixin.py:188} INFO - [2026-05-09T06:56:08.071+0000] {dagbag.py:545} INFO - Filling up the DagBag from /home/airflow/.local/lib/python3.12/site-packages/airflow/example_dags/subdags/subdag.py
[2026-05-09T06:56:08.075+0000] {processor.py:842} WARNING - No viable dags retrieved from /home/airflow/.local/lib/python3.12/site-packages/airflow/example_dags/subdags/subdag.py
[2026-05-09T06:56:08.097+0000] {processor.py:183} INFO - Processing /home/airflow/.local/lib/python3.12/site-packages/airflow/example_dags/subdags/subdag.py took 0.038 seconds
[2026-05-09T06:56:38.475+0000] {processor.py:161} INFO - Started process (PID=14110) to work on /home/airflow/.local/lib/python3.12/site-packages/airflow/example_dags/subdags/subdag.py
[2026-05-09T06:56:38.477+0000] {processor.py:830} INFO - Processing file /home/airflow/.local/lib/python3.12/site-packages/airflow/example_dags/subdags/subdag.py for tasks to queue
[2026-05-09T06:56:38.480+0000] {logging_mixin.py:188} INFO - [2026-05-09T06:56:38.480+0000] {dagbag.py:545} INFO - Filling up the DagBag from /home/airflow/.local/lib/python3.12/site-packages/airflow/example_dags/subdags/subdag.py
[2026-05-09T06:56:38.484+0000] {processor.py:842} WARNING - No viable dags retrieved from /home/airflow/.local/lib/python3.12/site-packages/airflow/example_dags/subdags/subdag.py
[2026-05-09T06:56:38.504+0000] {processor.py:183} INFO - Processing /home/airflow/.local/lib/python3.12/site-packages/airflow/example_dags/subdags/subdag.py took 0.038 seconds
[2026-05-09T07:43:35.778+0000] {processor.py:161} INFO - Started process (PID=14171) to work on /home/airflow/.local/lib/python3.12/site-packages/airflow/example_dags/subdags/subdag.py
[2026-05-09T07:43:35.791+0000] {processor.py:830} INFO - Processing file /home/airflow/.local/lib/python3.12/site-packages/airflow/example_dags/subdags/subdag.py for tasks to queue
[2026-05-09T07:43:35.798+0000] {logging_mixin.py:188} INFO - [2026-05-09T07:43:35.798+0000] {dagbag.py:545} INFO - Filling up the DagBag from /home/airflow/.local/lib/python3.12/site-packages/airflow/example_dags/subdags/subdag.py
[2026-05-09T07:43:35.815+0000] {processor.py:842} WARNING - No viable dags retrieved from /home/airflow/.local/lib/python3.12/site-packages/airflow/example_dags/subdags/subdag.py
[2026-05-09T07:43:35.834+0000] {processor.py:183} INFO - Processing /home/airflow/.local/lib/python3.12/site-packages/airflow/example_dags/subdags/subdag.py took 0.061 seconds
[2026-05-09T07:44:06.685+0000] {processor.py:161} INFO - Started process (PID=14232) to work on /home/airflow/.local/lib/python3.12/site-packages/airflow/example_dags/subdags/subdag.py
[2026-05-09T07:44:06.687+0000] {processor.py:830} INFO - Processing file /home/airflow/.local/lib/python3.12/site-packages/airflow/example_dags/subdags/subdag.py for tasks to queue
[2026-05-09T07:44:06.690+0000] {logging_mixin.py:188} INFO - [2026-05-09T07:44:06.690+0000] {dagbag.py:545} INFO - Filling up the DagBag from /home/airflow/.local/lib/python3.12/site-packages/airflow/example_dags/subdags/subdag.py
[2026-05-09T07:44:06.694+0000] {processor.py:842} WARNING - No viable dags retrieved from /home/airflow/.local/lib/python3.12/site-packages/airflow/example_dags/subdags/subdag.py
[2026-05-09T07:44:06.717+0000] {processor.py:183} INFO - Processing /home/airflow/.local/lib/python3.12/site-packages/airflow/example_dags/subdags/subdag.py took 0.040 seconds
[2026-05-09T07:44:37.071+0000] {processor.py:161} INFO - Started process (PID=14292) to work on /home/airflow/.local/lib/python3.12/site-packages/airflow/example_dags/subdags/subdag.py
[2026-05-09T07:44:37.077+0000] {processor.py:830} INFO - Processing file /home/airflow/.local/lib/python3.12/site-packages/airflow/example_dags/subdags/subdag.py for tasks to queue
[2026-05-09T07:44:37.083+0000] {logging_mixin.py:188} INFO - [2026-05-09T07:44:37.082+0000] {dagbag.py:545} INFO - Filling up the DagBag from /home/airflow/.local/lib/python3.12/site-packages/airflow/example_dags/subdags/subdag.py
[2026-05-09T07:44:37.089+0000] {processor.py:842} WARNING - No viable dags retrieved from /home/airflow/.local/lib/python3.12/site-packages/airflow/example_dags/subdags/subdag.py
[2026-05-09T07:44:37.113+0000] {processor.py:183} INFO - Processing /home/airflow/.local/lib/python3.12/site-packages/airflow/example_dags/subdags/subdag.py took 0.048 seconds
[2026-05-09T07:45:07.210+0000] {processor.py:161} INFO - Started process (PID=14351) to work on /home/airflow/.local/lib/python3.12/site-packages/airflow/example_dags/subdags/subdag.py
[2026-05-09T07:45:07.212+0000] {processor.py:830} INFO - Processing file /home/airflow/.local/lib/python3.12/site-packages/airflow/example_dags/subdags/subdag.py for tasks to queue
[2026-05-09T07:45:07.213+0000] {logging_mixin.py:188} INFO - [2026-05-09T07:45:07.213+0000] {dagbag.py:545} INFO - Filling up the DagBag from /home/airflow/.local/lib/python3.12/site-packages/airflow/example_dags/subdags/subdag.py
[2026-05-09T07:45:07.215+0000] {processor.py:842} WARNING - No viable dags retrieved from /home/airflow/.local/lib/python3.12/site-packages/airflow/example_dags/subdags/subdag.py
[2026-05-09T07:45:07.228+0000] {processor.py:183} INFO - Processing /home/airflow/.local/lib/python3.12/site-packages/airflow/example_dags/subdags/subdag.py took 0.023 seconds
[2026-05-09T07:45:37.368+0000] {processor.py:161} INFO - Started process (PID=14411) to work on /home/airflow/.local/lib/python3.12/site-packages/airflow/example_dags/subdags/subdag.py
[2026-05-09T07:45:37.369+0000] {processor.py:830} INFO - Processing file /home/airflow/.local/lib/python3.12/site-packages/airflow/example_dags/subdags/subdag.py for tasks to queue
[2026-05-09T07:45:37.371+0000] {logging_mixin.py:188} INFO - [2026-05-09T07:45:37.371+0000] {dagbag.py:545} INFO - Filling up the DagBag from /home/airflow/.local/lib/python3.12/site-packages/airflow/example_dags/subdags/subdag.py
[2026-05-09T07:45:37.373+0000] {processor.py:842} WARNING - No viable dags retrieved from /home/airflow/.local/lib/python3.12/site-packages/airflow/example_dags/subdags/subdag.py
[2026-05-09T07:45:37.384+0000] {processor.py:183} INFO - Processing /home/airflow/.local/lib/python3.12/site-packages/airflow/example_dags/subdags/subdag.py took 0.021 seconds
[2026-05-09T07:46:07.656+0000] {processor.py:161} INFO - Started process (PID=14471) to work on /home/airflow/.local/lib/python3.12/site-packages/airflow/example_dags/subdags/subdag.py
[2026-05-09T07:46:07.659+0000] {processor.py:830} INFO - Processing file /home/airflow/.local/lib/python3.12/site-packages/airflow/example_dags/subdags/subdag.py for tasks to queue
[2026-05-09T07:46:07.661+0000] {logging_mixin.py:188} INFO - [2026-05-09T07:46:07.661+0000] {dagbag.py:545} INFO - Filling up the DagBag from /home/airflow/.local/lib/python3.12/site-packages/airflow/example_dags/subdags/subdag.py
[2026-05-09T07:46:07.663+0000] {processor.py:842} WARNING - No viable dags retrieved from /home/airflow/.local/lib/python3.12/site-packages/airflow/example_dags/subdags/subdag.py
[2026-05-09T07:46:07.675+0000] {processor.py:183} INFO - Processing /home/airflow/.local/lib/python3.12/site-packages/airflow/example_dags/subdags/subdag.py took 0.023 seconds
[2026-05-09T07:46:38.113+0000] {processor.py:161} INFO - Started process (PID=14531) to work on /home/airflow/.local/lib/python3.12/site-packages/airflow/example_dags/subdags/subdag.py
[2026-05-09T07:46:38.114+0000] {processor.py:830} INFO - Processing file /home/airflow/.local/lib/python3.12/site-packages/airflow/example_dags/subdags/subdag.py for tasks to queue
[2026-05-09T07:46:38.117+0000] {logging_mixin.py:188} INFO - [2026-05-09T07:46:38.116+0000] {dagbag.py:545} INFO - Filling up the DagBag from /home/airflow/.local/lib/python3.12/site-packages/airflow/example_dags/subdags/subdag.py
[2026-05-09T07:46:38.118+0000] {processor.py:842} WARNING - No viable dags retrieved from /home/airflow/.local/lib/python3.12/site-packages/airflow/example_dags/subdags/subdag.py
[2026-05-09T07:46:38.132+0000] {processor.py:183} INFO - Processing /home/airflow/.local/lib/python3.12/site-packages/airflow/example_dags/subdags/subdag.py took 0.024 seconds
[2026-05-09T07:47:08.473+0000] {processor.py:161} INFO - Started process (PID=14591) to work on /home/airflow/.local/lib/python3.12/site-packages/airflow/example_dags/subdags/subdag.py
[2026-05-09T07:47:08.474+0000] {processor.py:830} INFO - Processing file /home/airflow/.local/lib/python3.12/site-packages/airflow/example_dags/subdags/subdag.py for tasks to queue
[2026-05-09T07:47:08.476+0000] {logging_mixin.py:188} INFO - [2026-05-09T07:47:08.476+0000] {dagbag.py:545} INFO - Filling up the DagBag from /home/airflow/.local/lib/python3.12/site-packages/airflow/example_dags/subdags/subdag.py
[2026-05-09T07:47:08.479+0000] {processor.py:842} WARNING - No viable dags retrieved from /home/airflow/.local/lib/python3.12/site-packages/airflow/example_dags/subdags/subdag.py
[2026-05-09T07:47:08.490+0000] {processor.py:183} INFO - Processing /home/airflow/.local/lib/python3.12/site-packages/airflow/example_dags/subdags/subdag.py took 0.022 seconds
[2026-05-09T07:47:38.985+0000] {processor.py:161} INFO - Started process (PID=14651) to work on /home/airflow/.local/lib/python3.12/site-packages/airflow/example_dags/subdags/subdag.py
[2026-05-09T07:47:38.986+0000] {processor.py:830} INFO - Processing file /home/airflow/.local/lib/python3.12/site-packages/airflow/example_dags/subdags/subdag.py for tasks to queue
[2026-05-09T07:47:38.988+0000] {logging_mixin.py:188} INFO - [2026-05-09T07:47:38.988+0000] {dagbag.py:545} INFO - Filling up the DagBag from /home/airflow/.local/lib/python3.12/site-packages/airflow/example_dags/subdags/subdag.py
[2026-05-09T07:47:38.990+0000] {processor.py:842} WARNING - No viable dags retrieved from /home/airflow/.local/lib/python3.12/site-packages/airflow/example_dags/subdags/subdag.py
[2026-05-09T07:47:39.001+0000] {processor.py:183} INFO - Processing /home/airflow/.local/lib/python3.12/site-packages/airflow/example_dags/subdags/subdag.py took 0.020 seconds
[2026-05-09T07:48:09.497+0000] {processor.py:161} INFO - Started process (PID=14711) to work on /home/airflow/.local/lib/python3.12/site-packages/airflow/example_dags/subdags/subdag.py
[2026-05-09T07:48:09.498+0000] {processor.py:830} INFO - Processing file /home/airflow/.local/lib/python3.12/site-packages/airflow/example_dags/subdags/subdag.py for tasks to queue
[2026-05-09T07:48:09.500+0000] {logging_mixin.py:188} INFO - [2026-05-09T07:48:09.500+0000] {dagbag.py:545} INFO - Filling up the DagBag from /home/airflow/.local/lib/python3.12/site-packages/airflow/example_dags/subdags/subdag.py
[2026-05-09T07:48:09.503+0000] {processor.py:842} WARNING - No viable dags retrieved from /home/airflow/.local/lib/python3.12/site-packages/airflow/example_dags/subdags/subdag.py
[2026-05-09T07:48:09.515+0000] {processor.py:183} INFO - Processing /home/airflow/.local/lib/python3.12/site-packages/airflow/example_dags/subdags/subdag.py took 0.023 seconds
[2026-05-09T07:48:40.163+0000] {processor.py:161} INFO - Started process (PID=14771) to work on /home/airflow/.local/lib/python3.12/site-packages/airflow/example_dags/subdags/subdag.py
[2026-05-09T07:48:40.164+0000] {processor.py:830} INFO - Processing file /home/airflow/.local/lib/python3.12/site-packages/airflow/example_dags/subdags/subdag.py for tasks to queue
[2026-05-09T07:48:40.167+0000] {logging_mixin.py:188} INFO - [2026-05-09T07:48:40.167+0000] {dagbag.py:545} INFO - Filling up the DagBag from /home/airflow/.local/lib/python3.12/site-packages/airflow/example_dags/subdags/subdag.py
[2026-05-09T07:48:40.172+0000] {processor.py:842} WARNING - No viable dags retrieved from /home/airflow/.local/lib/python3.12/site-packages/airflow/example_dags/subdags/subdag.py
[2026-05-09T07:48:40.182+0000] {processor.py:183} INFO - Processing /home/airflow/.local/lib/python3.12/site-packages/airflow/example_dags/subdags/subdag.py took 0.025 seconds
[2026-05-09T07:49:10.378+0000] {processor.py:161} INFO - Started process (PID=14831) to work on /home/airflow/.local/lib/python3.12/site-packages/airflow/example_dags/subdags/subdag.py
[2026-05-09T07:49:10.380+0000] {processor.py:830} INFO - Processing file /home/airflow/.local/lib/python3.12/site-packages/airflow/example_dags/subdags/subdag.py for tasks to queue
[2026-05-09T07:49:10.384+0000] {logging_mixin.py:188} INFO - [2026-05-09T07:49:10.384+0000] {dagbag.py:545} INFO - Filling up the DagBag from /home/airflow/.local/lib/python3.12/site-packages/airflow/example_dags/subdags/subdag.py
[2026-05-09T07:49:10.387+0000] {processor.py:842} WARNING - No viable dags retrieved from /home/airflow/.local/lib/python3.12/site-packages/airflow/example_dags/subdags/subdag.py
[2026-05-09T07:49:10.401+0000] {processor.py:183} INFO - Processing /home/airflow/.local/lib/python3.12/site-packages/airflow/example_dags/subdags/subdag.py took 0.028 seconds
[2026-05-09T07:49:40.461+0000] {processor.py:161} INFO - Started process (PID=14891) to work on /home/airflow/.local/lib/python3.12/site-packages/airflow/example_dags/subdags/subdag.py
[2026-05-09T07:49:40.462+0000] {processor.py:830} INFO - Processing file /home/airflow/.local/lib/python3.12/site-packages/airflow/example_dags/subdags/subdag.py for tasks to queue
[2026-05-09T07:49:40.465+0000] {logging_mixin.py:188} INFO - [2026-05-09T07:49:40.464+0000] {dagbag.py:545} INFO - Filling up the DagBag from /home/airflow/.local/lib/python3.12/site-packages/airflow/example_dags/subdags/subdag.py
[2026-05-09T07:49:40.467+0000] {processor.py:842} WARNING - No viable dags retrieved from /home/airflow/.local/lib/python3.12/site-packages/airflow/example_dags/subdags/subdag.py
[2026-05-09T07:49:40.478+0000] {processor.py:183} INFO - Processing /home/airflow/.local/lib/python3.12/site-packages/airflow/example_dags/subdags/subdag.py took 0.022 seconds
[2026-05-09T07:50:10.636+0000] {processor.py:161} INFO - Started process (PID=14951) to work on /home/airflow/.local/lib/python3.12/site-packages/airflow/example_dags/subdags/subdag.py
[2026-05-09T07:50:10.637+0000] {processor.py:830} INFO - Processing file /home/airflow/.local/lib/python3.12/site-packages/airflow/example_dags/subdags/subdag.py for tasks to queue
[2026-05-09T07:50:10.640+0000] {logging_mixin.py:188} INFO - [2026-05-09T07:50:10.640+0000] {dagbag.py:545} INFO - Filling up the DagBag from /home/airflow/.local/lib/python3.12/site-packages/airflow/example_dags/subdags/subdag.py
[2026-05-09T07:50:10.642+0000] {processor.py:842} WARNING - No viable dags retrieved from /home/airflow/.local/lib/python3.12/site-packages/airflow/example_dags/subdags/subdag.py
[2026-05-09T07:50:10.655+0000] {processor.py:183} INFO - Processing /home/airflow/.local/lib/python3.12/site-packages/airflow/example_dags/subdags/subdag.py took 0.024 seconds
[2026-05-09T07:50:40.818+0000] {processor.py:161} INFO - Started process (PID=15011) to work on /home/airflow/.local/lib/python3.12/site-packages/airflow/example_dags/subdags/subdag.py
[2026-05-09T07:50:40.820+0000] {processor.py:830} INFO - Processing file /home/airflow/.local/lib/python3.12/site-packages/airflow/example_dags/subdags/subdag.py for tasks to queue
[2026-05-09T07:50:40.821+0000] {logging_mixin.py:188} INFO - [2026-05-09T07:50:40.821+0000] {dagbag.py:545} INFO - Filling up the DagBag from /home/airflow/.local/lib/python3.12/site-packages/airflow/example_dags/subdags/subdag.py
[2026-05-09T07:50:40.823+0000] {processor.py:842} WARNING - No viable dags retrieved from /home/airflow/.local/lib/python3.12/site-packages/airflow/example_dags/subdags/subdag.py
[2026-05-09T07:50:40.834+0000] {processor.py:183} INFO - Processing /home/airflow/.local/lib/python3.12/site-packages/airflow/example_dags/subdags/subdag.py took 0.021 seconds
[2026-05-09T07:51:11.415+0000] {processor.py:161} INFO - Started process (PID=15071) to work on /home/airflow/.local/lib/python3.12/site-packages/airflow/example_dags/subdags/subdag.py
[2026-05-09T07:51:11.418+0000] {processor.py:830} INFO - Processing file /home/airflow/.local/lib/python3.12/site-packages/airflow/example_dags/subdags/subdag.py for tasks to queue
[2026-05-09T07:51:11.420+0000] {logging_mixin.py:188} INFO - [2026-05-09T07:51:11.419+0000] {dagbag.py:545} INFO - Filling up the DagBag from /home/airflow/.local/lib/python3.12/site-packages/airflow/example_dags/subdags/subdag.py
[2026-05-09T07:51:11.423+0000] {processor.py:842} WARNING - No viable dags retrieved from /home/airflow/.local/lib/python3.12/site-packages/airflow/example_dags/subdags/subdag.py
[2026-05-09T07:51:11.437+0000] {processor.py:183} INFO - Processing /home/airflow/.local/lib/python3.12/site-packages/airflow/example_dags/subdags/subdag.py took 0.027 seconds
[2026-05-09T07:51:41.500+0000] {processor.py:161} INFO - Started process (PID=15131) to work on /home/airflow/.local/lib/python3.12/site-packages/airflow/example_dags/subdags/subdag.py
[2026-05-09T07:51:41.501+0000] {processor.py:830} INFO - Processing file /home/airflow/.local/lib/python3.12/site-packages/airflow/example_dags/subdags/subdag.py for tasks to queue
[2026-05-09T07:51:41.503+0000] {logging_mixin.py:188} INFO - [2026-05-09T07:51:41.503+0000] {dagbag.py:545} INFO - Filling up the DagBag from /home/airflow/.local/lib/python3.12/site-packages/airflow/example_dags/subdags/subdag.py
[2026-05-09T07:51:41.505+0000] {processor.py:842} WARNING - No viable dags retrieved from /home/airflow/.local/lib/python3.12/site-packages/airflow/example_dags/subdags/subdag.py
[2026-05-09T07:51:41.517+0000] {processor.py:183} INFO - Processing /home/airflow/.local/lib/python3.12/site-packages/airflow/example_dags/subdags/subdag.py took 0.022 seconds
[2026-05-09T07:52:12.057+0000] {processor.py:161} INFO - Started process (PID=15191) to work on /home/airflow/.local/lib/python3.12/site-packages/airflow/example_dags/subdags/subdag.py
[2026-05-09T07:52:12.059+0000] {processor.py:830} INFO - Processing file /home/airflow/.local/lib/python3.12/site-packages/airflow/example_dags/subdags/subdag.py for tasks to queue
[2026-05-09T07:52:12.061+0000] {logging_mixin.py:188} INFO - [2026-05-09T07:52:12.060+0000] {dagbag.py:545} INFO - Filling up the DagBag from /home/airflow/.local/lib/python3.12/site-packages/airflow/example_dags/subdags/subdag.py
[2026-05-09T07:52:12.063+0000] {processor.py:842} WARNING - No viable dags retrieved from /home/airflow/.local/lib/python3.12/site-packages/airflow/example_dags/subdags/subdag.py
[2026-05-09T07:52:12.075+0000] {processor.py:183} INFO - Processing /home/airflow/.local/lib/python3.12/site-packages/airflow/example_dags/subdags/subdag.py took 0.023 seconds
[2026-05-09T07:52:42.475+0000] {processor.py:161} INFO - Started process (PID=15251) to work on /home/airflow/.local/lib/python3.12/site-packages/airflow/example_dags/subdags/subdag.py
[2026-05-09T07:52:42.477+0000] {processor.py:830} INFO - Processing file /home/airflow/.local/lib/python3.12/site-packages/airflow/example_dags/subdags/subdag.py for tasks to queue
[2026-05-09T07:52:42.479+0000] {logging_mixin.py:188} INFO - [2026-05-09T07:52:42.478+0000] {dagbag.py:545} INFO - Filling up the DagBag from /home/airflow/.local/lib/python3.12/site-packages/airflow/example_dags/subdags/subdag.py
[2026-05-09T07:52:42.481+0000] {processor.py:842} WARNING - No viable dags retrieved from /home/airflow/.local/lib/python3.12/site-packages/airflow/example_dags/subdags/subdag.py
[2026-05-09T07:52:42.493+0000] {processor.py:183} INFO - Processing /home/airflow/.local/lib/python3.12/site-packages/airflow/example_dags/subdags/subdag.py took 0.022 seconds
[2026-05-09T07:53:12.878+0000] {processor.py:161} INFO - Started process (PID=15310) to work on /home/airflow/.local/lib/python3.12/site-packages/airflow/example_dags/subdags/subdag.py
[2026-05-09T07:53:12.879+0000] {processor.py:830} INFO - Processing file /home/airflow/.local/lib/python3.12/site-packages/airflow/example_dags/subdags/subdag.py for tasks to queue
[2026-05-09T07:53:12.882+0000] {logging_mixin.py:188} INFO - [2026-05-09T07:53:12.881+0000] {dagbag.py:545} INFO - Filling up the DagBag from /home/airflow/.local/lib/python3.12/site-packages/airflow/example_dags/subdags/subdag.py
[2026-05-09T07:53:12.884+0000] {processor.py:842} WARNING - No viable dags retrieved from /home/airflow/.local/lib/python3.12/site-packages/airflow/example_dags/subdags/subdag.py
[2026-05-09T07:53:12.899+0000] {processor.py:183} INFO - Processing /home/airflow/.local/lib/python3.12/site-packages/airflow/example_dags/subdags/subdag.py took 0.025 seconds
[2026-05-09T07:53:43.289+0000] {processor.py:161} INFO - Started process (PID=15370) to work on /home/airflow/.local/lib/python3.12/site-packages/airflow/example_dags/subdags/subdag.py
[2026-05-09T07:53:43.290+0000] {processor.py:830} INFO - Processing file /home/airflow/.local/lib/python3.12/site-packages/airflow/example_dags/subdags/subdag.py for tasks to queue
[2026-05-09T07:53:43.292+0000] {logging_mixin.py:188} INFO - [2026-05-09T07:53:43.291+0000] {dagbag.py:545} INFO - Filling up the DagBag from /home/airflow/.local/lib/python3.12/site-packages/airflow/example_dags/subdags/subdag.py
[2026-05-09T07:53:43.293+0000] {processor.py:842} WARNING - No viable dags retrieved from /home/airflow/.local/lib/python3.12/site-packages/airflow/example_dags/subdags/subdag.py
[2026-05-09T07:53:43.304+0000] {processor.py:183} INFO - Processing /home/airflow/.local/lib/python3.12/site-packages/airflow/example_dags/subdags/subdag.py took 0.020 seconds
[2026-05-09T07:54:13.455+0000] {processor.py:161} INFO - Started process (PID=15430) to work on /home/airflow/.local/lib/python3.12/site-packages/airflow/example_dags/subdags/subdag.py
[2026-05-09T07:54:13.457+0000] {processor.py:830} INFO - Processing file /home/airflow/.local/lib/python3.12/site-packages/airflow/example_dags/subdags/subdag.py for tasks to queue
[2026-05-09T07:54:13.459+0000] {logging_mixin.py:188} INFO - [2026-05-09T07:54:13.458+0000] {dagbag.py:545} INFO - Filling up the DagBag from /home/airflow/.local/lib/python3.12/site-packages/airflow/example_dags/subdags/subdag.py
[2026-05-09T07:54:13.461+0000] {processor.py:842} WARNING - No viable dags retrieved from /home/airflow/.local/lib/python3.12/site-packages/airflow/example_dags/subdags/subdag.py
[2026-05-09T07:54:13.473+0000] {processor.py:183} INFO - Processing /home/airflow/.local/lib/python3.12/site-packages/airflow/example_dags/subdags/subdag.py took 0.023 seconds
[2026-05-09T07:54:43.682+0000] {processor.py:161} INFO - Started process (PID=15490) to work on /home/airflow/.local/lib/python3.12/site-packages/airflow/example_dags/subdags/subdag.py
[2026-05-09T07:54:43.683+0000] {processor.py:830} INFO - Processing file /home/airflow/.local/lib/python3.12/site-packages/airflow/example_dags/subdags/subdag.py for tasks to queue
[2026-05-09T07:54:43.685+0000] {logging_mixin.py:188} INFO - [2026-05-09T07:54:43.685+0000] {dagbag.py:545} INFO - Filling up the DagBag from /home/airflow/.local/lib/python3.12/site-packages/airflow/example_dags/subdags/subdag.py
[2026-05-09T07:54:43.688+0000] {processor.py:842} WARNING - No viable dags retrieved from /home/airflow/.local/lib/python3.12/site-packages/airflow/example_dags/subdags/subdag.py
[2026-05-09T07:54:43.701+0000] {processor.py:183} INFO - Processing /home/airflow/.local/lib/python3.12/site-packages/airflow/example_dags/subdags/subdag.py took 0.023 seconds
[2026-05-09T07:55:13.831+0000] {processor.py:161} INFO - Started process (PID=15550) to work on /home/airflow/.local/lib/python3.12/site-packages/airflow/example_dags/subdags/subdag.py
[2026-05-09T07:55:13.832+0000] {processor.py:830} INFO - Processing file /home/airflow/.local/lib/python3.12/site-packages/airflow/example_dags/subdags/subdag.py for tasks to queue
[2026-05-09T07:55:13.834+0000] {logging_mixin.py:188} INFO - [2026-05-09T07:55:13.834+0000] {dagbag.py:545} INFO - Filling up the DagBag from /home/airflow/.local/lib/python3.12/site-packages/airflow/example_dags/subdags/subdag.py
[2026-05-09T07:55:13.836+0000] {processor.py:842} WARNING - No viable dags retrieved from /home/airflow/.local/lib/python3.12/site-packages/airflow/example_dags/subdags/subdag.py
[2026-05-09T07:55:13.847+0000] {processor.py:183} INFO - Processing /home/airflow/.local/lib/python3.12/site-packages/airflow/example_dags/subdags/subdag.py took 0.020 seconds
[2026-05-09T07:55:44.295+0000] {processor.py:161} INFO - Started process (PID=15610) to work on /home/airflow/.local/lib/python3.12/site-packages/airflow/example_dags/subdags/subdag.py
[2026-05-09T07:55:44.296+0000] {processor.py:830} INFO - Processing file /home/airflow/.local/lib/python3.12/site-packages/airflow/example_dags/subdags/subdag.py for tasks to queue
[2026-05-09T07:55:44.298+0000] {logging_mixin.py:188} INFO - [2026-05-09T07:55:44.298+0000] {dagbag.py:545} INFO - Filling up the DagBag from /home/airflow/.local/lib/python3.12/site-packages/airflow/example_dags/subdags/subdag.py
[2026-05-09T07:55:44.300+0000] {processor.py:842} WARNING - No viable dags retrieved from /home/airflow/.local/lib/python3.12/site-packages/airflow/example_dags/subdags/subdag.py
[2026-05-09T07:55:44.310+0000] {processor.py:183} INFO - Processing /home/airflow/.local/lib/python3.12/site-packages/airflow/example_dags/subdags/subdag.py took 0.019 seconds
[2026-05-09T07:56:14.418+0000] {processor.py:161} INFO - Started process (PID=15670) to work on /home/airflow/.local/lib/python3.12/site-packages/airflow/example_dags/subdags/subdag.py
[2026-05-09T07:56:14.419+0000] {processor.py:830} INFO - Processing file /home/airflow/.local/lib/python3.12/site-packages/airflow/example_dags/subdags/subdag.py for tasks to queue
[2026-05-09T07:56:14.421+0000] {logging_mixin.py:188} INFO - [2026-05-09T07:56:14.421+0000] {dagbag.py:545} INFO - Filling up the DagBag from /home/airflow/.local/lib/python3.12/site-packages/airflow/example_dags/subdags/subdag.py
[2026-05-09T07:56:14.423+0000] {processor.py:842} WARNING - No viable dags retrieved from /home/airflow/.local/lib/python3.12/site-packages/airflow/example_dags/subdags/subdag.py
[2026-05-09T07:56:14.436+0000] {processor.py:183} INFO - Processing /home/airflow/.local/lib/python3.12/site-packages/airflow/example_dags/subdags/subdag.py took 0.023 seconds
[2026-05-09T07:56:44.545+0000] {processor.py:161} INFO - Started process (PID=15730) to work on /home/airflow/.local/lib/python3.12/site-packages/airflow/example_dags/subdags/subdag.py
[2026-05-09T07:56:44.547+0000] {processor.py:830} INFO - Processing file /home/airflow/.local/lib/python3.12/site-packages/airflow/example_dags/subdags/subdag.py for tasks to queue
[2026-05-09T07:56:44.549+0000] {logging_mixin.py:188} INFO - [2026-05-09T07:56:44.548+0000] {dagbag.py:545} INFO - Filling up the DagBag from /home/airflow/.local/lib/python3.12/site-packages/airflow/example_dags/subdags/subdag.py
[2026-05-09T07:56:44.551+0000] {processor.py:842} WARNING - No viable dags retrieved from /home/airflow/.local/lib/python3.12/site-packages/airflow/example_dags/subdags/subdag.py
[2026-05-09T07:56:44.565+0000] {processor.py:183} INFO - Processing /home/airflow/.local/lib/python3.12/site-packages/airflow/example_dags/subdags/subdag.py took 0.026 seconds
[2026-05-09T07:57:14.642+0000] {processor.py:161} INFO - Started process (PID=15790) to work on /home/airflow/.local/lib/python3.12/site-packages/airflow/example_dags/subdags/subdag.py
[2026-05-09T07:57:14.643+0000] {processor.py:830} INFO - Processing file /home/airflow/.local/lib/python3.12/site-packages/airflow/example_dags/subdags/subdag.py for tasks to queue
[2026-05-09T07:57:14.645+0000] {logging_mixin.py:188} INFO - [2026-05-09T07:57:14.644+0000] {dagbag.py:545} INFO - Filling up the DagBag from /home/airflow/.local/lib/python3.12/site-packages/airflow/example_dags/subdags/subdag.py
[2026-05-09T07:57:14.646+0000] {processor.py:842} WARNING - No viable dags retrieved from /home/airflow/.local/lib/python3.12/site-packages/airflow/example_dags/subdags/subdag.py
[2026-05-09T07:57:14.657+0000] {processor.py:183} INFO - Processing /home/airflow/.local/lib/python3.12/site-packages/airflow/example_dags/subdags/subdag.py took 0.020 seconds
[2026-05-09T07:57:44.825+0000] {processor.py:161} INFO - Started process (PID=15850) to work on /home/airflow/.local/lib/python3.12/site-packages/airflow/example_dags/subdags/subdag.py
[2026-05-09T07:57:44.827+0000] {processor.py:830} INFO - Processing file /home/airflow/.local/lib/python3.12/site-packages/airflow/example_dags/subdags/subdag.py for tasks to queue
[2026-05-09T07:57:44.829+0000] {logging_mixin.py:188} INFO - [2026-05-09T07:57:44.828+0000] {dagbag.py:545} INFO - Filling up the DagBag from /home/airflow/.local/lib/python3.12/site-packages/airflow/example_dags/subdags/subdag.py
[2026-05-09T07:57:44.830+0000] {processor.py:842} WARNING - No viable dags retrieved from /home/airflow/.local/lib/python3.12/site-packages/airflow/example_dags/subdags/subdag.py
[2026-05-09T07:57:44.844+0000] {processor.py:183} INFO - Processing /home/airflow/.local/lib/python3.12/site-packages/airflow/example_dags/subdags/subdag.py took 0.023 seconds
[2026-05-09T07:58:15.152+0000] {processor.py:161} INFO - Started process (PID=15910) to work on /home/airflow/.local/lib/python3.12/site-packages/airflow/example_dags/subdags/subdag.py
[2026-05-09T07:58:15.153+0000] {processor.py:830} INFO - Processing file /home/airflow/.local/lib/python3.12/site-packages/airflow/example_dags/subdags/subdag.py for tasks to queue
[2026-05-09T07:58:15.155+0000] {logging_mixin.py:188} INFO - [2026-05-09T07:58:15.155+0000] {dagbag.py:545} INFO - Filling up the DagBag from /home/airflow/.local/lib/python3.12/site-packages/airflow/example_dags/subdags/subdag.py
[2026-05-09T07:58:15.157+0000] {processor.py:842} WARNING - No viable dags retrieved from /home/airflow/.local/lib/python3.12/site-packages/airflow/example_dags/subdags/subdag.py
[2026-05-09T07:58:15.169+0000] {processor.py:183} INFO - Processing /home/airflow/.local/lib/python3.12/site-packages/airflow/example_dags/subdags/subdag.py took 0.021 seconds
[2026-05-09T07:58:45.701+0000] {processor.py:161} INFO - Started process (PID=15970) to work on /home/airflow/.local/lib/python3.12/site-packages/airflow/example_dags/subdags/subdag.py
[2026-05-09T07:58:45.702+0000] {processor.py:830} INFO - Processing file /home/airflow/.local/lib/python3.12/site-packages/airflow/example_dags/subdags/subdag.py for tasks to queue
[2026-05-09T07:58:45.704+0000] {logging_mixin.py:188} INFO - [2026-05-09T07:58:45.704+0000] {dagbag.py:545} INFO - Filling up the DagBag from /home/airflow/.local/lib/python3.12/site-packages/airflow/example_dags/subdags/subdag.py
[2026-05-09T07:58:45.706+0000] {processor.py:842} WARNING - No viable dags retrieved from /home/airflow/.local/lib/python3.12/site-packages/airflow/example_dags/subdags/subdag.py
[2026-05-09T07:58:45.720+0000] {processor.py:183} INFO - Processing /home/airflow/.local/lib/python3.12/site-packages/airflow/example_dags/subdags/subdag.py took 0.024 seconds
[2026-05-09T07:59:16.144+0000] {processor.py:161} INFO - Started process (PID=16030) to work on /home/airflow/.local/lib/python3.12/site-packages/airflow/example_dags/subdags/subdag.py
[2026-05-09T07:59:16.146+0000] {processor.py:830} INFO - Processing file /home/airflow/.local/lib/python3.12/site-packages/airflow/example_dags/subdags/subdag.py for tasks to queue
[2026-05-09T07:59:16.148+0000] {logging_mixin.py:188} INFO - [2026-05-09T07:59:16.147+0000] {dagbag.py:545} INFO - Filling up the DagBag from /home/airflow/.local/lib/python3.12/site-packages/airflow/example_dags/subdags/subdag.py
[2026-05-09T07:59:16.150+0000] {processor.py:842} WARNING - No viable dags retrieved from /home/airflow/.local/lib/python3.12/site-packages/airflow/example_dags/subdags/subdag.py
[2026-05-09T07:59:16.161+0000] {processor.py:183} INFO - Processing /home/airflow/.local/lib/python3.12/site-packages/airflow/example_dags/subdags/subdag.py took 0.022 seconds
[2026-05-09T07:59:46.583+0000] {processor.py:161} INFO - Started process (PID=16090) to work on /home/airflow/.local/lib/python3.12/site-packages/airflow/example_dags/subdags/subdag.py
[2026-05-09T07:59:46.585+0000] {processor.py:830} INFO - Processing file /home/airflow/.local/lib/python3.12/site-packages/airflow/example_dags/subdags/subdag.py for tasks to queue
[2026-05-09T07:59:46.588+0000] {logging_mixin.py:188} INFO - [2026-05-09T07:59:46.588+0000] {dagbag.py:545} INFO - Filling up the DagBag from /home/airflow/.local/lib/python3.12/site-packages/airflow/example_dags/subdags/subdag.py
[2026-05-09T07:59:46.592+0000] {processor.py:842} WARNING - No viable dags retrieved from /home/airflow/.local/lib/python3.12/site-packages/airflow/example_dags/subdags/subdag.py
[2026-05-09T07:59:46.604+0000] {processor.py:183} INFO - Processing /home/airflow/.local/lib/python3.12/site-packages/airflow/example_dags/subdags/subdag.py took 0.025 seconds
[2026-05-09T08:00:17.108+0000] {processor.py:161} INFO - Started process (PID=16150) to work on /home/airflow/.local/lib/python3.12/site-packages/airflow/example_dags/subdags/subdag.py
[2026-05-09T08:00:17.110+0000] {processor.py:830} INFO - Processing file /home/airflow/.local/lib/python3.12/site-packages/airflow/example_dags/subdags/subdag.py for tasks to queue
[2026-05-09T08:00:17.112+0000] {logging_mixin.py:188} INFO - [2026-05-09T08:00:17.112+0000] {dagbag.py:545} INFO - Filling up the DagBag from /home/airflow/.local/lib/python3.12/site-packages/airflow/example_dags/subdags/subdag.py
[2026-05-09T08:00:17.114+0000] {processor.py:842} WARNING - No viable dags retrieved from /home/airflow/.local/lib/python3.12/site-packages/airflow/example_dags/subdags/subdag.py
[2026-05-09T08:00:17.126+0000] {processor.py:183} INFO - Processing /home/airflow/.local/lib/python3.12/site-packages/airflow/example_dags/subdags/subdag.py took 0.022 seconds
[2026-05-09T08:00:47.441+0000] {processor.py:161} INFO - Started process (PID=16210) to work on /home/airflow/.local/lib/python3.12/site-packages/airflow/example_dags/subdags/subdag.py
[2026-05-09T08:00:47.442+0000] {processor.py:830} INFO - Processing file /home/airflow/.local/lib/python3.12/site-packages/airflow/example_dags/subdags/subdag.py for tasks to queue
[2026-05-09T08:00:47.444+0000] {logging_mixin.py:188} INFO - [2026-05-09T08:00:47.444+0000] {dagbag.py:545} INFO - Filling up the DagBag from /home/airflow/.local/lib/python3.12/site-packages/airflow/example_dags/subdags/subdag.py
[2026-05-09T08:00:47.446+0000] {processor.py:842} WARNING - No viable dags retrieved from /home/airflow/.local/lib/python3.12/site-packages/airflow/example_dags/subdags/subdag.py
[2026-05-09T08:00:47.458+0000] {processor.py:183} INFO - Processing /home/airflow/.local/lib/python3.12/site-packages/airflow/example_dags/subdags/subdag.py took 0.022 seconds
[2026-05-09T08:01:17.774+0000] {processor.py:161} INFO - Started process (PID=16270) to work on /home/airflow/.local/lib/python3.12/site-packages/airflow/example_dags/subdags/subdag.py
[2026-05-09T08:01:17.777+0000] {processor.py:830} INFO - Processing file /home/airflow/.local/lib/python3.12/site-packages/airflow/example_dags/subdags/subdag.py for tasks to queue
[2026-05-09T08:01:17.779+0000] {logging_mixin.py:188} INFO - [2026-05-09T08:01:17.779+0000] {dagbag.py:545} INFO - Filling up the DagBag from /home/airflow/.local/lib/python3.12/site-packages/airflow/example_dags/subdags/subdag.py
[2026-05-09T08:01:17.781+0000] {processor.py:842} WARNING - No viable dags retrieved from /home/airflow/.local/lib/python3.12/site-packages/airflow/example_dags/subdags/subdag.py
[2026-05-09T08:01:17.793+0000] {processor.py:183} INFO - Processing /home/airflow/.local/lib/python3.12/site-packages/airflow/example_dags/subdags/subdag.py took 0.023 seconds
[2026-05-09T08:01:48.081+0000] {processor.py:161} INFO - Started process (PID=16330) to work on /home/airflow/.local/lib/python3.12/site-packages/airflow/example_dags/subdags/subdag.py
[2026-05-09T08:01:48.083+0000] {processor.py:830} INFO - Processing file /home/airflow/.local/lib/python3.12/site-packages/airflow/example_dags/subdags/subdag.py for tasks to queue
[2026-05-09T08:01:48.085+0000] {logging_mixin.py:188} INFO - [2026-05-09T08:01:48.085+0000] {dagbag.py:545} INFO - Filling up the DagBag from /home/airflow/.local/lib/python3.12/site-packages/airflow/example_dags/subdags/subdag.py
[2026-05-09T08:01:48.088+0000] {processor.py:842} WARNING - No viable dags retrieved from /home/airflow/.local/lib/python3.12/site-packages/airflow/example_dags/subdags/subdag.py
[2026-05-09T08:01:48.100+0000] {processor.py:183} INFO - Processing /home/airflow/.local/lib/python3.12/site-packages/airflow/example_dags/subdags/subdag.py took 0.023 seconds
[2026-05-09T08:02:18.592+0000] {processor.py:161} INFO - Started process (PID=16390) to work on /home/airflow/.local/lib/python3.12/site-packages/airflow/example_dags/subdags/subdag.py
[2026-05-09T08:02:18.594+0000] {processor.py:830} INFO - Processing file /home/airflow/.local/lib/python3.12/site-packages/airflow/example_dags/subdags/subdag.py for tasks to queue
[2026-05-09T08:02:18.596+0000] {logging_mixin.py:188} INFO - [2026-05-09T08:02:18.596+0000] {dagbag.py:545} INFO - Filling up the DagBag from /home/airflow/.local/lib/python3.12/site-packages/airflow/example_dags/subdags/subdag.py
[2026-05-09T08:02:18.598+0000] {processor.py:842} WARNING - No viable dags retrieved from /home/airflow/.local/lib/python3.12/site-packages/airflow/example_dags/subdags/subdag.py
[2026-05-09T08:02:18.609+0000] {processor.py:183} INFO - Processing /home/airflow/.local/lib/python3.12/site-packages/airflow/example_dags/subdags/subdag.py took 0.021 seconds
[2026-05-09T08:02:49.469+0000] {processor.py:161} INFO - Started process (PID=16450) to work on /home/airflow/.local/lib/python3.12/site-packages/airflow/example_dags/subdags/subdag.py
[2026-05-09T08:02:49.470+0000] {processor.py:830} INFO - Processing file /home/airflow/.local/lib/python3.12/site-packages/airflow/example_dags/subdags/subdag.py for tasks to queue
[2026-05-09T08:02:49.472+0000] {logging_mixin.py:188} INFO - [2026-05-09T08:02:49.472+0000] {dagbag.py:545} INFO - Filling up the DagBag from /home/airflow/.local/lib/python3.12/site-packages/airflow/example_dags/subdags/subdag.py
[2026-05-09T08:02:49.474+0000] {processor.py:842} WARNING - No viable dags retrieved from /home/airflow/.local/lib/python3.12/site-packages/airflow/example_dags/subdags/subdag.py
[2026-05-09T08:02:49.485+0000] {processor.py:183} INFO - Processing /home/airflow/.local/lib/python3.12/site-packages/airflow/example_dags/subdags/subdag.py took 0.021 seconds
[2026-05-09T08:03:20.323+0000] {processor.py:161} INFO - Started process (PID=16516) to work on /home/airflow/.local/lib/python3.12/site-packages/airflow/example_dags/subdags/subdag.py
[2026-05-09T08:03:20.324+0000] {processor.py:830} INFO - Processing file /home/airflow/.local/lib/python3.12/site-packages/airflow/example_dags/subdags/subdag.py for tasks to queue
[2026-05-09T08:03:20.326+0000] {logging_mixin.py:188} INFO - [2026-05-09T08:03:20.326+0000] {dagbag.py:545} INFO - Filling up the DagBag from /home/airflow/.local/lib/python3.12/site-packages/airflow/example_dags/subdags/subdag.py
[2026-05-09T08:03:20.328+0000] {processor.py:842} WARNING - No viable dags retrieved from /home/airflow/.local/lib/python3.12/site-packages/airflow/example_dags/subdags/subdag.py
[2026-05-09T08:03:20.342+0000] {processor.py:183} INFO - Processing /home/airflow/.local/lib/python3.12/site-packages/airflow/example_dags/subdags/subdag.py took 0.024 seconds
[2026-05-09T08:03:51.056+0000] {processor.py:161} INFO - Started process (PID=16576) to work on /home/airflow/.local/lib/python3.12/site-packages/airflow/example_dags/subdags/subdag.py
[2026-05-09T08:03:51.057+0000] {processor.py:830} INFO - Processing file /home/airflow/.local/lib/python3.12/site-packages/airflow/example_dags/subdags/subdag.py for tasks to queue
[2026-05-09T08:03:51.059+0000] {logging_mixin.py:188} INFO - [2026-05-09T08:03:51.058+0000] {dagbag.py:545} INFO - Filling up the DagBag from /home/airflow/.local/lib/python3.12/site-packages/airflow/example_dags/subdags/subdag.py
[2026-05-09T08:03:51.060+0000] {processor.py:842} WARNING - No viable dags retrieved from /home/airflow/.local/lib/python3.12/site-packages/airflow/example_dags/subdags/subdag.py
[2026-05-09T08:03:51.071+0000] {processor.py:183} INFO - Processing /home/airflow/.local/lib/python3.12/site-packages/airflow/example_dags/subdags/subdag.py took 0.019 seconds
[2026-05-09T08:04:21.204+0000] {processor.py:161} INFO - Started process (PID=16636) to work on /home/airflow/.local/lib/python3.12/site-packages/airflow/example_dags/subdags/subdag.py
[2026-05-09T08:04:21.205+0000] {processor.py:830} INFO - Processing file /home/airflow/.local/lib/python3.12/site-packages/airflow/example_dags/subdags/subdag.py for tasks to queue
[2026-05-09T08:04:21.208+0000] {logging_mixin.py:188} INFO - [2026-05-09T08:04:21.207+0000] {dagbag.py:545} INFO - Filling up the DagBag from /home/airflow/.local/lib/python3.12/site-packages/airflow/example_dags/subdags/subdag.py
[2026-05-09T08:04:21.209+0000] {processor.py:842} WARNING - No viable dags retrieved from /home/airflow/.local/lib/python3.12/site-packages/airflow/example_dags/subdags/subdag.py
[2026-05-09T08:04:21.220+0000] {processor.py:183} INFO - Processing /home/airflow/.local/lib/python3.12/site-packages/airflow/example_dags/subdags/subdag.py took 0.020 seconds
[2026-05-09T08:04:51.418+0000] {processor.py:161} INFO - Started process (PID=16696) to work on /home/airflow/.local/lib/python3.12/site-packages/airflow/example_dags/subdags/subdag.py
[2026-05-09T08:04:51.419+0000] {processor.py:830} INFO - Processing file /home/airflow/.local/lib/python3.12/site-packages/airflow/example_dags/subdags/subdag.py for tasks to queue
[2026-05-09T08:04:51.421+0000] {logging_mixin.py:188} INFO - [2026-05-09T08:04:51.421+0000] {dagbag.py:545} INFO - Filling up the DagBag from /home/airflow/.local/lib/python3.12/site-packages/airflow/example_dags/subdags/subdag.py
[2026-05-09T08:04:51.423+0000] {processor.py:842} WARNING - No viable dags retrieved from /home/airflow/.local/lib/python3.12/site-packages/airflow/example_dags/subdags/subdag.py
[2026-05-09T08:04:51.432+0000] {processor.py:183} INFO - Processing /home/airflow/.local/lib/python3.12/site-packages/airflow/example_dags/subdags/subdag.py took 0.018 seconds
[2026-05-09T08:05:21.939+0000] {processor.py:161} INFO - Started process (PID=16756) to work on /home/airflow/.local/lib/python3.12/site-packages/airflow/example_dags/subdags/subdag.py
[2026-05-09T08:05:21.941+0000] {processor.py:830} INFO - Processing file /home/airflow/.local/lib/python3.12/site-packages/airflow/example_dags/subdags/subdag.py for tasks to queue
[2026-05-09T08:05:21.943+0000] {logging_mixin.py:188} INFO - [2026-05-09T08:05:21.942+0000] {dagbag.py:545} INFO - Filling up the DagBag from /home/airflow/.local/lib/python3.12/site-packages/airflow/example_dags/subdags/subdag.py
[2026-05-09T08:05:21.949+0000] {processor.py:842} WARNING - No viable dags retrieved from /home/airflow/.local/lib/python3.12/site-packages/airflow/example_dags/subdags/subdag.py
[2026-05-09T08:05:21.962+0000] {processor.py:183} INFO - Processing /home/airflow/.local/lib/python3.12/site-packages/airflow/example_dags/subdags/subdag.py took 0.028 seconds
[2026-05-09T08:05:52.415+0000] {processor.py:161} INFO - Started process (PID=16816) to work on /home/airflow/.local/lib/python3.12/site-packages/airflow/example_dags/subdags/subdag.py
[2026-05-09T08:05:52.417+0000] {processor.py:830} INFO - Processing file /home/airflow/.local/lib/python3.12/site-packages/airflow/example_dags/subdags/subdag.py for tasks to queue
[2026-05-09T08:05:52.419+0000] {logging_mixin.py:188} INFO - [2026-05-09T08:05:52.419+0000] {dagbag.py:545} INFO - Filling up the DagBag from /home/airflow/.local/lib/python3.12/site-packages/airflow/example_dags/subdags/subdag.py
[2026-05-09T08:05:52.421+0000] {processor.py:842} WARNING - No viable dags retrieved from /home/airflow/.local/lib/python3.12/site-packages/airflow/example_dags/subdags/subdag.py
[2026-05-09T08:05:52.438+0000] {processor.py:183} INFO - Processing /home/airflow/.local/lib/python3.12/site-packages/airflow/example_dags/subdags/subdag.py took 0.026 seconds
[2026-05-09T08:06:22.502+0000] {processor.py:161} INFO - Started process (PID=16876) to work on /home/airflow/.local/lib/python3.12/site-packages/airflow/example_dags/subdags/subdag.py
[2026-05-09T08:06:22.504+0000] {processor.py:830} INFO - Processing file /home/airflow/.local/lib/python3.12/site-packages/airflow/example_dags/subdags/subdag.py for tasks to queue
[2026-05-09T08:06:22.505+0000] {logging_mixin.py:188} INFO - [2026-05-09T08:06:22.505+0000] {dagbag.py:545} INFO - Filling up the DagBag from /home/airflow/.local/lib/python3.12/site-packages/airflow/example_dags/subdags/subdag.py
[2026-05-09T08:06:22.507+0000] {processor.py:842} WARNING - No viable dags retrieved from /home/airflow/.local/lib/python3.12/site-packages/airflow/example_dags/subdags/subdag.py
[2026-05-09T08:06:22.519+0000] {processor.py:183} INFO - Processing /home/airflow/.local/lib/python3.12/site-packages/airflow/example_dags/subdags/subdag.py took 0.021 seconds
[2026-05-09T08:06:52.804+0000] {processor.py:161} INFO - Started process (PID=16936) to work on /home/airflow/.local/lib/python3.12/site-packages/airflow/example_dags/subdags/subdag.py
[2026-05-09T08:06:52.806+0000] {processor.py:830} INFO - Processing file /home/airflow/.local/lib/python3.12/site-packages/airflow/example_dags/subdags/subdag.py for tasks to queue
[2026-05-09T08:06:52.808+0000] {logging_mixin.py:188} INFO - [2026-05-09T08:06:52.807+0000] {dagbag.py:545} INFO - Filling up the DagBag from /home/airflow/.local/lib/python3.12/site-packages/airflow/example_dags/subdags/subdag.py
[2026-05-09T08:06:52.810+0000] {processor.py:842} WARNING - No viable dags retrieved from /home/airflow/.local/lib/python3.12/site-packages/airflow/example_dags/subdags/subdag.py
[2026-05-09T08:06:52.821+0000] {processor.py:183} INFO - Processing /home/airflow/.local/lib/python3.12/site-packages/airflow/example_dags/subdags/subdag.py took 0.021 seconds
[2026-05-09T08:07:23.277+0000] {processor.py:161} INFO - Started process (PID=16996) to work on /home/airflow/.local/lib/python3.12/site-packages/airflow/example_dags/subdags/subdag.py
[2026-05-09T08:07:23.278+0000] {processor.py:830} INFO - Processing file /home/airflow/.local/lib/python3.12/site-packages/airflow/example_dags/subdags/subdag.py for tasks to queue
[2026-05-09T08:07:23.280+0000] {logging_mixin.py:188} INFO - [2026-05-09T08:07:23.280+0000] {dagbag.py:545} INFO - Filling up the DagBag from /home/airflow/.local/lib/python3.12/site-packages/airflow/example_dags/subdags/subdag.py
[2026-05-09T08:07:23.282+0000] {processor.py:842} WARNING - No viable dags retrieved from /home/airflow/.local/lib/python3.12/site-packages/airflow/example_dags/subdags/subdag.py
[2026-05-09T08:07:23.296+0000] {processor.py:183} INFO - Processing /home/airflow/.local/lib/python3.12/site-packages/airflow/example_dags/subdags/subdag.py took 0.023 seconds
[2026-05-09T08:07:53.672+0000] {processor.py:161} INFO - Started process (PID=17056) to work on /home/airflow/.local/lib/python3.12/site-packages/airflow/example_dags/subdags/subdag.py
[2026-05-09T08:07:53.673+0000] {processor.py:830} INFO - Processing file /home/airflow/.local/lib/python3.12/site-packages/airflow/example_dags/subdags/subdag.py for tasks to queue
[2026-05-09T08:07:53.675+0000] {logging_mixin.py:188} INFO - [2026-05-09T08:07:53.675+0000] {dagbag.py:545} INFO - Filling up the DagBag from /home/airflow/.local/lib/python3.12/site-packages/airflow/example_dags/subdags/subdag.py
[2026-05-09T08:07:53.677+0000] {processor.py:842} WARNING - No viable dags retrieved from /home/airflow/.local/lib/python3.12/site-packages/airflow/example_dags/subdags/subdag.py
[2026-05-09T08:07:53.688+0000] {processor.py:183} INFO - Processing /home/airflow/.local/lib/python3.12/site-packages/airflow/example_dags/subdags/subdag.py took 0.021 seconds
[2026-05-09T08:08:24.231+0000] {processor.py:161} INFO - Started process (PID=17116) to work on /home/airflow/.local/lib/python3.12/site-packages/airflow/example_dags/subdags/subdag.py
[2026-05-09T08:08:24.232+0000] {processor.py:830} INFO - Processing file /home/airflow/.local/lib/python3.12/site-packages/airflow/example_dags/subdags/subdag.py for tasks to queue
[2026-05-09T08:08:24.235+0000] {logging_mixin.py:188} INFO - [2026-05-09T08:08:24.235+0000] {dagbag.py:545} INFO - Filling up the DagBag from /home/airflow/.local/lib/python3.12/site-packages/airflow/example_dags/subdags/subdag.py
[2026-05-09T08:08:24.238+0000] {processor.py:842} WARNING - No viable dags retrieved from /home/airflow/.local/lib/python3.12/site-packages/airflow/example_dags/subdags/subdag.py
[2026-05-09T08:08:24.250+0000] {processor.py:183} INFO - Processing /home/airflow/.local/lib/python3.12/site-packages/airflow/example_dags/subdags/subdag.py took 0.024 seconds
[2026-05-09T08:08:54.329+0000] {processor.py:161} INFO - Started process (PID=17176) to work on /home/airflow/.local/lib/python3.12/site-packages/airflow/example_dags/subdags/subdag.py
[2026-05-09T08:08:54.331+0000] {processor.py:830} INFO - Processing file /home/airflow/.local/lib/python3.12/site-packages/airflow/example_dags/subdags/subdag.py for tasks to queue
[2026-05-09T08:08:54.333+0000] {logging_mixin.py:188} INFO - [2026-05-09T08:08:54.332+0000] {dagbag.py:545} INFO - Filling up the DagBag from /home/airflow/.local/lib/python3.12/site-packages/airflow/example_dags/subdags/subdag.py
[2026-05-09T08:08:54.335+0000] {processor.py:842} WARNING - No viable dags retrieved from /home/airflow/.local/lib/python3.12/site-packages/airflow/example_dags/subdags/subdag.py
[2026-05-09T08:08:54.347+0000] {processor.py:183} INFO - Processing /home/airflow/.local/lib/python3.12/site-packages/airflow/example_dags/subdags/subdag.py took 0.022 seconds
[2026-05-09T08:09:24.500+0000] {processor.py:161} INFO - Started process (PID=17236) to work on /home/airflow/.local/lib/python3.12/site-packages/airflow/example_dags/subdags/subdag.py
[2026-05-09T08:09:24.503+0000] {processor.py:830} INFO - Processing file /home/airflow/.local/lib/python3.12/site-packages/airflow/example_dags/subdags/subdag.py for tasks to queue
[2026-05-09T08:09:24.505+0000] {logging_mixin.py:188} INFO - [2026-05-09T08:09:24.504+0000] {dagbag.py:545} INFO - Filling up the DagBag from /home/airflow/.local/lib/python3.12/site-packages/airflow/example_dags/subdags/subdag.py
[2026-05-09T08:09:24.507+0000] {processor.py:842} WARNING - No viable dags retrieved from /home/airflow/.local/lib/python3.12/site-packages/airflow/example_dags/subdags/subdag.py
[2026-05-09T08:09:24.519+0000] {processor.py:183} INFO - Processing /home/airflow/.local/lib/python3.12/site-packages/airflow/example_dags/subdags/subdag.py took 0.023 seconds
[2026-05-09T08:09:54.726+0000] {processor.py:161} INFO - Started process (PID=17296) to work on /home/airflow/.local/lib/python3.12/site-packages/airflow/example_dags/subdags/subdag.py
[2026-05-09T08:09:54.727+0000] {processor.py:830} INFO - Processing file /home/airflow/.local/lib/python3.12/site-packages/airflow/example_dags/subdags/subdag.py for tasks to queue
[2026-05-09T08:09:54.729+0000] {logging_mixin.py:188} INFO - [2026-05-09T08:09:54.729+0000] {dagbag.py:545} INFO - Filling up the DagBag from /home/airflow/.local/lib/python3.12/site-packages/airflow/example_dags/subdags/subdag.py
[2026-05-09T08:09:54.731+0000] {processor.py:842} WARNING - No viable dags retrieved from /home/airflow/.local/lib/python3.12/site-packages/airflow/example_dags/subdags/subdag.py
[2026-05-09T08:09:54.743+0000] {processor.py:183} INFO - Processing /home/airflow/.local/lib/python3.12/site-packages/airflow/example_dags/subdags/subdag.py took 0.022 seconds
[2026-05-09T08:10:25.087+0000] {processor.py:161} INFO - Started process (PID=17356) to work on /home/airflow/.local/lib/python3.12/site-packages/airflow/example_dags/subdags/subdag.py
[2026-05-09T08:10:25.088+0000] {processor.py:830} INFO - Processing file /home/airflow/.local/lib/python3.12/site-packages/airflow/example_dags/subdags/subdag.py for tasks to queue
[2026-05-09T08:10:25.090+0000] {logging_mixin.py:188} INFO - [2026-05-09T08:10:25.089+0000] {dagbag.py:545} INFO - Filling up the DagBag from /home/airflow/.local/lib/python3.12/site-packages/airflow/example_dags/subdags/subdag.py
[2026-05-09T08:10:25.092+0000] {processor.py:842} WARNING - No viable dags retrieved from /home/airflow/.local/lib/python3.12/site-packages/airflow/example_dags/subdags/subdag.py
[2026-05-09T08:10:25.102+0000] {processor.py:183} INFO - Processing /home/airflow/.local/lib/python3.12/site-packages/airflow/example_dags/subdags/subdag.py took 0.020 seconds
[2026-05-09T08:10:55.560+0000] {processor.py:161} INFO - Started process (PID=17416) to work on /home/airflow/.local/lib/python3.12/site-packages/airflow/example_dags/subdags/subdag.py
[2026-05-09T08:10:55.561+0000] {processor.py:830} INFO - Processing file /home/airflow/.local/lib/python3.12/site-packages/airflow/example_dags/subdags/subdag.py for tasks to queue
[2026-05-09T08:10:55.563+0000] {logging_mixin.py:188} INFO - [2026-05-09T08:10:55.563+0000] {dagbag.py:545} INFO - Filling up the DagBag from /home/airflow/.local/lib/python3.12/site-packages/airflow/example_dags/subdags/subdag.py
[2026-05-09T08:10:55.565+0000] {processor.py:842} WARNING - No viable dags retrieved from /home/airflow/.local/lib/python3.12/site-packages/airflow/example_dags/subdags/subdag.py
[2026-05-09T08:10:55.575+0000] {processor.py:183} INFO - Processing /home/airflow/.local/lib/python3.12/site-packages/airflow/example_dags/subdags/subdag.py took 0.021 seconds
[2026-05-09T08:11:26.127+0000] {processor.py:161} INFO - Started process (PID=17476) to work on /home/airflow/.local/lib/python3.12/site-packages/airflow/example_dags/subdags/subdag.py
[2026-05-09T08:11:26.128+0000] {processor.py:830} INFO - Processing file /home/airflow/.local/lib/python3.12/site-packages/airflow/example_dags/subdags/subdag.py for tasks to queue
[2026-05-09T08:11:26.130+0000] {logging_mixin.py:188} INFO - [2026-05-09T08:11:26.130+0000] {dagbag.py:545} INFO - Filling up the DagBag from /home/airflow/.local/lib/python3.12/site-packages/airflow/example_dags/subdags/subdag.py
[2026-05-09T08:11:26.132+0000] {processor.py:842} WARNING - No viable dags retrieved from /home/airflow/.local/lib/python3.12/site-packages/airflow/example_dags/subdags/subdag.py
[2026-05-09T08:11:26.144+0000] {processor.py:183} INFO - Processing /home/airflow/.local/lib/python3.12/site-packages/airflow/example_dags/subdags/subdag.py took 0.021 seconds
[2026-05-09T08:11:56.839+0000] {processor.py:161} INFO - Started process (PID=17536) to work on /home/airflow/.local/lib/python3.12/site-packages/airflow/example_dags/subdags/subdag.py
[2026-05-09T08:11:56.840+0000] {processor.py:830} INFO - Processing file /home/airflow/.local/lib/python3.12/site-packages/airflow/example_dags/subdags/subdag.py for tasks to queue
[2026-05-09T08:11:56.842+0000] {logging_mixin.py:188} INFO - [2026-05-09T08:11:56.842+0000] {dagbag.py:545} INFO - Filling up the DagBag from /home/airflow/.local/lib/python3.12/site-packages/airflow/example_dags/subdags/subdag.py
[2026-05-09T08:11:56.844+0000] {processor.py:842} WARNING - No viable dags retrieved from /home/airflow/.local/lib/python3.12/site-packages/airflow/example_dags/subdags/subdag.py
[2026-05-09T08:11:56.856+0000] {processor.py:183} INFO - Processing /home/airflow/.local/lib/python3.12/site-packages/airflow/example_dags/subdags/subdag.py took 0.021 seconds
[2026-05-09T08:12:27.379+0000] {processor.py:161} INFO - Started process (PID=17596) to work on /home/airflow/.local/lib/python3.12/site-packages/airflow/example_dags/subdags/subdag.py
[2026-05-09T08:12:27.381+0000] {processor.py:830} INFO - Processing file /home/airflow/.local/lib/python3.12/site-packages/airflow/example_dags/subdags/subdag.py for tasks to queue
[2026-05-09T08:12:27.383+0000] {logging_mixin.py:188} INFO - [2026-05-09T08:12:27.383+0000] {dagbag.py:545} INFO - Filling up the DagBag from /home/airflow/.local/lib/python3.12/site-packages/airflow/example_dags/subdags/subdag.py
[2026-05-09T08:12:27.385+0000] {processor.py:842} WARNING - No viable dags retrieved from /home/airflow/.local/lib/python3.12/site-packages/airflow/example_dags/subdags/subdag.py
[2026-05-09T08:12:27.396+0000] {processor.py:183} INFO - Processing /home/airflow/.local/lib/python3.12/site-packages/airflow/example_dags/subdags/subdag.py took 0.021 seconds
[2026-05-09T08:12:58.067+0000] {processor.py:161} INFO - Started process (PID=17656) to work on /home/airflow/.local/lib/python3.12/site-packages/airflow/example_dags/subdags/subdag.py
[2026-05-09T08:12:58.068+0000] {processor.py:830} INFO - Processing file /home/airflow/.local/lib/python3.12/site-packages/airflow/example_dags/subdags/subdag.py for tasks to queue
[2026-05-09T08:12:58.070+0000] {logging_mixin.py:188} INFO - [2026-05-09T08:12:58.070+0000] {dagbag.py:545} INFO - Filling up the DagBag from /home/airflow/.local/lib/python3.12/site-packages/airflow/example_dags/subdags/subdag.py
[2026-05-09T08:12:58.072+0000] {processor.py:842} WARNING - No viable dags retrieved from /home/airflow/.local/lib/python3.12/site-packages/airflow/example_dags/subdags/subdag.py
[2026-05-09T08:12:58.082+0000] {processor.py:183} INFO - Processing /home/airflow/.local/lib/python3.12/site-packages/airflow/example_dags/subdags/subdag.py took 0.020 seconds
[2026-05-09T08:13:28.708+0000] {processor.py:161} INFO - Started process (PID=17716) to work on /home/airflow/.local/lib/python3.12/site-packages/airflow/example_dags/subdags/subdag.py
[2026-05-09T08:13:28.710+0000] {processor.py:830} INFO - Processing file /home/airflow/.local/lib/python3.12/site-packages/airflow/example_dags/subdags/subdag.py for tasks to queue
[2026-05-09T08:13:28.712+0000] {logging_mixin.py:188} INFO - [2026-05-09T08:13:28.711+0000] {dagbag.py:545} INFO - Filling up the DagBag from /home/airflow/.local/lib/python3.12/site-packages/airflow/example_dags/subdags/subdag.py
[2026-05-09T08:13:28.714+0000] {processor.py:842} WARNING - No viable dags retrieved from /home/airflow/.local/lib/python3.12/site-packages/airflow/example_dags/subdags/subdag.py
[2026-05-09T08:13:28.726+0000] {processor.py:183} INFO - Processing /home/airflow/.local/lib/python3.12/site-packages/airflow/example_dags/subdags/subdag.py took 0.023 seconds
[2026-05-09T08:13:59.517+0000] {processor.py:161} INFO - Started process (PID=17776) to work on /home/airflow/.local/lib/python3.12/site-packages/airflow/example_dags/subdags/subdag.py
[2026-05-09T08:13:59.518+0000] {processor.py:830} INFO - Processing file /home/airflow/.local/lib/python3.12/site-packages/airflow/example_dags/subdags/subdag.py for tasks to queue
[2026-05-09T08:13:59.520+0000] {logging_mixin.py:188} INFO - [2026-05-09T08:13:59.520+0000] {dagbag.py:545} INFO - Filling up the DagBag from /home/airflow/.local/lib/python3.12/site-packages/airflow/example_dags/subdags/subdag.py
[2026-05-09T08:13:59.522+0000] {processor.py:842} WARNING - No viable dags retrieved from /home/airflow/.local/lib/python3.12/site-packages/airflow/example_dags/subdags/subdag.py
[2026-05-09T08:13:59.534+0000] {processor.py:183} INFO - Processing /home/airflow/.local/lib/python3.12/site-packages/airflow/example_dags/subdags/subdag.py took 0.022 seconds
[2026-05-09T08:14:30.106+0000] {processor.py:161} INFO - Started process (PID=17836) to work on /home/airflow/.local/lib/python3.12/site-packages/airflow/example_dags/subdags/subdag.py
[2026-05-09T08:14:30.107+0000] {processor.py:830} INFO - Processing file /home/airflow/.local/lib/python3.12/site-packages/airflow/example_dags/subdags/subdag.py for tasks to queue
[2026-05-09T08:14:30.110+0000] {logging_mixin.py:188} INFO - [2026-05-09T08:14:30.109+0000] {dagbag.py:545} INFO - Filling up the DagBag from /home/airflow/.local/lib/python3.12/site-packages/airflow/example_dags/subdags/subdag.py
[2026-05-09T08:14:30.113+0000] {processor.py:842} WARNING - No viable dags retrieved from /home/airflow/.local/lib/python3.12/site-packages/airflow/example_dags/subdags/subdag.py
[2026-05-09T08:14:30.124+0000] {processor.py:183} INFO - Processing /home/airflow/.local/lib/python3.12/site-packages/airflow/example_dags/subdags/subdag.py took 0.024 seconds
[2026-05-09T08:15:00.585+0000] {processor.py:161} INFO - Started process (PID=17896) to work on /home/airflow/.local/lib/python3.12/site-packages/airflow/example_dags/subdags/subdag.py
[2026-05-09T08:15:00.586+0000] {processor.py:830} INFO - Processing file /home/airflow/.local/lib/python3.12/site-packages/airflow/example_dags/subdags/subdag.py for tasks to queue
[2026-05-09T08:15:00.588+0000] {logging_mixin.py:188} INFO - [2026-05-09T08:15:00.588+0000] {dagbag.py:545} INFO - Filling up the DagBag from /home/airflow/.local/lib/python3.12/site-packages/airflow/example_dags/subdags/subdag.py
[2026-05-09T08:15:00.590+0000] {processor.py:842} WARNING - No viable dags retrieved from /home/airflow/.local/lib/python3.12/site-packages/airflow/example_dags/subdags/subdag.py
[2026-05-09T08:15:00.602+0000] {processor.py:183} INFO - Processing /home/airflow/.local/lib/python3.12/site-packages/airflow/example_dags/subdags/subdag.py took 0.022 seconds
[2026-05-09T08:15:31.307+0000] {processor.py:161} INFO - Started process (PID=17956) to work on /home/airflow/.local/lib/python3.12/site-packages/airflow/example_dags/subdags/subdag.py
[2026-05-09T08:15:31.309+0000] {processor.py:830} INFO - Processing file /home/airflow/.local/lib/python3.12/site-packages/airflow/example_dags/subdags/subdag.py for tasks to queue
[2026-05-09T08:15:31.310+0000] {logging_mixin.py:188} INFO - [2026-05-09T08:15:31.310+0000] {dagbag.py:545} INFO - Filling up the DagBag from /home/airflow/.local/lib/python3.12/site-packages/airflow/example_dags/subdags/subdag.py
[2026-05-09T08:15:31.312+0000] {processor.py:842} WARNING - No viable dags retrieved from /home/airflow/.local/lib/python3.12/site-packages/airflow/example_dags/subdags/subdag.py
[2026-05-09T08:15:31.322+0000] {processor.py:183} INFO - Processing /home/airflow/.local/lib/python3.12/site-packages/airflow/example_dags/subdags/subdag.py took 0.020 seconds
[2026-05-09T08:16:01.959+0000] {processor.py:161} INFO - Started process (PID=18017) to work on /home/airflow/.local/lib/python3.12/site-packages/airflow/example_dags/subdags/subdag.py
[2026-05-09T08:16:01.960+0000] {processor.py:830} INFO - Processing file /home/airflow/.local/lib/python3.12/site-packages/airflow/example_dags/subdags/subdag.py for tasks to queue
[2026-05-09T08:16:01.962+0000] {logging_mixin.py:188} INFO - [2026-05-09T08:16:01.962+0000] {dagbag.py:545} INFO - Filling up the DagBag from /home/airflow/.local/lib/python3.12/site-packages/airflow/example_dags/subdags/subdag.py
[2026-05-09T08:16:01.964+0000] {processor.py:842} WARNING - No viable dags retrieved from /home/airflow/.local/lib/python3.12/site-packages/airflow/example_dags/subdags/subdag.py
[2026-05-09T08:16:01.974+0000] {processor.py:183} INFO - Processing /home/airflow/.local/lib/python3.12/site-packages/airflow/example_dags/subdags/subdag.py took 0.019 seconds
[2026-05-09T08:16:32.853+0000] {processor.py:161} INFO - Started process (PID=18077) to work on /home/airflow/.local/lib/python3.12/site-packages/airflow/example_dags/subdags/subdag.py
[2026-05-09T08:16:32.854+0000] {processor.py:830} INFO - Processing file /home/airflow/.local/lib/python3.12/site-packages/airflow/example_dags/subdags/subdag.py for tasks to queue
[2026-05-09T08:16:32.856+0000] {logging_mixin.py:188} INFO - [2026-05-09T08:16:32.855+0000] {dagbag.py:545} INFO - Filling up the DagBag from /home/airflow/.local/lib/python3.12/site-packages/airflow/example_dags/subdags/subdag.py
[2026-05-09T08:16:32.857+0000] {processor.py:842} WARNING - No viable dags retrieved from /home/airflow/.local/lib/python3.12/site-packages/airflow/example_dags/subdags/subdag.py
[2026-05-09T08:16:32.868+0000] {processor.py:183} INFO - Processing /home/airflow/.local/lib/python3.12/site-packages/airflow/example_dags/subdags/subdag.py took 0.019 seconds
[2026-05-09T08:17:03.721+0000] {processor.py:161} INFO - Started process (PID=18137) to work on /home/airflow/.local/lib/python3.12/site-packages/airflow/example_dags/subdags/subdag.py
[2026-05-09T08:17:03.722+0000] {processor.py:830} INFO - Processing file /home/airflow/.local/lib/python3.12/site-packages/airflow/example_dags/subdags/subdag.py for tasks to queue
[2026-05-09T08:17:03.724+0000] {logging_mixin.py:188} INFO - [2026-05-09T08:17:03.724+0000] {dagbag.py:545} INFO - Filling up the DagBag from /home/airflow/.local/lib/python3.12/site-packages/airflow/example_dags/subdags/subdag.py
[2026-05-09T08:17:03.726+0000] {processor.py:842} WARNING - No viable dags retrieved from /home/airflow/.local/lib/python3.12/site-packages/airflow/example_dags/subdags/subdag.py
[2026-05-09T08:17:03.736+0000] {processor.py:183} INFO - Processing /home/airflow/.local/lib/python3.12/site-packages/airflow/example_dags/subdags/subdag.py took 0.020 seconds
[2026-05-09T08:17:34.517+0000] {processor.py:161} INFO - Started process (PID=18197) to work on /home/airflow/.local/lib/python3.12/site-packages/airflow/example_dags/subdags/subdag.py
[2026-05-09T08:17:34.518+0000] {processor.py:830} INFO - Processing file /home/airflow/.local/lib/python3.12/site-packages/airflow/example_dags/subdags/subdag.py for tasks to queue
[2026-05-09T08:17:34.520+0000] {logging_mixin.py:188} INFO - [2026-05-09T08:17:34.520+0000] {dagbag.py:545} INFO - Filling up the DagBag from /home/airflow/.local/lib/python3.12/site-packages/airflow/example_dags/subdags/subdag.py
[2026-05-09T08:17:34.522+0000] {processor.py:842} WARNING - No viable dags retrieved from /home/airflow/.local/lib/python3.12/site-packages/airflow/example_dags/subdags/subdag.py
[2026-05-09T08:17:34.535+0000] {processor.py:183} INFO - Processing /home/airflow/.local/lib/python3.12/site-packages/airflow/example_dags/subdags/subdag.py took 0.023 seconds
[2026-05-09T08:18:05.030+0000] {processor.py:161} INFO - Started process (PID=18257) to work on /home/airflow/.local/lib/python3.12/site-packages/airflow/example_dags/subdags/subdag.py
[2026-05-09T08:18:05.032+0000] {processor.py:830} INFO - Processing file /home/airflow/.local/lib/python3.12/site-packages/airflow/example_dags/subdags/subdag.py for tasks to queue
[2026-05-09T08:18:05.033+0000] {logging_mixin.py:188} INFO - [2026-05-09T08:18:05.033+0000] {dagbag.py:545} INFO - Filling up the DagBag from /home/airflow/.local/lib/python3.12/site-packages/airflow/example_dags/subdags/subdag.py
[2026-05-09T08:18:05.036+0000] {processor.py:842} WARNING - No viable dags retrieved from /home/airflow/.local/lib/python3.12/site-packages/airflow/example_dags/subdags/subdag.py
[2026-05-09T08:18:05.047+0000] {processor.py:183} INFO - Processing /home/airflow/.local/lib/python3.12/site-packages/airflow/example_dags/subdags/subdag.py took 0.022 seconds
[2026-05-09T08:18:35.735+0000] {processor.py:161} INFO - Started process (PID=18317) to work on /home/airflow/.local/lib/python3.12/site-packages/airflow/example_dags/subdags/subdag.py
[2026-05-09T08:18:35.737+0000] {processor.py:830} INFO - Processing file /home/airflow/.local/lib/python3.12/site-packages/airflow/example_dags/subdags/subdag.py for tasks to queue
[2026-05-09T08:18:35.740+0000] {logging_mixin.py:188} INFO - [2026-05-09T08:18:35.739+0000] {dagbag.py:545} INFO - Filling up the DagBag from /home/airflow/.local/lib/python3.12/site-packages/airflow/example_dags/subdags/subdag.py
[2026-05-09T08:18:35.743+0000] {processor.py:842} WARNING - No viable dags retrieved from /home/airflow/.local/lib/python3.12/site-packages/airflow/example_dags/subdags/subdag.py
[2026-05-09T08:18:35.756+0000] {processor.py:183} INFO - Processing /home/airflow/.local/lib/python3.12/site-packages/airflow/example_dags/subdags/subdag.py took 0.027 seconds
[2026-05-09T08:19:05.838+0000] {processor.py:161} INFO - Started process (PID=18376) to work on /home/airflow/.local/lib/python3.12/site-packages/airflow/example_dags/subdags/subdag.py
[2026-05-09T08:19:05.839+0000] {processor.py:830} INFO - Processing file /home/airflow/.local/lib/python3.12/site-packages/airflow/example_dags/subdags/subdag.py for tasks to queue
[2026-05-09T08:19:05.841+0000] {logging_mixin.py:188} INFO - [2026-05-09T08:19:05.841+0000] {dagbag.py:545} INFO - Filling up the DagBag from /home/airflow/.local/lib/python3.12/site-packages/airflow/example_dags/subdags/subdag.py
[2026-05-09T08:19:05.843+0000] {processor.py:842} WARNING - No viable dags retrieved from /home/airflow/.local/lib/python3.12/site-packages/airflow/example_dags/subdags/subdag.py
[2026-05-09T08:19:05.855+0000] {processor.py:183} INFO - Processing /home/airflow/.local/lib/python3.12/site-packages/airflow/example_dags/subdags/subdag.py took 0.022 seconds
[2026-05-09T08:19:36.078+0000] {processor.py:161} INFO - Started process (PID=18436) to work on /home/airflow/.local/lib/python3.12/site-packages/airflow/example_dags/subdags/subdag.py
[2026-05-09T08:19:36.079+0000] {processor.py:830} INFO - Processing file /home/airflow/.local/lib/python3.12/site-packages/airflow/example_dags/subdags/subdag.py for tasks to queue
[2026-05-09T08:19:36.081+0000] {logging_mixin.py:188} INFO - [2026-05-09T08:19:36.081+0000] {dagbag.py:545} INFO - Filling up the DagBag from /home/airflow/.local/lib/python3.12/site-packages/airflow/example_dags/subdags/subdag.py
[2026-05-09T08:19:36.084+0000] {processor.py:842} WARNING - No viable dags retrieved from /home/airflow/.local/lib/python3.12/site-packages/airflow/example_dags/subdags/subdag.py
[2026-05-09T08:19:36.097+0000] {processor.py:183} INFO - Processing /home/airflow/.local/lib/python3.12/site-packages/airflow/example_dags/subdags/subdag.py took 0.024 seconds
[2026-05-09T08:20:06.548+0000] {processor.py:161} INFO - Started process (PID=18496) to work on /home/airflow/.local/lib/python3.12/site-packages/airflow/example_dags/subdags/subdag.py
[2026-05-09T08:20:06.549+0000] {processor.py:830} INFO - Processing file /home/airflow/.local/lib/python3.12/site-packages/airflow/example_dags/subdags/subdag.py for tasks to queue
[2026-05-09T08:20:06.552+0000] {logging_mixin.py:188} INFO - [2026-05-09T08:20:06.551+0000] {dagbag.py:545} INFO - Filling up the DagBag from /home/airflow/.local/lib/python3.12/site-packages/airflow/example_dags/subdags/subdag.py
[2026-05-09T08:20:06.554+0000] {processor.py:842} WARNING - No viable dags retrieved from /home/airflow/.local/lib/python3.12/site-packages/airflow/example_dags/subdags/subdag.py
[2026-05-09T08:20:06.567+0000] {processor.py:183} INFO - Processing /home/airflow/.local/lib/python3.12/site-packages/airflow/example_dags/subdags/subdag.py took 0.023 seconds
[2026-05-09T08:20:37.344+0000] {processor.py:161} INFO - Started process (PID=18556) to work on /home/airflow/.local/lib/python3.12/site-packages/airflow/example_dags/subdags/subdag.py
[2026-05-09T08:20:37.346+0000] {processor.py:830} INFO - Processing file /home/airflow/.local/lib/python3.12/site-packages/airflow/example_dags/subdags/subdag.py for tasks to queue
[2026-05-09T08:20:37.349+0000] {logging_mixin.py:188} INFO - [2026-05-09T08:20:37.348+0000] {dagbag.py:545} INFO - Filling up the DagBag from /home/airflow/.local/lib/python3.12/site-packages/airflow/example_dags/subdags/subdag.py
[2026-05-09T08:20:37.352+0000] {processor.py:842} WARNING - No viable dags retrieved from /home/airflow/.local/lib/python3.12/site-packages/airflow/example_dags/subdags/subdag.py
[2026-05-09T08:20:37.369+0000] {processor.py:183} INFO - Processing /home/airflow/.local/lib/python3.12/site-packages/airflow/example_dags/subdags/subdag.py took 0.032 seconds
[2026-05-09T08:21:07.797+0000] {processor.py:161} INFO - Started process (PID=18617) to work on /home/airflow/.local/lib/python3.12/site-packages/airflow/example_dags/subdags/subdag.py
[2026-05-09T08:21:07.800+0000] {processor.py:830} INFO - Processing file /home/airflow/.local/lib/python3.12/site-packages/airflow/example_dags/subdags/subdag.py for tasks to queue
[2026-05-09T08:21:07.805+0000] {logging_mixin.py:188} INFO - [2026-05-09T08:21:07.805+0000] {dagbag.py:545} INFO - Filling up the DagBag from /home/airflow/.local/lib/python3.12/site-packages/airflow/example_dags/subdags/subdag.py
[2026-05-09T08:21:07.810+0000] {processor.py:842} WARNING - No viable dags retrieved from /home/airflow/.local/lib/python3.12/site-packages/airflow/example_dags/subdags/subdag.py
[2026-05-09T08:21:07.839+0000] {processor.py:183} INFO - Processing /home/airflow/.local/lib/python3.12/site-packages/airflow/example_dags/subdags/subdag.py took 0.051 seconds
[2026-05-09T08:21:38.735+0000] {processor.py:161} INFO - Started process (PID=18678) to work on /home/airflow/.local/lib/python3.12/site-packages/airflow/example_dags/subdags/subdag.py
[2026-05-09T08:21:38.736+0000] {processor.py:830} INFO - Processing file /home/airflow/.local/lib/python3.12/site-packages/airflow/example_dags/subdags/subdag.py for tasks to queue
[2026-05-09T08:21:38.746+0000] {logging_mixin.py:188} INFO - [2026-05-09T08:21:38.745+0000] {dagbag.py:545} INFO - Filling up the DagBag from /home/airflow/.local/lib/python3.12/site-packages/airflow/example_dags/subdags/subdag.py
[2026-05-09T08:21:38.750+0000] {processor.py:842} WARNING - No viable dags retrieved from /home/airflow/.local/lib/python3.12/site-packages/airflow/example_dags/subdags/subdag.py
[2026-05-09T08:21:38.775+0000] {processor.py:183} INFO - Processing /home/airflow/.local/lib/python3.12/site-packages/airflow/example_dags/subdags/subdag.py took 0.051 seconds
[2026-05-09T18:58:45.291+0000] {processor.py:161} INFO - Started process (PID=109) to work on /home/airflow/.local/lib/python3.12/site-packages/airflow/example_dags/subdags/subdag.py
[2026-05-09T18:58:45.293+0000] {processor.py:830} INFO - Processing file /home/airflow/.local/lib/python3.12/site-packages/airflow/example_dags/subdags/subdag.py for tasks to queue
[2026-05-09T18:58:45.295+0000] {logging_mixin.py:188} INFO - [2026-05-09T18:58:45.295+0000] {dagbag.py:545} INFO - Filling up the DagBag from /home/airflow/.local/lib/python3.12/site-packages/airflow/example_dags/subdags/subdag.py
[2026-05-09T18:58:45.297+0000] {processor.py:842} WARNING - No viable dags retrieved from /home/airflow/.local/lib/python3.12/site-packages/airflow/example_dags/subdags/subdag.py
[2026-05-09T18:58:45.309+0000] {processor.py:183} INFO - Processing /home/airflow/.local/lib/python3.12/site-packages/airflow/example_dags/subdags/subdag.py took 0.022 seconds
[2026-05-09T18:59:15.669+0000] {processor.py:161} INFO - Started process (PID=167) to work on /home/airflow/.local/lib/python3.12/site-packages/airflow/example_dags/subdags/subdag.py
[2026-05-09T18:59:15.671+0000] {processor.py:830} INFO - Processing file /home/airflow/.local/lib/python3.12/site-packages/airflow/example_dags/subdags/subdag.py for tasks to queue
[2026-05-09T18:59:15.676+0000] {logging_mixin.py:188} INFO - [2026-05-09T18:59:15.676+0000] {dagbag.py:545} INFO - Filling up the DagBag from /home/airflow/.local/lib/python3.12/site-packages/airflow/example_dags/subdags/subdag.py
[2026-05-09T18:59:15.679+0000] {processor.py:842} WARNING - No viable dags retrieved from /home/airflow/.local/lib/python3.12/site-packages/airflow/example_dags/subdags/subdag.py
[2026-05-09T18:59:15.697+0000] {processor.py:183} INFO - Processing /home/airflow/.local/lib/python3.12/site-packages/airflow/example_dags/subdags/subdag.py took 0.034 seconds
[2026-05-09T18:59:46.238+0000] {processor.py:161} INFO - Started process (PID=227) to work on /home/airflow/.local/lib/python3.12/site-packages/airflow/example_dags/subdags/subdag.py
[2026-05-09T18:59:46.240+0000] {processor.py:830} INFO - Processing file /home/airflow/.local/lib/python3.12/site-packages/airflow/example_dags/subdags/subdag.py for tasks to queue
[2026-05-09T18:59:46.243+0000] {logging_mixin.py:188} INFO - [2026-05-09T18:59:46.242+0000] {dagbag.py:545} INFO - Filling up the DagBag from /home/airflow/.local/lib/python3.12/site-packages/airflow/example_dags/subdags/subdag.py
[2026-05-09T18:59:46.246+0000] {processor.py:842} WARNING - No viable dags retrieved from /home/airflow/.local/lib/python3.12/site-packages/airflow/example_dags/subdags/subdag.py
[2026-05-09T18:59:46.260+0000] {processor.py:183} INFO - Processing /home/airflow/.local/lib/python3.12/site-packages/airflow/example_dags/subdags/subdag.py took 0.028 seconds
[2026-05-09T19:00:16.701+0000] {processor.py:161} INFO - Started process (PID=287) to work on /home/airflow/.local/lib/python3.12/site-packages/airflow/example_dags/subdags/subdag.py
[2026-05-09T19:00:16.702+0000] {processor.py:830} INFO - Processing file /home/airflow/.local/lib/python3.12/site-packages/airflow/example_dags/subdags/subdag.py for tasks to queue
[2026-05-09T19:00:16.704+0000] {logging_mixin.py:188} INFO - [2026-05-09T19:00:16.704+0000] {dagbag.py:545} INFO - Filling up the DagBag from /home/airflow/.local/lib/python3.12/site-packages/airflow/example_dags/subdags/subdag.py
[2026-05-09T19:00:16.707+0000] {processor.py:842} WARNING - No viable dags retrieved from /home/airflow/.local/lib/python3.12/site-packages/airflow/example_dags/subdags/subdag.py
[2026-05-09T19:00:16.731+0000] {processor.py:183} INFO - Processing /home/airflow/.local/lib/python3.12/site-packages/airflow/example_dags/subdags/subdag.py took 0.037 seconds
[2026-05-09T19:00:47.977+0000] {processor.py:161} INFO - Started process (PID=349) to work on /home/airflow/.local/lib/python3.12/site-packages/airflow/example_dags/subdags/subdag.py
[2026-05-09T19:00:47.979+0000] {processor.py:830} INFO - Processing file /home/airflow/.local/lib/python3.12/site-packages/airflow/example_dags/subdags/subdag.py for tasks to queue
[2026-05-09T19:00:47.981+0000] {logging_mixin.py:188} INFO - [2026-05-09T19:00:47.981+0000] {dagbag.py:545} INFO - Filling up the DagBag from /home/airflow/.local/lib/python3.12/site-packages/airflow/example_dags/subdags/subdag.py
[2026-05-09T19:00:47.984+0000] {processor.py:842} WARNING - No viable dags retrieved from /home/airflow/.local/lib/python3.12/site-packages/airflow/example_dags/subdags/subdag.py
[2026-05-09T19:00:47.998+0000] {processor.py:183} INFO - Processing /home/airflow/.local/lib/python3.12/site-packages/airflow/example_dags/subdags/subdag.py took 0.027 seconds
[2026-05-09T19:01:18.091+0000] {processor.py:161} INFO - Started process (PID=409) to work on /home/airflow/.local/lib/python3.12/site-packages/airflow/example_dags/subdags/subdag.py
[2026-05-09T19:01:18.093+0000] {processor.py:830} INFO - Processing file /home/airflow/.local/lib/python3.12/site-packages/airflow/example_dags/subdags/subdag.py for tasks to queue
[2026-05-09T19:01:18.095+0000] {logging_mixin.py:188} INFO - [2026-05-09T19:01:18.094+0000] {dagbag.py:545} INFO - Filling up the DagBag from /home/airflow/.local/lib/python3.12/site-packages/airflow/example_dags/subdags/subdag.py
[2026-05-09T19:01:18.097+0000] {processor.py:842} WARNING - No viable dags retrieved from /home/airflow/.local/lib/python3.12/site-packages/airflow/example_dags/subdags/subdag.py
[2026-05-09T19:01:18.109+0000] {processor.py:183} INFO - Processing /home/airflow/.local/lib/python3.12/site-packages/airflow/example_dags/subdags/subdag.py took 0.022 seconds
[2026-05-09T19:01:48.309+0000] {processor.py:161} INFO - Started process (PID=467) to work on /home/airflow/.local/lib/python3.12/site-packages/airflow/example_dags/subdags/subdag.py
[2026-05-09T19:01:48.311+0000] {processor.py:830} INFO - Processing file /home/airflow/.local/lib/python3.12/site-packages/airflow/example_dags/subdags/subdag.py for tasks to queue
[2026-05-09T19:01:48.314+0000] {logging_mixin.py:188} INFO - [2026-05-09T19:01:48.313+0000] {dagbag.py:545} INFO - Filling up the DagBag from /home/airflow/.local/lib/python3.12/site-packages/airflow/example_dags/subdags/subdag.py
[2026-05-09T19:01:48.316+0000] {processor.py:842} WARNING - No viable dags retrieved from /home/airflow/.local/lib/python3.12/site-packages/airflow/example_dags/subdags/subdag.py
[2026-05-09T19:01:48.326+0000] {processor.py:183} INFO - Processing /home/airflow/.local/lib/python3.12/site-packages/airflow/example_dags/subdags/subdag.py took 0.022 seconds
[2026-05-09T19:02:19.030+0000] {processor.py:161} INFO - Started process (PID=527) to work on /home/airflow/.local/lib/python3.12/site-packages/airflow/example_dags/subdags/subdag.py
[2026-05-09T19:02:19.032+0000] {processor.py:830} INFO - Processing file /home/airflow/.local/lib/python3.12/site-packages/airflow/example_dags/subdags/subdag.py for tasks to queue
[2026-05-09T19:02:19.034+0000] {logging_mixin.py:188} INFO - [2026-05-09T19:02:19.034+0000] {dagbag.py:545} INFO - Filling up the DagBag from /home/airflow/.local/lib/python3.12/site-packages/airflow/example_dags/subdags/subdag.py
[2026-05-09T19:02:19.038+0000] {processor.py:842} WARNING - No viable dags retrieved from /home/airflow/.local/lib/python3.12/site-packages/airflow/example_dags/subdags/subdag.py
[2026-05-09T19:02:19.052+0000] {processor.py:183} INFO - Processing /home/airflow/.local/lib/python3.12/site-packages/airflow/example_dags/subdags/subdag.py took 0.028 seconds
[2026-05-09T19:02:50.072+0000] {processor.py:161} INFO - Started process (PID=587) to work on /home/airflow/.local/lib/python3.12/site-packages/airflow/example_dags/subdags/subdag.py
[2026-05-09T19:02:50.073+0000] {processor.py:830} INFO - Processing file /home/airflow/.local/lib/python3.12/site-packages/airflow/example_dags/subdags/subdag.py for tasks to queue
[2026-05-09T19:02:50.075+0000] {logging_mixin.py:188} INFO - [2026-05-09T19:02:50.075+0000] {dagbag.py:545} INFO - Filling up the DagBag from /home/airflow/.local/lib/python3.12/site-packages/airflow/example_dags/subdags/subdag.py
[2026-05-09T19:02:50.077+0000] {processor.py:842} WARNING - No viable dags retrieved from /home/airflow/.local/lib/python3.12/site-packages/airflow/example_dags/subdags/subdag.py
[2026-05-09T19:02:50.090+0000] {processor.py:183} INFO - Processing /home/airflow/.local/lib/python3.12/site-packages/airflow/example_dags/subdags/subdag.py took 0.022 seconds
[2026-05-09T19:03:21.071+0000] {processor.py:161} INFO - Started process (PID=647) to work on /home/airflow/.local/lib/python3.12/site-packages/airflow/example_dags/subdags/subdag.py
[2026-05-09T19:03:21.073+0000] {processor.py:830} INFO - Processing file /home/airflow/.local/lib/python3.12/site-packages/airflow/example_dags/subdags/subdag.py for tasks to queue
[2026-05-09T19:03:21.076+0000] {logging_mixin.py:188} INFO - [2026-05-09T19:03:21.076+0000] {dagbag.py:545} INFO - Filling up the DagBag from /home/airflow/.local/lib/python3.12/site-packages/airflow/example_dags/subdags/subdag.py
[2026-05-09T19:03:21.079+0000] {processor.py:842} WARNING - No viable dags retrieved from /home/airflow/.local/lib/python3.12/site-packages/airflow/example_dags/subdags/subdag.py
[2026-05-09T19:03:21.091+0000] {processor.py:183} INFO - Processing /home/airflow/.local/lib/python3.12/site-packages/airflow/example_dags/subdags/subdag.py took 0.025 seconds
[2026-05-09T19:03:52.928+0000] {processor.py:161} INFO - Started process (PID=709) to work on /home/airflow/.local/lib/python3.12/site-packages/airflow/example_dags/subdags/subdag.py
[2026-05-09T19:03:52.931+0000] {processor.py:830} INFO - Processing file /home/airflow/.local/lib/python3.12/site-packages/airflow/example_dags/subdags/subdag.py for tasks to queue
[2026-05-09T19:03:52.935+0000] {logging_mixin.py:188} INFO - [2026-05-09T19:03:52.934+0000] {dagbag.py:545} INFO - Filling up the DagBag from /home/airflow/.local/lib/python3.12/site-packages/airflow/example_dags/subdags/subdag.py
[2026-05-09T19:03:52.938+0000] {processor.py:842} WARNING - No viable dags retrieved from /home/airflow/.local/lib/python3.12/site-packages/airflow/example_dags/subdags/subdag.py
[2026-05-09T19:03:52.957+0000] {processor.py:183} INFO - Processing /home/airflow/.local/lib/python3.12/site-packages/airflow/example_dags/subdags/subdag.py took 0.036 seconds
[2026-05-09T19:04:24.390+0000] {processor.py:161} INFO - Started process (PID=770) to work on /home/airflow/.local/lib/python3.12/site-packages/airflow/example_dags/subdags/subdag.py
[2026-05-09T19:04:24.392+0000] {processor.py:830} INFO - Processing file /home/airflow/.local/lib/python3.12/site-packages/airflow/example_dags/subdags/subdag.py for tasks to queue
[2026-05-09T19:04:24.400+0000] {logging_mixin.py:188} INFO - [2026-05-09T19:04:24.398+0000] {dagbag.py:545} INFO - Filling up the DagBag from /home/airflow/.local/lib/python3.12/site-packages/airflow/example_dags/subdags/subdag.py
[2026-05-09T19:04:24.407+0000] {processor.py:842} WARNING - No viable dags retrieved from /home/airflow/.local/lib/python3.12/site-packages/airflow/example_dags/subdags/subdag.py
[2026-05-09T19:04:24.452+0000] {processor.py:183} INFO - Processing /home/airflow/.local/lib/python3.12/site-packages/airflow/example_dags/subdags/subdag.py took 0.084 seconds
[2026-05-09T19:04:54.584+0000] {processor.py:161} INFO - Started process (PID=828) to work on /home/airflow/.local/lib/python3.12/site-packages/airflow/example_dags/subdags/subdag.py
[2026-05-09T19:04:54.585+0000] {processor.py:830} INFO - Processing file /home/airflow/.local/lib/python3.12/site-packages/airflow/example_dags/subdags/subdag.py for tasks to queue
[2026-05-09T19:04:54.587+0000] {logging_mixin.py:188} INFO - [2026-05-09T19:04:54.587+0000] {dagbag.py:545} INFO - Filling up the DagBag from /home/airflow/.local/lib/python3.12/site-packages/airflow/example_dags/subdags/subdag.py
[2026-05-09T19:04:54.591+0000] {processor.py:842} WARNING - No viable dags retrieved from /home/airflow/.local/lib/python3.12/site-packages/airflow/example_dags/subdags/subdag.py
[2026-05-09T19:04:54.612+0000] {processor.py:183} INFO - Processing /home/airflow/.local/lib/python3.12/site-packages/airflow/example_dags/subdags/subdag.py took 0.037 seconds
[2026-05-09T19:05:24.962+0000] {processor.py:161} INFO - Started process (PID=888) to work on /home/airflow/.local/lib/python3.12/site-packages/airflow/example_dags/subdags/subdag.py
[2026-05-09T19:05:24.963+0000] {processor.py:830} INFO - Processing file /home/airflow/.local/lib/python3.12/site-packages/airflow/example_dags/subdags/subdag.py for tasks to queue
[2026-05-09T19:05:24.967+0000] {logging_mixin.py:188} INFO - [2026-05-09T19:05:24.966+0000] {dagbag.py:545} INFO - Filling up the DagBag from /home/airflow/.local/lib/python3.12/site-packages/airflow/example_dags/subdags/subdag.py
[2026-05-09T19:05:24.971+0000] {processor.py:842} WARNING - No viable dags retrieved from /home/airflow/.local/lib/python3.12/site-packages/airflow/example_dags/subdags/subdag.py
[2026-05-09T19:05:24.991+0000] {processor.py:183} INFO - Processing /home/airflow/.local/lib/python3.12/site-packages/airflow/example_dags/subdags/subdag.py took 0.040 seconds
[2026-05-09T19:05:55.959+0000] {processor.py:161} INFO - Started process (PID=948) to work on /home/airflow/.local/lib/python3.12/site-packages/airflow/example_dags/subdags/subdag.py
[2026-05-09T19:05:55.961+0000] {processor.py:830} INFO - Processing file /home/airflow/.local/lib/python3.12/site-packages/airflow/example_dags/subdags/subdag.py for tasks to queue
[2026-05-09T19:05:55.964+0000] {logging_mixin.py:188} INFO - [2026-05-09T19:05:55.964+0000] {dagbag.py:545} INFO - Filling up the DagBag from /home/airflow/.local/lib/python3.12/site-packages/airflow/example_dags/subdags/subdag.py
[2026-05-09T19:05:55.968+0000] {processor.py:842} WARNING - No viable dags retrieved from /home/airflow/.local/lib/python3.12/site-packages/airflow/example_dags/subdags/subdag.py
[2026-05-09T19:05:55.989+0000] {processor.py:183} INFO - Processing /home/airflow/.local/lib/python3.12/site-packages/airflow/example_dags/subdags/subdag.py took 0.039 seconds
[2026-05-09T19:06:26.056+0000] {processor.py:161} INFO - Started process (PID=1008) to work on /home/airflow/.local/lib/python3.12/site-packages/airflow/example_dags/subdags/subdag.py
[2026-05-09T19:06:26.058+0000] {processor.py:830} INFO - Processing file /home/airflow/.local/lib/python3.12/site-packages/airflow/example_dags/subdags/subdag.py for tasks to queue
[2026-05-09T19:06:26.061+0000] {logging_mixin.py:188} INFO - [2026-05-09T19:06:26.061+0000] {dagbag.py:545} INFO - Filling up the DagBag from /home/airflow/.local/lib/python3.12/site-packages/airflow/example_dags/subdags/subdag.py
[2026-05-09T19:06:26.065+0000] {processor.py:842} WARNING - No viable dags retrieved from /home/airflow/.local/lib/python3.12/site-packages/airflow/example_dags/subdags/subdag.py
[2026-05-09T19:06:26.092+0000] {processor.py:183} INFO - Processing /home/airflow/.local/lib/python3.12/site-packages/airflow/example_dags/subdags/subdag.py took 0.045 seconds
[2026-05-09T19:06:57.188+0000] {processor.py:161} INFO - Started process (PID=1067) to work on /home/airflow/.local/lib/python3.12/site-packages/airflow/example_dags/subdags/subdag.py
[2026-05-09T19:06:57.190+0000] {processor.py:830} INFO - Processing file /home/airflow/.local/lib/python3.12/site-packages/airflow/example_dags/subdags/subdag.py for tasks to queue
[2026-05-09T19:06:57.193+0000] {logging_mixin.py:188} INFO - [2026-05-09T19:06:57.193+0000] {dagbag.py:545} INFO - Filling up the DagBag from /home/airflow/.local/lib/python3.12/site-packages/airflow/example_dags/subdags/subdag.py
[2026-05-09T19:06:57.197+0000] {processor.py:842} WARNING - No viable dags retrieved from /home/airflow/.local/lib/python3.12/site-packages/airflow/example_dags/subdags/subdag.py
[2026-05-09T19:06:57.219+0000] {processor.py:183} INFO - Processing /home/airflow/.local/lib/python3.12/site-packages/airflow/example_dags/subdags/subdag.py took 0.038 seconds
[2026-05-09T19:07:29.188+0000] {processor.py:161} INFO - Started process (PID=1128) to work on /home/airflow/.local/lib/python3.12/site-packages/airflow/example_dags/subdags/subdag.py
[2026-05-09T19:07:29.191+0000] {processor.py:830} INFO - Processing file /home/airflow/.local/lib/python3.12/site-packages/airflow/example_dags/subdags/subdag.py for tasks to queue
[2026-05-09T19:07:29.198+0000] {logging_mixin.py:188} INFO - [2026-05-09T19:07:29.197+0000] {dagbag.py:545} INFO - Filling up the DagBag from /home/airflow/.local/lib/python3.12/site-packages/airflow/example_dags/subdags/subdag.py
[2026-05-09T19:07:29.202+0000] {processor.py:842} WARNING - No viable dags retrieved from /home/airflow/.local/lib/python3.12/site-packages/airflow/example_dags/subdags/subdag.py
[2026-05-09T19:07:29.237+0000] {processor.py:183} INFO - Processing /home/airflow/.local/lib/python3.12/site-packages/airflow/example_dags/subdags/subdag.py took 0.062 seconds
[2026-05-09T19:08:00.067+0000] {processor.py:161} INFO - Started process (PID=1189) to work on /home/airflow/.local/lib/python3.12/site-packages/airflow/example_dags/subdags/subdag.py
[2026-05-09T19:08:00.070+0000] {processor.py:830} INFO - Processing file /home/airflow/.local/lib/python3.12/site-packages/airflow/example_dags/subdags/subdag.py for tasks to queue
[2026-05-09T19:08:00.075+0000] {logging_mixin.py:188} INFO - [2026-05-09T19:08:00.073+0000] {dagbag.py:545} INFO - Filling up the DagBag from /home/airflow/.local/lib/python3.12/site-packages/airflow/example_dags/subdags/subdag.py
[2026-05-09T19:08:00.080+0000] {processor.py:842} WARNING - No viable dags retrieved from /home/airflow/.local/lib/python3.12/site-packages/airflow/example_dags/subdags/subdag.py
[2026-05-09T19:08:00.101+0000] {processor.py:183} INFO - Processing /home/airflow/.local/lib/python3.12/site-packages/airflow/example_dags/subdags/subdag.py took 0.041 seconds
[2026-05-09T19:08:30.481+0000] {processor.py:161} INFO - Started process (PID=1249) to work on /home/airflow/.local/lib/python3.12/site-packages/airflow/example_dags/subdags/subdag.py
[2026-05-09T19:08:30.482+0000] {processor.py:830} INFO - Processing file /home/airflow/.local/lib/python3.12/site-packages/airflow/example_dags/subdags/subdag.py for tasks to queue
[2026-05-09T19:08:30.485+0000] {logging_mixin.py:188} INFO - [2026-05-09T19:08:30.484+0000] {dagbag.py:545} INFO - Filling up the DagBag from /home/airflow/.local/lib/python3.12/site-packages/airflow/example_dags/subdags/subdag.py
[2026-05-09T19:08:30.488+0000] {processor.py:842} WARNING - No viable dags retrieved from /home/airflow/.local/lib/python3.12/site-packages/airflow/example_dags/subdags/subdag.py
[2026-05-09T19:08:30.501+0000] {processor.py:183} INFO - Processing /home/airflow/.local/lib/python3.12/site-packages/airflow/example_dags/subdags/subdag.py took 0.026 seconds
[2026-05-09T19:09:00.956+0000] {processor.py:161} INFO - Started process (PID=1308) to work on /home/airflow/.local/lib/python3.12/site-packages/airflow/example_dags/subdags/subdag.py
[2026-05-09T19:09:00.957+0000] {processor.py:830} INFO - Processing file /home/airflow/.local/lib/python3.12/site-packages/airflow/example_dags/subdags/subdag.py for tasks to queue
[2026-05-09T19:09:00.959+0000] {logging_mixin.py:188} INFO - [2026-05-09T19:09:00.959+0000] {dagbag.py:545} INFO - Filling up the DagBag from /home/airflow/.local/lib/python3.12/site-packages/airflow/example_dags/subdags/subdag.py
[2026-05-09T19:09:00.962+0000] {processor.py:842} WARNING - No viable dags retrieved from /home/airflow/.local/lib/python3.12/site-packages/airflow/example_dags/subdags/subdag.py
[2026-05-09T19:09:00.972+0000] {processor.py:183} INFO - Processing /home/airflow/.local/lib/python3.12/site-packages/airflow/example_dags/subdags/subdag.py took 0.022 seconds
[2026-05-09T19:09:31.469+0000] {processor.py:161} INFO - Started process (PID=1368) to work on /home/airflow/.local/lib/python3.12/site-packages/airflow/example_dags/subdags/subdag.py
[2026-05-09T19:09:31.470+0000] {processor.py:830} INFO - Processing file /home/airflow/.local/lib/python3.12/site-packages/airflow/example_dags/subdags/subdag.py for tasks to queue
[2026-05-09T19:09:31.473+0000] {logging_mixin.py:188} INFO - [2026-05-09T19:09:31.472+0000] {dagbag.py:545} INFO - Filling up the DagBag from /home/airflow/.local/lib/python3.12/site-packages/airflow/example_dags/subdags/subdag.py
[2026-05-09T19:09:31.475+0000] {processor.py:842} WARNING - No viable dags retrieved from /home/airflow/.local/lib/python3.12/site-packages/airflow/example_dags/subdags/subdag.py
[2026-05-09T19:09:31.488+0000] {processor.py:183} INFO - Processing /home/airflow/.local/lib/python3.12/site-packages/airflow/example_dags/subdags/subdag.py took 0.024 seconds
[2026-05-09T19:10:01.654+0000] {processor.py:161} INFO - Started process (PID=1428) to work on /home/airflow/.local/lib/python3.12/site-packages/airflow/example_dags/subdags/subdag.py
[2026-05-09T19:10:01.655+0000] {processor.py:830} INFO - Processing file /home/airflow/.local/lib/python3.12/site-packages/airflow/example_dags/subdags/subdag.py for tasks to queue
[2026-05-09T19:10:01.657+0000] {logging_mixin.py:188} INFO - [2026-05-09T19:10:01.657+0000] {dagbag.py:545} INFO - Filling up the DagBag from /home/airflow/.local/lib/python3.12/site-packages/airflow/example_dags/subdags/subdag.py
[2026-05-09T19:10:01.659+0000] {processor.py:842} WARNING - No viable dags retrieved from /home/airflow/.local/lib/python3.12/site-packages/airflow/example_dags/subdags/subdag.py
[2026-05-09T19:10:01.670+0000] {processor.py:183} INFO - Processing /home/airflow/.local/lib/python3.12/site-packages/airflow/example_dags/subdags/subdag.py took 0.020 seconds
[2026-05-09T19:10:32.748+0000] {processor.py:161} INFO - Started process (PID=1488) to work on /home/airflow/.local/lib/python3.12/site-packages/airflow/example_dags/subdags/subdag.py
[2026-05-09T19:10:32.750+0000] {processor.py:830} INFO - Processing file /home/airflow/.local/lib/python3.12/site-packages/airflow/example_dags/subdags/subdag.py for tasks to queue
[2026-05-09T19:10:32.752+0000] {logging_mixin.py:188} INFO - [2026-05-09T19:10:32.751+0000] {dagbag.py:545} INFO - Filling up the DagBag from /home/airflow/.local/lib/python3.12/site-packages/airflow/example_dags/subdags/subdag.py
[2026-05-09T19:10:32.753+0000] {processor.py:842} WARNING - No viable dags retrieved from /home/airflow/.local/lib/python3.12/site-packages/airflow/example_dags/subdags/subdag.py
[2026-05-09T19:10:32.764+0000] {processor.py:183} INFO - Processing /home/airflow/.local/lib/python3.12/site-packages/airflow/example_dags/subdags/subdag.py took 0.020 seconds
[2026-05-09T19:11:02.852+0000] {processor.py:161} INFO - Started process (PID=1546) to work on /home/airflow/.local/lib/python3.12/site-packages/airflow/example_dags/subdags/subdag.py
[2026-05-09T19:11:02.853+0000] {processor.py:830} INFO - Processing file /home/airflow/.local/lib/python3.12/site-packages/airflow/example_dags/subdags/subdag.py for tasks to queue
[2026-05-09T19:11:02.856+0000] {logging_mixin.py:188} INFO - [2026-05-09T19:11:02.855+0000] {dagbag.py:545} INFO - Filling up the DagBag from /home/airflow/.local/lib/python3.12/site-packages/airflow/example_dags/subdags/subdag.py
[2026-05-09T19:11:02.857+0000] {processor.py:842} WARNING - No viable dags retrieved from /home/airflow/.local/lib/python3.12/site-packages/airflow/example_dags/subdags/subdag.py
[2026-05-09T19:11:02.872+0000] {processor.py:183} INFO - Processing /home/airflow/.local/lib/python3.12/site-packages/airflow/example_dags/subdags/subdag.py took 0.026 seconds
[2026-05-09T19:11:42.816+0000] {processor.py:161} INFO - Started process (PID=1611) to work on /home/airflow/.local/lib/python3.12/site-packages/airflow/example_dags/subdags/subdag.py
[2026-05-09T19:11:42.817+0000] {processor.py:830} INFO - Processing file /home/airflow/.local/lib/python3.12/site-packages/airflow/example_dags/subdags/subdag.py for tasks to queue
[2026-05-09T19:11:42.819+0000] {logging_mixin.py:188} INFO - [2026-05-09T19:11:42.819+0000] {dagbag.py:545} INFO - Filling up the DagBag from /home/airflow/.local/lib/python3.12/site-packages/airflow/example_dags/subdags/subdag.py
[2026-05-09T19:11:42.821+0000] {processor.py:842} WARNING - No viable dags retrieved from /home/airflow/.local/lib/python3.12/site-packages/airflow/example_dags/subdags/subdag.py
[2026-05-09T19:11:42.834+0000] {processor.py:183} INFO - Processing /home/airflow/.local/lib/python3.12/site-packages/airflow/example_dags/subdags/subdag.py took 0.023 seconds
[2026-05-09T19:12:13.085+0000] {processor.py:161} INFO - Started process (PID=1670) to work on /home/airflow/.local/lib/python3.12/site-packages/airflow/example_dags/subdags/subdag.py
[2026-05-09T19:12:13.088+0000] {processor.py:830} INFO - Processing file /home/airflow/.local/lib/python3.12/site-packages/airflow/example_dags/subdags/subdag.py for tasks to queue
[2026-05-09T19:12:13.092+0000] {logging_mixin.py:188} INFO - [2026-05-09T19:12:13.092+0000] {dagbag.py:545} INFO - Filling up the DagBag from /home/airflow/.local/lib/python3.12/site-packages/airflow/example_dags/subdags/subdag.py
[2026-05-09T19:12:13.096+0000] {processor.py:842} WARNING - No viable dags retrieved from /home/airflow/.local/lib/python3.12/site-packages/airflow/example_dags/subdags/subdag.py
[2026-05-09T19:12:13.113+0000] {processor.py:183} INFO - Processing /home/airflow/.local/lib/python3.12/site-packages/airflow/example_dags/subdags/subdag.py took 0.033 seconds
[2026-05-09T19:12:43.321+0000] {processor.py:161} INFO - Started process (PID=1729) to work on /home/airflow/.local/lib/python3.12/site-packages/airflow/example_dags/subdags/subdag.py
[2026-05-09T19:12:43.322+0000] {processor.py:830} INFO - Processing file /home/airflow/.local/lib/python3.12/site-packages/airflow/example_dags/subdags/subdag.py for tasks to queue
[2026-05-09T19:12:43.324+0000] {logging_mixin.py:188} INFO - [2026-05-09T19:12:43.324+0000] {dagbag.py:545} INFO - Filling up the DagBag from /home/airflow/.local/lib/python3.12/site-packages/airflow/example_dags/subdags/subdag.py
[2026-05-09T19:12:43.327+0000] {processor.py:842} WARNING - No viable dags retrieved from /home/airflow/.local/lib/python3.12/site-packages/airflow/example_dags/subdags/subdag.py
[2026-05-09T19:12:43.342+0000] {processor.py:183} INFO - Processing /home/airflow/.local/lib/python3.12/site-packages/airflow/example_dags/subdags/subdag.py took 0.027 seconds
[2026-05-09T19:13:13.630+0000] {processor.py:161} INFO - Started process (PID=1787) to work on /home/airflow/.local/lib/python3.12/site-packages/airflow/example_dags/subdags/subdag.py
[2026-05-09T19:13:13.631+0000] {processor.py:830} INFO - Processing file /home/airflow/.local/lib/python3.12/site-packages/airflow/example_dags/subdags/subdag.py for tasks to queue
[2026-05-09T19:13:13.633+0000] {logging_mixin.py:188} INFO - [2026-05-09T19:13:13.633+0000] {dagbag.py:545} INFO - Filling up the DagBag from /home/airflow/.local/lib/python3.12/site-packages/airflow/example_dags/subdags/subdag.py
[2026-05-09T19:13:13.635+0000] {processor.py:842} WARNING - No viable dags retrieved from /home/airflow/.local/lib/python3.12/site-packages/airflow/example_dags/subdags/subdag.py
[2026-05-09T19:13:13.649+0000] {processor.py:183} INFO - Processing /home/airflow/.local/lib/python3.12/site-packages/airflow/example_dags/subdags/subdag.py took 0.024 seconds
[2026-05-09T19:13:44.286+0000] {processor.py:161} INFO - Started process (PID=1846) to work on /home/airflow/.local/lib/python3.12/site-packages/airflow/example_dags/subdags/subdag.py
[2026-05-09T19:13:44.287+0000] {processor.py:830} INFO - Processing file /home/airflow/.local/lib/python3.12/site-packages/airflow/example_dags/subdags/subdag.py for tasks to queue
[2026-05-09T19:13:44.289+0000] {logging_mixin.py:188} INFO - [2026-05-09T19:13:44.289+0000] {dagbag.py:545} INFO - Filling up the DagBag from /home/airflow/.local/lib/python3.12/site-packages/airflow/example_dags/subdags/subdag.py
[2026-05-09T19:13:44.291+0000] {processor.py:842} WARNING - No viable dags retrieved from /home/airflow/.local/lib/python3.12/site-packages/airflow/example_dags/subdags/subdag.py
[2026-05-09T19:13:44.306+0000] {processor.py:183} INFO - Processing /home/airflow/.local/lib/python3.12/site-packages/airflow/example_dags/subdags/subdag.py took 0.025 seconds
[2026-05-09T19:14:15.439+0000] {processor.py:161} INFO - Started process (PID=1914) to work on /home/airflow/.local/lib/python3.12/site-packages/airflow/example_dags/subdags/subdag.py
[2026-05-09T19:14:15.442+0000] {processor.py:830} INFO - Processing file /home/airflow/.local/lib/python3.12/site-packages/airflow/example_dags/subdags/subdag.py for tasks to queue
[2026-05-09T19:14:15.444+0000] {logging_mixin.py:188} INFO - [2026-05-09T19:14:15.443+0000] {dagbag.py:545} INFO - Filling up the DagBag from /home/airflow/.local/lib/python3.12/site-packages/airflow/example_dags/subdags/subdag.py
[2026-05-09T19:14:15.446+0000] {processor.py:842} WARNING - No viable dags retrieved from /home/airflow/.local/lib/python3.12/site-packages/airflow/example_dags/subdags/subdag.py
[2026-05-09T19:14:15.461+0000] {processor.py:183} INFO - Processing /home/airflow/.local/lib/python3.12/site-packages/airflow/example_dags/subdags/subdag.py took 0.027 seconds
[2026-05-09T19:14:45.670+0000] {processor.py:161} INFO - Started process (PID=1974) to work on /home/airflow/.local/lib/python3.12/site-packages/airflow/example_dags/subdags/subdag.py
[2026-05-09T19:14:45.671+0000] {processor.py:830} INFO - Processing file /home/airflow/.local/lib/python3.12/site-packages/airflow/example_dags/subdags/subdag.py for tasks to queue
[2026-05-09T19:14:45.674+0000] {logging_mixin.py:188} INFO - [2026-05-09T19:14:45.674+0000] {dagbag.py:545} INFO - Filling up the DagBag from /home/airflow/.local/lib/python3.12/site-packages/airflow/example_dags/subdags/subdag.py
[2026-05-09T19:14:45.677+0000] {processor.py:842} WARNING - No viable dags retrieved from /home/airflow/.local/lib/python3.12/site-packages/airflow/example_dags/subdags/subdag.py
[2026-05-09T19:14:45.688+0000] {processor.py:183} INFO - Processing /home/airflow/.local/lib/python3.12/site-packages/airflow/example_dags/subdags/subdag.py took 0.024 seconds
[2026-05-09T19:15:15.812+0000] {processor.py:161} INFO - Started process (PID=2033) to work on /home/airflow/.local/lib/python3.12/site-packages/airflow/example_dags/subdags/subdag.py
[2026-05-09T19:15:15.814+0000] {processor.py:830} INFO - Processing file /home/airflow/.local/lib/python3.12/site-packages/airflow/example_dags/subdags/subdag.py for tasks to queue
[2026-05-09T19:15:15.816+0000] {logging_mixin.py:188} INFO - [2026-05-09T19:15:15.816+0000] {dagbag.py:545} INFO - Filling up the DagBag from /home/airflow/.local/lib/python3.12/site-packages/airflow/example_dags/subdags/subdag.py
[2026-05-09T19:15:15.818+0000] {processor.py:842} WARNING - No viable dags retrieved from /home/airflow/.local/lib/python3.12/site-packages/airflow/example_dags/subdags/subdag.py
[2026-05-09T19:15:15.831+0000] {processor.py:183} INFO - Processing /home/airflow/.local/lib/python3.12/site-packages/airflow/example_dags/subdags/subdag.py took 0.025 seconds
[2026-05-09T19:15:45.977+0000] {processor.py:161} INFO - Started process (PID=2092) to work on /home/airflow/.local/lib/python3.12/site-packages/airflow/example_dags/subdags/subdag.py
[2026-05-09T19:15:45.978+0000] {processor.py:830} INFO - Processing file /home/airflow/.local/lib/python3.12/site-packages/airflow/example_dags/subdags/subdag.py for tasks to queue
[2026-05-09T19:15:45.981+0000] {logging_mixin.py:188} INFO - [2026-05-09T19:15:45.980+0000] {dagbag.py:545} INFO - Filling up the DagBag from /home/airflow/.local/lib/python3.12/site-packages/airflow/example_dags/subdags/subdag.py
[2026-05-09T19:15:45.983+0000] {processor.py:842} WARNING - No viable dags retrieved from /home/airflow/.local/lib/python3.12/site-packages/airflow/example_dags/subdags/subdag.py
[2026-05-09T19:15:45.995+0000] {processor.py:183} INFO - Processing /home/airflow/.local/lib/python3.12/site-packages/airflow/example_dags/subdags/subdag.py took 0.023 seconds
[2026-05-09T19:16:16.790+0000] {processor.py:161} INFO - Started process (PID=2151) to work on /home/airflow/.local/lib/python3.12/site-packages/airflow/example_dags/subdags/subdag.py
[2026-05-09T19:16:16.791+0000] {processor.py:830} INFO - Processing file /home/airflow/.local/lib/python3.12/site-packages/airflow/example_dags/subdags/subdag.py for tasks to queue
[2026-05-09T19:16:16.793+0000] {logging_mixin.py:188} INFO - [2026-05-09T19:16:16.792+0000] {dagbag.py:545} INFO - Filling up the DagBag from /home/airflow/.local/lib/python3.12/site-packages/airflow/example_dags/subdags/subdag.py
[2026-05-09T19:16:16.795+0000] {processor.py:842} WARNING - No viable dags retrieved from /home/airflow/.local/lib/python3.12/site-packages/airflow/example_dags/subdags/subdag.py
[2026-05-09T19:16:16.808+0000] {processor.py:183} INFO - Processing /home/airflow/.local/lib/python3.12/site-packages/airflow/example_dags/subdags/subdag.py took 0.025 seconds
[2026-05-09T19:16:47.506+0000] {processor.py:161} INFO - Started process (PID=2211) to work on /home/airflow/.local/lib/python3.12/site-packages/airflow/example_dags/subdags/subdag.py
[2026-05-09T19:16:47.507+0000] {processor.py:830} INFO - Processing file /home/airflow/.local/lib/python3.12/site-packages/airflow/example_dags/subdags/subdag.py for tasks to queue
[2026-05-09T19:16:47.509+0000] {logging_mixin.py:188} INFO - [2026-05-09T19:16:47.509+0000] {dagbag.py:545} INFO - Filling up the DagBag from /home/airflow/.local/lib/python3.12/site-packages/airflow/example_dags/subdags/subdag.py
[2026-05-09T19:16:47.511+0000] {processor.py:842} WARNING - No viable dags retrieved from /home/airflow/.local/lib/python3.12/site-packages/airflow/example_dags/subdags/subdag.py
[2026-05-09T19:16:47.523+0000] {processor.py:183} INFO - Processing /home/airflow/.local/lib/python3.12/site-packages/airflow/example_dags/subdags/subdag.py took 0.022 seconds
[2026-05-09T19:17:17.805+0000] {processor.py:161} INFO - Started process (PID=2271) to work on /home/airflow/.local/lib/python3.12/site-packages/airflow/example_dags/subdags/subdag.py
[2026-05-09T19:17:17.807+0000] {processor.py:830} INFO - Processing file /home/airflow/.local/lib/python3.12/site-packages/airflow/example_dags/subdags/subdag.py for tasks to queue
[2026-05-09T19:17:17.809+0000] {logging_mixin.py:188} INFO - [2026-05-09T19:17:17.809+0000] {dagbag.py:545} INFO - Filling up the DagBag from /home/airflow/.local/lib/python3.12/site-packages/airflow/example_dags/subdags/subdag.py
[2026-05-09T19:17:17.811+0000] {processor.py:842} WARNING - No viable dags retrieved from /home/airflow/.local/lib/python3.12/site-packages/airflow/example_dags/subdags/subdag.py
[2026-05-09T19:17:17.822+0000] {processor.py:183} INFO - Processing /home/airflow/.local/lib/python3.12/site-packages/airflow/example_dags/subdags/subdag.py took 0.022 seconds
[2026-05-09T19:17:48.019+0000] {processor.py:161} INFO - Started process (PID=2331) to work on /home/airflow/.local/lib/python3.12/site-packages/airflow/example_dags/subdags/subdag.py
[2026-05-09T19:17:48.021+0000] {processor.py:830} INFO - Processing file /home/airflow/.local/lib/python3.12/site-packages/airflow/example_dags/subdags/subdag.py for tasks to queue
[2026-05-09T19:17:48.026+0000] {logging_mixin.py:188} INFO - [2026-05-09T19:17:48.026+0000] {dagbag.py:545} INFO - Filling up the DagBag from /home/airflow/.local/lib/python3.12/site-packages/airflow/example_dags/subdags/subdag.py
[2026-05-09T19:17:48.029+0000] {processor.py:842} WARNING - No viable dags retrieved from /home/airflow/.local/lib/python3.12/site-packages/airflow/example_dags/subdags/subdag.py
[2026-05-09T19:17:48.050+0000] {processor.py:183} INFO - Processing /home/airflow/.local/lib/python3.12/site-packages/airflow/example_dags/subdags/subdag.py took 0.041 seconds
[2026-05-09T19:18:19.086+0000] {processor.py:161} INFO - Started process (PID=2391) to work on /home/airflow/.local/lib/python3.12/site-packages/airflow/example_dags/subdags/subdag.py
[2026-05-09T19:18:19.091+0000] {processor.py:830} INFO - Processing file /home/airflow/.local/lib/python3.12/site-packages/airflow/example_dags/subdags/subdag.py for tasks to queue
[2026-05-09T19:18:19.094+0000] {logging_mixin.py:188} INFO - [2026-05-09T19:18:19.093+0000] {dagbag.py:545} INFO - Filling up the DagBag from /home/airflow/.local/lib/python3.12/site-packages/airflow/example_dags/subdags/subdag.py
[2026-05-09T19:18:19.097+0000] {processor.py:842} WARNING - No viable dags retrieved from /home/airflow/.local/lib/python3.12/site-packages/airflow/example_dags/subdags/subdag.py
[2026-05-09T19:18:19.121+0000] {processor.py:183} INFO - Processing /home/airflow/.local/lib/python3.12/site-packages/airflow/example_dags/subdags/subdag.py took 0.044 seconds
[2026-05-09T19:18:49.267+0000] {processor.py:161} INFO - Started process (PID=2452) to work on /home/airflow/.local/lib/python3.12/site-packages/airflow/example_dags/subdags/subdag.py
[2026-05-09T19:18:49.269+0000] {processor.py:830} INFO - Processing file /home/airflow/.local/lib/python3.12/site-packages/airflow/example_dags/subdags/subdag.py for tasks to queue
[2026-05-09T19:18:49.274+0000] {logging_mixin.py:188} INFO - [2026-05-09T19:18:49.274+0000] {dagbag.py:545} INFO - Filling up the DagBag from /home/airflow/.local/lib/python3.12/site-packages/airflow/example_dags/subdags/subdag.py
[2026-05-09T19:18:49.277+0000] {processor.py:842} WARNING - No viable dags retrieved from /home/airflow/.local/lib/python3.12/site-packages/airflow/example_dags/subdags/subdag.py
[2026-05-09T19:18:49.299+0000] {processor.py:183} INFO - Processing /home/airflow/.local/lib/python3.12/site-packages/airflow/example_dags/subdags/subdag.py took 0.042 seconds
[2026-05-09T19:19:19.507+0000] {processor.py:161} INFO - Started process (PID=2511) to work on /home/airflow/.local/lib/python3.12/site-packages/airflow/example_dags/subdags/subdag.py
[2026-05-09T19:19:19.510+0000] {processor.py:830} INFO - Processing file /home/airflow/.local/lib/python3.12/site-packages/airflow/example_dags/subdags/subdag.py for tasks to queue
[2026-05-09T19:19:19.514+0000] {logging_mixin.py:188} INFO - [2026-05-09T19:19:19.514+0000] {dagbag.py:545} INFO - Filling up the DagBag from /home/airflow/.local/lib/python3.12/site-packages/airflow/example_dags/subdags/subdag.py
[2026-05-09T19:19:19.520+0000] {processor.py:842} WARNING - No viable dags retrieved from /home/airflow/.local/lib/python3.12/site-packages/airflow/example_dags/subdags/subdag.py
[2026-05-09T19:19:19.555+0000] {processor.py:183} INFO - Processing /home/airflow/.local/lib/python3.12/site-packages/airflow/example_dags/subdags/subdag.py took 0.063 seconds
[2026-05-09T19:19:50.177+0000] {processor.py:161} INFO - Started process (PID=2571) to work on /home/airflow/.local/lib/python3.12/site-packages/airflow/example_dags/subdags/subdag.py
[2026-05-09T19:19:50.179+0000] {processor.py:830} INFO - Processing file /home/airflow/.local/lib/python3.12/site-packages/airflow/example_dags/subdags/subdag.py for tasks to queue
[2026-05-09T19:19:50.182+0000] {logging_mixin.py:188} INFO - [2026-05-09T19:19:50.182+0000] {dagbag.py:545} INFO - Filling up the DagBag from /home/airflow/.local/lib/python3.12/site-packages/airflow/example_dags/subdags/subdag.py
[2026-05-09T19:19:50.186+0000] {processor.py:842} WARNING - No viable dags retrieved from /home/airflow/.local/lib/python3.12/site-packages/airflow/example_dags/subdags/subdag.py
[2026-05-09T19:19:50.208+0000] {processor.py:183} INFO - Processing /home/airflow/.local/lib/python3.12/site-packages/airflow/example_dags/subdags/subdag.py took 0.042 seconds
[2026-05-09T19:20:20.704+0000] {processor.py:161} INFO - Started process (PID=2631) to work on /home/airflow/.local/lib/python3.12/site-packages/airflow/example_dags/subdags/subdag.py
[2026-05-09T19:20:20.706+0000] {processor.py:830} INFO - Processing file /home/airflow/.local/lib/python3.12/site-packages/airflow/example_dags/subdags/subdag.py for tasks to queue
[2026-05-09T19:20:20.709+0000] {logging_mixin.py:188} INFO - [2026-05-09T19:20:20.709+0000] {dagbag.py:545} INFO - Filling up the DagBag from /home/airflow/.local/lib/python3.12/site-packages/airflow/example_dags/subdags/subdag.py
[2026-05-09T19:20:20.713+0000] {processor.py:842} WARNING - No viable dags retrieved from /home/airflow/.local/lib/python3.12/site-packages/airflow/example_dags/subdags/subdag.py
[2026-05-09T19:20:20.738+0000] {processor.py:183} INFO - Processing /home/airflow/.local/lib/python3.12/site-packages/airflow/example_dags/subdags/subdag.py took 0.045 seconds
[2026-05-09T19:20:51.434+0000] {processor.py:161} INFO - Started process (PID=2691) to work on /home/airflow/.local/lib/python3.12/site-packages/airflow/example_dags/subdags/subdag.py
[2026-05-09T19:20:51.436+0000] {processor.py:830} INFO - Processing file /home/airflow/.local/lib/python3.12/site-packages/airflow/example_dags/subdags/subdag.py for tasks to queue
[2026-05-09T19:20:51.439+0000] {logging_mixin.py:188} INFO - [2026-05-09T19:20:51.439+0000] {dagbag.py:545} INFO - Filling up the DagBag from /home/airflow/.local/lib/python3.12/site-packages/airflow/example_dags/subdags/subdag.py
[2026-05-09T19:20:51.443+0000] {processor.py:842} WARNING - No viable dags retrieved from /home/airflow/.local/lib/python3.12/site-packages/airflow/example_dags/subdags/subdag.py
[2026-05-09T19:20:51.461+0000] {processor.py:183} INFO - Processing /home/airflow/.local/lib/python3.12/site-packages/airflow/example_dags/subdags/subdag.py took 0.038 seconds
[2026-05-09T19:21:21.931+0000] {processor.py:161} INFO - Started process (PID=2752) to work on /home/airflow/.local/lib/python3.12/site-packages/airflow/example_dags/subdags/subdag.py
[2026-05-09T19:21:21.933+0000] {processor.py:830} INFO - Processing file /home/airflow/.local/lib/python3.12/site-packages/airflow/example_dags/subdags/subdag.py for tasks to queue
[2026-05-09T19:21:21.935+0000] {logging_mixin.py:188} INFO - [2026-05-09T19:21:21.935+0000] {dagbag.py:545} INFO - Filling up the DagBag from /home/airflow/.local/lib/python3.12/site-packages/airflow/example_dags/subdags/subdag.py
[2026-05-09T19:21:21.939+0000] {processor.py:842} WARNING - No viable dags retrieved from /home/airflow/.local/lib/python3.12/site-packages/airflow/example_dags/subdags/subdag.py
[2026-05-09T19:21:21.970+0000] {processor.py:183} INFO - Processing /home/airflow/.local/lib/python3.12/site-packages/airflow/example_dags/subdags/subdag.py took 0.047 seconds
[2026-05-09T19:21:52.341+0000] {processor.py:161} INFO - Started process (PID=2812) to work on /home/airflow/.local/lib/python3.12/site-packages/airflow/example_dags/subdags/subdag.py
[2026-05-09T19:21:52.342+0000] {processor.py:830} INFO - Processing file /home/airflow/.local/lib/python3.12/site-packages/airflow/example_dags/subdags/subdag.py for tasks to queue
[2026-05-09T19:21:52.346+0000] {logging_mixin.py:188} INFO - [2026-05-09T19:21:52.346+0000] {dagbag.py:545} INFO - Filling up the DagBag from /home/airflow/.local/lib/python3.12/site-packages/airflow/example_dags/subdags/subdag.py
[2026-05-09T19:21:52.350+0000] {processor.py:842} WARNING - No viable dags retrieved from /home/airflow/.local/lib/python3.12/site-packages/airflow/example_dags/subdags/subdag.py
[2026-05-09T19:21:52.376+0000] {processor.py:183} INFO - Processing /home/airflow/.local/lib/python3.12/site-packages/airflow/example_dags/subdags/subdag.py took 0.046 seconds
[2026-05-09T19:22:23.167+0000] {processor.py:161} INFO - Started process (PID=2872) to work on /home/airflow/.local/lib/python3.12/site-packages/airflow/example_dags/subdags/subdag.py
[2026-05-09T19:22:23.170+0000] {processor.py:830} INFO - Processing file /home/airflow/.local/lib/python3.12/site-packages/airflow/example_dags/subdags/subdag.py for tasks to queue
[2026-05-09T19:22:23.173+0000] {logging_mixin.py:188} INFO - [2026-05-09T19:22:23.172+0000] {dagbag.py:545} INFO - Filling up the DagBag from /home/airflow/.local/lib/python3.12/site-packages/airflow/example_dags/subdags/subdag.py
[2026-05-09T19:22:23.175+0000] {processor.py:842} WARNING - No viable dags retrieved from /home/airflow/.local/lib/python3.12/site-packages/airflow/example_dags/subdags/subdag.py
[2026-05-09T19:22:23.187+0000] {processor.py:183} INFO - Processing /home/airflow/.local/lib/python3.12/site-packages/airflow/example_dags/subdags/subdag.py took 0.026 seconds
[2026-05-09T19:22:53.622+0000] {processor.py:161} INFO - Started process (PID=2932) to work on /home/airflow/.local/lib/python3.12/site-packages/airflow/example_dags/subdags/subdag.py
[2026-05-09T19:22:53.624+0000] {processor.py:830} INFO - Processing file /home/airflow/.local/lib/python3.12/site-packages/airflow/example_dags/subdags/subdag.py for tasks to queue
[2026-05-09T19:22:53.626+0000] {logging_mixin.py:188} INFO - [2026-05-09T19:22:53.626+0000] {dagbag.py:545} INFO - Filling up the DagBag from /home/airflow/.local/lib/python3.12/site-packages/airflow/example_dags/subdags/subdag.py
[2026-05-09T19:22:53.629+0000] {processor.py:842} WARNING - No viable dags retrieved from /home/airflow/.local/lib/python3.12/site-packages/airflow/example_dags/subdags/subdag.py
[2026-05-09T19:22:53.641+0000] {processor.py:183} INFO - Processing /home/airflow/.local/lib/python3.12/site-packages/airflow/example_dags/subdags/subdag.py took 0.025 seconds
[2026-05-09T19:23:24.238+0000] {processor.py:161} INFO - Started process (PID=2992) to work on /home/airflow/.local/lib/python3.12/site-packages/airflow/example_dags/subdags/subdag.py
[2026-05-09T19:23:24.239+0000] {processor.py:830} INFO - Processing file /home/airflow/.local/lib/python3.12/site-packages/airflow/example_dags/subdags/subdag.py for tasks to queue
[2026-05-09T19:23:24.241+0000] {logging_mixin.py:188} INFO - [2026-05-09T19:23:24.241+0000] {dagbag.py:545} INFO - Filling up the DagBag from /home/airflow/.local/lib/python3.12/site-packages/airflow/example_dags/subdags/subdag.py
[2026-05-09T19:23:24.243+0000] {processor.py:842} WARNING - No viable dags retrieved from /home/airflow/.local/lib/python3.12/site-packages/airflow/example_dags/subdags/subdag.py
[2026-05-09T19:23:24.257+0000] {processor.py:183} INFO - Processing /home/airflow/.local/lib/python3.12/site-packages/airflow/example_dags/subdags/subdag.py took 0.024 seconds
[2026-05-09T19:23:54.947+0000] {processor.py:161} INFO - Started process (PID=3052) to work on /home/airflow/.local/lib/python3.12/site-packages/airflow/example_dags/subdags/subdag.py
[2026-05-09T19:23:54.948+0000] {processor.py:830} INFO - Processing file /home/airflow/.local/lib/python3.12/site-packages/airflow/example_dags/subdags/subdag.py for tasks to queue
[2026-05-09T19:23:54.950+0000] {logging_mixin.py:188} INFO - [2026-05-09T19:23:54.949+0000] {dagbag.py:545} INFO - Filling up the DagBag from /home/airflow/.local/lib/python3.12/site-packages/airflow/example_dags/subdags/subdag.py
[2026-05-09T19:23:54.952+0000] {processor.py:842} WARNING - No viable dags retrieved from /home/airflow/.local/lib/python3.12/site-packages/airflow/example_dags/subdags/subdag.py
[2026-05-09T19:23:54.963+0000] {processor.py:183} INFO - Processing /home/airflow/.local/lib/python3.12/site-packages/airflow/example_dags/subdags/subdag.py took 0.022 seconds
[2026-05-09T19:24:25.651+0000] {processor.py:161} INFO - Started process (PID=3112) to work on /home/airflow/.local/lib/python3.12/site-packages/airflow/example_dags/subdags/subdag.py
[2026-05-09T19:24:25.652+0000] {processor.py:830} INFO - Processing file /home/airflow/.local/lib/python3.12/site-packages/airflow/example_dags/subdags/subdag.py for tasks to queue
[2026-05-09T19:24:25.656+0000] {logging_mixin.py:188} INFO - [2026-05-09T19:24:25.655+0000] {dagbag.py:545} INFO - Filling up the DagBag from /home/airflow/.local/lib/python3.12/site-packages/airflow/example_dags/subdags/subdag.py
[2026-05-09T19:24:25.658+0000] {processor.py:842} WARNING - No viable dags retrieved from /home/airflow/.local/lib/python3.12/site-packages/airflow/example_dags/subdags/subdag.py
[2026-05-09T19:24:25.670+0000] {processor.py:183} INFO - Processing /home/airflow/.local/lib/python3.12/site-packages/airflow/example_dags/subdags/subdag.py took 0.023 seconds
[2026-05-09T19:24:56.502+0000] {processor.py:161} INFO - Started process (PID=3172) to work on /home/airflow/.local/lib/python3.12/site-packages/airflow/example_dags/subdags/subdag.py
[2026-05-09T19:24:56.504+0000] {processor.py:830} INFO - Processing file /home/airflow/.local/lib/python3.12/site-packages/airflow/example_dags/subdags/subdag.py for tasks to queue
[2026-05-09T19:24:56.506+0000] {logging_mixin.py:188} INFO - [2026-05-09T19:24:56.506+0000] {dagbag.py:545} INFO - Filling up the DagBag from /home/airflow/.local/lib/python3.12/site-packages/airflow/example_dags/subdags/subdag.py
[2026-05-09T19:24:56.509+0000] {processor.py:842} WARNING - No viable dags retrieved from /home/airflow/.local/lib/python3.12/site-packages/airflow/example_dags/subdags/subdag.py
[2026-05-09T19:24:56.525+0000] {processor.py:183} INFO - Processing /home/airflow/.local/lib/python3.12/site-packages/airflow/example_dags/subdags/subdag.py took 0.030 seconds
[2026-05-09T19:25:27.166+0000] {processor.py:161} INFO - Started process (PID=3232) to work on /home/airflow/.local/lib/python3.12/site-packages/airflow/example_dags/subdags/subdag.py
[2026-05-09T19:25:27.167+0000] {processor.py:830} INFO - Processing file /home/airflow/.local/lib/python3.12/site-packages/airflow/example_dags/subdags/subdag.py for tasks to queue
[2026-05-09T19:25:27.170+0000] {logging_mixin.py:188} INFO - [2026-05-09T19:25:27.170+0000] {dagbag.py:545} INFO - Filling up the DagBag from /home/airflow/.local/lib/python3.12/site-packages/airflow/example_dags/subdags/subdag.py
[2026-05-09T19:25:27.173+0000] {processor.py:842} WARNING - No viable dags retrieved from /home/airflow/.local/lib/python3.12/site-packages/airflow/example_dags/subdags/subdag.py
[2026-05-09T19:25:27.186+0000] {processor.py:183} INFO - Processing /home/airflow/.local/lib/python3.12/site-packages/airflow/example_dags/subdags/subdag.py took 0.026 seconds
[2026-05-09T19:25:58.024+0000] {processor.py:161} INFO - Started process (PID=3292) to work on /home/airflow/.local/lib/python3.12/site-packages/airflow/example_dags/subdags/subdag.py
[2026-05-09T19:25:58.025+0000] {processor.py:830} INFO - Processing file /home/airflow/.local/lib/python3.12/site-packages/airflow/example_dags/subdags/subdag.py for tasks to queue
[2026-05-09T19:25:58.027+0000] {logging_mixin.py:188} INFO - [2026-05-09T19:25:58.027+0000] {dagbag.py:545} INFO - Filling up the DagBag from /home/airflow/.local/lib/python3.12/site-packages/airflow/example_dags/subdags/subdag.py
[2026-05-09T19:25:58.029+0000] {processor.py:842} WARNING - No viable dags retrieved from /home/airflow/.local/lib/python3.12/site-packages/airflow/example_dags/subdags/subdag.py
[2026-05-09T19:25:58.041+0000] {processor.py:183} INFO - Processing /home/airflow/.local/lib/python3.12/site-packages/airflow/example_dags/subdags/subdag.py took 0.021 seconds
[2026-05-09T19:26:28.593+0000] {processor.py:161} INFO - Started process (PID=3352) to work on /home/airflow/.local/lib/python3.12/site-packages/airflow/example_dags/subdags/subdag.py
[2026-05-09T19:26:28.595+0000] {processor.py:830} INFO - Processing file /home/airflow/.local/lib/python3.12/site-packages/airflow/example_dags/subdags/subdag.py for tasks to queue
[2026-05-09T19:26:28.597+0000] {logging_mixin.py:188} INFO - [2026-05-09T19:26:28.597+0000] {dagbag.py:545} INFO - Filling up the DagBag from /home/airflow/.local/lib/python3.12/site-packages/airflow/example_dags/subdags/subdag.py
[2026-05-09T19:26:28.599+0000] {processor.py:842} WARNING - No viable dags retrieved from /home/airflow/.local/lib/python3.12/site-packages/airflow/example_dags/subdags/subdag.py
[2026-05-09T19:26:28.612+0000] {processor.py:183} INFO - Processing /home/airflow/.local/lib/python3.12/site-packages/airflow/example_dags/subdags/subdag.py took 0.024 seconds
[2026-05-09T19:26:58.830+0000] {processor.py:161} INFO - Started process (PID=3412) to work on /home/airflow/.local/lib/python3.12/site-packages/airflow/example_dags/subdags/subdag.py
[2026-05-09T19:26:58.831+0000] {processor.py:830} INFO - Processing file /home/airflow/.local/lib/python3.12/site-packages/airflow/example_dags/subdags/subdag.py for tasks to queue
[2026-05-09T19:26:58.833+0000] {logging_mixin.py:188} INFO - [2026-05-09T19:26:58.833+0000] {dagbag.py:545} INFO - Filling up the DagBag from /home/airflow/.local/lib/python3.12/site-packages/airflow/example_dags/subdags/subdag.py
[2026-05-09T19:26:58.836+0000] {processor.py:842} WARNING - No viable dags retrieved from /home/airflow/.local/lib/python3.12/site-packages/airflow/example_dags/subdags/subdag.py
[2026-05-09T19:26:58.849+0000] {processor.py:183} INFO - Processing /home/airflow/.local/lib/python3.12/site-packages/airflow/example_dags/subdags/subdag.py took 0.026 seconds
[2026-05-09T19:27:29.492+0000] {processor.py:161} INFO - Started process (PID=3472) to work on /home/airflow/.local/lib/python3.12/site-packages/airflow/example_dags/subdags/subdag.py
[2026-05-09T19:27:29.493+0000] {processor.py:830} INFO - Processing file /home/airflow/.local/lib/python3.12/site-packages/airflow/example_dags/subdags/subdag.py for tasks to queue
[2026-05-09T19:27:29.495+0000] {logging_mixin.py:188} INFO - [2026-05-09T19:27:29.495+0000] {dagbag.py:545} INFO - Filling up the DagBag from /home/airflow/.local/lib/python3.12/site-packages/airflow/example_dags/subdags/subdag.py
[2026-05-09T19:27:29.498+0000] {processor.py:842} WARNING - No viable dags retrieved from /home/airflow/.local/lib/python3.12/site-packages/airflow/example_dags/subdags/subdag.py
[2026-05-09T19:27:29.510+0000] {processor.py:183} INFO - Processing /home/airflow/.local/lib/python3.12/site-packages/airflow/example_dags/subdags/subdag.py took 0.024 seconds
[2026-05-09T19:27:59.900+0000] {processor.py:161} INFO - Started process (PID=3532) to work on /home/airflow/.local/lib/python3.12/site-packages/airflow/example_dags/subdags/subdag.py
[2026-05-09T19:27:59.901+0000] {processor.py:830} INFO - Processing file /home/airflow/.local/lib/python3.12/site-packages/airflow/example_dags/subdags/subdag.py for tasks to queue
[2026-05-09T19:27:59.903+0000] {logging_mixin.py:188} INFO - [2026-05-09T19:27:59.903+0000] {dagbag.py:545} INFO - Filling up the DagBag from /home/airflow/.local/lib/python3.12/site-packages/airflow/example_dags/subdags/subdag.py
[2026-05-09T19:27:59.905+0000] {processor.py:842} WARNING - No viable dags retrieved from /home/airflow/.local/lib/python3.12/site-packages/airflow/example_dags/subdags/subdag.py
[2026-05-09T19:27:59.916+0000] {processor.py:183} INFO - Processing /home/airflow/.local/lib/python3.12/site-packages/airflow/example_dags/subdags/subdag.py took 0.023 seconds
[2026-05-09T19:28:30.379+0000] {processor.py:161} INFO - Started process (PID=3592) to work on /home/airflow/.local/lib/python3.12/site-packages/airflow/example_dags/subdags/subdag.py
[2026-05-09T19:28:30.380+0000] {processor.py:830} INFO - Processing file /home/airflow/.local/lib/python3.12/site-packages/airflow/example_dags/subdags/subdag.py for tasks to queue
[2026-05-09T19:28:30.383+0000] {logging_mixin.py:188} INFO - [2026-05-09T19:28:30.383+0000] {dagbag.py:545} INFO - Filling up the DagBag from /home/airflow/.local/lib/python3.12/site-packages/airflow/example_dags/subdags/subdag.py
[2026-05-09T19:28:30.386+0000] {processor.py:842} WARNING - No viable dags retrieved from /home/airflow/.local/lib/python3.12/site-packages/airflow/example_dags/subdags/subdag.py
[2026-05-09T19:28:30.403+0000] {processor.py:183} INFO - Processing /home/airflow/.local/lib/python3.12/site-packages/airflow/example_dags/subdags/subdag.py took 0.030 seconds
[2026-05-09T19:29:00.763+0000] {processor.py:161} INFO - Started process (PID=3652) to work on /home/airflow/.local/lib/python3.12/site-packages/airflow/example_dags/subdags/subdag.py
[2026-05-09T19:29:00.764+0000] {processor.py:830} INFO - Processing file /home/airflow/.local/lib/python3.12/site-packages/airflow/example_dags/subdags/subdag.py for tasks to queue
[2026-05-09T19:29:00.766+0000] {logging_mixin.py:188} INFO - [2026-05-09T19:29:00.766+0000] {dagbag.py:545} INFO - Filling up the DagBag from /home/airflow/.local/lib/python3.12/site-packages/airflow/example_dags/subdags/subdag.py
[2026-05-09T19:29:00.769+0000] {processor.py:842} WARNING - No viable dags retrieved from /home/airflow/.local/lib/python3.12/site-packages/airflow/example_dags/subdags/subdag.py
[2026-05-09T19:29:00.781+0000] {processor.py:183} INFO - Processing /home/airflow/.local/lib/python3.12/site-packages/airflow/example_dags/subdags/subdag.py took 0.023 seconds
[2026-05-09T19:29:31.232+0000] {processor.py:161} INFO - Started process (PID=3712) to work on /home/airflow/.local/lib/python3.12/site-packages/airflow/example_dags/subdags/subdag.py
[2026-05-09T19:29:31.233+0000] {processor.py:830} INFO - Processing file /home/airflow/.local/lib/python3.12/site-packages/airflow/example_dags/subdags/subdag.py for tasks to queue
[2026-05-09T19:29:31.236+0000] {logging_mixin.py:188} INFO - [2026-05-09T19:29:31.236+0000] {dagbag.py:545} INFO - Filling up the DagBag from /home/airflow/.local/lib/python3.12/site-packages/airflow/example_dags/subdags/subdag.py
[2026-05-09T19:29:31.238+0000] {processor.py:842} WARNING - No viable dags retrieved from /home/airflow/.local/lib/python3.12/site-packages/airflow/example_dags/subdags/subdag.py
[2026-05-09T19:29:31.249+0000] {processor.py:183} INFO - Processing /home/airflow/.local/lib/python3.12/site-packages/airflow/example_dags/subdags/subdag.py took 0.023 seconds
[2026-05-09T19:30:01.429+0000] {processor.py:161} INFO - Started process (PID=3772) to work on /home/airflow/.local/lib/python3.12/site-packages/airflow/example_dags/subdags/subdag.py
[2026-05-09T19:30:01.431+0000] {processor.py:830} INFO - Processing file /home/airflow/.local/lib/python3.12/site-packages/airflow/example_dags/subdags/subdag.py for tasks to queue
[2026-05-09T19:30:01.433+0000] {logging_mixin.py:188} INFO - [2026-05-09T19:30:01.433+0000] {dagbag.py:545} INFO - Filling up the DagBag from /home/airflow/.local/lib/python3.12/site-packages/airflow/example_dags/subdags/subdag.py
[2026-05-09T19:30:01.435+0000] {processor.py:842} WARNING - No viable dags retrieved from /home/airflow/.local/lib/python3.12/site-packages/airflow/example_dags/subdags/subdag.py
[2026-05-09T19:30:01.446+0000] {processor.py:183} INFO - Processing /home/airflow/.local/lib/python3.12/site-packages/airflow/example_dags/subdags/subdag.py took 0.021 seconds
[2026-05-09T19:30:31.872+0000] {processor.py:161} INFO - Started process (PID=3832) to work on /home/airflow/.local/lib/python3.12/site-packages/airflow/example_dags/subdags/subdag.py
[2026-05-09T19:30:31.874+0000] {processor.py:830} INFO - Processing file /home/airflow/.local/lib/python3.12/site-packages/airflow/example_dags/subdags/subdag.py for tasks to queue
[2026-05-09T19:30:31.878+0000] {logging_mixin.py:188} INFO - [2026-05-09T19:30:31.877+0000] {dagbag.py:545} INFO - Filling up the DagBag from /home/airflow/.local/lib/python3.12/site-packages/airflow/example_dags/subdags/subdag.py
[2026-05-09T19:30:31.880+0000] {processor.py:842} WARNING - No viable dags retrieved from /home/airflow/.local/lib/python3.12/site-packages/airflow/example_dags/subdags/subdag.py
[2026-05-09T19:30:31.891+0000] {processor.py:183} INFO - Processing /home/airflow/.local/lib/python3.12/site-packages/airflow/example_dags/subdags/subdag.py took 0.024 seconds
[2026-05-09T19:31:02.619+0000] {processor.py:161} INFO - Started process (PID=3892) to work on /home/airflow/.local/lib/python3.12/site-packages/airflow/example_dags/subdags/subdag.py
[2026-05-09T19:31:02.621+0000] {processor.py:830} INFO - Processing file /home/airflow/.local/lib/python3.12/site-packages/airflow/example_dags/subdags/subdag.py for tasks to queue
[2026-05-09T19:31:02.623+0000] {logging_mixin.py:188} INFO - [2026-05-09T19:31:02.622+0000] {dagbag.py:545} INFO - Filling up the DagBag from /home/airflow/.local/lib/python3.12/site-packages/airflow/example_dags/subdags/subdag.py
[2026-05-09T19:31:02.625+0000] {processor.py:842} WARNING - No viable dags retrieved from /home/airflow/.local/lib/python3.12/site-packages/airflow/example_dags/subdags/subdag.py
[2026-05-09T19:31:02.637+0000] {processor.py:183} INFO - Processing /home/airflow/.local/lib/python3.12/site-packages/airflow/example_dags/subdags/subdag.py took 0.022 seconds
[2026-05-09T19:31:32.843+0000] {processor.py:161} INFO - Started process (PID=3952) to work on /home/airflow/.local/lib/python3.12/site-packages/airflow/example_dags/subdags/subdag.py
[2026-05-09T19:31:32.846+0000] {processor.py:830} INFO - Processing file /home/airflow/.local/lib/python3.12/site-packages/airflow/example_dags/subdags/subdag.py for tasks to queue
[2026-05-09T19:31:32.848+0000] {logging_mixin.py:188} INFO - [2026-05-09T19:31:32.847+0000] {dagbag.py:545} INFO - Filling up the DagBag from /home/airflow/.local/lib/python3.12/site-packages/airflow/example_dags/subdags/subdag.py
[2026-05-09T19:31:32.850+0000] {processor.py:842} WARNING - No viable dags retrieved from /home/airflow/.local/lib/python3.12/site-packages/airflow/example_dags/subdags/subdag.py
[2026-05-09T19:31:32.862+0000] {processor.py:183} INFO - Processing /home/airflow/.local/lib/python3.12/site-packages/airflow/example_dags/subdags/subdag.py took 0.024 seconds
[2026-05-09T19:32:03.603+0000] {processor.py:161} INFO - Started process (PID=4013) to work on /home/airflow/.local/lib/python3.12/site-packages/airflow/example_dags/subdags/subdag.py
[2026-05-09T19:32:03.606+0000] {processor.py:830} INFO - Processing file /home/airflow/.local/lib/python3.12/site-packages/airflow/example_dags/subdags/subdag.py for tasks to queue
[2026-05-09T19:32:03.608+0000] {logging_mixin.py:188} INFO - [2026-05-09T19:32:03.608+0000] {dagbag.py:545} INFO - Filling up the DagBag from /home/airflow/.local/lib/python3.12/site-packages/airflow/example_dags/subdags/subdag.py
[2026-05-09T19:32:03.610+0000] {processor.py:842} WARNING - No viable dags retrieved from /home/airflow/.local/lib/python3.12/site-packages/airflow/example_dags/subdags/subdag.py
[2026-05-09T19:32:03.621+0000] {processor.py:183} INFO - Processing /home/airflow/.local/lib/python3.12/site-packages/airflow/example_dags/subdags/subdag.py took 0.023 seconds
[2026-05-09T19:32:34.147+0000] {processor.py:161} INFO - Started process (PID=4073) to work on /home/airflow/.local/lib/python3.12/site-packages/airflow/example_dags/subdags/subdag.py
[2026-05-09T19:32:34.149+0000] {processor.py:830} INFO - Processing file /home/airflow/.local/lib/python3.12/site-packages/airflow/example_dags/subdags/subdag.py for tasks to queue
[2026-05-09T19:32:34.152+0000] {logging_mixin.py:188} INFO - [2026-05-09T19:32:34.151+0000] {dagbag.py:545} INFO - Filling up the DagBag from /home/airflow/.local/lib/python3.12/site-packages/airflow/example_dags/subdags/subdag.py
[2026-05-09T19:32:34.154+0000] {processor.py:842} WARNING - No viable dags retrieved from /home/airflow/.local/lib/python3.12/site-packages/airflow/example_dags/subdags/subdag.py
[2026-05-09T19:32:34.166+0000] {processor.py:183} INFO - Processing /home/airflow/.local/lib/python3.12/site-packages/airflow/example_dags/subdags/subdag.py took 0.024 seconds
[2026-05-09T19:33:04.382+0000] {processor.py:161} INFO - Started process (PID=4133) to work on /home/airflow/.local/lib/python3.12/site-packages/airflow/example_dags/subdags/subdag.py
[2026-05-09T19:33:04.383+0000] {processor.py:830} INFO - Processing file /home/airflow/.local/lib/python3.12/site-packages/airflow/example_dags/subdags/subdag.py for tasks to queue
[2026-05-09T19:33:04.385+0000] {logging_mixin.py:188} INFO - [2026-05-09T19:33:04.385+0000] {dagbag.py:545} INFO - Filling up the DagBag from /home/airflow/.local/lib/python3.12/site-packages/airflow/example_dags/subdags/subdag.py
[2026-05-09T19:33:04.387+0000] {processor.py:842} WARNING - No viable dags retrieved from /home/airflow/.local/lib/python3.12/site-packages/airflow/example_dags/subdags/subdag.py
[2026-05-09T19:33:04.397+0000] {processor.py:183} INFO - Processing /home/airflow/.local/lib/python3.12/site-packages/airflow/example_dags/subdags/subdag.py took 0.020 seconds
[2026-05-09T19:33:34.915+0000] {processor.py:161} INFO - Started process (PID=4193) to work on /home/airflow/.local/lib/python3.12/site-packages/airflow/example_dags/subdags/subdag.py
[2026-05-09T19:33:34.916+0000] {processor.py:830} INFO - Processing file /home/airflow/.local/lib/python3.12/site-packages/airflow/example_dags/subdags/subdag.py for tasks to queue
[2026-05-09T19:33:34.918+0000] {logging_mixin.py:188} INFO - [2026-05-09T19:33:34.918+0000] {dagbag.py:545} INFO - Filling up the DagBag from /home/airflow/.local/lib/python3.12/site-packages/airflow/example_dags/subdags/subdag.py
[2026-05-09T19:33:34.920+0000] {processor.py:842} WARNING - No viable dags retrieved from /home/airflow/.local/lib/python3.12/site-packages/airflow/example_dags/subdags/subdag.py
[2026-05-09T19:33:34.933+0000] {processor.py:183} INFO - Processing /home/airflow/.local/lib/python3.12/site-packages/airflow/example_dags/subdags/subdag.py took 0.023 seconds
[2026-05-09T19:34:05.578+0000] {processor.py:161} INFO - Started process (PID=4253) to work on /home/airflow/.local/lib/python3.12/site-packages/airflow/example_dags/subdags/subdag.py
[2026-05-09T19:34:05.579+0000] {processor.py:830} INFO - Processing file /home/airflow/.local/lib/python3.12/site-packages/airflow/example_dags/subdags/subdag.py for tasks to queue
[2026-05-09T19:34:05.581+0000] {logging_mixin.py:188} INFO - [2026-05-09T19:34:05.581+0000] {dagbag.py:545} INFO - Filling up the DagBag from /home/airflow/.local/lib/python3.12/site-packages/airflow/example_dags/subdags/subdag.py
[2026-05-09T19:34:05.583+0000] {processor.py:842} WARNING - No viable dags retrieved from /home/airflow/.local/lib/python3.12/site-packages/airflow/example_dags/subdags/subdag.py
[2026-05-09T19:34:05.595+0000] {processor.py:183} INFO - Processing /home/airflow/.local/lib/python3.12/site-packages/airflow/example_dags/subdags/subdag.py took 0.022 seconds
[2026-05-09T19:34:35.965+0000] {processor.py:161} INFO - Started process (PID=4313) to work on /home/airflow/.local/lib/python3.12/site-packages/airflow/example_dags/subdags/subdag.py
[2026-05-09T19:34:35.967+0000] {processor.py:830} INFO - Processing file /home/airflow/.local/lib/python3.12/site-packages/airflow/example_dags/subdags/subdag.py for tasks to queue
[2026-05-09T19:34:35.970+0000] {logging_mixin.py:188} INFO - [2026-05-09T19:34:35.969+0000] {dagbag.py:545} INFO - Filling up the DagBag from /home/airflow/.local/lib/python3.12/site-packages/airflow/example_dags/subdags/subdag.py
[2026-05-09T19:34:35.973+0000] {processor.py:842} WARNING - No viable dags retrieved from /home/airflow/.local/lib/python3.12/site-packages/airflow/example_dags/subdags/subdag.py
[2026-05-09T19:34:35.988+0000] {processor.py:183} INFO - Processing /home/airflow/.local/lib/python3.12/site-packages/airflow/example_dags/subdags/subdag.py took 0.034 seconds
[2026-05-09T19:35:06.197+0000] {processor.py:161} INFO - Started process (PID=4373) to work on /home/airflow/.local/lib/python3.12/site-packages/airflow/example_dags/subdags/subdag.py
[2026-05-09T19:35:06.199+0000] {processor.py:830} INFO - Processing file /home/airflow/.local/lib/python3.12/site-packages/airflow/example_dags/subdags/subdag.py for tasks to queue
[2026-05-09T19:35:06.201+0000] {logging_mixin.py:188} INFO - [2026-05-09T19:35:06.200+0000] {dagbag.py:545} INFO - Filling up the DagBag from /home/airflow/.local/lib/python3.12/site-packages/airflow/example_dags/subdags/subdag.py
[2026-05-09T19:35:06.203+0000] {processor.py:842} WARNING - No viable dags retrieved from /home/airflow/.local/lib/python3.12/site-packages/airflow/example_dags/subdags/subdag.py
[2026-05-09T19:35:06.214+0000] {processor.py:183} INFO - Processing /home/airflow/.local/lib/python3.12/site-packages/airflow/example_dags/subdags/subdag.py took 0.022 seconds
[2026-05-09T19:35:36.408+0000] {processor.py:161} INFO - Started process (PID=4433) to work on /home/airflow/.local/lib/python3.12/site-packages/airflow/example_dags/subdags/subdag.py
[2026-05-09T19:35:36.410+0000] {processor.py:830} INFO - Processing file /home/airflow/.local/lib/python3.12/site-packages/airflow/example_dags/subdags/subdag.py for tasks to queue
[2026-05-09T19:35:36.412+0000] {logging_mixin.py:188} INFO - [2026-05-09T19:35:36.412+0000] {dagbag.py:545} INFO - Filling up the DagBag from /home/airflow/.local/lib/python3.12/site-packages/airflow/example_dags/subdags/subdag.py
[2026-05-09T19:35:36.414+0000] {processor.py:842} WARNING - No viable dags retrieved from /home/airflow/.local/lib/python3.12/site-packages/airflow/example_dags/subdags/subdag.py
[2026-05-09T19:35:36.427+0000] {processor.py:183} INFO - Processing /home/airflow/.local/lib/python3.12/site-packages/airflow/example_dags/subdags/subdag.py took 0.024 seconds
[2026-05-09T19:36:06.888+0000] {processor.py:161} INFO - Started process (PID=4493) to work on /home/airflow/.local/lib/python3.12/site-packages/airflow/example_dags/subdags/subdag.py
[2026-05-09T19:36:06.890+0000] {processor.py:830} INFO - Processing file /home/airflow/.local/lib/python3.12/site-packages/airflow/example_dags/subdags/subdag.py for tasks to queue
[2026-05-09T19:36:06.892+0000] {logging_mixin.py:188} INFO - [2026-05-09T19:36:06.892+0000] {dagbag.py:545} INFO - Filling up the DagBag from /home/airflow/.local/lib/python3.12/site-packages/airflow/example_dags/subdags/subdag.py
[2026-05-09T19:36:06.894+0000] {processor.py:842} WARNING - No viable dags retrieved from /home/airflow/.local/lib/python3.12/site-packages/airflow/example_dags/subdags/subdag.py
[2026-05-09T19:36:06.909+0000] {processor.py:183} INFO - Processing /home/airflow/.local/lib/python3.12/site-packages/airflow/example_dags/subdags/subdag.py took 0.025 seconds
[2026-05-09T19:36:37.181+0000] {processor.py:161} INFO - Started process (PID=4552) to work on /home/airflow/.local/lib/python3.12/site-packages/airflow/example_dags/subdags/subdag.py
[2026-05-09T19:36:37.182+0000] {processor.py:830} INFO - Processing file /home/airflow/.local/lib/python3.12/site-packages/airflow/example_dags/subdags/subdag.py for tasks to queue
[2026-05-09T19:36:37.184+0000] {logging_mixin.py:188} INFO - [2026-05-09T19:36:37.184+0000] {dagbag.py:545} INFO - Filling up the DagBag from /home/airflow/.local/lib/python3.12/site-packages/airflow/example_dags/subdags/subdag.py
[2026-05-09T19:36:37.186+0000] {processor.py:842} WARNING - No viable dags retrieved from /home/airflow/.local/lib/python3.12/site-packages/airflow/example_dags/subdags/subdag.py
[2026-05-09T19:36:37.197+0000] {processor.py:183} INFO - Processing /home/airflow/.local/lib/python3.12/site-packages/airflow/example_dags/subdags/subdag.py took 0.020 seconds
[2026-05-09T19:37:07.829+0000] {processor.py:161} INFO - Started process (PID=4612) to work on /home/airflow/.local/lib/python3.12/site-packages/airflow/example_dags/subdags/subdag.py
[2026-05-09T19:37:07.830+0000] {processor.py:830} INFO - Processing file /home/airflow/.local/lib/python3.12/site-packages/airflow/example_dags/subdags/subdag.py for tasks to queue
[2026-05-09T19:37:07.832+0000] {logging_mixin.py:188} INFO - [2026-05-09T19:37:07.832+0000] {dagbag.py:545} INFO - Filling up the DagBag from /home/airflow/.local/lib/python3.12/site-packages/airflow/example_dags/subdags/subdag.py
[2026-05-09T19:37:07.835+0000] {processor.py:842} WARNING - No viable dags retrieved from /home/airflow/.local/lib/python3.12/site-packages/airflow/example_dags/subdags/subdag.py
[2026-05-09T19:37:07.847+0000] {processor.py:183} INFO - Processing /home/airflow/.local/lib/python3.12/site-packages/airflow/example_dags/subdags/subdag.py took 0.023 seconds
[2026-05-09T19:37:38.229+0000] {processor.py:161} INFO - Started process (PID=4672) to work on /home/airflow/.local/lib/python3.12/site-packages/airflow/example_dags/subdags/subdag.py
[2026-05-09T19:37:38.231+0000] {processor.py:830} INFO - Processing file /home/airflow/.local/lib/python3.12/site-packages/airflow/example_dags/subdags/subdag.py for tasks to queue
[2026-05-09T19:37:38.235+0000] {logging_mixin.py:188} INFO - [2026-05-09T19:37:38.234+0000] {dagbag.py:545} INFO - Filling up the DagBag from /home/airflow/.local/lib/python3.12/site-packages/airflow/example_dags/subdags/subdag.py
[2026-05-09T19:37:38.238+0000] {processor.py:842} WARNING - No viable dags retrieved from /home/airflow/.local/lib/python3.12/site-packages/airflow/example_dags/subdags/subdag.py
[2026-05-09T19:37:38.253+0000] {processor.py:183} INFO - Processing /home/airflow/.local/lib/python3.12/site-packages/airflow/example_dags/subdags/subdag.py took 0.030 seconds
[2026-05-09T19:38:08.662+0000] {processor.py:161} INFO - Started process (PID=4732) to work on /home/airflow/.local/lib/python3.12/site-packages/airflow/example_dags/subdags/subdag.py
[2026-05-09T19:38:08.664+0000] {processor.py:830} INFO - Processing file /home/airflow/.local/lib/python3.12/site-packages/airflow/example_dags/subdags/subdag.py for tasks to queue
[2026-05-09T19:38:08.665+0000] {logging_mixin.py:188} INFO - [2026-05-09T19:38:08.665+0000] {dagbag.py:545} INFO - Filling up the DagBag from /home/airflow/.local/lib/python3.12/site-packages/airflow/example_dags/subdags/subdag.py
[2026-05-09T19:38:08.667+0000] {processor.py:842} WARNING - No viable dags retrieved from /home/airflow/.local/lib/python3.12/site-packages/airflow/example_dags/subdags/subdag.py
[2026-05-09T19:38:08.680+0000] {processor.py:183} INFO - Processing /home/airflow/.local/lib/python3.12/site-packages/airflow/example_dags/subdags/subdag.py took 0.023 seconds
[2026-05-09T19:38:38.958+0000] {processor.py:161} INFO - Started process (PID=4792) to work on /home/airflow/.local/lib/python3.12/site-packages/airflow/example_dags/subdags/subdag.py
[2026-05-09T19:38:38.959+0000] {processor.py:830} INFO - Processing file /home/airflow/.local/lib/python3.12/site-packages/airflow/example_dags/subdags/subdag.py for tasks to queue
[2026-05-09T19:38:38.964+0000] {logging_mixin.py:188} INFO - [2026-05-09T19:38:38.964+0000] {dagbag.py:545} INFO - Filling up the DagBag from /home/airflow/.local/lib/python3.12/site-packages/airflow/example_dags/subdags/subdag.py
[2026-05-09T19:38:38.966+0000] {processor.py:842} WARNING - No viable dags retrieved from /home/airflow/.local/lib/python3.12/site-packages/airflow/example_dags/subdags/subdag.py
[2026-05-09T19:38:38.977+0000] {processor.py:183} INFO - Processing /home/airflow/.local/lib/python3.12/site-packages/airflow/example_dags/subdags/subdag.py took 0.024 seconds
[2026-05-09T19:39:09.223+0000] {processor.py:161} INFO - Started process (PID=4852) to work on /home/airflow/.local/lib/python3.12/site-packages/airflow/example_dags/subdags/subdag.py
[2026-05-09T19:39:09.225+0000] {processor.py:830} INFO - Processing file /home/airflow/.local/lib/python3.12/site-packages/airflow/example_dags/subdags/subdag.py for tasks to queue
[2026-05-09T19:39:09.227+0000] {logging_mixin.py:188} INFO - [2026-05-09T19:39:09.226+0000] {dagbag.py:545} INFO - Filling up the DagBag from /home/airflow/.local/lib/python3.12/site-packages/airflow/example_dags/subdags/subdag.py
[2026-05-09T19:39:09.230+0000] {processor.py:842} WARNING - No viable dags retrieved from /home/airflow/.local/lib/python3.12/site-packages/airflow/example_dags/subdags/subdag.py
[2026-05-09T19:39:09.241+0000] {processor.py:183} INFO - Processing /home/airflow/.local/lib/python3.12/site-packages/airflow/example_dags/subdags/subdag.py took 0.024 seconds
[2026-05-09T19:39:39.609+0000] {processor.py:161} INFO - Started process (PID=4912) to work on /home/airflow/.local/lib/python3.12/site-packages/airflow/example_dags/subdags/subdag.py
[2026-05-09T19:39:39.610+0000] {processor.py:830} INFO - Processing file /home/airflow/.local/lib/python3.12/site-packages/airflow/example_dags/subdags/subdag.py for tasks to queue
[2026-05-09T19:39:39.612+0000] {logging_mixin.py:188} INFO - [2026-05-09T19:39:39.612+0000] {dagbag.py:545} INFO - Filling up the DagBag from /home/airflow/.local/lib/python3.12/site-packages/airflow/example_dags/subdags/subdag.py
[2026-05-09T19:39:39.615+0000] {processor.py:842} WARNING - No viable dags retrieved from /home/airflow/.local/lib/python3.12/site-packages/airflow/example_dags/subdags/subdag.py
[2026-05-09T19:39:39.626+0000] {processor.py:183} INFO - Processing /home/airflow/.local/lib/python3.12/site-packages/airflow/example_dags/subdags/subdag.py took 0.022 seconds
[2026-05-09T19:40:10.053+0000] {processor.py:161} INFO - Started process (PID=4972) to work on /home/airflow/.local/lib/python3.12/site-packages/airflow/example_dags/subdags/subdag.py
[2026-05-09T19:40:10.055+0000] {processor.py:830} INFO - Processing file /home/airflow/.local/lib/python3.12/site-packages/airflow/example_dags/subdags/subdag.py for tasks to queue
[2026-05-09T19:40:10.057+0000] {logging_mixin.py:188} INFO - [2026-05-09T19:40:10.056+0000] {dagbag.py:545} INFO - Filling up the DagBag from /home/airflow/.local/lib/python3.12/site-packages/airflow/example_dags/subdags/subdag.py
[2026-05-09T19:40:10.059+0000] {processor.py:842} WARNING - No viable dags retrieved from /home/airflow/.local/lib/python3.12/site-packages/airflow/example_dags/subdags/subdag.py
[2026-05-09T19:40:10.071+0000] {processor.py:183} INFO - Processing /home/airflow/.local/lib/python3.12/site-packages/airflow/example_dags/subdags/subdag.py took 0.024 seconds
[2026-05-09T19:40:40.475+0000] {processor.py:161} INFO - Started process (PID=5032) to work on /home/airflow/.local/lib/python3.12/site-packages/airflow/example_dags/subdags/subdag.py
[2026-05-09T19:40:40.476+0000] {processor.py:830} INFO - Processing file /home/airflow/.local/lib/python3.12/site-packages/airflow/example_dags/subdags/subdag.py for tasks to queue
[2026-05-09T19:40:40.478+0000] {logging_mixin.py:188} INFO - [2026-05-09T19:40:40.478+0000] {dagbag.py:545} INFO - Filling up the DagBag from /home/airflow/.local/lib/python3.12/site-packages/airflow/example_dags/subdags/subdag.py
[2026-05-09T19:40:40.480+0000] {processor.py:842} WARNING - No viable dags retrieved from /home/airflow/.local/lib/python3.12/site-packages/airflow/example_dags/subdags/subdag.py
[2026-05-09T19:40:40.492+0000] {processor.py:183} INFO - Processing /home/airflow/.local/lib/python3.12/site-packages/airflow/example_dags/subdags/subdag.py took 0.022 seconds
[2026-05-09T19:41:10.953+0000] {processor.py:161} INFO - Started process (PID=5092) to work on /home/airflow/.local/lib/python3.12/site-packages/airflow/example_dags/subdags/subdag.py
[2026-05-09T19:41:10.955+0000] {processor.py:830} INFO - Processing file /home/airflow/.local/lib/python3.12/site-packages/airflow/example_dags/subdags/subdag.py for tasks to queue
[2026-05-09T19:41:10.957+0000] {logging_mixin.py:188} INFO - [2026-05-09T19:41:10.957+0000] {dagbag.py:545} INFO - Filling up the DagBag from /home/airflow/.local/lib/python3.12/site-packages/airflow/example_dags/subdags/subdag.py
[2026-05-09T19:41:10.959+0000] {processor.py:842} WARNING - No viable dags retrieved from /home/airflow/.local/lib/python3.12/site-packages/airflow/example_dags/subdags/subdag.py
[2026-05-09T19:41:10.971+0000] {processor.py:183} INFO - Processing /home/airflow/.local/lib/python3.12/site-packages/airflow/example_dags/subdags/subdag.py took 0.023 seconds
[2026-05-09T19:41:41.935+0000] {processor.py:161} INFO - Started process (PID=5152) to work on /home/airflow/.local/lib/python3.12/site-packages/airflow/example_dags/subdags/subdag.py
[2026-05-09T19:41:41.936+0000] {processor.py:830} INFO - Processing file /home/airflow/.local/lib/python3.12/site-packages/airflow/example_dags/subdags/subdag.py for tasks to queue
[2026-05-09T19:41:41.938+0000] {logging_mixin.py:188} INFO - [2026-05-09T19:41:41.938+0000] {dagbag.py:545} INFO - Filling up the DagBag from /home/airflow/.local/lib/python3.12/site-packages/airflow/example_dags/subdags/subdag.py
[2026-05-09T19:41:41.941+0000] {processor.py:842} WARNING - No viable dags retrieved from /home/airflow/.local/lib/python3.12/site-packages/airflow/example_dags/subdags/subdag.py
[2026-05-09T19:41:41.953+0000] {processor.py:183} INFO - Processing /home/airflow/.local/lib/python3.12/site-packages/airflow/example_dags/subdags/subdag.py took 0.023 seconds
[2026-05-09T19:42:12.410+0000] {processor.py:161} INFO - Started process (PID=5212) to work on /home/airflow/.local/lib/python3.12/site-packages/airflow/example_dags/subdags/subdag.py
[2026-05-09T19:42:12.411+0000] {processor.py:830} INFO - Processing file /home/airflow/.local/lib/python3.12/site-packages/airflow/example_dags/subdags/subdag.py for tasks to queue
[2026-05-09T19:42:12.413+0000] {logging_mixin.py:188} INFO - [2026-05-09T19:42:12.413+0000] {dagbag.py:545} INFO - Filling up the DagBag from /home/airflow/.local/lib/python3.12/site-packages/airflow/example_dags/subdags/subdag.py
[2026-05-09T19:42:12.415+0000] {processor.py:842} WARNING - No viable dags retrieved from /home/airflow/.local/lib/python3.12/site-packages/airflow/example_dags/subdags/subdag.py
[2026-05-09T19:42:12.431+0000] {processor.py:183} INFO - Processing /home/airflow/.local/lib/python3.12/site-packages/airflow/example_dags/subdags/subdag.py took 0.025 seconds
[2026-05-09T19:42:42.691+0000] {processor.py:161} INFO - Started process (PID=5272) to work on /home/airflow/.local/lib/python3.12/site-packages/airflow/example_dags/subdags/subdag.py
[2026-05-09T19:42:42.693+0000] {processor.py:830} INFO - Processing file /home/airflow/.local/lib/python3.12/site-packages/airflow/example_dags/subdags/subdag.py for tasks to queue
[2026-05-09T19:42:42.695+0000] {logging_mixin.py:188} INFO - [2026-05-09T19:42:42.694+0000] {dagbag.py:545} INFO - Filling up the DagBag from /home/airflow/.local/lib/python3.12/site-packages/airflow/example_dags/subdags/subdag.py
[2026-05-09T19:42:42.697+0000] {processor.py:842} WARNING - No viable dags retrieved from /home/airflow/.local/lib/python3.12/site-packages/airflow/example_dags/subdags/subdag.py
[2026-05-09T19:42:42.709+0000] {processor.py:183} INFO - Processing /home/airflow/.local/lib/python3.12/site-packages/airflow/example_dags/subdags/subdag.py took 0.022 seconds
[2026-05-09T19:43:13.112+0000] {processor.py:161} INFO - Started process (PID=5332) to work on /home/airflow/.local/lib/python3.12/site-packages/airflow/example_dags/subdags/subdag.py
[2026-05-09T19:43:13.113+0000] {processor.py:830} INFO - Processing file /home/airflow/.local/lib/python3.12/site-packages/airflow/example_dags/subdags/subdag.py for tasks to queue
[2026-05-09T19:43:13.115+0000] {logging_mixin.py:188} INFO - [2026-05-09T19:43:13.115+0000] {dagbag.py:545} INFO - Filling up the DagBag from /home/airflow/.local/lib/python3.12/site-packages/airflow/example_dags/subdags/subdag.py
[2026-05-09T19:43:13.117+0000] {processor.py:842} WARNING - No viable dags retrieved from /home/airflow/.local/lib/python3.12/site-packages/airflow/example_dags/subdags/subdag.py
[2026-05-09T19:43:13.129+0000] {processor.py:183} INFO - Processing /home/airflow/.local/lib/python3.12/site-packages/airflow/example_dags/subdags/subdag.py took 0.021 seconds
[2026-05-09T19:43:43.314+0000] {processor.py:161} INFO - Started process (PID=5392) to work on /home/airflow/.local/lib/python3.12/site-packages/airflow/example_dags/subdags/subdag.py
[2026-05-09T19:43:43.316+0000] {processor.py:830} INFO - Processing file /home/airflow/.local/lib/python3.12/site-packages/airflow/example_dags/subdags/subdag.py for tasks to queue
[2026-05-09T19:43:43.318+0000] {logging_mixin.py:188} INFO - [2026-05-09T19:43:43.318+0000] {dagbag.py:545} INFO - Filling up the DagBag from /home/airflow/.local/lib/python3.12/site-packages/airflow/example_dags/subdags/subdag.py
[2026-05-09T19:43:43.321+0000] {processor.py:842} WARNING - No viable dags retrieved from /home/airflow/.local/lib/python3.12/site-packages/airflow/example_dags/subdags/subdag.py
[2026-05-09T19:43:43.332+0000] {processor.py:183} INFO - Processing /home/airflow/.local/lib/python3.12/site-packages/airflow/example_dags/subdags/subdag.py took 0.023 seconds
[2026-05-09T19:44:13.701+0000] {processor.py:161} INFO - Started process (PID=5452) to work on /home/airflow/.local/lib/python3.12/site-packages/airflow/example_dags/subdags/subdag.py
[2026-05-09T19:44:13.704+0000] {processor.py:830} INFO - Processing file /home/airflow/.local/lib/python3.12/site-packages/airflow/example_dags/subdags/subdag.py for tasks to queue
[2026-05-09T19:44:13.706+0000] {logging_mixin.py:188} INFO - [2026-05-09T19:44:13.706+0000] {dagbag.py:545} INFO - Filling up the DagBag from /home/airflow/.local/lib/python3.12/site-packages/airflow/example_dags/subdags/subdag.py
[2026-05-09T19:44:13.708+0000] {processor.py:842} WARNING - No viable dags retrieved from /home/airflow/.local/lib/python3.12/site-packages/airflow/example_dags/subdags/subdag.py
[2026-05-09T19:44:13.719+0000] {processor.py:183} INFO - Processing /home/airflow/.local/lib/python3.12/site-packages/airflow/example_dags/subdags/subdag.py took 0.023 seconds
[2026-05-09T19:44:44.172+0000] {processor.py:161} INFO - Started process (PID=5512) to work on /home/airflow/.local/lib/python3.12/site-packages/airflow/example_dags/subdags/subdag.py
[2026-05-09T19:44:44.173+0000] {processor.py:830} INFO - Processing file /home/airflow/.local/lib/python3.12/site-packages/airflow/example_dags/subdags/subdag.py for tasks to queue
[2026-05-09T19:44:44.175+0000] {logging_mixin.py:188} INFO - [2026-05-09T19:44:44.175+0000] {dagbag.py:545} INFO - Filling up the DagBag from /home/airflow/.local/lib/python3.12/site-packages/airflow/example_dags/subdags/subdag.py
[2026-05-09T19:44:44.177+0000] {processor.py:842} WARNING - No viable dags retrieved from /home/airflow/.local/lib/python3.12/site-packages/airflow/example_dags/subdags/subdag.py
[2026-05-09T19:44:44.192+0000] {processor.py:183} INFO - Processing /home/airflow/.local/lib/python3.12/site-packages/airflow/example_dags/subdags/subdag.py took 0.025 seconds
[2026-05-09T19:45:14.895+0000] {processor.py:161} INFO - Started process (PID=5572) to work on /home/airflow/.local/lib/python3.12/site-packages/airflow/example_dags/subdags/subdag.py
[2026-05-09T19:45:14.897+0000] {processor.py:830} INFO - Processing file /home/airflow/.local/lib/python3.12/site-packages/airflow/example_dags/subdags/subdag.py for tasks to queue
[2026-05-09T19:45:14.899+0000] {logging_mixin.py:188} INFO - [2026-05-09T19:45:14.899+0000] {dagbag.py:545} INFO - Filling up the DagBag from /home/airflow/.local/lib/python3.12/site-packages/airflow/example_dags/subdags/subdag.py
[2026-05-09T19:45:14.902+0000] {processor.py:842} WARNING - No viable dags retrieved from /home/airflow/.local/lib/python3.12/site-packages/airflow/example_dags/subdags/subdag.py
[2026-05-09T19:45:14.914+0000] {processor.py:183} INFO - Processing /home/airflow/.local/lib/python3.12/site-packages/airflow/example_dags/subdags/subdag.py took 0.025 seconds
[2026-05-09T19:45:45.315+0000] {processor.py:161} INFO - Started process (PID=5632) to work on /home/airflow/.local/lib/python3.12/site-packages/airflow/example_dags/subdags/subdag.py
[2026-05-09T19:45:45.318+0000] {processor.py:830} INFO - Processing file /home/airflow/.local/lib/python3.12/site-packages/airflow/example_dags/subdags/subdag.py for tasks to queue
[2026-05-09T19:45:45.321+0000] {logging_mixin.py:188} INFO - [2026-05-09T19:45:45.321+0000] {dagbag.py:545} INFO - Filling up the DagBag from /home/airflow/.local/lib/python3.12/site-packages/airflow/example_dags/subdags/subdag.py
[2026-05-09T19:45:45.326+0000] {processor.py:842} WARNING - No viable dags retrieved from /home/airflow/.local/lib/python3.12/site-packages/airflow/example_dags/subdags/subdag.py
[2026-05-09T19:45:45.340+0000] {processor.py:183} INFO - Processing /home/airflow/.local/lib/python3.12/site-packages/airflow/example_dags/subdags/subdag.py took 0.030 seconds
[2026-05-09T19:46:15.564+0000] {processor.py:161} INFO - Started process (PID=5692) to work on /home/airflow/.local/lib/python3.12/site-packages/airflow/example_dags/subdags/subdag.py
[2026-05-09T19:46:15.566+0000] {processor.py:830} INFO - Processing file /home/airflow/.local/lib/python3.12/site-packages/airflow/example_dags/subdags/subdag.py for tasks to queue
[2026-05-09T19:46:15.572+0000] {logging_mixin.py:188} INFO - [2026-05-09T19:46:15.572+0000] {dagbag.py:545} INFO - Filling up the DagBag from /home/airflow/.local/lib/python3.12/site-packages/airflow/example_dags/subdags/subdag.py
[2026-05-09T19:46:15.574+0000] {processor.py:842} WARNING - No viable dags retrieved from /home/airflow/.local/lib/python3.12/site-packages/airflow/example_dags/subdags/subdag.py
[2026-05-09T19:46:15.589+0000] {processor.py:183} INFO - Processing /home/airflow/.local/lib/python3.12/site-packages/airflow/example_dags/subdags/subdag.py took 0.029 seconds
[2026-05-09T19:46:45.922+0000] {processor.py:161} INFO - Started process (PID=5752) to work on /home/airflow/.local/lib/python3.12/site-packages/airflow/example_dags/subdags/subdag.py
[2026-05-09T19:46:45.923+0000] {processor.py:830} INFO - Processing file /home/airflow/.local/lib/python3.12/site-packages/airflow/example_dags/subdags/subdag.py for tasks to queue
[2026-05-09T19:46:45.925+0000] {logging_mixin.py:188} INFO - [2026-05-09T19:46:45.924+0000] {dagbag.py:545} INFO - Filling up the DagBag from /home/airflow/.local/lib/python3.12/site-packages/airflow/example_dags/subdags/subdag.py
[2026-05-09T19:46:45.927+0000] {processor.py:842} WARNING - No viable dags retrieved from /home/airflow/.local/lib/python3.12/site-packages/airflow/example_dags/subdags/subdag.py
[2026-05-09T19:46:45.939+0000] {processor.py:183} INFO - Processing /home/airflow/.local/lib/python3.12/site-packages/airflow/example_dags/subdags/subdag.py took 0.023 seconds
[2026-05-09T19:47:16.130+0000] {processor.py:161} INFO - Started process (PID=5812) to work on /home/airflow/.local/lib/python3.12/site-packages/airflow/example_dags/subdags/subdag.py
[2026-05-09T19:47:16.132+0000] {processor.py:830} INFO - Processing file /home/airflow/.local/lib/python3.12/site-packages/airflow/example_dags/subdags/subdag.py for tasks to queue
[2026-05-09T19:47:16.134+0000] {logging_mixin.py:188} INFO - [2026-05-09T19:47:16.134+0000] {dagbag.py:545} INFO - Filling up the DagBag from /home/airflow/.local/lib/python3.12/site-packages/airflow/example_dags/subdags/subdag.py
[2026-05-09T19:47:16.136+0000] {processor.py:842} WARNING - No viable dags retrieved from /home/airflow/.local/lib/python3.12/site-packages/airflow/example_dags/subdags/subdag.py
[2026-05-09T19:47:16.147+0000] {processor.py:183} INFO - Processing /home/airflow/.local/lib/python3.12/site-packages/airflow/example_dags/subdags/subdag.py took 0.022 seconds
[2026-05-09T19:47:46.821+0000] {processor.py:161} INFO - Started process (PID=5873) to work on /home/airflow/.local/lib/python3.12/site-packages/airflow/example_dags/subdags/subdag.py
[2026-05-09T19:47:46.824+0000] {processor.py:830} INFO - Processing file /home/airflow/.local/lib/python3.12/site-packages/airflow/example_dags/subdags/subdag.py for tasks to queue
[2026-05-09T19:47:46.827+0000] {logging_mixin.py:188} INFO - [2026-05-09T19:47:46.826+0000] {dagbag.py:545} INFO - Filling up the DagBag from /home/airflow/.local/lib/python3.12/site-packages/airflow/example_dags/subdags/subdag.py
[2026-05-09T19:47:46.829+0000] {processor.py:842} WARNING - No viable dags retrieved from /home/airflow/.local/lib/python3.12/site-packages/airflow/example_dags/subdags/subdag.py
[2026-05-09T19:47:46.840+0000] {processor.py:183} INFO - Processing /home/airflow/.local/lib/python3.12/site-packages/airflow/example_dags/subdags/subdag.py took 0.023 seconds
[2026-05-09T19:48:17.205+0000] {processor.py:161} INFO - Started process (PID=5933) to work on /home/airflow/.local/lib/python3.12/site-packages/airflow/example_dags/subdags/subdag.py
[2026-05-09T19:48:17.207+0000] {processor.py:830} INFO - Processing file /home/airflow/.local/lib/python3.12/site-packages/airflow/example_dags/subdags/subdag.py for tasks to queue
[2026-05-09T19:48:17.211+0000] {logging_mixin.py:188} INFO - [2026-05-09T19:48:17.210+0000] {dagbag.py:545} INFO - Filling up the DagBag from /home/airflow/.local/lib/python3.12/site-packages/airflow/example_dags/subdags/subdag.py
[2026-05-09T19:48:17.215+0000] {processor.py:842} WARNING - No viable dags retrieved from /home/airflow/.local/lib/python3.12/site-packages/airflow/example_dags/subdags/subdag.py
[2026-05-09T19:48:17.228+0000] {processor.py:183} INFO - Processing /home/airflow/.local/lib/python3.12/site-packages/airflow/example_dags/subdags/subdag.py took 0.032 seconds
[2026-05-09T19:48:47.744+0000] {processor.py:161} INFO - Started process (PID=5993) to work on /home/airflow/.local/lib/python3.12/site-packages/airflow/example_dags/subdags/subdag.py
[2026-05-09T19:48:47.746+0000] {processor.py:830} INFO - Processing file /home/airflow/.local/lib/python3.12/site-packages/airflow/example_dags/subdags/subdag.py for tasks to queue
[2026-05-09T19:48:47.748+0000] {logging_mixin.py:188} INFO - [2026-05-09T19:48:47.747+0000] {dagbag.py:545} INFO - Filling up the DagBag from /home/airflow/.local/lib/python3.12/site-packages/airflow/example_dags/subdags/subdag.py
[2026-05-09T19:48:47.750+0000] {processor.py:842} WARNING - No viable dags retrieved from /home/airflow/.local/lib/python3.12/site-packages/airflow/example_dags/subdags/subdag.py
[2026-05-09T19:48:47.762+0000] {processor.py:183} INFO - Processing /home/airflow/.local/lib/python3.12/site-packages/airflow/example_dags/subdags/subdag.py took 0.022 seconds
[2026-05-09T19:49:18.677+0000] {processor.py:161} INFO - Started process (PID=6053) to work on /home/airflow/.local/lib/python3.12/site-packages/airflow/example_dags/subdags/subdag.py
[2026-05-09T19:49:18.680+0000] {processor.py:830} INFO - Processing file /home/airflow/.local/lib/python3.12/site-packages/airflow/example_dags/subdags/subdag.py for tasks to queue
[2026-05-09T19:49:18.683+0000] {logging_mixin.py:188} INFO - [2026-05-09T19:49:18.683+0000] {dagbag.py:545} INFO - Filling up the DagBag from /home/airflow/.local/lib/python3.12/site-packages/airflow/example_dags/subdags/subdag.py
[2026-05-09T19:49:18.686+0000] {processor.py:842} WARNING - No viable dags retrieved from /home/airflow/.local/lib/python3.12/site-packages/airflow/example_dags/subdags/subdag.py
[2026-05-09T19:49:18.698+0000] {processor.py:183} INFO - Processing /home/airflow/.local/lib/python3.12/site-packages/airflow/example_dags/subdags/subdag.py took 0.027 seconds
[2026-05-09T19:49:49.640+0000] {processor.py:161} INFO - Started process (PID=6119) to work on /home/airflow/.local/lib/python3.12/site-packages/airflow/example_dags/subdags/subdag.py
[2026-05-09T19:49:49.641+0000] {processor.py:830} INFO - Processing file /home/airflow/.local/lib/python3.12/site-packages/airflow/example_dags/subdags/subdag.py for tasks to queue
[2026-05-09T19:49:49.644+0000] {logging_mixin.py:188} INFO - [2026-05-09T19:49:49.643+0000] {dagbag.py:545} INFO - Filling up the DagBag from /home/airflow/.local/lib/python3.12/site-packages/airflow/example_dags/subdags/subdag.py
[2026-05-09T19:49:49.646+0000] {processor.py:842} WARNING - No viable dags retrieved from /home/airflow/.local/lib/python3.12/site-packages/airflow/example_dags/subdags/subdag.py
[2026-05-09T19:49:49.657+0000] {processor.py:183} INFO - Processing /home/airflow/.local/lib/python3.12/site-packages/airflow/example_dags/subdags/subdag.py took 0.022 seconds
[2026-05-09T19:50:20.327+0000] {processor.py:161} INFO - Started process (PID=6179) to work on /home/airflow/.local/lib/python3.12/site-packages/airflow/example_dags/subdags/subdag.py
[2026-05-09T19:50:20.329+0000] {processor.py:830} INFO - Processing file /home/airflow/.local/lib/python3.12/site-packages/airflow/example_dags/subdags/subdag.py for tasks to queue
[2026-05-09T19:50:20.331+0000] {logging_mixin.py:188} INFO - [2026-05-09T19:50:20.331+0000] {dagbag.py:545} INFO - Filling up the DagBag from /home/airflow/.local/lib/python3.12/site-packages/airflow/example_dags/subdags/subdag.py
[2026-05-09T19:50:20.333+0000] {processor.py:842} WARNING - No viable dags retrieved from /home/airflow/.local/lib/python3.12/site-packages/airflow/example_dags/subdags/subdag.py
[2026-05-09T19:50:20.346+0000] {processor.py:183} INFO - Processing /home/airflow/.local/lib/python3.12/site-packages/airflow/example_dags/subdags/subdag.py took 0.025 seconds
[2026-05-09T19:50:50.719+0000] {processor.py:161} INFO - Started process (PID=6239) to work on /home/airflow/.local/lib/python3.12/site-packages/airflow/example_dags/subdags/subdag.py
[2026-05-09T19:50:50.720+0000] {processor.py:830} INFO - Processing file /home/airflow/.local/lib/python3.12/site-packages/airflow/example_dags/subdags/subdag.py for tasks to queue
[2026-05-09T19:50:50.723+0000] {logging_mixin.py:188} INFO - [2026-05-09T19:50:50.723+0000] {dagbag.py:545} INFO - Filling up the DagBag from /home/airflow/.local/lib/python3.12/site-packages/airflow/example_dags/subdags/subdag.py
[2026-05-09T19:50:50.728+0000] {processor.py:842} WARNING - No viable dags retrieved from /home/airflow/.local/lib/python3.12/site-packages/airflow/example_dags/subdags/subdag.py
[2026-05-09T19:50:50.741+0000] {processor.py:183} INFO - Processing /home/airflow/.local/lib/python3.12/site-packages/airflow/example_dags/subdags/subdag.py took 0.027 seconds
[2026-05-09T19:51:20.974+0000] {processor.py:161} INFO - Started process (PID=6299) to work on /home/airflow/.local/lib/python3.12/site-packages/airflow/example_dags/subdags/subdag.py
[2026-05-09T19:51:20.975+0000] {processor.py:830} INFO - Processing file /home/airflow/.local/lib/python3.12/site-packages/airflow/example_dags/subdags/subdag.py for tasks to queue
[2026-05-09T19:51:20.977+0000] {logging_mixin.py:188} INFO - [2026-05-09T19:51:20.977+0000] {dagbag.py:545} INFO - Filling up the DagBag from /home/airflow/.local/lib/python3.12/site-packages/airflow/example_dags/subdags/subdag.py
[2026-05-09T19:51:20.979+0000] {processor.py:842} WARNING - No viable dags retrieved from /home/airflow/.local/lib/python3.12/site-packages/airflow/example_dags/subdags/subdag.py
[2026-05-09T19:51:20.990+0000] {processor.py:183} INFO - Processing /home/airflow/.local/lib/python3.12/site-packages/airflow/example_dags/subdags/subdag.py took 0.020 seconds
[2026-05-09T19:51:51.770+0000] {processor.py:161} INFO - Started process (PID=6359) to work on /home/airflow/.local/lib/python3.12/site-packages/airflow/example_dags/subdags/subdag.py
[2026-05-09T19:51:51.772+0000] {processor.py:830} INFO - Processing file /home/airflow/.local/lib/python3.12/site-packages/airflow/example_dags/subdags/subdag.py for tasks to queue
[2026-05-09T19:51:51.773+0000] {logging_mixin.py:188} INFO - [2026-05-09T19:51:51.773+0000] {dagbag.py:545} INFO - Filling up the DagBag from /home/airflow/.local/lib/python3.12/site-packages/airflow/example_dags/subdags/subdag.py
[2026-05-09T19:51:51.775+0000] {processor.py:842} WARNING - No viable dags retrieved from /home/airflow/.local/lib/python3.12/site-packages/airflow/example_dags/subdags/subdag.py
[2026-05-09T19:51:51.787+0000] {processor.py:183} INFO - Processing /home/airflow/.local/lib/python3.12/site-packages/airflow/example_dags/subdags/subdag.py took 0.021 seconds
[2026-05-09T19:52:22.096+0000] {processor.py:161} INFO - Started process (PID=6419) to work on /home/airflow/.local/lib/python3.12/site-packages/airflow/example_dags/subdags/subdag.py
[2026-05-09T19:52:22.098+0000] {processor.py:830} INFO - Processing file /home/airflow/.local/lib/python3.12/site-packages/airflow/example_dags/subdags/subdag.py for tasks to queue
[2026-05-09T19:52:22.100+0000] {logging_mixin.py:188} INFO - [2026-05-09T19:52:22.100+0000] {dagbag.py:545} INFO - Filling up the DagBag from /home/airflow/.local/lib/python3.12/site-packages/airflow/example_dags/subdags/subdag.py
[2026-05-09T19:52:22.102+0000] {processor.py:842} WARNING - No viable dags retrieved from /home/airflow/.local/lib/python3.12/site-packages/airflow/example_dags/subdags/subdag.py
[2026-05-09T19:52:22.114+0000] {processor.py:183} INFO - Processing /home/airflow/.local/lib/python3.12/site-packages/airflow/example_dags/subdags/subdag.py took 0.023 seconds
[2026-05-09T19:52:52.634+0000] {processor.py:161} INFO - Started process (PID=6479) to work on /home/airflow/.local/lib/python3.12/site-packages/airflow/example_dags/subdags/subdag.py
[2026-05-09T19:52:52.635+0000] {processor.py:830} INFO - Processing file /home/airflow/.local/lib/python3.12/site-packages/airflow/example_dags/subdags/subdag.py for tasks to queue
[2026-05-09T19:52:52.637+0000] {logging_mixin.py:188} INFO - [2026-05-09T19:52:52.637+0000] {dagbag.py:545} INFO - Filling up the DagBag from /home/airflow/.local/lib/python3.12/site-packages/airflow/example_dags/subdags/subdag.py
[2026-05-09T19:52:52.640+0000] {processor.py:842} WARNING - No viable dags retrieved from /home/airflow/.local/lib/python3.12/site-packages/airflow/example_dags/subdags/subdag.py
[2026-05-09T19:52:52.653+0000] {processor.py:183} INFO - Processing /home/airflow/.local/lib/python3.12/site-packages/airflow/example_dags/subdags/subdag.py took 0.026 seconds
